  0
SECTION
  2
HEADER
  9
$ANGBASE
  50
0.0
  9
$ANGDIR
  70
1
  9
$MEASUREMENT
  70
0
  0
ENDSEC
  0
SECTION
  2
TABLES
  0
TABLE
  2
LTYPE
  70
4
  0
LTYPE
  5
40F
  2
CONTINUOUS
  70
0
  3
Solid line
  72
65
  73
0
  40
0.0
  0
LTYPE
  5
410
  2
DASHDOT
 70
0
  3
Dash Dot ____ _ ____ _
 72
65
 73
4
 40
2.0
 49
1.25
 49
-0.25
 49
0.25
 49
-0.25
  0
LTYPE
  5
411
  2
DASHED
 70
0
  3
Dashed __ __ __ __ __
 72
65
 73
2
 40
0.75
 49
0.5
 49
-0.25
  0
LTYPE
  5
43B
  2
DOTTED
 70
0
  3
Dotted .  .  .  .
 72
65
 73
2
 40
0.2
 49
0.0
 49
-0.2
  0
ENDTAB
  0
TABLE
  2
STYLE
  70
4
  0
STYLE
  2
KICAD
  70
0
  40
0
  41
1
  42
1
  50
0
  71
0
  3
isocp.shx
  0
STYLE
  2
KICADB
  70
0
  40
0
  41
1
  42
1
  50
0
  71
0
  3
isocp.shx
  0
STYLE
  2
KICADI
  70
0
  40
0
  41
1
  42
1
  50
15
  71
0
  3
isocp.shx
  0
STYLE
  2
KICADBI
  70
0
  40
0
  41
1
  42
1
  50
15
  71
0
  3
isocp.shx
  0
ENDTAB
  0
TABLE
  2
LAYER
  70
1
  0
LAYER
  2
BLACK
  70
0
  62
7
  6
CONTINUOUS
  0
ENDTAB
  0
ENDSEC
  0
SECTION
  2
ENTITIES
0
LINE
8
BLACK
6
CONTINUOUS
10
5.6841428346456695
20
-3.7198601574803147
11
5.6898471259842518
21
-3.7222229527559056
0
LINE
8
BLACK
6
CONTINUOUS
10
5.6898471259842518
20
-3.7222229527559056
11
5.6949809055118106
21
-3.7256532283464567
0
LINE
8
BLACK
6
CONTINUOUS
10
5.6949809055118106
20
-3.7256532283464567
11
5.6993467716535431
21
-3.7300190944881888
0
LINE
8
BLACK
6
CONTINUOUS
10
5.6993467716535431
20
-3.7300190944881888
11
5.7027770472440942
21
-3.735152874015748
0
LINE
8
BLACK
6
CONTINUOUS
10
5.7027770472440942
20
-3.735152874015748
11
5.7051398425196851
21
-3.7408571653543308
0
LINE
8
BLACK
6
CONTINUOUS
10
5.7051398425196851
20
-3.7408571653543308
11
5.7063444094488185
21
-3.746912834645669
0
LINE
8
BLACK
6
CONTINUOUS
10
5.7063444094488185
20
-3.746912834645669
11
5.7063444094488185
21
-3.7530871653543305
0
LINE
8
BLACK
6
CONTINUOUS
10
5.7063444094488185
20
-3.7530871653543305
11
5.7051398425196851
21
-3.7591428346456692
0
LINE
8
BLACK
6
CONTINUOUS
10
5.7051398425196851
20
-3.7591428346456692
11
5.7027770472440942
21
-3.764847125984252
0
LINE
8
BLACK
6
CONTINUOUS
10
5.7027770472440942
20
-3.764847125984252
11
5.6993467716535431
21
-3.7699809055118108
0
LINE
8
BLACK
6
CONTINUOUS
10
5.6993467716535431
20
-3.7699809055118108
11
5.6949809055118106
21
-3.7743467716535433
0
LINE
8
BLACK
6
CONTINUOUS
10
5.6949809055118106
20
-3.7743467716535433
11
5.6898471259842518
21
-3.7777770472440944
0
LINE
8
BLACK
6
CONTINUOUS
10
5.6898471259842518
20
-3.7777770472440944
11
5.6841428346456695
21
-3.7801398425196848
0
LINE
8
BLACK
6
CONTINUOUS
10
5.6841428346456695
20
-3.7801398425196848
11
5.6780871653543308
21
-3.7813444094488187
0
LINE
8
BLACK
6
CONTINUOUS
10
5.6780871653543308
20
-3.7813444094488187
11
5.6719128346456689
21
-3.7813444094488187
0
LINE
8
BLACK
6
CONTINUOUS
10
5.6719128346456689
20
-3.7813444094488187
11
5.6658571653543301
21
-3.7801398425196848
0
LINE
8
BLACK
6
CONTINUOUS
10
5.6658571653543301
20
-3.7801398425196848
11
5.6601528740157478
21
-3.7777770472440944
0
LINE
8
BLACK
6
CONTINUOUS
10
5.6601528740157478
20
-3.7777770472440944
11
5.6550190944881891
21
-3.7743467716535433
0
LINE
8
BLACK
6
CONTINUOUS
10
5.6550190944881891
20
-3.7743467716535433
11
5.6506532283464566
21
-3.7699809055118108
0
LINE
8
BLACK
6
CONTINUOUS
10
5.6506532283464566
20
-3.7699809055118108
11
5.6472229527559055
21
-3.764847125984252
0
LINE
8
BLACK
6
CONTINUOUS
10
5.6472229527559055
20
-3.764847125984252
11
5.6448601574803146
21
-3.7591428346456692
0
LINE
8
BLACK
6
CONTINUOUS
10
5.6448601574803146
20
-3.7591428346456692
11
5.6436555905511812
21
-3.7530871653543305
0
LINE
8
BLACK
6
CONTINUOUS
10
5.6436555905511812
20
-3.7530871653543305
11
5.6436555905511812
21
-3.746912834645669
0
LINE
8
BLACK
6
CONTINUOUS
10
5.6436555905511812
20
-3.746912834645669
11
5.6448601574803146
21
-3.7408571653543308
0
LINE
8
BLACK
6
CONTINUOUS
10
5.6448601574803146
20
-3.7408571653543308
11
5.6472229527559055
21
-3.735152874015748
0
LINE
8
BLACK
6
CONTINUOUS
10
5.6472229527559055
20
-3.735152874015748
11
5.6506532283464566
21
-3.7300190944881888
0
LINE
8
BLACK
6
CONTINUOUS
10
5.6506532283464566
20
-3.7300190944881888
11
5.6550190944881891
21
-3.7256532283464567
0
LINE
8
BLACK
6
CONTINUOUS
10
5.6550190944881891
20
-3.7256532283464567
11
5.6601528740157478
21
-3.7222229527559056
0
LINE
8
BLACK
6
CONTINUOUS
10
5.6601528740157478
20
-3.7222229527559056
11
5.6658571653543301
21
-3.7198601574803147
0
LINE
8
BLACK
6
CONTINUOUS
10
5.6658571653543301
20
-3.7198601574803147
11
5.6719128346456689
21
-3.7186555905511809
0
LINE
8
BLACK
6
CONTINUOUS
10
5.6719128346456689
20
-3.7186555905511809
11
5.6780871653543308
21
-3.7186555905511809
0
LINE
8
BLACK
6
CONTINUOUS
10
5.6780871653543308
20
-3.7186555905511809
11
5.6841428346456695
21
-3.7198601574803147
0
LINE
8
BLACK
6
CONTINUOUS
10
5.8809932283464565
20
-3.7198601574803147
11
5.8866975196850388
21
-3.7222229527559056
0
LINE
8
BLACK
6
CONTINUOUS
10
5.8866975196850388
20
-3.7222229527559056
11
5.8918312992125985
21
-3.7256532283464567
0
LINE
8
BLACK
6
CONTINUOUS
10
5.8918312992125985
20
-3.7256532283464567
11
5.8961971653543301
21
-3.7300190944881888
0
LINE
8
BLACK
6
CONTINUOUS
10
5.8961971653543301
20
-3.7300190944881888
11
5.8996274409448821
21
-3.735152874015748
0
LINE
8
BLACK
6
CONTINUOUS
10
5.8996274409448821
20
-3.735152874015748
11
5.9019902362204721
21
-3.7408571653543308
0
LINE
8
BLACK
6
CONTINUOUS
10
5.9019902362204721
20
-3.7408571653543308
11
5.9031948031496064
21
-3.746912834645669
0
LINE
8
BLACK
6
CONTINUOUS
10
5.9031948031496064
20
-3.746912834645669
11
5.9031948031496064
21
-3.7530871653543305
0
LINE
8
BLACK
6
CONTINUOUS
10
5.9031948031496064
20
-3.7530871653543305
11
5.9019902362204721
21
-3.7591428346456692
0
LINE
8
BLACK
6
CONTINUOUS
10
5.9019902362204721
20
-3.7591428346456692
11
5.8996274409448821
21
-3.764847125984252
0
LINE
8
BLACK
6
CONTINUOUS
10
5.8996274409448821
20
-3.764847125984252
11
5.8961971653543301
21
-3.7699809055118108
0
LINE
8
BLACK
6
CONTINUOUS
10
5.8961971653543301
20
-3.7699809055118108
11
5.8918312992125985
21
-3.7743467716535433
0
LINE
8
BLACK
6
CONTINUOUS
10
5.8918312992125985
20
-3.7743467716535433
11
5.8866975196850388
21
-3.7777770472440944
0
LINE
8
BLACK
6
CONTINUOUS
10
5.8866975196850388
20
-3.7777770472440944
11
5.8809932283464565
21
-3.7801398425196848
0
LINE
8
BLACK
6
CONTINUOUS
10
5.8809932283464565
20
-3.7801398425196848
11
5.8749375590551178
21
-3.7813444094488187
0
LINE
8
BLACK
6
CONTINUOUS
10
5.8749375590551178
20
-3.7813444094488187
11
5.8687632283464568
21
-3.7813444094488187
0
LINE
8
BLACK
6
CONTINUOUS
10
5.8687632283464568
20
-3.7813444094488187
11
5.8627075590551181
21
-3.7801398425196848
0
LINE
8
BLACK
6
CONTINUOUS
10
5.8627075590551181
20
-3.7801398425196848
11
5.8570032677165349
21
-3.7777770472440944
0
LINE
8
BLACK
6
CONTINUOUS
10
5.8570032677165349
20
-3.7777770472440944
11
5.8518694881889761
21
-3.7743467716535433
0
LINE
8
BLACK
6
CONTINUOUS
10
5.8518694881889761
20
-3.7743467716535433
11
5.8475036220472436
21
-3.7699809055118108
0
LINE
8
BLACK
6
CONTINUOUS
10
5.8475036220472436
20
-3.7699809055118108
11
5.8440733464566925
21
-3.764847125984252
0
LINE
8
BLACK
6
CONTINUOUS
10
5.8440733464566925
20
-3.764847125984252
11
5.8417105511811025
21
-3.7591428346456692
0
LINE
8
BLACK
6
CONTINUOUS
10
5.8417105511811025
20
-3.7591428346456692
11
5.8405059842519682
21
-3.7530871653543305
0
LINE
8
BLACK
6
CONTINUOUS
10
5.8405059842519682
20
-3.7530871653543305
11
5.8405059842519682
21
-3.746912834645669
0
LINE
8
BLACK
6
CONTINUOUS
10
5.8405059842519682
20
-3.746912834645669
11
5.8417105511811025
21
-3.7408571653543308
0
LINE
8
BLACK
6
CONTINUOUS
10
5.8417105511811025
20
-3.7408571653543308
11
5.8440733464566925
21
-3.735152874015748
0
LINE
8
BLACK
6
CONTINUOUS
10
5.8440733464566925
20
-3.735152874015748
11
5.8475036220472436
21
-3.7300190944881888
0
LINE
8
BLACK
6
CONTINUOUS
10
5.8475036220472436
20
-3.7300190944881888
11
5.8518694881889761
21
-3.7256532283464567
0
LINE
8
BLACK
6
CONTINUOUS
10
5.8518694881889761
20
-3.7256532283464567
11
5.8570032677165349
21
-3.7222229527559056
0
LINE
8
BLACK
6
CONTINUOUS
10
5.8570032677165349
20
-3.7222229527559056
11
5.8627075590551181
21
-3.7198601574803147
0
LINE
8
BLACK
6
CONTINUOUS
10
5.8627075590551181
20
-3.7198601574803147
11
5.8687632283464568
21
-3.7186555905511809
0
LINE
8
BLACK
6
CONTINUOUS
10
5.8687632283464568
20
-3.7186555905511809
11
5.8749375590551178
21
-3.7186555905511809
0
LINE
8
BLACK
6
CONTINUOUS
10
5.8749375590551178
20
-3.7186555905511809
11
5.8809932283464565
21
-3.7198601574803147
0
LINE
8
BLACK
6
CONTINUOUS
10
5.1582285433070867
20
-3.6978741338582677
11
5.1633624409448817
21
-3.7000006692913385
0
LINE
8
BLACK
6
CONTINUOUS
10
5.1633624409448817
20
-3.7000006692913385
11
5.1679827952755906
21
-3.7030878740157478
0
LINE
8
BLACK
6
CONTINUOUS
10
5.1679827952755906
20
-3.7030878740157478
11
5.1719121259842522
21
-3.7070172047244094
0
LINE
8
BLACK
6
CONTINUOUS
10
5.1719121259842522
20
-3.7070172047244094
11
5.174999330708661
21
-3.7116375590551178
0
LINE
8
BLACK
6
CONTINUOUS
10
5.174999330708661
20
-3.7116375590551178
11
5.1771258661417319
21
-3.7167714566929133
0
LINE
8
BLACK
6
CONTINUOUS
10
5.1771258661417319
20
-3.7167714566929133
11
5.1782099606299212
21
-3.7222215748031493
0
LINE
8
BLACK
6
CONTINUOUS
10
5.1782099606299212
20
-3.7222215748031493
11
5.1782099606299212
21
-3.7277784251968504
0
LINE
8
BLACK
6
CONTINUOUS
10
5.1782099606299212
20
-3.7277784251968504
11
5.1771258661417319
21
-3.7332285433070864
0
LINE
8
BLACK
6
CONTINUOUS
10
5.1771258661417319
20
-3.7332285433070864
11
5.174999330708661
21
-3.7383624409448819
0
LINE
8
BLACK
6
CONTINUOUS
10
5.174999330708661
20
-3.7383624409448819
11
5.1719121259842522
21
-3.7429827952755903
0
LINE
8
BLACK
6
CONTINUOUS
10
5.1719121259842522
20
-3.7429827952755903
11
5.1679827952755906
21
-3.7469121259842519
0
LINE
8
BLACK
6
CONTINUOUS
10
5.1679827952755906
20
-3.7469121259842519
11
5.1633624409448817
21
-3.7499993307086612
0
LINE
8
BLACK
6
CONTINUOUS
10
5.1633624409448817
20
-3.7499993307086612
11
5.1582285433070867
21
-3.752125866141732
0
LINE
8
BLACK
6
CONTINUOUS
10
5.1582285433070867
20
-3.752125866141732
11
5.1527784251968507
21
-3.753209960629921
0
LINE
8
BLACK
6
CONTINUOUS
10
5.1527784251968507
20
-3.753209960629921
11
5.1472215748031491
21
-3.753209960629921
0
LINE
8
BLACK
6
CONTINUOUS
10
5.1472215748031491
20
-3.753209960629921
11
5.1417714566929131
21
-3.752125866141732
0
LINE
8
BLACK
6
CONTINUOUS
10
5.1417714566929131
20
-3.752125866141732
11
5.1366375590551181
21
-3.7499993307086612
0
LINE
8
BLACK
6
CONTINUOUS
10
5.1366375590551181
20
-3.7499993307086612
11
5.1320172047244093
21
-3.7469121259842519
0
LINE
8
BLACK
6
CONTINUOUS
10
5.1320172047244093
20
-3.7469121259842519
11
5.1280878740157476
21
-3.7429827952755903
0
LINE
8
BLACK
6
CONTINUOUS
10
5.1280878740157476
20
-3.7429827952755903
11
5.1250006692913388
21
-3.7383624409448819
0
LINE
8
BLACK
6
CONTINUOUS
10
5.1250006692913388
20
-3.7383624409448819
11
5.122874133858268
21
-3.7332285433070864
0
LINE
8
BLACK
6
CONTINUOUS
10
5.122874133858268
20
-3.7332285433070864
11
5.1217900393700786
21
-3.7277784251968504
0
LINE
8
BLACK
6
CONTINUOUS
10
5.1217900393700786
20
-3.7277784251968504
11
5.1217900393700786
21
-3.7222215748031493
0
LINE
8
BLACK
6
CONTINUOUS
10
5.1217900393700786
20
-3.7222215748031493
11
5.122874133858268
21
-3.7167714566929133
0
LINE
8
BLACK
6
CONTINUOUS
10
5.122874133858268
20
-3.7167714566929133
11
5.1250006692913388
21
-3.7116375590551178
0
LINE
8
BLACK
6
CONTINUOUS
10
5.1250006692913388
20
-3.7116375590551178
11
5.1280878740157476
21
-3.7070172047244094
0
LINE
8
BLACK
6
CONTINUOUS
10
5.1280878740157476
20
-3.7070172047244094
11
5.1320172047244093
21
-3.7030878740157478
0
LINE
8
BLACK
6
CONTINUOUS
10
5.1320172047244093
20
-3.7030878740157478
11
5.1366375590551181
21
-3.7000006692913385
0
LINE
8
BLACK
6
CONTINUOUS
10
5.1366375590551181
20
-3.7000006692913385
11
5.1417714566929131
21
-3.6978741338582677
0
LINE
8
BLACK
6
CONTINUOUS
10
5.1417714566929131
20
-3.6978741338582677
11
5.1472215748031491
21
-3.6967900393700788
0
LINE
8
BLACK
6
CONTINUOUS
10
5.1472215748031491
20
-3.6967900393700788
11
5.1527784251968507
21
-3.6967900393700788
0
LINE
8
BLACK
6
CONTINUOUS
10
5.1527784251968507
20
-3.6967900393700788
11
5.1582285433070867
21
-3.6978741338582677
0
LINE
8
BLACK
6
CONTINUOUS
10
2.4707397637795276
20
-3.5799367322834645
11
2.4772028346456691
21
-3.5820367322834645
0
LINE
8
BLACK
6
CONTINUOUS
10
2.4772028346456691
20
-3.5820367322834645
11
2.4832577952755903
21
-3.5851218897637795
0
LINE
8
BLACK
6
CONTINUOUS
10
2.4832577952755903
20
-3.5851218897637795
11
2.4887556299212599
21
-3.5891162598425197
0
LINE
8
BLACK
6
CONTINUOUS
10
2.4887556299212599
20
-3.5891162598425197
11
2.4935609055118109
21
-3.5939215354330707
0
LINE
8
BLACK
6
CONTINUOUS
10
2.4935609055118109
20
-3.5939215354330707
11
2.497555275590551
21
-3.5994193700787402
0
LINE
8
BLACK
6
CONTINUOUS
10
2.497555275590551
20
-3.5994193700787402
11
2.500640433070866
21
-3.6054743307086614
0
LINE
8
BLACK
6
CONTINUOUS
10
2.500640433070866
20
-3.6054743307086614
11
2.502740433070866
21
-3.6119374015748029
0
LINE
8
BLACK
6
CONTINUOUS
10
2.502740433070866
20
-3.6119374015748029
11
2.5038035039370077
21
-3.6186494094488189
0
LINE
8
BLACK
6
CONTINUOUS
10
2.5038035039370077
20
-3.6186494094488189
11
2.5038035039370077
21
-3.6254450787401575
0
LINE
8
BLACK
6
CONTINUOUS
10
2.5038035039370077
20
-3.6254450787401575
11
2.502740433070866
21
-3.632157086614173
0
LINE
8
BLACK
6
CONTINUOUS
10
2.502740433070866
20
-3.632157086614173
11
2.500640433070866
21
-3.638620157480315
0
LINE
8
BLACK
6
CONTINUOUS
10
2.500640433070866
20
-3.638620157480315
11
2.497555275590551
21
-3.6446751181102361
0
LINE
8
BLACK
6
CONTINUOUS
10
2.497555275590551
20
-3.6446751181102361
11
2.4935609055118109
21
-3.6501729527559053
0
LINE
8
BLACK
6
CONTINUOUS
10
2.4935609055118109
20
-3.6501729527559053
11
2.4887556299212599
21
-3.6549782283464567
0
LINE
8
BLACK
6
CONTINUOUS
10
2.4887556299212599
20
-3.6549782283464567
11
2.4832577952755903
21
-3.6589725984251968
0
LINE
8
BLACK
6
CONTINUOUS
10
2.4832577952755903
20
-3.6589725984251968
11
2.4772028346456691
21
-3.6620577559055119
0
LINE
8
BLACK
6
CONTINUOUS
10
2.4772028346456691
20
-3.6620577559055119
11
2.4707397637795276
21
-3.6641577559055118
0
LINE
8
BLACK
6
CONTINUOUS
10
2.4707397637795276
20
-3.6641577559055118
11
2.4640277559055117
21
-3.6652208267716535
0
LINE
8
BLACK
6
CONTINUOUS
10
2.4640277559055117
20
-3.6652208267716535
11
2.457232086614173
21
-3.6652208267716535
0
LINE
8
BLACK
6
CONTINUOUS
10
2.457232086614173
20
-3.6652208267716535
11
2.4505200787401575
21
-3.6641577559055118
0
LINE
8
BLACK
6
CONTINUOUS
10
2.4505200787401575
20
-3.6641577559055118
11
2.4440570078740156
21
-3.6620577559055119
0
LINE
8
BLACK
6
CONTINUOUS
10
2.4440570078740156
20
-3.6620577559055119
11
2.4380020472440944
21
-3.6589725984251968
0
LINE
8
BLACK
6
CONTINUOUS
10
2.4380020472440944
20
-3.6589725984251968
11
2.4325042125984253
21
-3.6549782283464567
0
LINE
8
BLACK
6
CONTINUOUS
10
2.4325042125984253
20
-3.6549782283464567
11
2.4276989370078739
21
-3.6501729527559053
0
LINE
8
BLACK
6
CONTINUOUS
10
2.4276989370078739
20
-3.6501729527559053
11
2.4237045669291337
21
-3.6446751181102361
0
LINE
8
BLACK
6
CONTINUOUS
10
2.4237045669291337
20
-3.6446751181102361
11
2.4206194094488187
21
-3.638620157480315
0
LINE
8
BLACK
6
CONTINUOUS
10
2.4206194094488187
20
-3.638620157480315
11
2.4185194094488187
21
-3.632157086614173
0
LINE
8
BLACK
6
CONTINUOUS
10
2.4185194094488187
20
-3.632157086614173
11
2.4174563385826771
21
-3.6254450787401575
0
LINE
8
BLACK
6
CONTINUOUS
10
2.4174563385826771
20
-3.6254450787401575
11
2.4174563385826771
21
-3.6186494094488189
0
LINE
8
BLACK
6
CONTINUOUS
10
2.4174563385826771
20
-3.6186494094488189
11
2.4185194094488187
21
-3.6119374015748029
0
LINE
8
BLACK
6
CONTINUOUS
10
2.4185194094488187
20
-3.6119374015748029
11
2.4206194094488187
21
-3.6054743307086614
0
LINE
8
BLACK
6
CONTINUOUS
10
2.4206194094488187
20
-3.6054743307086614
11
2.4237045669291337
21
-3.5994193700787402
0
LINE
8
BLACK
6
CONTINUOUS
10
2.4237045669291337
20
-3.5994193700787402
11
2.4276989370078739
21
-3.5939215354330707
0
LINE
8
BLACK
6
CONTINUOUS
10
2.4276989370078739
20
-3.5939215354330707
11
2.4325042125984253
21
-3.5891162598425197
0
LINE
8
BLACK
6
CONTINUOUS
10
2.4325042125984253
20
-3.5891162598425197
11
2.4380020472440944
21
-3.5851218897637795
0
LINE
8
BLACK
6
CONTINUOUS
10
2.4380020472440944
20
-3.5851218897637795
11
2.4440570078740156
21
-3.5820367322834645
0
LINE
8
BLACK
6
CONTINUOUS
10
2.4440570078740156
20
-3.5820367322834645
11
2.4505200787401575
21
-3.5799367322834645
0
LINE
8
BLACK
6
CONTINUOUS
10
2.4505200787401575
20
-3.5799367322834645
11
2.457232086614173
21
-3.5788736614173229
0
LINE
8
BLACK
6
CONTINUOUS
10
2.457232086614173
20
-3.5788736614173229
11
2.4640277559055117
21
-3.5788736614173229
0
LINE
8
BLACK
6
CONTINUOUS
10
2.4640277559055117
20
-3.5788736614173229
11
2.4707397637795276
21
-3.5799367322834645
0
LINE
8
BLACK
6
CONTINUOUS
10
4.7148342519685036
20
-3.5799367322834645
11
4.721297322834646
21
-3.5820367322834645
0
LINE
8
BLACK
6
CONTINUOUS
10
4.721297322834646
20
-3.5820367322834645
11
4.7273522834645672
21
-3.5851218897637795
0
LINE
8
BLACK
6
CONTINUOUS
10
4.7273522834645672
20
-3.5851218897637795
11
4.7328501181102363
21
-3.5891162598425197
0
LINE
8
BLACK
6
CONTINUOUS
10
4.7328501181102363
20
-3.5891162598425197
11
4.7376553937007877
21
-3.5939215354330707
0
LINE
8
BLACK
6
CONTINUOUS
10
4.7376553937007877
20
-3.5939215354330707
11
4.7416497637795274
21
-3.5994193700787402
0
LINE
8
BLACK
6
CONTINUOUS
10
4.7416497637795274
20
-3.5994193700787402
11
4.744734921259842
21
-3.6054743307086614
0
LINE
8
BLACK
6
CONTINUOUS
10
4.744734921259842
20
-3.6054743307086614
11
4.7468349212598424
21
-3.6119374015748029
0
LINE
8
BLACK
6
CONTINUOUS
10
4.7468349212598424
20
-3.6119374015748029
11
4.7478979921259841
21
-3.6186494094488189
0
LINE
8
BLACK
6
CONTINUOUS
10
4.7478979921259841
20
-3.6186494094488189
11
4.7478979921259841
21
-3.6254450787401575
0
LINE
8
BLACK
6
CONTINUOUS
10
4.7478979921259841
20
-3.6254450787401575
11
4.7468349212598424
21
-3.632157086614173
0
LINE
8
BLACK
6
CONTINUOUS
10
4.7468349212598424
20
-3.632157086614173
11
4.744734921259842
21
-3.638620157480315
0
LINE
8
BLACK
6
CONTINUOUS
10
4.744734921259842
20
-3.638620157480315
11
4.7416497637795274
21
-3.6446751181102361
0
LINE
8
BLACK
6
CONTINUOUS
10
4.7416497637795274
20
-3.6446751181102361
11
4.7376553937007877
21
-3.6501729527559053
0
LINE
8
BLACK
6
CONTINUOUS
10
4.7376553937007877
20
-3.6501729527559053
11
4.7328501181102363
21
-3.6549782283464567
0
LINE
8
BLACK
6
CONTINUOUS
10
4.7328501181102363
20
-3.6549782283464567
11
4.7273522834645672
21
-3.6589725984251968
0
LINE
8
BLACK
6
CONTINUOUS
10
4.7273522834645672
20
-3.6589725984251968
11
4.721297322834646
21
-3.6620577559055119
0
LINE
8
BLACK
6
CONTINUOUS
10
4.721297322834646
20
-3.6620577559055119
11
4.7148342519685036
21
-3.6641577559055118
0
LINE
8
BLACK
6
CONTINUOUS
10
4.7148342519685036
20
-3.6641577559055118
11
4.7081222440944881
21
-3.6652208267716535
0
LINE
8
BLACK
6
CONTINUOUS
10
4.7081222440944881
20
-3.6652208267716535
11
4.7013265748031499
21
-3.6652208267716535
0
LINE
8
BLACK
6
CONTINUOUS
10
4.7013265748031499
20
-3.6652208267716535
11
4.6946145669291335
21
-3.6641577559055118
0
LINE
8
BLACK
6
CONTINUOUS
10
4.6946145669291335
20
-3.6641577559055118
11
4.688151496062992
21
-3.6620577559055119
0
LINE
8
BLACK
6
CONTINUOUS
10
4.688151496062992
20
-3.6620577559055119
11
4.6820965354330708
21
-3.6589725984251968
0
LINE
8
BLACK
6
CONTINUOUS
10
4.6820965354330708
20
-3.6589725984251968
11
4.6765987007874017
21
-3.6549782283464567
0
LINE
8
BLACK
6
CONTINUOUS
10
4.6765987007874017
20
-3.6549782283464567
11
4.6717934251968503
21
-3.6501729527559053
0
LINE
8
BLACK
6
CONTINUOUS
10
4.6717934251968503
20
-3.6501729527559053
11
4.6677990551181106
21
-3.6446751181102361
0
LINE
8
BLACK
6
CONTINUOUS
10
4.6677990551181106
20
-3.6446751181102361
11
4.6647138976377951
21
-3.638620157480315
0
LINE
8
BLACK
6
CONTINUOUS
10
4.6647138976377951
20
-3.638620157480315
11
4.6626138976377955
21
-3.632157086614173
0
LINE
8
BLACK
6
CONTINUOUS
10
4.6626138976377955
20
-3.632157086614173
11
4.661550826771653
21
-3.6254450787401575
0
LINE
8
BLACK
6
CONTINUOUS
10
4.661550826771653
20
-3.6254450787401575
11
4.661550826771653
21
-3.6186494094488189
0
LINE
8
BLACK
6
CONTINUOUS
10
4.661550826771653
20
-3.6186494094488189
11
4.6626138976377955
21
-3.6119374015748029
0
LINE
8
BLACK
6
CONTINUOUS
10
4.6626138976377955
20
-3.6119374015748029
11
4.6647138976377951
21
-3.6054743307086614
0
LINE
8
BLACK
6
CONTINUOUS
10
4.6647138976377951
20
-3.6054743307086614
11
4.6677990551181106
21
-3.5994193700787402
0
LINE
8
BLACK
6
CONTINUOUS
10
4.6677990551181106
20
-3.5994193700787402
11
4.6717934251968503
21
-3.5939215354330707
0
LINE
8
BLACK
6
CONTINUOUS
10
4.6717934251968503
20
-3.5939215354330707
11
4.6765987007874017
21
-3.5891162598425197
0
LINE
8
BLACK
6
CONTINUOUS
10
4.6765987007874017
20
-3.5891162598425197
11
4.6820965354330708
21
-3.5851218897637795
0
LINE
8
BLACK
6
CONTINUOUS
10
4.6820965354330708
20
-3.5851218897637795
11
4.688151496062992
21
-3.5820367322834645
0
LINE
8
BLACK
6
CONTINUOUS
10
4.688151496062992
20
-3.5820367322834645
11
4.6946145669291335
21
-3.5799367322834645
0
LINE
8
BLACK
6
CONTINUOUS
10
4.6946145669291335
20
-3.5799367322834645
11
4.7013265748031499
21
-3.5788736614173229
0
LINE
8
BLACK
6
CONTINUOUS
10
4.7013265748031499
20
-3.5788736614173229
11
4.7081222440944881
21
-3.5788736614173229
0
LINE
8
BLACK
6
CONTINUOUS
10
4.7081222440944881
20
-3.5788736614173229
11
4.7148342519685036
21
-3.5799367322834645
0
LINE
8
BLACK
6
CONTINUOUS
10
5.0582285433070862
20
-3.5978741338582676
11
5.0633624409448821
21
-3.6000006692913384
0
LINE
8
BLACK
6
CONTINUOUS
10
5.0633624409448821
20
-3.6000006692913384
11
5.06798279527559
21
-3.6030878740157481
0
LINE
8
BLACK
6
CONTINUOUS
10
5.06798279527559
20
-3.6030878740157481
11
5.0719121259842517
21
-3.6070172047244093
0
LINE
8
BLACK
6
CONTINUOUS
10
5.0719121259842517
20
-3.6070172047244093
11
5.0749993307086614
21
-3.6116375590551182
0
LINE
8
BLACK
6
CONTINUOUS
10
5.0749993307086614
20
-3.6116375590551182
11
5.0771258661417322
21
-3.6167714566929132
0
LINE
8
BLACK
6
CONTINUOUS
10
5.0771258661417322
20
-3.6167714566929132
11
5.0782099606299216
21
-3.6222215748031497
0
LINE
8
BLACK
6
CONTINUOUS
10
5.0782099606299216
20
-3.6222215748031497
11
5.0782099606299216
21
-3.6277784251968503
0
LINE
8
BLACK
6
CONTINUOUS
10
5.0782099606299216
20
-3.6277784251968503
11
5.0771258661417322
21
-3.6332285433070863
0
LINE
8
BLACK
6
CONTINUOUS
10
5.0771258661417322
20
-3.6332285433070863
11
5.0749993307086614
21
-3.6383624409448818
0
LINE
8
BLACK
6
CONTINUOUS
10
5.0749993307086614
20
-3.6383624409448818
11
5.0719121259842517
21
-3.6429827952755907
0
LINE
8
BLACK
6
CONTINUOUS
10
5.0719121259842517
20
-3.6429827952755907
11
5.06798279527559
21
-3.6469121259842519
0
LINE
8
BLACK
6
CONTINUOUS
10
5.06798279527559
20
-3.6469121259842519
11
5.0633624409448821
21
-3.6499993307086611
0
LINE
8
BLACK
6
CONTINUOUS
10
5.0633624409448821
20
-3.6499993307086611
11
5.0582285433070862
21
-3.6521258661417324
0
LINE
8
BLACK
6
CONTINUOUS
10
5.0582285433070862
20
-3.6521258661417324
11
5.0527784251968502
21
-3.6532099606299213
0
LINE
8
BLACK
6
CONTINUOUS
10
5.0527784251968502
20
-3.6532099606299213
11
5.0472215748031495
21
-3.6532099606299213
0
LINE
8
BLACK
6
CONTINUOUS
10
5.0472215748031495
20
-3.6532099606299213
11
5.0417714566929135
21
-3.6521258661417324
0
LINE
8
BLACK
6
CONTINUOUS
10
5.0417714566929135
20
-3.6521258661417324
11
5.0366375590551176
21
-3.6499993307086611
0
LINE
8
BLACK
6
CONTINUOUS
10
5.0366375590551176
20
-3.6499993307086611
11
5.0320172047244096
21
-3.6469121259842519
0
LINE
8
BLACK
6
CONTINUOUS
10
5.0320172047244096
20
-3.6469121259842519
11
5.028087874015748
21
-3.6429827952755907
0
LINE
8
BLACK
6
CONTINUOUS
10
5.028087874015748
20
-3.6429827952755907
11
5.0250006692913383
21
-3.6383624409448818
0
LINE
8
BLACK
6
CONTINUOUS
10
5.0250006692913383
20
-3.6383624409448818
11
5.0228741338582674
21
-3.6332285433070863
0
LINE
8
BLACK
6
CONTINUOUS
10
5.0228741338582674
20
-3.6332285433070863
11
5.021790039370079
21
-3.6277784251968503
0
LINE
8
BLACK
6
CONTINUOUS
10
5.021790039370079
20
-3.6277784251968503
11
5.021790039370079
21
-3.6222215748031497
0
LINE
8
BLACK
6
CONTINUOUS
10
5.021790039370079
20
-3.6222215748031497
11
5.0228741338582674
21
-3.6167714566929132
0
LINE
8
BLACK
6
CONTINUOUS
10
5.0228741338582674
20
-3.6167714566929132
11
5.0250006692913383
21
-3.6116375590551182
0
LINE
8
BLACK
6
CONTINUOUS
10
5.0250006692913383
20
-3.6116375590551182
11
5.028087874015748
21
-3.6070172047244093
0
LINE
8
BLACK
6
CONTINUOUS
10
5.028087874015748
20
-3.6070172047244093
11
5.0320172047244096
21
-3.6030878740157481
0
LINE
8
BLACK
6
CONTINUOUS
10
5.0320172047244096
20
-3.6030878740157481
11
5.0366375590551176
21
-3.6000006692913384
0
LINE
8
BLACK
6
CONTINUOUS
10
5.0366375590551176
20
-3.6000006692913384
11
5.0417714566929135
21
-3.5978741338582676
0
LINE
8
BLACK
6
CONTINUOUS
10
5.0417714566929135
20
-3.5978741338582676
11
5.0472215748031495
21
-3.5967900393700787
0
LINE
8
BLACK
6
CONTINUOUS
10
5.0472215748031495
20
-3.5967900393700787
11
5.0527784251968502
21
-3.5967900393700787
0
LINE
8
BLACK
6
CONTINUOUS
10
5.0527784251968502
20
-3.5967900393700787
11
5.0582285433070862
21
-3.5978741338582676
0
LINE
8
BLACK
6
CONTINUOUS
10
5.2582285433070863
20
-3.5978741338582676
11
5.2633624409448814
21
-3.6000006692913384
0
LINE
8
BLACK
6
CONTINUOUS
10
5.2633624409448814
20
-3.6000006692913384
11
5.2679827952755902
21
-3.6030878740157481
0
LINE
8
BLACK
6
CONTINUOUS
10
5.2679827952755902
20
-3.6030878740157481
11
5.2719121259842519
21
-3.6070172047244093
0
LINE
8
BLACK
6
CONTINUOUS
10
5.2719121259842519
20
-3.6070172047244093
11
5.2749993307086616
21
-3.6116375590551182
0
LINE
8
BLACK
6
CONTINUOUS
10
5.2749993307086616
20
-3.6116375590551182
11
5.2771258661417324
21
-3.6167714566929132
0
LINE
8
BLACK
6
CONTINUOUS
10
5.2771258661417324
20
-3.6167714566929132
11
5.2782099606299209
21
-3.6222215748031497
0
LINE
8
BLACK
6
CONTINUOUS
10
5.2782099606299209
20
-3.6222215748031497
11
5.2782099606299209
21
-3.6277784251968503
0
LINE
8
BLACK
6
CONTINUOUS
10
5.2782099606299209
20
-3.6277784251968503
11
5.2771258661417324
21
-3.6332285433070863
0
LINE
8
BLACK
6
CONTINUOUS
10
5.2771258661417324
20
-3.6332285433070863
11
5.2749993307086616
21
-3.6383624409448818
0
LINE
8
BLACK
6
CONTINUOUS
10
5.2749993307086616
20
-3.6383624409448818
11
5.2719121259842519
21
-3.6429827952755907
0
LINE
8
BLACK
6
CONTINUOUS
10
5.2719121259842519
20
-3.6429827952755907
11
5.2679827952755902
21
-3.6469121259842519
0
LINE
8
BLACK
6
CONTINUOUS
10
5.2679827952755902
20
-3.6469121259842519
11
5.2633624409448814
21
-3.6499993307086611
0
LINE
8
BLACK
6
CONTINUOUS
10
5.2633624409448814
20
-3.6499993307086611
11
5.2582285433070863
21
-3.6521258661417324
0
LINE
8
BLACK
6
CONTINUOUS
10
5.2582285433070863
20
-3.6521258661417324
11
5.2527784251968503
21
-3.6532099606299213
0
LINE
8
BLACK
6
CONTINUOUS
10
5.2527784251968503
20
-3.6532099606299213
11
5.2472215748031497
21
-3.6532099606299213
0
LINE
8
BLACK
6
CONTINUOUS
10
5.2472215748031497
20
-3.6532099606299213
11
5.2417714566929137
21
-3.6521258661417324
0
LINE
8
BLACK
6
CONTINUOUS
10
5.2417714566929137
20
-3.6521258661417324
11
5.2366375590551177
21
-3.6499993307086611
0
LINE
8
BLACK
6
CONTINUOUS
10
5.2366375590551177
20
-3.6499993307086611
11
5.2320172047244089
21
-3.6469121259842519
0
LINE
8
BLACK
6
CONTINUOUS
10
5.2320172047244089
20
-3.6469121259842519
11
5.2280878740157481
21
-3.6429827952755907
0
LINE
8
BLACK
6
CONTINUOUS
10
5.2280878740157481
20
-3.6429827952755907
11
5.2250006692913384
21
-3.6383624409448818
0
LINE
8
BLACK
6
CONTINUOUS
10
5.2250006692913384
20
-3.6383624409448818
11
5.2228741338582676
21
-3.6332285433070863
0
LINE
8
BLACK
6
CONTINUOUS
10
5.2228741338582676
20
-3.6332285433070863
11
5.2217900393700782
21
-3.6277784251968503
0
LINE
8
BLACK
6
CONTINUOUS
10
5.2217900393700782
20
-3.6277784251968503
11
5.2217900393700782
21
-3.6222215748031497
0
LINE
8
BLACK
6
CONTINUOUS
10
5.2217900393700782
20
-3.6222215748031497
11
5.2228741338582676
21
-3.6167714566929132
0
LINE
8
BLACK
6
CONTINUOUS
10
5.2228741338582676
20
-3.6167714566929132
11
5.2250006692913384
21
-3.6116375590551182
0
LINE
8
BLACK
6
CONTINUOUS
10
5.2250006692913384
20
-3.6116375590551182
11
5.2280878740157481
21
-3.6070172047244093
0
LINE
8
BLACK
6
CONTINUOUS
10
5.2280878740157481
20
-3.6070172047244093
11
5.2320172047244089
21
-3.6030878740157481
0
LINE
8
BLACK
6
CONTINUOUS
10
5.2320172047244089
20
-3.6030878740157481
11
5.2366375590551177
21
-3.6000006692913384
0
LINE
8
BLACK
6
CONTINUOUS
10
5.2366375590551177
20
-3.6000006692913384
11
5.2417714566929137
21
-3.5978741338582676
0
LINE
8
BLACK
6
CONTINUOUS
10
5.2417714566929137
20
-3.5978741338582676
11
5.2472215748031497
21
-3.5967900393700787
0
LINE
8
BLACK
6
CONTINUOUS
10
5.2472215748031497
20
-3.5967900393700787
11
5.2527784251968503
21
-3.5967900393700787
0
LINE
8
BLACK
6
CONTINUOUS
10
5.2527784251968503
20
-3.5967900393700787
11
5.2582285433070863
21
-3.5978741338582676
0
LINE
8
BLACK
6
CONTINUOUS
10
3.2533657480314959
20
-3.5859679527559054
11
3.2595235433070866
21
-3.588518622047244
0
LINE
8
BLACK
6
CONTINUOUS
10
3.2595235433070866
20
-3.588518622047244
11
3.2650654330708662
21
-3.5922215748031494
0
LINE
8
BLACK
6
CONTINUOUS
10
3.2650654330708662
20
-3.5922215748031494
11
3.2697784251968502
21
-3.5969345669291339
0
LINE
8
BLACK
6
CONTINUOUS
10
3.2697784251968502
20
-3.5969345669291339
11
3.2734813779527556
21
-3.6024764566929135
0
LINE
8
BLACK
6
CONTINUOUS
10
3.2734813779527556
20
-3.6024764566929135
11
3.2760320472440942
21
-3.6086342519685037
0
LINE
8
BLACK
6
CONTINUOUS
10
3.2760320472440942
20
-3.6086342519685037
11
3.2773323622047243
21
-3.6151713385826771
0
LINE
8
BLACK
6
CONTINUOUS
10
3.2773323622047243
20
-3.6151713385826771
11
3.2773323622047243
21
-3.6218365354330708
0
LINE
8
BLACK
6
CONTINUOUS
10
3.2773323622047243
20
-3.6218365354330708
11
3.2760320472440942
21
-3.6283736220472442
0
LINE
8
BLACK
6
CONTINUOUS
10
3.2760320472440942
20
-3.6283736220472442
11
3.2734813779527556
21
-3.6345314173228345
0
LINE
8
BLACK
6
CONTINUOUS
10
3.2734813779527556
20
-3.6345314173228345
11
3.2697784251968502
21
-3.640073307086614
0
LINE
8
BLACK
6
CONTINUOUS
10
3.2697784251968502
20
-3.640073307086614
11
3.2650654330708662
21
-3.6447862992125986
0
LINE
8
BLACK
6
CONTINUOUS
10
3.2650654330708662
20
-3.6447862992125986
11
3.2595235433070866
21
-3.6484892519685039
0
LINE
8
BLACK
6
CONTINUOUS
10
3.2595235433070866
20
-3.6484892519685039
11
3.2533657480314959
21
-3.6510399212598426
0
LINE
8
BLACK
6
CONTINUOUS
10
3.2533657480314959
20
-3.6510399212598426
11
3.246828661417323
21
-3.6523402362204722
0
LINE
8
BLACK
6
CONTINUOUS
10
3.246828661417323
20
-3.6523402362204722
11
3.2401634645669293
21
-3.6523402362204722
0
LINE
8
BLACK
6
CONTINUOUS
10
3.2401634645669293
20
-3.6523402362204722
11
3.2336263779527559
21
-3.6510399212598426
0
LINE
8
BLACK
6
CONTINUOUS
10
3.2336263779527559
20
-3.6510399212598426
11
3.2274685826771652
21
-3.6484892519685039
0
LINE
8
BLACK
6
CONTINUOUS
10
3.2274685826771652
20
-3.6484892519685039
11
3.2219266929133856
21
-3.6447862992125986
0
LINE
8
BLACK
6
CONTINUOUS
10
3.2219266929133856
20
-3.6447862992125986
11
3.2172137007874015
21
-3.640073307086614
0
LINE
8
BLACK
6
CONTINUOUS
10
3.2172137007874015
20
-3.640073307086614
11
3.2135107480314962
21
-3.6345314173228345
0
LINE
8
BLACK
6
CONTINUOUS
10
3.2135107480314962
20
-3.6345314173228345
11
3.2109600787401575
21
-3.6283736220472442
0
LINE
8
BLACK
6
CONTINUOUS
10
3.2109600787401575
20
-3.6283736220472442
11
3.2096597637795274
21
-3.6218365354330708
0
LINE
8
BLACK
6
CONTINUOUS
10
3.2096597637795274
20
-3.6218365354330708
11
3.2096597637795274
21
-3.6151713385826771
0
LINE
8
BLACK
6
CONTINUOUS
10
3.2096597637795274
20
-3.6151713385826771
11
3.2109600787401575
21
-3.6086342519685037
0
LINE
8
BLACK
6
CONTINUOUS
10
3.2109600787401575
20
-3.6086342519685037
11
3.2135107480314962
21
-3.6024764566929135
0
LINE
8
BLACK
6
CONTINUOUS
10
3.2135107480314962
20
-3.6024764566929135
11
3.2172137007874015
21
-3.5969345669291339
0
LINE
8
BLACK
6
CONTINUOUS
10
3.2172137007874015
20
-3.5969345669291339
11
3.2219266929133856
21
-3.5922215748031494
0
LINE
8
BLACK
6
CONTINUOUS
10
3.2219266929133856
20
-3.5922215748031494
11
3.2274685826771652
21
-3.588518622047244
0
LINE
8
BLACK
6
CONTINUOUS
10
3.2274685826771652
20
-3.588518622047244
11
3.2336263779527559
21
-3.5859679527559054
0
LINE
8
BLACK
6
CONTINUOUS
10
3.2336263779527559
20
-3.5859679527559054
11
3.2401634645669293
21
-3.5846676377952753
0
LINE
8
BLACK
6
CONTINUOUS
10
3.2401634645669293
20
-3.5846676377952753
11
3.246828661417323
21
-3.5846676377952753
0
LINE
8
BLACK
6
CONTINUOUS
10
3.246828661417323
20
-3.5846676377952753
11
3.2533657480314959
21
-3.5859679527559054
0
LINE
8
BLACK
6
CONTINUOUS
10
3.353365748031496
20
-3.5859679527559054
11
3.3595235433070867
21
-3.588518622047244
0
LINE
8
BLACK
6
CONTINUOUS
10
3.3595235433070867
20
-3.588518622047244
11
3.3650654330708663
21
-3.5922215748031494
0
LINE
8
BLACK
6
CONTINUOUS
10
3.3650654330708663
20
-3.5922215748031494
11
3.3697784251968503
21
-3.5969345669291339
0
LINE
8
BLACK
6
CONTINUOUS
10
3.3697784251968503
20
-3.5969345669291339
11
3.3734813779527557
21
-3.6024764566929135
0
LINE
8
BLACK
6
CONTINUOUS
10
3.3734813779527557
20
-3.6024764566929135
11
3.3760320472440943
21
-3.6086342519685037
0
LINE
8
BLACK
6
CONTINUOUS
10
3.3760320472440943
20
-3.6086342519685037
11
3.3773323622047244
21
-3.6151713385826771
0
LINE
8
BLACK
6
CONTINUOUS
10
3.3773323622047244
20
-3.6151713385826771
11
3.3773323622047244
21
-3.6218365354330708
0
LINE
8
BLACK
6
CONTINUOUS
10
3.3773323622047244
20
-3.6218365354330708
11
3.3760320472440943
21
-3.6283736220472442
0
LINE
8
BLACK
6
CONTINUOUS
10
3.3760320472440943
20
-3.6283736220472442
11
3.3734813779527557
21
-3.6345314173228345
0
LINE
8
BLACK
6
CONTINUOUS
10
3.3734813779527557
20
-3.6345314173228345
11
3.3697784251968503
21
-3.640073307086614
0
LINE
8
BLACK
6
CONTINUOUS
10
3.3697784251968503
20
-3.640073307086614
11
3.3650654330708663
21
-3.6447862992125986
0
LINE
8
BLACK
6
CONTINUOUS
10
3.3650654330708663
20
-3.6447862992125986
11
3.3595235433070867
21
-3.6484892519685039
0
LINE
8
BLACK
6
CONTINUOUS
10
3.3595235433070867
20
-3.6484892519685039
11
3.353365748031496
21
-3.6510399212598426
0
LINE
8
BLACK
6
CONTINUOUS
10
3.353365748031496
20
-3.6510399212598426
11
3.3468286614173226
21
-3.6523402362204722
0
LINE
8
BLACK
6
CONTINUOUS
10
3.3468286614173226
20
-3.6523402362204722
11
3.3401634645669289
21
-3.6523402362204722
0
LINE
8
BLACK
6
CONTINUOUS
10
3.3401634645669289
20
-3.6523402362204722
11
3.333626377952756
21
-3.6510399212598426
0
LINE
8
BLACK
6
CONTINUOUS
10
3.333626377952756
20
-3.6510399212598426
11
3.3274685826771653
21
-3.6484892519685039
0
LINE
8
BLACK
6
CONTINUOUS
10
3.3274685826771653
20
-3.6484892519685039
11
3.3219266929133857
21
-3.6447862992125986
0
LINE
8
BLACK
6
CONTINUOUS
10
3.3219266929133857
20
-3.6447862992125986
11
3.3172137007874016
21
-3.640073307086614
0
LINE
8
BLACK
6
CONTINUOUS
10
3.3172137007874016
20
-3.640073307086614
11
3.3135107480314958
21
-3.6345314173228345
0
LINE
8
BLACK
6
CONTINUOUS
10
3.3135107480314958
20
-3.6345314173228345
11
3.3109600787401572
21
-3.6283736220472442
0
LINE
8
BLACK
6
CONTINUOUS
10
3.3109600787401572
20
-3.6283736220472442
11
3.3096597637795275
21
-3.6218365354330708
0
LINE
8
BLACK
6
CONTINUOUS
10
3.3096597637795275
20
-3.6218365354330708
11
3.3096597637795275
21
-3.6151713385826771
0
LINE
8
BLACK
6
CONTINUOUS
10
3.3096597637795275
20
-3.6151713385826771
11
3.3109600787401572
21
-3.6086342519685037
0
LINE
8
BLACK
6
CONTINUOUS
10
3.3109600787401572
20
-3.6086342519685037
11
3.3135107480314958
21
-3.6024764566929135
0
LINE
8
BLACK
6
CONTINUOUS
10
3.3135107480314958
20
-3.6024764566929135
11
3.3172137007874016
21
-3.5969345669291339
0
LINE
8
BLACK
6
CONTINUOUS
10
3.3172137007874016
20
-3.5969345669291339
11
3.3219266929133857
21
-3.5922215748031494
0
LINE
8
BLACK
6
CONTINUOUS
10
3.3219266929133857
20
-3.5922215748031494
11
3.3274685826771653
21
-3.588518622047244
0
LINE
8
BLACK
6
CONTINUOUS
10
3.3274685826771653
20
-3.588518622047244
11
3.333626377952756
21
-3.5859679527559054
0
LINE
8
BLACK
6
CONTINUOUS
10
3.333626377952756
20
-3.5859679527559054
11
3.3401634645669289
21
-3.5846676377952753
0
LINE
8
BLACK
6
CONTINUOUS
10
3.3401634645669289
20
-3.5846676377952753
11
3.3468286614173226
21
-3.5846676377952753
0
LINE
8
BLACK
6
CONTINUOUS
10
3.3468286614173226
20
-3.5846676377952753
11
3.353365748031496
21
-3.5859679527559054
0
LINE
8
BLACK
6
CONTINUOUS
10
3.4533657480314961
20
-3.5859679527559054
11
3.4595235433070863
21
-3.588518622047244
0
LINE
8
BLACK
6
CONTINUOUS
10
3.4595235433070863
20
-3.588518622047244
11
3.4650654330708659
21
-3.5922215748031494
0
LINE
8
BLACK
6
CONTINUOUS
10
3.4650654330708659
20
-3.5922215748031494
11
3.4697784251968504
21
-3.5969345669291339
0
LINE
8
BLACK
6
CONTINUOUS
10
3.4697784251968504
20
-3.5969345669291339
11
3.4734813779527558
21
-3.6024764566929135
0
LINE
8
BLACK
6
CONTINUOUS
10
3.4734813779527558
20
-3.6024764566929135
11
3.4760320472440944
21
-3.6086342519685037
0
LINE
8
BLACK
6
CONTINUOUS
10
3.4760320472440944
20
-3.6086342519685037
11
3.4773323622047245
21
-3.6151713385826771
0
LINE
8
BLACK
6
CONTINUOUS
10
3.4773323622047245
20
-3.6151713385826771
11
3.4773323622047245
21
-3.6218365354330708
0
LINE
8
BLACK
6
CONTINUOUS
10
3.4773323622047245
20
-3.6218365354330708
11
3.4760320472440944
21
-3.6283736220472442
0
LINE
8
BLACK
6
CONTINUOUS
10
3.4760320472440944
20
-3.6283736220472442
11
3.4734813779527558
21
-3.6345314173228345
0
LINE
8
BLACK
6
CONTINUOUS
10
3.4734813779527558
20
-3.6345314173228345
11
3.4697784251968504
21
-3.640073307086614
0
LINE
8
BLACK
6
CONTINUOUS
10
3.4697784251968504
20
-3.640073307086614
11
3.4650654330708659
21
-3.6447862992125986
0
LINE
8
BLACK
6
CONTINUOUS
10
3.4650654330708659
20
-3.6447862992125986
11
3.4595235433070863
21
-3.6484892519685039
0
LINE
8
BLACK
6
CONTINUOUS
10
3.4595235433070863
20
-3.6484892519685039
11
3.4533657480314961
21
-3.6510399212598426
0
LINE
8
BLACK
6
CONTINUOUS
10
3.4533657480314961
20
-3.6510399212598426
11
3.4468286614173227
21
-3.6523402362204722
0
LINE
8
BLACK
6
CONTINUOUS
10
3.4468286614173227
20
-3.6523402362204722
11
3.440163464566929
21
-3.6523402362204722
0
LINE
8
BLACK
6
CONTINUOUS
10
3.440163464566929
20
-3.6523402362204722
11
3.433626377952756
21
-3.6510399212598426
0
LINE
8
BLACK
6
CONTINUOUS
10
3.433626377952756
20
-3.6510399212598426
11
3.4274685826771654
21
-3.6484892519685039
0
LINE
8
BLACK
6
CONTINUOUS
10
3.4274685826771654
20
-3.6484892519685039
11
3.4219266929133858
21
-3.6447862992125986
0
LINE
8
BLACK
6
CONTINUOUS
10
3.4219266929133858
20
-3.6447862992125986
11
3.4172137007874013
21
-3.640073307086614
0
LINE
8
BLACK
6
CONTINUOUS
10
3.4172137007874013
20
-3.640073307086614
11
3.4135107480314959
21
-3.6345314173228345
0
LINE
8
BLACK
6
CONTINUOUS
10
3.4135107480314959
20
-3.6345314173228345
11
3.4109600787401573
21
-3.6283736220472442
0
LINE
8
BLACK
6
CONTINUOUS
10
3.4109600787401573
20
-3.6283736220472442
11
3.4096597637795276
21
-3.6218365354330708
0
LINE
8
BLACK
6
CONTINUOUS
10
3.4096597637795276
20
-3.6218365354330708
11
3.4096597637795276
21
-3.6151713385826771
0
LINE
8
BLACK
6
CONTINUOUS
10
3.4096597637795276
20
-3.6151713385826771
11
3.4109600787401573
21
-3.6086342519685037
0
LINE
8
BLACK
6
CONTINUOUS
10
3.4109600787401573
20
-3.6086342519685037
11
3.4135107480314959
21
-3.6024764566929135
0
LINE
8
BLACK
6
CONTINUOUS
10
3.4135107480314959
20
-3.6024764566929135
11
3.4172137007874013
21
-3.5969345669291339
0
LINE
8
BLACK
6
CONTINUOUS
10
3.4172137007874013
20
-3.5969345669291339
11
3.4219266929133858
21
-3.5922215748031494
0
LINE
8
BLACK
6
CONTINUOUS
10
3.4219266929133858
20
-3.5922215748031494
11
3.4274685826771654
21
-3.588518622047244
0
LINE
8
BLACK
6
CONTINUOUS
10
3.4274685826771654
20
-3.588518622047244
11
3.433626377952756
21
-3.5859679527559054
0
LINE
8
BLACK
6
CONTINUOUS
10
3.433626377952756
20
-3.5859679527559054
11
3.440163464566929
21
-3.5846676377952753
0
LINE
8
BLACK
6
CONTINUOUS
10
3.440163464566929
20
-3.5846676377952753
11
3.4468286614173227
21
-3.5846676377952753
0
LINE
8
BLACK
6
CONTINUOUS
10
3.4468286614173227
20
-3.5846676377952753
11
3.4533657480314961
21
-3.5859679527559054
0
LINE
8
BLACK
6
CONTINUOUS
10
3.5533657480314962
20
-3.5859679527559054
11
3.5595235433070864
21
-3.588518622047244
0
LINE
8
BLACK
6
CONTINUOUS
10
3.5595235433070864
20
-3.588518622047244
11
3.565065433070866
21
-3.5922215748031494
0
LINE
8
BLACK
6
CONTINUOUS
10
3.565065433070866
20
-3.5922215748031494
11
3.5697784251968505
21
-3.5969345669291339
0
LINE
8
BLACK
6
CONTINUOUS
10
3.5697784251968505
20
-3.5969345669291339
11
3.5734813779527559
21
-3.6024764566929135
0
LINE
8
BLACK
6
CONTINUOUS
10
3.5734813779527559
20
-3.6024764566929135
11
3.5760320472440945
21
-3.6086342519685037
0
LINE
8
BLACK
6
CONTINUOUS
10
3.5760320472440945
20
-3.6086342519685037
11
3.5773323622047242
21
-3.6151713385826771
0
LINE
8
BLACK
6
CONTINUOUS
10
3.5773323622047242
20
-3.6151713385826771
11
3.5773323622047242
21
-3.6218365354330708
0
LINE
8
BLACK
6
CONTINUOUS
10
3.5773323622047242
20
-3.6218365354330708
11
3.5760320472440945
21
-3.6283736220472442
0
LINE
8
BLACK
6
CONTINUOUS
10
3.5760320472440945
20
-3.6283736220472442
11
3.5734813779527559
21
-3.6345314173228345
0
LINE
8
BLACK
6
CONTINUOUS
10
3.5734813779527559
20
-3.6345314173228345
11
3.5697784251968505
21
-3.640073307086614
0
LINE
8
BLACK
6
CONTINUOUS
10
3.5697784251968505
20
-3.640073307086614
11
3.565065433070866
21
-3.6447862992125986
0
LINE
8
BLACK
6
CONTINUOUS
10
3.565065433070866
20
-3.6447862992125986
11
3.5595235433070864
21
-3.6484892519685039
0
LINE
8
BLACK
6
CONTINUOUS
10
3.5595235433070864
20
-3.6484892519685039
11
3.5533657480314962
21
-3.6510399212598426
0
LINE
8
BLACK
6
CONTINUOUS
10
3.5533657480314962
20
-3.6510399212598426
11
3.5468286614173228
21
-3.6523402362204722
0
LINE
8
BLACK
6
CONTINUOUS
10
3.5468286614173228
20
-3.6523402362204722
11
3.5401634645669291
21
-3.6523402362204722
0
LINE
8
BLACK
6
CONTINUOUS
10
3.5401634645669291
20
-3.6523402362204722
11
3.5336263779527557
21
-3.6510399212598426
0
LINE
8
BLACK
6
CONTINUOUS
10
3.5336263779527557
20
-3.6510399212598426
11
3.5274685826771655
21
-3.6484892519685039
0
LINE
8
BLACK
6
CONTINUOUS
10
3.5274685826771655
20
-3.6484892519685039
11
3.5219266929133859
21
-3.6447862992125986
0
LINE
8
BLACK
6
CONTINUOUS
10
3.5219266929133859
20
-3.6447862992125986
11
3.5172137007874014
21
-3.640073307086614
0
LINE
8
BLACK
6
CONTINUOUS
10
3.5172137007874014
20
-3.640073307086614
11
3.513510748031496
21
-3.6345314173228345
0
LINE
8
BLACK
6
CONTINUOUS
10
3.513510748031496
20
-3.6345314173228345
11
3.5109600787401574
21
-3.6283736220472442
0
LINE
8
BLACK
6
CONTINUOUS
10
3.5109600787401574
20
-3.6283736220472442
11
3.5096597637795273
21
-3.6218365354330708
0
LINE
8
BLACK
6
CONTINUOUS
10
3.5096597637795273
20
-3.6218365354330708
11
3.5096597637795273
21
-3.6151713385826771
0
LINE
8
BLACK
6
CONTINUOUS
10
3.5096597637795273
20
-3.6151713385826771
11
3.5109600787401574
21
-3.6086342519685037
0
LINE
8
BLACK
6
CONTINUOUS
10
3.5109600787401574
20
-3.6086342519685037
11
3.513510748031496
21
-3.6024764566929135
0
LINE
8
BLACK
6
CONTINUOUS
10
3.513510748031496
20
-3.6024764566929135
11
3.5172137007874014
21
-3.5969345669291339
0
LINE
8
BLACK
6
CONTINUOUS
10
3.5172137007874014
20
-3.5969345669291339
11
3.5219266929133859
21
-3.5922215748031494
0
LINE
8
BLACK
6
CONTINUOUS
10
3.5219266929133859
20
-3.5922215748031494
11
3.5274685826771655
21
-3.588518622047244
0
LINE
8
BLACK
6
CONTINUOUS
10
3.5274685826771655
20
-3.588518622047244
11
3.5336263779527557
21
-3.5859679527559054
0
LINE
8
BLACK
6
CONTINUOUS
10
3.5336263779527557
20
-3.5859679527559054
11
3.5401634645669291
21
-3.5846676377952753
0
LINE
8
BLACK
6
CONTINUOUS
10
3.5401634645669291
20
-3.5846676377952753
11
3.5468286614173228
21
-3.5846676377952753
0
LINE
8
BLACK
6
CONTINUOUS
10
3.5468286614173228
20
-3.5846676377952753
11
3.5533657480314962
21
-3.5859679527559054
0
LINE
8
BLACK
6
CONTINUOUS
10
3.6533657480314958
20
-3.5859679527559054
11
3.6595235433070865
21
-3.588518622047244
0
LINE
8
BLACK
6
CONTINUOUS
10
3.6595235433070865
20
-3.588518622047244
11
3.6650654330708661
21
-3.5922215748031494
0
LINE
8
BLACK
6
CONTINUOUS
10
3.6650654330708661
20
-3.5922215748031494
11
3.6697784251968502
21
-3.5969345669291339
0
LINE
8
BLACK
6
CONTINUOUS
10
3.6697784251968502
20
-3.5969345669291339
11
3.673481377952756
21
-3.6024764566929135
0
LINE
8
BLACK
6
CONTINUOUS
10
3.673481377952756
20
-3.6024764566929135
11
3.6760320472440946
21
-3.6086342519685037
0
LINE
8
BLACK
6
CONTINUOUS
10
3.6760320472440946
20
-3.6086342519685037
11
3.6773323622047243
21
-3.6151713385826771
0
LINE
8
BLACK
6
CONTINUOUS
10
3.6773323622047243
20
-3.6151713385826771
11
3.6773323622047243
21
-3.6218365354330708
0
LINE
8
BLACK
6
CONTINUOUS
10
3.6773323622047243
20
-3.6218365354330708
11
3.6760320472440946
21
-3.6283736220472442
0
LINE
8
BLACK
6
CONTINUOUS
10
3.6760320472440946
20
-3.6283736220472442
11
3.673481377952756
21
-3.6345314173228345
0
LINE
8
BLACK
6
CONTINUOUS
10
3.673481377952756
20
-3.6345314173228345
11
3.6697784251968502
21
-3.640073307086614
0
LINE
8
BLACK
6
CONTINUOUS
10
3.6697784251968502
20
-3.640073307086614
11
3.6650654330708661
21
-3.6447862992125986
0
LINE
8
BLACK
6
CONTINUOUS
10
3.6650654330708661
20
-3.6447862992125986
11
3.6595235433070865
21
-3.6484892519685039
0
LINE
8
BLACK
6
CONTINUOUS
10
3.6595235433070865
20
-3.6484892519685039
11
3.6533657480314958
21
-3.6510399212598426
0
LINE
8
BLACK
6
CONTINUOUS
10
3.6533657480314958
20
-3.6510399212598426
11
3.6468286614173229
21
-3.6523402362204722
0
LINE
8
BLACK
6
CONTINUOUS
10
3.6468286614173229
20
-3.6523402362204722
11
3.6401634645669292
21
-3.6523402362204722
0
LINE
8
BLACK
6
CONTINUOUS
10
3.6401634645669292
20
-3.6523402362204722
11
3.6336263779527558
21
-3.6510399212598426
0
LINE
8
BLACK
6
CONTINUOUS
10
3.6336263779527558
20
-3.6510399212598426
11
3.6274685826771651
21
-3.6484892519685039
0
LINE
8
BLACK
6
CONTINUOUS
10
3.6274685826771651
20
-3.6484892519685039
11
3.6219266929133855
21
-3.6447862992125986
0
LINE
8
BLACK
6
CONTINUOUS
10
3.6219266929133855
20
-3.6447862992125986
11
3.6172137007874015
21
-3.640073307086614
0
LINE
8
BLACK
6
CONTINUOUS
10
3.6172137007874015
20
-3.640073307086614
11
3.6135107480314961
21
-3.6345314173228345
0
LINE
8
BLACK
6
CONTINUOUS
10
3.6135107480314961
20
-3.6345314173228345
11
3.6109600787401575
21
-3.6283736220472442
0
LINE
8
BLACK
6
CONTINUOUS
10
3.6109600787401575
20
-3.6283736220472442
11
3.6096597637795274
21
-3.6218365354330708
0
LINE
8
BLACK
6
CONTINUOUS
10
3.6096597637795274
20
-3.6218365354330708
11
3.6096597637795274
21
-3.6151713385826771
0
LINE
8
BLACK
6
CONTINUOUS
10
3.6096597637795274
20
-3.6151713385826771
11
3.6109600787401575
21
-3.6086342519685037
0
LINE
8
BLACK
6
CONTINUOUS
10
3.6109600787401575
20
-3.6086342519685037
11
3.6135107480314961
21
-3.6024764566929135
0
LINE
8
BLACK
6
CONTINUOUS
10
3.6135107480314961
20
-3.6024764566929135
11
3.6172137007874015
21
-3.5969345669291339
0
LINE
8
BLACK
6
CONTINUOUS
10
3.6172137007874015
20
-3.5969345669291339
11
3.6219266929133855
21
-3.5922215748031494
0
LINE
8
BLACK
6
CONTINUOUS
10
3.6219266929133855
20
-3.5922215748031494
11
3.6274685826771651
21
-3.588518622047244
0
LINE
8
BLACK
6
CONTINUOUS
10
3.6274685826771651
20
-3.588518622047244
11
3.6336263779527558
21
-3.5859679527559054
0
LINE
8
BLACK
6
CONTINUOUS
10
3.6336263779527558
20
-3.5859679527559054
11
3.6401634645669292
21
-3.5846676377952753
0
LINE
8
BLACK
6
CONTINUOUS
10
3.6401634645669292
20
-3.5846676377952753
11
3.6468286614173229
21
-3.5846676377952753
0
LINE
8
BLACK
6
CONTINUOUS
10
3.6468286614173229
20
-3.5846676377952753
11
3.6533657480314958
21
-3.5859679527559054
0
LINE
8
BLACK
6
CONTINUOUS
10
3.7533657480314959
20
-3.5859679527559054
11
3.7595235433070866
21
-3.588518622047244
0
LINE
8
BLACK
6
CONTINUOUS
10
3.7595235433070866
20
-3.588518622047244
11
3.7650654330708662
21
-3.5922215748031494
0
LINE
8
BLACK
6
CONTINUOUS
10
3.7650654330708662
20
-3.5922215748031494
11
3.7697784251968502
21
-3.5969345669291339
0
LINE
8
BLACK
6
CONTINUOUS
10
3.7697784251968502
20
-3.5969345669291339
11
3.7734813779527556
21
-3.6024764566929135
0
LINE
8
BLACK
6
CONTINUOUS
10
3.7734813779527556
20
-3.6024764566929135
11
3.7760320472440942
21
-3.6086342519685037
0
LINE
8
BLACK
6
CONTINUOUS
10
3.7760320472440942
20
-3.6086342519685037
11
3.7773323622047243
21
-3.6151713385826771
0
LINE
8
BLACK
6
CONTINUOUS
10
3.7773323622047243
20
-3.6151713385826771
11
3.7773323622047243
21
-3.6218365354330708
0
LINE
8
BLACK
6
CONTINUOUS
10
3.7773323622047243
20
-3.6218365354330708
11
3.7760320472440942
21
-3.6283736220472442
0
LINE
8
BLACK
6
CONTINUOUS
10
3.7760320472440942
20
-3.6283736220472442
11
3.7734813779527556
21
-3.6345314173228345
0
LINE
8
BLACK
6
CONTINUOUS
10
3.7734813779527556
20
-3.6345314173228345
11
3.7697784251968502
21
-3.640073307086614
0
LINE
8
BLACK
6
CONTINUOUS
10
3.7697784251968502
20
-3.640073307086614
11
3.7650654330708662
21
-3.6447862992125986
0
LINE
8
BLACK
6
CONTINUOUS
10
3.7650654330708662
20
-3.6447862992125986
11
3.7595235433070866
21
-3.6484892519685039
0
LINE
8
BLACK
6
CONTINUOUS
10
3.7595235433070866
20
-3.6484892519685039
11
3.7533657480314959
21
-3.6510399212598426
0
LINE
8
BLACK
6
CONTINUOUS
10
3.7533657480314959
20
-3.6510399212598426
11
3.746828661417323
21
-3.6523402362204722
0
LINE
8
BLACK
6
CONTINUOUS
10
3.746828661417323
20
-3.6523402362204722
11
3.7401634645669288
21
-3.6523402362204722
0
LINE
8
BLACK
6
CONTINUOUS
10
3.7401634645669288
20
-3.6523402362204722
11
3.7336263779527559
21
-3.6510399212598426
0
LINE
8
BLACK
6
CONTINUOUS
10
3.7336263779527559
20
-3.6510399212598426
11
3.7274685826771652
21
-3.6484892519685039
0
LINE
8
BLACK
6
CONTINUOUS
10
3.7274685826771652
20
-3.6484892519685039
11
3.7219266929133856
21
-3.6447862992125986
0
LINE
8
BLACK
6
CONTINUOUS
10
3.7219266929133856
20
-3.6447862992125986
11
3.7172137007874015
21
-3.640073307086614
0
LINE
8
BLACK
6
CONTINUOUS
10
3.7172137007874015
20
-3.640073307086614
11
3.7135107480314962
21
-3.6345314173228345
0
LINE
8
BLACK
6
CONTINUOUS
10
3.7135107480314962
20
-3.6345314173228345
11
3.7109600787401575
21
-3.6283736220472442
0
LINE
8
BLACK
6
CONTINUOUS
10
3.7109600787401575
20
-3.6283736220472442
11
3.7096597637795274
21
-3.6218365354330708
0
LINE
8
BLACK
6
CONTINUOUS
10
3.7096597637795274
20
-3.6218365354330708
11
3.7096597637795274
21
-3.6151713385826771
0
LINE
8
BLACK
6
CONTINUOUS
10
3.7096597637795274
20
-3.6151713385826771
11
3.7109600787401575
21
-3.6086342519685037
0
LINE
8
BLACK
6
CONTINUOUS
10
3.7109600787401575
20
-3.6086342519685037
11
3.7135107480314962
21
-3.6024764566929135
0
LINE
8
BLACK
6
CONTINUOUS
10
3.7135107480314962
20
-3.6024764566929135
11
3.7172137007874015
21
-3.5969345669291339
0
LINE
8
BLACK
6
CONTINUOUS
10
3.7172137007874015
20
-3.5969345669291339
11
3.7219266929133856
21
-3.5922215748031494
0
LINE
8
BLACK
6
CONTINUOUS
10
3.7219266929133856
20
-3.5922215748031494
11
3.7274685826771652
21
-3.588518622047244
0
LINE
8
BLACK
6
CONTINUOUS
10
3.7274685826771652
20
-3.588518622047244
11
3.7336263779527559
21
-3.5859679527559054
0
LINE
8
BLACK
6
CONTINUOUS
10
3.7336263779527559
20
-3.5859679527559054
11
3.7401634645669288
21
-3.5846676377952753
0
LINE
8
BLACK
6
CONTINUOUS
10
3.7401634645669288
20
-3.5846676377952753
11
3.746828661417323
21
-3.5846676377952753
0
LINE
8
BLACK
6
CONTINUOUS
10
3.746828661417323
20
-3.5846676377952753
11
3.7533657480314959
21
-3.5859679527559054
0
LINE
8
BLACK
6
CONTINUOUS
10
3.853365748031496
20
-3.5859679527559054
11
3.8595235433070867
21
-3.588518622047244
0
LINE
8
BLACK
6
CONTINUOUS
10
3.8595235433070867
20
-3.588518622047244
11
3.8650654330708663
21
-3.5922215748031494
0
LINE
8
BLACK
6
CONTINUOUS
10
3.8650654330708663
20
-3.5922215748031494
11
3.8697784251968503
21
-3.5969345669291339
0
LINE
8
BLACK
6
CONTINUOUS
10
3.8697784251968503
20
-3.5969345669291339
11
3.8734813779527557
21
-3.6024764566929135
0
LINE
8
BLACK
6
CONTINUOUS
10
3.8734813779527557
20
-3.6024764566929135
11
3.8760320472440943
21
-3.6086342519685037
0
LINE
8
BLACK
6
CONTINUOUS
10
3.8760320472440943
20
-3.6086342519685037
11
3.8773323622047244
21
-3.6151713385826771
0
LINE
8
BLACK
6
CONTINUOUS
10
3.8773323622047244
20
-3.6151713385826771
11
3.8773323622047244
21
-3.6218365354330708
0
LINE
8
BLACK
6
CONTINUOUS
10
3.8773323622047244
20
-3.6218365354330708
11
3.8760320472440943
21
-3.6283736220472442
0
LINE
8
BLACK
6
CONTINUOUS
10
3.8760320472440943
20
-3.6283736220472442
11
3.8734813779527557
21
-3.6345314173228345
0
LINE
8
BLACK
6
CONTINUOUS
10
3.8734813779527557
20
-3.6345314173228345
11
3.8697784251968503
21
-3.640073307086614
0
LINE
8
BLACK
6
CONTINUOUS
10
3.8697784251968503
20
-3.640073307086614
11
3.8650654330708663
21
-3.6447862992125986
0
LINE
8
BLACK
6
CONTINUOUS
10
3.8650654330708663
20
-3.6447862992125986
11
3.8595235433070867
21
-3.6484892519685039
0
LINE
8
BLACK
6
CONTINUOUS
10
3.8595235433070867
20
-3.6484892519685039
11
3.853365748031496
21
-3.6510399212598426
0
LINE
8
BLACK
6
CONTINUOUS
10
3.853365748031496
20
-3.6510399212598426
11
3.8468286614173226
21
-3.6523402362204722
0
LINE
8
BLACK
6
CONTINUOUS
10
3.8468286614173226
20
-3.6523402362204722
11
3.8401634645669289
21
-3.6523402362204722
0
LINE
8
BLACK
6
CONTINUOUS
10
3.8401634645669289
20
-3.6523402362204722
11
3.833626377952756
21
-3.6510399212598426
0
LINE
8
BLACK
6
CONTINUOUS
10
3.833626377952756
20
-3.6510399212598426
11
3.8274685826771653
21
-3.6484892519685039
0
LINE
8
BLACK
6
CONTINUOUS
10
3.8274685826771653
20
-3.6484892519685039
11
3.8219266929133857
21
-3.6447862992125986
0
LINE
8
BLACK
6
CONTINUOUS
10
3.8219266929133857
20
-3.6447862992125986
11
3.8172137007874016
21
-3.640073307086614
0
LINE
8
BLACK
6
CONTINUOUS
10
3.8172137007874016
20
-3.640073307086614
11
3.8135107480314958
21
-3.6345314173228345
0
LINE
8
BLACK
6
CONTINUOUS
10
3.8135107480314958
20
-3.6345314173228345
11
3.8109600787401572
21
-3.6283736220472442
0
LINE
8
BLACK
6
CONTINUOUS
10
3.8109600787401572
20
-3.6283736220472442
11
3.8096597637795275
21
-3.6218365354330708
0
LINE
8
BLACK
6
CONTINUOUS
10
3.8096597637795275
20
-3.6218365354330708
11
3.8096597637795275
21
-3.6151713385826771
0
LINE
8
BLACK
6
CONTINUOUS
10
3.8096597637795275
20
-3.6151713385826771
11
3.8109600787401572
21
-3.6086342519685037
0
LINE
8
BLACK
6
CONTINUOUS
10
3.8109600787401572
20
-3.6086342519685037
11
3.8135107480314958
21
-3.6024764566929135
0
LINE
8
BLACK
6
CONTINUOUS
10
3.8135107480314958
20
-3.6024764566929135
11
3.8172137007874016
21
-3.5969345669291339
0
LINE
8
BLACK
6
CONTINUOUS
10
3.8172137007874016
20
-3.5969345669291339
11
3.8219266929133857
21
-3.5922215748031494
0
LINE
8
BLACK
6
CONTINUOUS
10
3.8219266929133857
20
-3.5922215748031494
11
3.8274685826771653
21
-3.588518622047244
0
LINE
8
BLACK
6
CONTINUOUS
10
3.8274685826771653
20
-3.588518622047244
11
3.833626377952756
21
-3.5859679527559054
0
LINE
8
BLACK
6
CONTINUOUS
10
3.833626377952756
20
-3.5859679527559054
11
3.8401634645669289
21
-3.5846676377952753
0
LINE
8
BLACK
6
CONTINUOUS
10
3.8401634645669289
20
-3.5846676377952753
11
3.8468286614173226
21
-3.5846676377952753
0
LINE
8
BLACK
6
CONTINUOUS
10
3.8468286614173226
20
-3.5846676377952753
11
3.853365748031496
21
-3.5859679527559054
0
LINE
8
BLACK
6
CONTINUOUS
10
3.9533657480314961
20
-3.5859679527559054
11
3.9595235433070863
21
-3.588518622047244
0
LINE
8
BLACK
6
CONTINUOUS
10
3.9595235433070863
20
-3.588518622047244
11
3.9650654330708659
21
-3.5922215748031494
0
LINE
8
BLACK
6
CONTINUOUS
10
3.9650654330708659
20
-3.5922215748031494
11
3.9697784251968504
21
-3.5969345669291339
0
LINE
8
BLACK
6
CONTINUOUS
10
3.9697784251968504
20
-3.5969345669291339
11
3.9734813779527558
21
-3.6024764566929135
0
LINE
8
BLACK
6
CONTINUOUS
10
3.9734813779527558
20
-3.6024764566929135
11
3.9760320472440944
21
-3.6086342519685037
0
LINE
8
BLACK
6
CONTINUOUS
10
3.9760320472440944
20
-3.6086342519685037
11
3.9773323622047245
21
-3.6151713385826771
0
LINE
8
BLACK
6
CONTINUOUS
10
3.9773323622047245
20
-3.6151713385826771
11
3.9773323622047245
21
-3.6218365354330708
0
LINE
8
BLACK
6
CONTINUOUS
10
3.9773323622047245
20
-3.6218365354330708
11
3.9760320472440944
21
-3.6283736220472442
0
LINE
8
BLACK
6
CONTINUOUS
10
3.9760320472440944
20
-3.6283736220472442
11
3.9734813779527558
21
-3.6345314173228345
0
LINE
8
BLACK
6
CONTINUOUS
10
3.9734813779527558
20
-3.6345314173228345
11
3.9697784251968504
21
-3.640073307086614
0
LINE
8
BLACK
6
CONTINUOUS
10
3.9697784251968504
20
-3.640073307086614
11
3.9650654330708659
21
-3.6447862992125986
0
LINE
8
BLACK
6
CONTINUOUS
10
3.9650654330708659
20
-3.6447862992125986
11
3.9595235433070863
21
-3.6484892519685039
0
LINE
8
BLACK
6
CONTINUOUS
10
3.9595235433070863
20
-3.6484892519685039
11
3.9533657480314961
21
-3.6510399212598426
0
LINE
8
BLACK
6
CONTINUOUS
10
3.9533657480314961
20
-3.6510399212598426
11
3.9468286614173227
21
-3.6523402362204722
0
LINE
8
BLACK
6
CONTINUOUS
10
3.9468286614173227
20
-3.6523402362204722
11
3.940163464566929
21
-3.6523402362204722
0
LINE
8
BLACK
6
CONTINUOUS
10
3.940163464566929
20
-3.6523402362204722
11
3.9336263779527556
21
-3.6510399212598426
0
LINE
8
BLACK
6
CONTINUOUS
10
3.9336263779527556
20
-3.6510399212598426
11
3.9274685826771654
21
-3.6484892519685039
0
LINE
8
BLACK
6
CONTINUOUS
10
3.9274685826771654
20
-3.6484892519685039
11
3.9219266929133858
21
-3.6447862992125986
0
LINE
8
BLACK
6
CONTINUOUS
10
3.9219266929133858
20
-3.6447862992125986
11
3.9172137007874013
21
-3.640073307086614
0
LINE
8
BLACK
6
CONTINUOUS
10
3.9172137007874013
20
-3.640073307086614
11
3.9135107480314959
21
-3.6345314173228345
0
LINE
8
BLACK
6
CONTINUOUS
10
3.9135107480314959
20
-3.6345314173228345
11
3.9109600787401573
21
-3.6283736220472442
0
LINE
8
BLACK
6
CONTINUOUS
10
3.9109600787401573
20
-3.6283736220472442
11
3.9096597637795276
21
-3.6218365354330708
0
LINE
8
BLACK
6
CONTINUOUS
10
3.9096597637795276
20
-3.6218365354330708
11
3.9096597637795276
21
-3.6151713385826771
0
LINE
8
BLACK
6
CONTINUOUS
10
3.9096597637795276
20
-3.6151713385826771
11
3.9109600787401573
21
-3.6086342519685037
0
LINE
8
BLACK
6
CONTINUOUS
10
3.9109600787401573
20
-3.6086342519685037
11
3.9135107480314959
21
-3.6024764566929135
0
LINE
8
BLACK
6
CONTINUOUS
10
3.9135107480314959
20
-3.6024764566929135
11
3.9172137007874013
21
-3.5969345669291339
0
LINE
8
BLACK
6
CONTINUOUS
10
3.9172137007874013
20
-3.5969345669291339
11
3.9219266929133858
21
-3.5922215748031494
0
LINE
8
BLACK
6
CONTINUOUS
10
3.9219266929133858
20
-3.5922215748031494
11
3.9274685826771654
21
-3.588518622047244
0
LINE
8
BLACK
6
CONTINUOUS
10
3.9274685826771654
20
-3.588518622047244
11
3.9336263779527556
21
-3.5859679527559054
0
LINE
8
BLACK
6
CONTINUOUS
10
3.9336263779527556
20
-3.5859679527559054
11
3.940163464566929
21
-3.5846676377952753
0
LINE
8
BLACK
6
CONTINUOUS
10
3.940163464566929
20
-3.5846676377952753
11
3.9468286614173227
21
-3.5846676377952753
0
LINE
8
BLACK
6
CONTINUOUS
10
3.9468286614173227
20
-3.5846676377952753
11
3.9533657480314961
21
-3.5859679527559054
0
LINE
8
BLACK
6
CONTINUOUS
10
4.0533657480314957
20
-3.5859679527559054
11
4.0595235433070869
21
-3.588518622047244
0
LINE
8
BLACK
6
CONTINUOUS
10
4.0595235433070869
20
-3.588518622047244
11
4.065065433070866
21
-3.5922215748031494
0
LINE
8
BLACK
6
CONTINUOUS
10
4.065065433070866
20
-3.5922215748031494
11
4.0697784251968505
21
-3.5969345669291339
0
LINE
8
BLACK
6
CONTINUOUS
10
4.0697784251968505
20
-3.5969345669291339
11
4.0734813779527554
21
-3.6024764566929135
0
LINE
8
BLACK
6
CONTINUOUS
10
4.0734813779527554
20
-3.6024764566929135
11
4.0760320472440945
21
-3.6086342519685037
0
LINE
8
BLACK
6
CONTINUOUS
10
4.0760320472440945
20
-3.6086342519685037
11
4.0773323622047242
21
-3.6151713385826771
0
LINE
8
BLACK
6
CONTINUOUS
10
4.0773323622047242
20
-3.6151713385826771
11
4.0773323622047242
21
-3.6218365354330708
0
LINE
8
BLACK
6
CONTINUOUS
10
4.0773323622047242
20
-3.6218365354330708
11
4.0760320472440945
21
-3.6283736220472442
0
LINE
8
BLACK
6
CONTINUOUS
10
4.0760320472440945
20
-3.6283736220472442
11
4.0734813779527554
21
-3.6345314173228345
0
LINE
8
BLACK
6
CONTINUOUS
10
4.0734813779527554
20
-3.6345314173228345
11
4.0697784251968505
21
-3.640073307086614
0
LINE
8
BLACK
6
CONTINUOUS
10
4.0697784251968505
20
-3.640073307086614
11
4.065065433070866
21
-3.6447862992125986
0
LINE
8
BLACK
6
CONTINUOUS
10
4.065065433070866
20
-3.6447862992125986
11
4.0595235433070869
21
-3.6484892519685039
0
LINE
8
BLACK
6
CONTINUOUS
10
4.0595235433070869
20
-3.6484892519685039
11
4.0533657480314957
21
-3.6510399212598426
0
LINE
8
BLACK
6
CONTINUOUS
10
4.0533657480314957
20
-3.6510399212598426
11
4.0468286614173223
21
-3.6523402362204722
0
LINE
8
BLACK
6
CONTINUOUS
10
4.0468286614173223
20
-3.6523402362204722
11
4.0401634645669287
21
-3.6523402362204722
0
LINE
8
BLACK
6
CONTINUOUS
10
4.0401634645669287
20
-3.6523402362204722
11
4.0336263779527561
21
-3.6510399212598426
0
LINE
8
BLACK
6
CONTINUOUS
10
4.0336263779527561
20
-3.6510399212598426
11
4.027468582677165
21
-3.6484892519685039
0
LINE
8
BLACK
6
CONTINUOUS
10
4.027468582677165
20
-3.6484892519685039
11
4.0219266929133859
21
-3.6447862992125986
0
LINE
8
BLACK
6
CONTINUOUS
10
4.0219266929133859
20
-3.6447862992125986
11
4.0172137007874014
21
-3.640073307086614
0
LINE
8
BLACK
6
CONTINUOUS
10
4.0172137007874014
20
-3.640073307086614
11
4.0135107480314955
21
-3.6345314173228345
0
LINE
8
BLACK
6
CONTINUOUS
10
4.0135107480314955
20
-3.6345314173228345
11
4.0109600787401574
21
-3.6283736220472442
0
LINE
8
BLACK
6
CONTINUOUS
10
4.0109600787401574
20
-3.6283736220472442
11
4.0096597637795277
21
-3.6218365354330708
0
LINE
8
BLACK
6
CONTINUOUS
10
4.0096597637795277
20
-3.6218365354330708
11
4.0096597637795277
21
-3.6151713385826771
0
LINE
8
BLACK
6
CONTINUOUS
10
4.0096597637795277
20
-3.6151713385826771
11
4.0109600787401574
21
-3.6086342519685037
0
LINE
8
BLACK
6
CONTINUOUS
10
4.0109600787401574
20
-3.6086342519685037
11
4.0135107480314955
21
-3.6024764566929135
0
LINE
8
BLACK
6
CONTINUOUS
10
4.0135107480314955
20
-3.6024764566929135
11
4.0172137007874014
21
-3.5969345669291339
0
LINE
8
BLACK
6
CONTINUOUS
10
4.0172137007874014
20
-3.5969345669291339
11
4.0219266929133859
21
-3.5922215748031494
0
LINE
8
BLACK
6
CONTINUOUS
10
4.0219266929133859
20
-3.5922215748031494
11
4.027468582677165
21
-3.588518622047244
0
LINE
8
BLACK
6
CONTINUOUS
10
4.027468582677165
20
-3.588518622047244
11
4.0336263779527561
21
-3.5859679527559054
0
LINE
8
BLACK
6
CONTINUOUS
10
4.0336263779527561
20
-3.5859679527559054
11
4.0401634645669287
21
-3.5846676377952753
0
LINE
8
BLACK
6
CONTINUOUS
10
4.0401634645669287
20
-3.5846676377952753
11
4.0468286614173223
21
-3.5846676377952753
0
LINE
8
BLACK
6
CONTINUOUS
10
4.0468286614173223
20
-3.5846676377952753
11
4.0533657480314957
21
-3.5859679527559054
0
LINE
8
BLACK
6
CONTINUOUS
10
4.1533657480314963
20
-3.5859679527559054
11
4.1595235433070865
21
-3.588518622047244
0
LINE
8
BLACK
6
CONTINUOUS
10
4.1595235433070865
20
-3.588518622047244
11
4.1650654330708656
21
-3.5922215748031494
0
LINE
8
BLACK
6
CONTINUOUS
10
4.1650654330708656
20
-3.5922215748031494
11
4.1697784251968502
21
-3.5969345669291339
0
LINE
8
BLACK
6
CONTINUOUS
10
4.1697784251968502
20
-3.5969345669291339
11
4.173481377952756
21
-3.6024764566929135
0
LINE
8
BLACK
6
CONTINUOUS
10
4.173481377952756
20
-3.6024764566929135
11
4.1760320472440942
21
-3.6086342519685037
0
LINE
8
BLACK
6
CONTINUOUS
10
4.1760320472440942
20
-3.6086342519685037
11
4.1773323622047247
21
-3.6151713385826771
0
LINE
8
BLACK
6
CONTINUOUS
10
4.1773323622047247
20
-3.6151713385826771
11
4.1773323622047247
21
-3.6218365354330708
0
LINE
8
BLACK
6
CONTINUOUS
10
4.1773323622047247
20
-3.6218365354330708
11
4.1760320472440942
21
-3.6283736220472442
0
LINE
8
BLACK
6
CONTINUOUS
10
4.1760320472440942
20
-3.6283736220472442
11
4.173481377952756
21
-3.6345314173228345
0
LINE
8
BLACK
6
CONTINUOUS
10
4.173481377952756
20
-3.6345314173228345
11
4.1697784251968502
21
-3.640073307086614
0
LINE
8
BLACK
6
CONTINUOUS
10
4.1697784251968502
20
-3.640073307086614
11
4.1650654330708656
21
-3.6447862992125986
0
LINE
8
BLACK
6
CONTINUOUS
10
4.1650654330708656
20
-3.6447862992125986
11
4.1595235433070865
21
-3.6484892519685039
0
LINE
8
BLACK
6
CONTINUOUS
10
4.1595235433070865
20
-3.6484892519685039
11
4.1533657480314963
21
-3.6510399212598426
0
LINE
8
BLACK
6
CONTINUOUS
10
4.1533657480314963
20
-3.6510399212598426
11
4.1468286614173229
21
-3.6523402362204722
0
LINE
8
BLACK
6
CONTINUOUS
10
4.1468286614173229
20
-3.6523402362204722
11
4.1401634645669292
21
-3.6523402362204722
0
LINE
8
BLACK
6
CONTINUOUS
10
4.1401634645669292
20
-3.6523402362204722
11
4.1336263779527558
21
-3.6510399212598426
0
LINE
8
BLACK
6
CONTINUOUS
10
4.1336263779527558
20
-3.6510399212598426
11
4.1274685826771655
21
-3.6484892519685039
0
LINE
8
BLACK
6
CONTINUOUS
10
4.1274685826771655
20
-3.6484892519685039
11
4.1219266929133855
21
-3.6447862992125986
0
LINE
8
BLACK
6
CONTINUOUS
10
4.1219266929133855
20
-3.6447862992125986
11
4.1172137007874019
21
-3.640073307086614
0
LINE
8
BLACK
6
CONTINUOUS
10
4.1172137007874019
20
-3.640073307086614
11
4.1135107480314961
21
-3.6345314173228345
0
LINE
8
BLACK
6
CONTINUOUS
10
4.1135107480314961
20
-3.6345314173228345
11
4.110960078740157
21
-3.6283736220472442
0
LINE
8
BLACK
6
CONTINUOUS
10
4.110960078740157
20
-3.6283736220472442
11
4.1096597637795274
21
-3.6218365354330708
0
LINE
8
BLACK
6
CONTINUOUS
10
4.1096597637795274
20
-3.6218365354330708
11
4.1096597637795274
21
-3.6151713385826771
0
LINE
8
BLACK
6
CONTINUOUS
10
4.1096597637795274
20
-3.6151713385826771
11
4.110960078740157
21
-3.6086342519685037
0
LINE
8
BLACK
6
CONTINUOUS
10
4.110960078740157
20
-3.6086342519685037
11
4.1135107480314961
21
-3.6024764566929135
0
LINE
8
BLACK
6
CONTINUOUS
10
4.1135107480314961
20
-3.6024764566929135
11
4.1172137007874019
21
-3.5969345669291339
0
LINE
8
BLACK
6
CONTINUOUS
10
4.1172137007874019
20
-3.5969345669291339
11
4.1219266929133855
21
-3.5922215748031494
0
LINE
8
BLACK
6
CONTINUOUS
10
4.1219266929133855
20
-3.5922215748031494
11
4.1274685826771655
21
-3.588518622047244
0
LINE
8
BLACK
6
CONTINUOUS
10
4.1274685826771655
20
-3.588518622047244
11
4.1336263779527558
21
-3.5859679527559054
0
LINE
8
BLACK
6
CONTINUOUS
10
4.1336263779527558
20
-3.5859679527559054
11
4.1401634645669292
21
-3.5846676377952753
0
LINE
8
BLACK
6
CONTINUOUS
10
4.1401634645669292
20
-3.5846676377952753
11
4.1468286614173229
21
-3.5846676377952753
0
LINE
8
BLACK
6
CONTINUOUS
10
4.1468286614173229
20
-3.5846676377952753
11
4.1533657480314963
21
-3.5859679527559054
0
LINE
8
BLACK
6
CONTINUOUS
10
4.2533657480314959
20
-3.5859679527559054
11
4.2595235433070862
21
-3.588518622047244
0
LINE
8
BLACK
6
CONTINUOUS
10
4.2595235433070862
20
-3.588518622047244
11
4.2650654330708662
21
-3.5922215748031494
0
LINE
8
BLACK
6
CONTINUOUS
10
4.2650654330708662
20
-3.5922215748031494
11
4.2697784251968507
21
-3.5969345669291339
0
LINE
8
BLACK
6
CONTINUOUS
10
4.2697784251968507
20
-3.5969345669291339
11
4.2734813779527556
21
-3.6024764566929135
0
LINE
8
BLACK
6
CONTINUOUS
10
4.2734813779527556
20
-3.6024764566929135
11
4.2760320472440947
21
-3.6086342519685037
0
LINE
8
BLACK
6
CONTINUOUS
10
4.2760320472440947
20
-3.6086342519685037
11
4.2773323622047243
21
-3.6151713385826771
0
LINE
8
BLACK
6
CONTINUOUS
10
4.2773323622047243
20
-3.6151713385826771
11
4.2773323622047243
21
-3.6218365354330708
0
LINE
8
BLACK
6
CONTINUOUS
10
4.2773323622047243
20
-3.6218365354330708
11
4.2760320472440947
21
-3.6283736220472442
0
LINE
8
BLACK
6
CONTINUOUS
10
4.2760320472440947
20
-3.6283736220472442
11
4.2734813779527556
21
-3.6345314173228345
0
LINE
8
BLACK
6
CONTINUOUS
10
4.2734813779527556
20
-3.6345314173228345
11
4.2697784251968507
21
-3.640073307086614
0
LINE
8
BLACK
6
CONTINUOUS
10
4.2697784251968507
20
-3.640073307086614
11
4.2650654330708662
21
-3.6447862992125986
0
LINE
8
BLACK
6
CONTINUOUS
10
4.2650654330708662
20
-3.6447862992125986
11
4.2595235433070862
21
-3.6484892519685039
0
LINE
8
BLACK
6
CONTINUOUS
10
4.2595235433070862
20
-3.6484892519685039
11
4.2533657480314959
21
-3.6510399212598426
0
LINE
8
BLACK
6
CONTINUOUS
10
4.2533657480314959
20
-3.6510399212598426
11
4.2468286614173225
21
-3.6523402362204722
0
LINE
8
BLACK
6
CONTINUOUS
10
4.2468286614173225
20
-3.6523402362204722
11
4.2401634645669288
21
-3.6523402362204722
0
LINE
8
BLACK
6
CONTINUOUS
10
4.2401634645669288
20
-3.6523402362204722
11
4.2336263779527554
21
-3.6510399212598426
0
LINE
8
BLACK
6
CONTINUOUS
10
4.2336263779527554
20
-3.6510399212598426
11
4.2274685826771652
21
-3.6484892519685039
0
LINE
8
BLACK
6
CONTINUOUS
10
4.2274685826771652
20
-3.6484892519685039
11
4.2219266929133861
21
-3.6447862992125986
0
LINE
8
BLACK
6
CONTINUOUS
10
4.2219266929133861
20
-3.6447862992125986
11
4.2172137007874015
21
-3.640073307086614
0
LINE
8
BLACK
6
CONTINUOUS
10
4.2172137007874015
20
-3.640073307086614
11
4.2135107480314957
21
-3.6345314173228345
0
LINE
8
BLACK
6
CONTINUOUS
10
4.2135107480314957
20
-3.6345314173228345
11
4.2109600787401575
21
-3.6283736220472442
0
LINE
8
BLACK
6
CONTINUOUS
10
4.2109600787401575
20
-3.6283736220472442
11
4.2096597637795279
21
-3.6218365354330708
0
LINE
8
BLACK
6
CONTINUOUS
10
4.2096597637795279
20
-3.6218365354330708
11
4.2096597637795279
21
-3.6151713385826771
0
LINE
8
BLACK
6
CONTINUOUS
10
4.2096597637795279
20
-3.6151713385826771
11
4.2109600787401575
21
-3.6086342519685037
0
LINE
8
BLACK
6
CONTINUOUS
10
4.2109600787401575
20
-3.6086342519685037
11
4.2135107480314957
21
-3.6024764566929135
0
LINE
8
BLACK
6
CONTINUOUS
10
4.2135107480314957
20
-3.6024764566929135
11
4.2172137007874015
21
-3.5969345669291339
0
LINE
8
BLACK
6
CONTINUOUS
10
4.2172137007874015
20
-3.5969345669291339
11
4.2219266929133861
21
-3.5922215748031494
0
LINE
8
BLACK
6
CONTINUOUS
10
4.2219266929133861
20
-3.5922215748031494
11
4.2274685826771652
21
-3.588518622047244
0
LINE
8
BLACK
6
CONTINUOUS
10
4.2274685826771652
20
-3.588518622047244
11
4.2336263779527554
21
-3.5859679527559054
0
LINE
8
BLACK
6
CONTINUOUS
10
4.2336263779527554
20
-3.5859679527559054
11
4.2401634645669288
21
-3.5846676377952753
0
LINE
8
BLACK
6
CONTINUOUS
10
4.2401634645669288
20
-3.5846676377952753
11
4.2468286614173225
21
-3.5846676377952753
0
LINE
8
BLACK
6
CONTINUOUS
10
4.2468286614173225
20
-3.5846676377952753
11
4.2533657480314959
21
-3.5859679527559054
0
LINE
8
BLACK
6
CONTINUOUS
10
4.3533657480314956
20
-3.5859679527559054
11
4.3595235433070867
21
-3.588518622047244
0
LINE
8
BLACK
6
CONTINUOUS
10
4.3595235433070867
20
-3.588518622047244
11
4.3650654330708658
21
-3.5922215748031494
0
LINE
8
BLACK
6
CONTINUOUS
10
4.3650654330708658
20
-3.5922215748031494
11
4.3697784251968503
21
-3.5969345669291339
0
LINE
8
BLACK
6
CONTINUOUS
10
4.3697784251968503
20
-3.5969345669291339
11
4.3734813779527562
21
-3.6024764566929135
0
LINE
8
BLACK
6
CONTINUOUS
10
4.3734813779527562
20
-3.6024764566929135
11
4.3760320472440943
21
-3.6086342519685037
0
LINE
8
BLACK
6
CONTINUOUS
10
4.3760320472440943
20
-3.6086342519685037
11
4.377332362204724
21
-3.6151713385826771
0
LINE
8
BLACK
6
CONTINUOUS
10
4.377332362204724
20
-3.6151713385826771
11
4.377332362204724
21
-3.6218365354330708
0
LINE
8
BLACK
6
CONTINUOUS
10
4.377332362204724
20
-3.6218365354330708
11
4.3760320472440943
21
-3.6283736220472442
0
LINE
8
BLACK
6
CONTINUOUS
10
4.3760320472440943
20
-3.6283736220472442
11
4.3734813779527562
21
-3.6345314173228345
0
LINE
8
BLACK
6
CONTINUOUS
10
4.3734813779527562
20
-3.6345314173228345
11
4.3697784251968503
21
-3.640073307086614
0
LINE
8
BLACK
6
CONTINUOUS
10
4.3697784251968503
20
-3.640073307086614
11
4.3650654330708658
21
-3.6447862992125986
0
LINE
8
BLACK
6
CONTINUOUS
10
4.3650654330708658
20
-3.6447862992125986
11
4.3595235433070867
21
-3.6484892519685039
0
LINE
8
BLACK
6
CONTINUOUS
10
4.3595235433070867
20
-3.6484892519685039
11
4.3533657480314956
21
-3.6510399212598426
0
LINE
8
BLACK
6
CONTINUOUS
10
4.3533657480314956
20
-3.6510399212598426
11
4.346828661417323
21
-3.6523402362204722
0
LINE
8
BLACK
6
CONTINUOUS
10
4.346828661417323
20
-3.6523402362204722
11
4.3401634645669294
21
-3.6523402362204722
0
LINE
8
BLACK
6
CONTINUOUS
10
4.3401634645669294
20
-3.6523402362204722
11
4.333626377952756
21
-3.6510399212598426
0
LINE
8
BLACK
6
CONTINUOUS
10
4.333626377952756
20
-3.6510399212598426
11
4.3274685826771648
21
-3.6484892519685039
0
LINE
8
BLACK
6
CONTINUOUS
10
4.3274685826771648
20
-3.6484892519685039
11
4.3219266929133857
21
-3.6447862992125986
0
LINE
8
BLACK
6
CONTINUOUS
10
4.3219266929133857
20
-3.6447862992125986
11
4.3172137007874012
21
-3.640073307086614
0
LINE
8
BLACK
6
CONTINUOUS
10
4.3172137007874012
20
-3.640073307086614
11
4.3135107480314963
21
-3.6345314173228345
0
LINE
8
BLACK
6
CONTINUOUS
10
4.3135107480314963
20
-3.6345314173228345
11
4.3109600787401572
21
-3.6283736220472442
0
LINE
8
BLACK
6
CONTINUOUS
10
4.3109600787401572
20
-3.6283736220472442
11
4.3096597637795275
21
-3.6218365354330708
0
LINE
8
BLACK
6
CONTINUOUS
10
4.3096597637795275
20
-3.6218365354330708
11
4.3096597637795275
21
-3.6151713385826771
0
LINE
8
BLACK
6
CONTINUOUS
10
4.3096597637795275
20
-3.6151713385826771
11
4.3109600787401572
21
-3.6086342519685037
0
LINE
8
BLACK
6
CONTINUOUS
10
4.3109600787401572
20
-3.6086342519685037
11
4.3135107480314963
21
-3.6024764566929135
0
LINE
8
BLACK
6
CONTINUOUS
10
4.3135107480314963
20
-3.6024764566929135
11
4.3172137007874012
21
-3.5969345669291339
0
LINE
8
BLACK
6
CONTINUOUS
10
4.3172137007874012
20
-3.5969345669291339
11
4.3219266929133857
21
-3.5922215748031494
0
LINE
8
BLACK
6
CONTINUOUS
10
4.3219266929133857
20
-3.5922215748031494
11
4.3274685826771648
21
-3.588518622047244
0
LINE
8
BLACK
6
CONTINUOUS
10
4.3274685826771648
20
-3.588518622047244
11
4.333626377952756
21
-3.5859679527559054
0
LINE
8
BLACK
6
CONTINUOUS
10
4.333626377952756
20
-3.5859679527559054
11
4.3401634645669294
21
-3.5846676377952753
0
LINE
8
BLACK
6
CONTINUOUS
10
4.3401634645669294
20
-3.5846676377952753
11
4.346828661417323
21
-3.5846676377952753
0
LINE
8
BLACK
6
CONTINUOUS
10
4.346828661417323
20
-3.5846676377952753
11
4.3533657480314956
21
-3.5859679527559054
0
LINE
8
BLACK
6
CONTINUOUS
10
4.4533657480314961
20
-3.5859679527559054
11
4.4595235433070863
21
-3.588518622047244
0
LINE
8
BLACK
6
CONTINUOUS
10
4.4595235433070863
20
-3.588518622047244
11
4.4650654330708663
21
-3.5922215748031494
0
LINE
8
BLACK
6
CONTINUOUS
10
4.4650654330708663
20
-3.5922215748031494
11
4.46977842519685
21
-3.5969345669291339
0
LINE
8
BLACK
6
CONTINUOUS
10
4.46977842519685
20
-3.5969345669291339
11
4.4734813779527558
21
-3.6024764566929135
0
LINE
8
BLACK
6
CONTINUOUS
10
4.4734813779527558
20
-3.6024764566929135
11
4.476032047244094
21
-3.6086342519685037
0
LINE
8
BLACK
6
CONTINUOUS
10
4.476032047244094
20
-3.6086342519685037
11
4.4773323622047245
21
-3.6151713385826771
0
LINE
8
BLACK
6
CONTINUOUS
10
4.4773323622047245
20
-3.6151713385826771
11
4.4773323622047245
21
-3.6218365354330708
0
LINE
8
BLACK
6
CONTINUOUS
10
4.4773323622047245
20
-3.6218365354330708
11
4.476032047244094
21
-3.6283736220472442
0
LINE
8
BLACK
6
CONTINUOUS
10
4.476032047244094
20
-3.6283736220472442
11
4.4734813779527558
21
-3.6345314173228345
0
LINE
8
BLACK
6
CONTINUOUS
10
4.4734813779527558
20
-3.6345314173228345
11
4.46977842519685
21
-3.640073307086614
0
LINE
8
BLACK
6
CONTINUOUS
10
4.46977842519685
20
-3.640073307086614
11
4.4650654330708663
21
-3.6447862992125986
0
LINE
8
BLACK
6
CONTINUOUS
10
4.4650654330708663
20
-3.6447862992125986
11
4.4595235433070863
21
-3.6484892519685039
0
LINE
8
BLACK
6
CONTINUOUS
10
4.4595235433070863
20
-3.6484892519685039
11
4.4533657480314961
21
-3.6510399212598426
0
LINE
8
BLACK
6
CONTINUOUS
10
4.4533657480314961
20
-3.6510399212598426
11
4.4468286614173227
21
-3.6523402362204722
0
LINE
8
BLACK
6
CONTINUOUS
10
4.4468286614173227
20
-3.6523402362204722
11
4.440163464566929
21
-3.6523402362204722
0
LINE
8
BLACK
6
CONTINUOUS
10
4.440163464566929
20
-3.6523402362204722
11
4.4336263779527556
21
-3.6510399212598426
0
LINE
8
BLACK
6
CONTINUOUS
10
4.4336263779527556
20
-3.6510399212598426
11
4.4274685826771654
21
-3.6484892519685039
0
LINE
8
BLACK
6
CONTINUOUS
10
4.4274685826771654
20
-3.6484892519685039
11
4.4219266929133854
21
-3.6447862992125986
0
LINE
8
BLACK
6
CONTINUOUS
10
4.4219266929133854
20
-3.6447862992125986
11
4.4172137007874017
21
-3.640073307086614
0
LINE
8
BLACK
6
CONTINUOUS
10
4.4172137007874017
20
-3.640073307086614
11
4.4135107480314959
21
-3.6345314173228345
0
LINE
8
BLACK
6
CONTINUOUS
10
4.4135107480314959
20
-3.6345314173228345
11
4.4109600787401577
21
-3.6283736220472442
0
LINE
8
BLACK
6
CONTINUOUS
10
4.4109600787401577
20
-3.6283736220472442
11
4.4096597637795272
21
-3.6218365354330708
0
LINE
8
BLACK
6
CONTINUOUS
10
4.4096597637795272
20
-3.6218365354330708
11
4.4096597637795272
21
-3.6151713385826771
0
LINE
8
BLACK
6
CONTINUOUS
10
4.4096597637795272
20
-3.6151713385826771
11
4.4109600787401577
21
-3.6086342519685037
0
LINE
8
BLACK
6
CONTINUOUS
10
4.4109600787401577
20
-3.6086342519685037
11
4.4135107480314959
21
-3.6024764566929135
0
LINE
8
BLACK
6
CONTINUOUS
10
4.4135107480314959
20
-3.6024764566929135
11
4.4172137007874017
21
-3.5969345669291339
0
LINE
8
BLACK
6
CONTINUOUS
10
4.4172137007874017
20
-3.5969345669291339
11
4.4219266929133854
21
-3.5922215748031494
0
LINE
8
BLACK
6
CONTINUOUS
10
4.4219266929133854
20
-3.5922215748031494
11
4.4274685826771654
21
-3.588518622047244
0
LINE
8
BLACK
6
CONTINUOUS
10
4.4274685826771654
20
-3.588518622047244
11
4.4336263779527556
21
-3.5859679527559054
0
LINE
8
BLACK
6
CONTINUOUS
10
4.4336263779527556
20
-3.5859679527559054
11
4.440163464566929
21
-3.5846676377952753
0
LINE
8
BLACK
6
CONTINUOUS
10
4.440163464566929
20
-3.5846676377952753
11
4.4468286614173227
21
-3.5846676377952753
0
LINE
8
BLACK
6
CONTINUOUS
10
4.4468286614173227
20
-3.5846676377952753
11
4.4533657480314961
21
-3.5859679527559054
0
LINE
8
BLACK
6
CONTINUOUS
10
4.5533657480314957
20
-3.5859679527559054
11
4.5595235433070869
21
-3.588518622047244
0
LINE
8
BLACK
6
CONTINUOUS
10
4.5595235433070869
20
-3.588518622047244
11
4.565065433070866
21
-3.5922215748031494
0
LINE
8
BLACK
6
CONTINUOUS
10
4.565065433070866
20
-3.5922215748031494
11
4.5697784251968505
21
-3.5969345669291339
0
LINE
8
BLACK
6
CONTINUOUS
10
4.5697784251968505
20
-3.5969345669291339
11
4.5734813779527554
21
-3.6024764566929135
0
LINE
8
BLACK
6
CONTINUOUS
10
4.5734813779527554
20
-3.6024764566929135
11
4.5760320472440945
21
-3.6086342519685037
0
LINE
8
BLACK
6
CONTINUOUS
10
4.5760320472440945
20
-3.6086342519685037
11
4.5773323622047242
21
-3.6151713385826771
0
LINE
8
BLACK
6
CONTINUOUS
10
4.5773323622047242
20
-3.6151713385826771
11
4.5773323622047242
21
-3.6218365354330708
0
LINE
8
BLACK
6
CONTINUOUS
10
4.5773323622047242
20
-3.6218365354330708
11
4.5760320472440945
21
-3.6283736220472442
0
LINE
8
BLACK
6
CONTINUOUS
10
4.5760320472440945
20
-3.6283736220472442
11
4.5734813779527554
21
-3.6345314173228345
0
LINE
8
BLACK
6
CONTINUOUS
10
4.5734813779527554
20
-3.6345314173228345
11
4.5697784251968505
21
-3.640073307086614
0
LINE
8
BLACK
6
CONTINUOUS
10
4.5697784251968505
20
-3.640073307086614
11
4.565065433070866
21
-3.6447862992125986
0
LINE
8
BLACK
6
CONTINUOUS
10
4.565065433070866
20
-3.6447862992125986
11
4.5595235433070869
21
-3.6484892519685039
0
LINE
8
BLACK
6
CONTINUOUS
10
4.5595235433070869
20
-3.6484892519685039
11
4.5533657480314957
21
-3.6510399212598426
0
LINE
8
BLACK
6
CONTINUOUS
10
4.5533657480314957
20
-3.6510399212598426
11
4.5468286614173223
21
-3.6523402362204722
0
LINE
8
BLACK
6
CONTINUOUS
10
4.5468286614173223
20
-3.6523402362204722
11
4.5401634645669287
21
-3.6523402362204722
0
LINE
8
BLACK
6
CONTINUOUS
10
4.5401634645669287
20
-3.6523402362204722
11
4.5336263779527561
21
-3.6510399212598426
0
LINE
8
BLACK
6
CONTINUOUS
10
4.5336263779527561
20
-3.6510399212598426
11
4.527468582677165
21
-3.6484892519685039
0
LINE
8
BLACK
6
CONTINUOUS
10
4.527468582677165
20
-3.6484892519685039
11
4.5219266929133859
21
-3.6447862992125986
0
LINE
8
BLACK
6
CONTINUOUS
10
4.5219266929133859
20
-3.6447862992125986
11
4.5172137007874014
21
-3.640073307086614
0
LINE
8
BLACK
6
CONTINUOUS
10
4.5172137007874014
20
-3.640073307086614
11
4.5135107480314955
21
-3.6345314173228345
0
LINE
8
BLACK
6
CONTINUOUS
10
4.5135107480314955
20
-3.6345314173228345
11
4.5109600787401574
21
-3.6283736220472442
0
LINE
8
BLACK
6
CONTINUOUS
10
4.5109600787401574
20
-3.6283736220472442
11
4.5096597637795277
21
-3.6218365354330708
0
LINE
8
BLACK
6
CONTINUOUS
10
4.5096597637795277
20
-3.6218365354330708
11
4.5096597637795277
21
-3.6151713385826771
0
LINE
8
BLACK
6
CONTINUOUS
10
4.5096597637795277
20
-3.6151713385826771
11
4.5109600787401574
21
-3.6086342519685037
0
LINE
8
BLACK
6
CONTINUOUS
10
4.5109600787401574
20
-3.6086342519685037
11
4.5135107480314955
21
-3.6024764566929135
0
LINE
8
BLACK
6
CONTINUOUS
10
4.5135107480314955
20
-3.6024764566929135
11
4.5172137007874014
21
-3.5969345669291339
0
LINE
8
BLACK
6
CONTINUOUS
10
4.5172137007874014
20
-3.5969345669291339
11
4.5219266929133859
21
-3.5922215748031494
0
LINE
8
BLACK
6
CONTINUOUS
10
4.5219266929133859
20
-3.5922215748031494
11
4.527468582677165
21
-3.588518622047244
0
LINE
8
BLACK
6
CONTINUOUS
10
4.527468582677165
20
-3.588518622047244
11
4.5336263779527561
21
-3.5859679527559054
0
LINE
8
BLACK
6
CONTINUOUS
10
4.5336263779527561
20
-3.5859679527559054
11
4.5401634645669287
21
-3.5846676377952753
0
LINE
8
BLACK
6
CONTINUOUS
10
4.5401634645669287
20
-3.5846676377952753
11
4.5468286614173223
21
-3.5846676377952753
0
LINE
8
BLACK
6
CONTINUOUS
10
4.5468286614173223
20
-3.5846676377952753
11
4.5533657480314957
21
-3.5859679527559054
0
LINE
8
BLACK
6
CONTINUOUS
10
5.5591428346456695
20
-3.519860157480315
11
5.5648471259842518
21
-3.5222229527559055
0
LINE
8
BLACK
6
CONTINUOUS
10
5.5648471259842518
20
-3.5222229527559055
11
5.5699809055118106
21
-3.5256532283464566
0
LINE
8
BLACK
6
CONTINUOUS
10
5.5699809055118106
20
-3.5256532283464566
11
5.5743467716535431
21
-3.5300190944881891
0
LINE
8
BLACK
6
CONTINUOUS
10
5.5743467716535431
20
-3.5300190944881891
11
5.5777770472440942
21
-3.5351528740157478
0
LINE
8
BLACK
6
CONTINUOUS
10
5.5777770472440942
20
-3.5351528740157478
11
5.5801398425196851
21
-3.5408571653543306
0
LINE
8
BLACK
6
CONTINUOUS
10
5.5801398425196851
20
-3.5408571653543306
11
5.5813444094488185
21
-3.5469128346456693
0
LINE
8
BLACK
6
CONTINUOUS
10
5.5813444094488185
20
-3.5469128346456693
11
5.5813444094488185
21
-3.5530871653543308
0
LINE
8
BLACK
6
CONTINUOUS
10
5.5813444094488185
20
-3.5530871653543308
11
5.5801398425196851
21
-3.5591428346456691
0
LINE
8
BLACK
6
CONTINUOUS
10
5.5801398425196851
20
-3.5591428346456691
11
5.5777770472440942
21
-3.5648471259842518
0
LINE
8
BLACK
6
CONTINUOUS
10
5.5777770472440942
20
-3.5648471259842518
11
5.5743467716535431
21
-3.569980905511811
0
LINE
8
BLACK
6
CONTINUOUS
10
5.5743467716535431
20
-3.569980905511811
11
5.5699809055118106
21
-3.5743467716535431
0
LINE
8
BLACK
6
CONTINUOUS
10
5.5699809055118106
20
-3.5743467716535431
11
5.5648471259842518
21
-3.5777770472440946
0
LINE
8
BLACK
6
CONTINUOUS
10
5.5648471259842518
20
-3.5777770472440946
11
5.5591428346456695
21
-3.5801398425196851
0
LINE
8
BLACK
6
CONTINUOUS
10
5.5591428346456695
20
-3.5801398425196851
11
5.5530871653543308
21
-3.5813444094488189
0
LINE
8
BLACK
6
CONTINUOUS
10
5.5530871653543308
20
-3.5813444094488189
11
5.5469128346456689
21
-3.5813444094488189
0
LINE
8
BLACK
6
CONTINUOUS
10
5.5469128346456689
20
-3.5813444094488189
11
5.5408571653543301
21
-3.5801398425196851
0
LINE
8
BLACK
6
CONTINUOUS
10
5.5408571653543301
20
-3.5801398425196851
11
5.5351528740157478
21
-3.5777770472440946
0
LINE
8
BLACK
6
CONTINUOUS
10
5.5351528740157478
20
-3.5777770472440946
11
5.5300190944881891
21
-3.5743467716535431
0
LINE
8
BLACK
6
CONTINUOUS
10
5.5300190944881891
20
-3.5743467716535431
11
5.5256532283464566
21
-3.569980905511811
0
LINE
8
BLACK
6
CONTINUOUS
10
5.5256532283464566
20
-3.569980905511811
11
5.5222229527559055
21
-3.5648471259842518
0
LINE
8
BLACK
6
CONTINUOUS
10
5.5222229527559055
20
-3.5648471259842518
11
5.5198601574803146
21
-3.5591428346456691
0
LINE
8
BLACK
6
CONTINUOUS
10
5.5198601574803146
20
-3.5591428346456691
11
5.5186555905511812
21
-3.5530871653543308
0
LINE
8
BLACK
6
CONTINUOUS
10
5.5186555905511812
20
-3.5530871653543308
11
5.5186555905511812
21
-3.5469128346456693
0
LINE
8
BLACK
6
CONTINUOUS
10
5.5186555905511812
20
-3.5469128346456693
11
5.5198601574803146
21
-3.5408571653543306
0
LINE
8
BLACK
6
CONTINUOUS
10
5.5198601574803146
20
-3.5408571653543306
11
5.5222229527559055
21
-3.5351528740157478
0
LINE
8
BLACK
6
CONTINUOUS
10
5.5222229527559055
20
-3.5351528740157478
11
5.5256532283464566
21
-3.5300190944881891
0
LINE
8
BLACK
6
CONTINUOUS
10
5.5256532283464566
20
-3.5300190944881891
11
5.5300190944881891
21
-3.5256532283464566
0
LINE
8
BLACK
6
CONTINUOUS
10
5.5300190944881891
20
-3.5256532283464566
11
5.5351528740157478
21
-3.5222229527559055
0
LINE
8
BLACK
6
CONTINUOUS
10
5.5351528740157478
20
-3.5222229527559055
11
5.5408571653543301
21
-3.519860157480315
0
LINE
8
BLACK
6
CONTINUOUS
10
5.5408571653543301
20
-3.519860157480315
11
5.5469128346456689
21
-3.5186555905511812
0
LINE
8
BLACK
6
CONTINUOUS
10
5.5469128346456689
20
-3.5186555905511812
11
5.5530871653543308
21
-3.5186555905511812
0
LINE
8
BLACK
6
CONTINUOUS
10
5.5530871653543308
20
-3.5186555905511812
11
5.5591428346456695
21
-3.519860157480315
0
LINE
8
BLACK
6
CONTINUOUS
10
5.959142834645669
20
-3.519860157480315
11
5.9648471259842522
21
-3.5222229527559055
0
LINE
8
BLACK
6
CONTINUOUS
10
5.9648471259842522
20
-3.5222229527559055
11
5.9699809055118109
21
-3.5256532283464566
0
LINE
8
BLACK
6
CONTINUOUS
10
5.9699809055118109
20
-3.5256532283464566
11
5.9743467716535434
21
-3.5300190944881891
0
LINE
8
BLACK
6
CONTINUOUS
10
5.9743467716535434
20
-3.5300190944881891
11
5.9777770472440945
21
-3.5351528740157478
0
LINE
8
BLACK
6
CONTINUOUS
10
5.9777770472440945
20
-3.5351528740157478
11
5.9801398425196846
21
-3.5408571653543306
0
LINE
8
BLACK
6
CONTINUOUS
10
5.9801398425196846
20
-3.5408571653543306
11
5.9813444094488188
21
-3.5469128346456693
0
LINE
8
BLACK
6
CONTINUOUS
10
5.9813444094488188
20
-3.5469128346456693
11
5.9813444094488188
21
-3.5530871653543308
0
LINE
8
BLACK
6
CONTINUOUS
10
5.9813444094488188
20
-3.5530871653543308
11
5.9801398425196846
21
-3.5591428346456691
0
LINE
8
BLACK
6
CONTINUOUS
10
5.9801398425196846
20
-3.5591428346456691
11
5.9777770472440945
21
-3.5648471259842518
0
LINE
8
BLACK
6
CONTINUOUS
10
5.9777770472440945
20
-3.5648471259842518
11
5.9743467716535434
21
-3.569980905511811
0
LINE
8
BLACK
6
CONTINUOUS
10
5.9743467716535434
20
-3.569980905511811
11
5.9699809055118109
21
-3.5743467716535431
0
LINE
8
BLACK
6
CONTINUOUS
10
5.9699809055118109
20
-3.5743467716535431
11
5.9648471259842522
21
-3.5777770472440946
0
LINE
8
BLACK
6
CONTINUOUS
10
5.9648471259842522
20
-3.5777770472440946
11
5.959142834645669
21
-3.5801398425196851
0
LINE
8
BLACK
6
CONTINUOUS
10
5.959142834645669
20
-3.5801398425196851
11
5.9530871653543302
21
-3.5813444094488189
0
LINE
8
BLACK
6
CONTINUOUS
10
5.9530871653543302
20
-3.5813444094488189
11
5.9469128346456692
21
-3.5813444094488189
0
LINE
8
BLACK
6
CONTINUOUS
10
5.9469128346456692
20
-3.5813444094488189
11
5.9408571653543305
21
-3.5801398425196851
0
LINE
8
BLACK
6
CONTINUOUS
10
5.9408571653543305
20
-3.5801398425196851
11
5.9351528740157482
21
-3.5777770472440946
0
LINE
8
BLACK
6
CONTINUOUS
10
5.9351528740157482
20
-3.5777770472440946
11
5.9300190944881885
21
-3.5743467716535431
0
LINE
8
BLACK
6
CONTINUOUS
10
5.9300190944881885
20
-3.5743467716535431
11
5.9256532283464569
21
-3.569980905511811
0
LINE
8
BLACK
6
CONTINUOUS
10
5.9256532283464569
20
-3.569980905511811
11
5.9222229527559049
21
-3.5648471259842518
0
LINE
8
BLACK
6
CONTINUOUS
10
5.9222229527559049
20
-3.5648471259842518
11
5.9198601574803149
21
-3.5591428346456691
0
LINE
8
BLACK
6
CONTINUOUS
10
5.9198601574803149
20
-3.5591428346456691
11
5.9186555905511806
21
-3.5530871653543308
0
LINE
8
BLACK
6
CONTINUOUS
10
5.9186555905511806
20
-3.5530871653543308
11
5.9186555905511806
21
-3.5469128346456693
0
LINE
8
BLACK
6
CONTINUOUS
10
5.9186555905511806
20
-3.5469128346456693
11
5.9198601574803149
21
-3.5408571653543306
0
LINE
8
BLACK
6
CONTINUOUS
10
5.9198601574803149
20
-3.5408571653543306
11
5.9222229527559049
21
-3.5351528740157478
0
LINE
8
BLACK
6
CONTINUOUS
10
5.9222229527559049
20
-3.5351528740157478
11
5.9256532283464569
21
-3.5300190944881891
0
LINE
8
BLACK
6
CONTINUOUS
10
5.9256532283464569
20
-3.5300190944881891
11
5.9300190944881885
21
-3.5256532283464566
0
LINE
8
BLACK
6
CONTINUOUS
10
5.9300190944881885
20
-3.5256532283464566
11
5.9351528740157482
21
-3.5222229527559055
0
LINE
8
BLACK
6
CONTINUOUS
10
5.9351528740157482
20
-3.5222229527559055
11
5.9408571653543305
21
-3.519860157480315
0
LINE
8
BLACK
6
CONTINUOUS
10
5.9408571653543305
20
-3.519860157480315
11
5.9469128346456692
21
-3.5186555905511812
0
LINE
8
BLACK
6
CONTINUOUS
10
5.9469128346456692
20
-3.5186555905511812
11
5.9530871653543302
21
-3.5186555905511812
0
LINE
8
BLACK
6
CONTINUOUS
10
5.9530871653543302
20
-3.5186555905511812
11
5.959142834645669
21
-3.519860157480315
0
LINE
8
BLACK
6
CONTINUOUS
10
3.0212085433070865
20
-3.396291771653543
11
3.0266418897637797
21
-3.3985423622047244
0
LINE
8
BLACK
6
CONTINUOUS
10
3.0266418897637797
20
-3.3985423622047244
11
3.0315318110236218
21
-3.4018096850393702
0
LINE
8
BLACK
6
CONTINUOUS
10
3.0315318110236218
20
-3.4018096850393702
11
3.0356903149606298
21
-3.4059681889763778
0
LINE
8
BLACK
6
CONTINUOUS
10
3.0356903149606298
20
-3.4059681889763778
11
3.0389576377952756
21
-3.4108581102362203
0
LINE
8
BLACK
6
CONTINUOUS
10
3.0389576377952756
20
-3.4108581102362203
11
3.0412082283464565
21
-3.4162914566929135
0
LINE
8
BLACK
6
CONTINUOUS
10
3.0412082283464565
20
-3.4162914566929135
11
3.0423555511811022
21
-3.4220594881889763
0
LINE
8
BLACK
6
CONTINUOUS
10
3.0423555511811022
20
-3.4220594881889763
11
3.0423555511811022
21
-3.4279405118110233
0
LINE
8
BLACK
6
CONTINUOUS
10
3.0423555511811022
20
-3.4279405118110233
11
3.0412082283464565
21
-3.4337085433070866
0
LINE
8
BLACK
6
CONTINUOUS
10
3.0412082283464565
20
-3.4337085433070866
11
3.0389576377952756
21
-3.4391418897637793
0
LINE
8
BLACK
6
CONTINUOUS
10
3.0389576377952756
20
-3.4391418897637793
11
3.0356903149606298
21
-3.4440318110236219
0
LINE
8
BLACK
6
CONTINUOUS
10
3.0356903149606298
20
-3.4440318110236219
11
3.0315318110236218
21
-3.4481903149606299
0
LINE
8
BLACK
6
CONTINUOUS
10
3.0315318110236218
20
-3.4481903149606299
11
3.0266418897637797
21
-3.4514576377952757
0
LINE
8
BLACK
6
CONTINUOUS
10
3.0266418897637797
20
-3.4514576377952757
11
3.0212085433070865
21
-3.4537082283464566
0
LINE
8
BLACK
6
CONTINUOUS
10
3.0212085433070865
20
-3.4537082283464566
11
3.0154405118110237
21
-3.4548555511811023
0
LINE
8
BLACK
6
CONTINUOUS
10
3.0154405118110237
20
-3.4548555511811023
11
3.0095594881889762
21
-3.4548555511811023
0
LINE
8
BLACK
6
CONTINUOUS
10
3.0095594881889762
20
-3.4548555511811023
11
3.0037914566929134
21
-3.4537082283464566
0
LINE
8
BLACK
6
CONTINUOUS
10
3.0037914566929134
20
-3.4537082283464566
11
2.9983581102362202
21
-3.4514576377952757
0
LINE
8
BLACK
6
CONTINUOUS
10
2.9983581102362202
20
-3.4514576377952757
11
2.9934681889763777
21
-3.4481903149606299
0
LINE
8
BLACK
6
CONTINUOUS
10
2.9934681889763777
20
-3.4481903149606299
11
2.9893096850393701
21
-3.4440318110236219
0
LINE
8
BLACK
6
CONTINUOUS
10
2.9893096850393701
20
-3.4440318110236219
11
2.9860423622047243
21
-3.4391418897637793
0
LINE
8
BLACK
6
CONTINUOUS
10
2.9860423622047243
20
-3.4391418897637793
11
2.9837917716535434
21
-3.4337085433070866
0
LINE
8
BLACK
6
CONTINUOUS
10
2.9837917716535434
20
-3.4337085433070866
11
2.9826444488188977
21
-3.4279405118110233
0
LINE
8
BLACK
6
CONTINUOUS
10
2.9826444488188977
20
-3.4279405118110233
11
2.9826444488188977
21
-3.4220594881889763
0
LINE
8
BLACK
6
CONTINUOUS
10
2.9826444488188977
20
-3.4220594881889763
11
2.9837917716535434
21
-3.4162914566929135
0
LINE
8
BLACK
6
CONTINUOUS
10
2.9837917716535434
20
-3.4162914566929135
11
2.9860423622047243
21
-3.4108581102362203
0
LINE
8
BLACK
6
CONTINUOUS
10
2.9860423622047243
20
-3.4108581102362203
11
2.9893096850393701
21
-3.4059681889763778
0
LINE
8
BLACK
6
CONTINUOUS
10
2.9893096850393701
20
-3.4059681889763778
11
2.9934681889763777
21
-3.4018096850393702
0
LINE
8
BLACK
6
CONTINUOUS
10
2.9934681889763777
20
-3.4018096850393702
11
2.9983581102362202
21
-3.3985423622047244
0
LINE
8
BLACK
6
CONTINUOUS
10
2.9983581102362202
20
-3.3985423622047244
11
3.0037914566929134
21
-3.396291771653543
0
LINE
8
BLACK
6
CONTINUOUS
10
3.0037914566929134
20
-3.396291771653543
11
3.0095594881889762
21
-3.3951444488188978
0
LINE
8
BLACK
6
CONTINUOUS
10
3.0095594881889762
20
-3.3951444488188978
11
3.0154405118110237
21
-3.3951444488188978
0
LINE
8
BLACK
6
CONTINUOUS
10
3.0154405118110237
20
-3.3951444488188978
11
3.0212085433070865
21
-3.396291771653543
0
LINE
8
BLACK
6
CONTINUOUS
10
5.0093396850393699
20
-3.3448601574803147
11
5.0150439763779531
21
-3.3472229527559056
0
LINE
8
BLACK
6
CONTINUOUS
10
5.0150439763779531
20
-3.3472229527559056
11
5.0201777559055119
21
-3.3506532283464567
0
LINE
8
BLACK
6
CONTINUOUS
10
5.0201777559055119
20
-3.3506532283464567
11
5.0245436220472444
21
-3.3550190944881888
0
LINE
8
BLACK
6
CONTINUOUS
10
5.0245436220472444
20
-3.3550190944881888
11
5.0279738976377955
21
-3.360152874015748
0
LINE
8
BLACK
6
CONTINUOUS
10
5.0279738976377955
20
-3.360152874015748
11
5.0303366929133855
21
-3.3658571653543308
0
LINE
8
BLACK
6
CONTINUOUS
10
5.0303366929133855
20
-3.3658571653543308
11
5.0315412598425198
21
-3.371912834645669
0
LINE
8
BLACK
6
CONTINUOUS
10
5.0315412598425198
20
-3.371912834645669
11
5.0315412598425198
21
-3.3780871653543305
0
LINE
8
BLACK
6
CONTINUOUS
10
5.0315412598425198
20
-3.3780871653543305
11
5.0303366929133855
21
-3.3841428346456692
0
LINE
8
BLACK
6
CONTINUOUS
10
5.0303366929133855
20
-3.3841428346456692
11
5.0279738976377955
21
-3.389847125984252
0
LINE
8
BLACK
6
CONTINUOUS
10
5.0279738976377955
20
-3.389847125984252
11
5.0245436220472444
21
-3.3949809055118108
0
LINE
8
BLACK
6
CONTINUOUS
10
5.0245436220472444
20
-3.3949809055118108
11
5.0201777559055119
21
-3.3993467716535433
0
LINE
8
BLACK
6
CONTINUOUS
10
5.0201777559055119
20
-3.3993467716535433
11
5.0150439763779531
21
-3.4027770472440944
0
LINE
8
BLACK
6
CONTINUOUS
10
5.0150439763779531
20
-3.4027770472440944
11
5.0093396850393699
21
-3.4051398425196848
0
LINE
8
BLACK
6
CONTINUOUS
10
5.0093396850393699
20
-3.4051398425196848
11
5.0032840157480312
21
-3.4063444094488187
0
LINE
8
BLACK
6
CONTINUOUS
10
5.0032840157480312
20
-3.4063444094488187
11
4.9971096850393701
21
-3.4063444094488187
0
LINE
8
BLACK
6
CONTINUOUS
10
4.9971096850393701
20
-3.4063444094488187
11
4.9910540157480314
21
-3.4051398425196848
0
LINE
8
BLACK
6
CONTINUOUS
10
4.9910540157480314
20
-3.4051398425196848
11
4.9853497244094491
21
-3.4027770472440944
0
LINE
8
BLACK
6
CONTINUOUS
10
4.9853497244094491
20
-3.4027770472440944
11
4.9802159448818895
21
-3.3993467716535433
0
LINE
8
BLACK
6
CONTINUOUS
10
4.9802159448818895
20
-3.3993467716535433
11
4.9758500787401569
21
-3.3949809055118108
0
LINE
8
BLACK
6
CONTINUOUS
10
4.9758500787401569
20
-3.3949809055118108
11
4.9724198031496059
21
-3.389847125984252
0
LINE
8
BLACK
6
CONTINUOUS
10
4.9724198031496059
20
-3.389847125984252
11
4.9700570078740158
21
-3.3841428346456692
0
LINE
8
BLACK
6
CONTINUOUS
10
4.9700570078740158
20
-3.3841428346456692
11
4.9688524409448815
21
-3.3780871653543305
0
LINE
8
BLACK
6
CONTINUOUS
10
4.9688524409448815
20
-3.3780871653543305
11
4.9688524409448815
21
-3.371912834645669
0
LINE
8
BLACK
6
CONTINUOUS
10
4.9688524409448815
20
-3.371912834645669
11
4.9700570078740158
21
-3.3658571653543308
0
LINE
8
BLACK
6
CONTINUOUS
10
4.9700570078740158
20
-3.3658571653543308
11
4.9724198031496059
21
-3.360152874015748
0
LINE
8
BLACK
6
CONTINUOUS
10
4.9724198031496059
20
-3.360152874015748
11
4.9758500787401569
21
-3.3550190944881888
0
LINE
8
BLACK
6
CONTINUOUS
10
4.9758500787401569
20
-3.3550190944881888
11
4.9802159448818895
21
-3.3506532283464567
0
LINE
8
BLACK
6
CONTINUOUS
10
4.9802159448818895
20
-3.3506532283464567
11
4.9853497244094491
21
-3.3472229527559056
0
LINE
8
BLACK
6
CONTINUOUS
10
4.9853497244094491
20
-3.3472229527559056
11
4.9910540157480314
21
-3.3448601574803147
0
LINE
8
BLACK
6
CONTINUOUS
10
4.9910540157480314
20
-3.3448601574803147
11
4.9971096850393701
21
-3.3436555905511809
0
LINE
8
BLACK
6
CONTINUOUS
10
4.9971096850393701
20
-3.3436555905511809
11
5.0032840157480312
21
-3.3436555905511809
0
LINE
8
BLACK
6
CONTINUOUS
10
5.0032840157480312
20
-3.3436555905511809
11
5.0093396850393699
21
-3.3448601574803147
0
LINE
8
BLACK
6
CONTINUOUS
10
5.3093396850393697
20
-3.3448601574803147
11
5.3150439763779529
21
-3.3472229527559056
0
LINE
8
BLACK
6
CONTINUOUS
10
5.3150439763779529
20
-3.3472229527559056
11
5.3201777559055117
21
-3.3506532283464567
0
LINE
8
BLACK
6
CONTINUOUS
10
5.3201777559055117
20
-3.3506532283464567
11
5.3245436220472442
21
-3.3550190944881888
0
LINE
8
BLACK
6
CONTINUOUS
10
5.3245436220472442
20
-3.3550190944881888
11
5.3279738976377953
21
-3.360152874015748
0
LINE
8
BLACK
6
CONTINUOUS
10
5.3279738976377953
20
-3.360152874015748
11
5.3303366929133853
21
-3.3658571653543308
0
LINE
8
BLACK
6
CONTINUOUS
10
5.3303366929133853
20
-3.3658571653543308
11
5.3315412598425196
21
-3.371912834645669
0
LINE
8
BLACK
6
CONTINUOUS
10
5.3315412598425196
20
-3.371912834645669
11
5.3315412598425196
21
-3.3780871653543305
0
LINE
8
BLACK
6
CONTINUOUS
10
5.3315412598425196
20
-3.3780871653543305
11
5.3303366929133853
21
-3.3841428346456692
0
LINE
8
BLACK
6
CONTINUOUS
10
5.3303366929133853
20
-3.3841428346456692
11
5.3279738976377953
21
-3.389847125984252
0
LINE
8
BLACK
6
CONTINUOUS
10
5.3279738976377953
20
-3.389847125984252
11
5.3245436220472442
21
-3.3949809055118108
0
LINE
8
BLACK
6
CONTINUOUS
10
5.3245436220472442
20
-3.3949809055118108
11
5.3201777559055117
21
-3.3993467716535433
0
LINE
8
BLACK
6
CONTINUOUS
10
5.3201777559055117
20
-3.3993467716535433
11
5.3150439763779529
21
-3.4027770472440944
0
LINE
8
BLACK
6
CONTINUOUS
10
5.3150439763779529
20
-3.4027770472440944
11
5.3093396850393697
21
-3.4051398425196848
0
LINE
8
BLACK
6
CONTINUOUS
10
5.3093396850393697
20
-3.4051398425196848
11
5.303284015748031
21
-3.4063444094488187
0
LINE
8
BLACK
6
CONTINUOUS
10
5.303284015748031
20
-3.4063444094488187
11
5.29710968503937
21
-3.4063444094488187
0
LINE
8
BLACK
6
CONTINUOUS
10
5.29710968503937
20
-3.4063444094488187
11
5.2910540157480312
21
-3.4051398425196848
0
LINE
8
BLACK
6
CONTINUOUS
10
5.2910540157480312
20
-3.4051398425196848
11
5.2853497244094489
21
-3.4027770472440944
0
LINE
8
BLACK
6
CONTINUOUS
10
5.2853497244094489
20
-3.4027770472440944
11
5.2802159448818893
21
-3.3993467716535433
0
LINE
8
BLACK
6
CONTINUOUS
10
5.2802159448818893
20
-3.3993467716535433
11
5.2758500787401577
21
-3.3949809055118108
0
LINE
8
BLACK
6
CONTINUOUS
10
5.2758500787401577
20
-3.3949809055118108
11
5.2724198031496066
21
-3.389847125984252
0
LINE
8
BLACK
6
CONTINUOUS
10
5.2724198031496066
20
-3.389847125984252
11
5.2700570078740157
21
-3.3841428346456692
0
LINE
8
BLACK
6
CONTINUOUS
10
5.2700570078740157
20
-3.3841428346456692
11
5.2688524409448814
21
-3.3780871653543305
0
LINE
8
BLACK
6
CONTINUOUS
10
5.2688524409448814
20
-3.3780871653543305
11
5.2688524409448814
21
-3.371912834645669
0
LINE
8
BLACK
6
CONTINUOUS
10
5.2688524409448814
20
-3.371912834645669
11
5.2700570078740157
21
-3.3658571653543308
0
LINE
8
BLACK
6
CONTINUOUS
10
5.2700570078740157
20
-3.3658571653543308
11
5.2724198031496066
21
-3.360152874015748
0
LINE
8
BLACK
6
CONTINUOUS
10
5.2724198031496066
20
-3.360152874015748
11
5.2758500787401577
21
-3.3550190944881888
0
LINE
8
BLACK
6
CONTINUOUS
10
5.2758500787401577
20
-3.3550190944881888
11
5.2802159448818893
21
-3.3506532283464567
0
LINE
8
BLACK
6
CONTINUOUS
10
5.2802159448818893
20
-3.3506532283464567
11
5.2853497244094489
21
-3.3472229527559056
0
LINE
8
BLACK
6
CONTINUOUS
10
5.2853497244094489
20
-3.3472229527559056
11
5.2910540157480312
21
-3.3448601574803147
0
LINE
8
BLACK
6
CONTINUOUS
10
5.2910540157480312
20
-3.3448601574803147
11
5.29710968503937
21
-3.3436555905511809
0
LINE
8
BLACK
6
CONTINUOUS
10
5.29710968503937
20
-3.3436555905511809
11
5.303284015748031
21
-3.3436555905511809
0
LINE
8
BLACK
6
CONTINUOUS
10
5.303284015748031
20
-3.3436555905511809
11
5.3093396850393697
21
-3.3448601574803147
0
LINE
8
BLACK
6
CONTINUOUS
10
3.0212085433070865
20
-3.2962917716535434
11
3.0266418897637797
21
-3.2985423622047243
0
LINE
8
BLACK
6
CONTINUOUS
10
3.0266418897637797
20
-3.2985423622047243
11
3.0315318110236218
21
-3.3018096850393701
0
LINE
8
BLACK
6
CONTINUOUS
10
3.0315318110236218
20
-3.3018096850393701
11
3.0356903149606298
21
-3.3059681889763777
0
LINE
8
BLACK
6
CONTINUOUS
10
3.0356903149606298
20
-3.3059681889763777
11
3.0389576377952756
21
-3.3108581102362202
0
LINE
8
BLACK
6
CONTINUOUS
10
3.0389576377952756
20
-3.3108581102362202
11
3.0412082283464565
21
-3.3162914566929134
0
LINE
8
BLACK
6
CONTINUOUS
10
3.0412082283464565
20
-3.3162914566929134
11
3.0423555511811022
21
-3.3220594881889762
0
LINE
8
BLACK
6
CONTINUOUS
10
3.0423555511811022
20
-3.3220594881889762
11
3.0423555511811022
21
-3.3279405118110237
0
LINE
8
BLACK
6
CONTINUOUS
10
3.0423555511811022
20
-3.3279405118110237
11
3.0412082283464565
21
-3.3337085433070865
0
LINE
8
BLACK
6
CONTINUOUS
10
3.0412082283464565
20
-3.3337085433070865
11
3.0389576377952756
21
-3.3391418897637792
0
LINE
8
BLACK
6
CONTINUOUS
10
3.0389576377952756
20
-3.3391418897637792
11
3.0356903149606298
21
-3.3440318110236218
0
LINE
8
BLACK
6
CONTINUOUS
10
3.0356903149606298
20
-3.3440318110236218
11
3.0315318110236218
21
-3.3481903149606298
0
LINE
8
BLACK
6
CONTINUOUS
10
3.0315318110236218
20
-3.3481903149606298
11
3.0266418897637797
21
-3.3514576377952756
0
LINE
8
BLACK
6
CONTINUOUS
10
3.0266418897637797
20
-3.3514576377952756
11
3.0212085433070865
21
-3.3537082283464565
0
LINE
8
BLACK
6
CONTINUOUS
10
3.0212085433070865
20
-3.3537082283464565
11
3.0154405118110237
21
-3.3548555511811022
0
LINE
8
BLACK
6
CONTINUOUS
10
3.0154405118110237
20
-3.3548555511811022
11
3.0095594881889762
21
-3.3548555511811022
0
LINE
8
BLACK
6
CONTINUOUS
10
3.0095594881889762
20
-3.3548555511811022
11
3.0037914566929134
21
-3.3537082283464565
0
LINE
8
BLACK
6
CONTINUOUS
10
3.0037914566929134
20
-3.3537082283464565
11
2.9983581102362202
21
-3.3514576377952756
0
LINE
8
BLACK
6
CONTINUOUS
10
2.9983581102362202
20
-3.3514576377952756
11
2.9934681889763777
21
-3.3481903149606298
0
LINE
8
BLACK
6
CONTINUOUS
10
2.9934681889763777
20
-3.3481903149606298
11
2.9893096850393701
21
-3.3440318110236218
0
LINE
8
BLACK
6
CONTINUOUS
10
2.9893096850393701
20
-3.3440318110236218
11
2.9860423622047243
21
-3.3391418897637792
0
LINE
8
BLACK
6
CONTINUOUS
10
2.9860423622047243
20
-3.3391418897637792
11
2.9837917716535434
21
-3.3337085433070865
0
LINE
8
BLACK
6
CONTINUOUS
10
2.9837917716535434
20
-3.3337085433070865
11
2.9826444488188977
21
-3.3279405118110237
0
LINE
8
BLACK
6
CONTINUOUS
10
2.9826444488188977
20
-3.3279405118110237
11
2.9826444488188977
21
-3.3220594881889762
0
LINE
8
BLACK
6
CONTINUOUS
10
2.9826444488188977
20
-3.3220594881889762
11
2.9837917716535434
21
-3.3162914566929134
0
LINE
8
BLACK
6
CONTINUOUS
10
2.9837917716535434
20
-3.3162914566929134
11
2.9860423622047243
21
-3.3108581102362202
0
LINE
8
BLACK
6
CONTINUOUS
10
2.9860423622047243
20
-3.3108581102362202
11
2.9893096850393701
21
-3.3059681889763777
0
LINE
8
BLACK
6
CONTINUOUS
10
2.9893096850393701
20
-3.3059681889763777
11
2.9934681889763777
21
-3.3018096850393701
0
LINE
8
BLACK
6
CONTINUOUS
10
2.9934681889763777
20
-3.3018096850393701
11
2.9983581102362202
21
-3.2985423622047243
0
LINE
8
BLACK
6
CONTINUOUS
10
2.9983581102362202
20
-3.2985423622047243
11
3.0037914566929134
21
-3.2962917716535434
0
LINE
8
BLACK
6
CONTINUOUS
10
3.0037914566929134
20
-3.2962917716535434
11
3.0095594881889762
21
-3.2951444488188977
0
LINE
8
BLACK
6
CONTINUOUS
10
3.0095594881889762
20
-3.2951444488188977
11
3.0154405118110237
21
-3.2951444488188977
0
LINE
8
BLACK
6
CONTINUOUS
10
3.0154405118110237
20
-3.2951444488188977
11
3.0212085433070865
21
-3.2962917716535434
0
LINE
8
BLACK
6
CONTINUOUS
10
5.0093396850393699
20
-3.2448601574803151
11
5.0150439763779531
21
-3.2472229527559056
0
LINE
8
BLACK
6
CONTINUOUS
10
5.0150439763779531
20
-3.2472229527559056
11
5.0201777559055119
21
-3.2506532283464566
0
LINE
8
BLACK
6
CONTINUOUS
10
5.0201777559055119
20
-3.2506532283464566
11
5.0245436220472444
21
-3.2550190944881887
0
LINE
8
BLACK
6
CONTINUOUS
10
5.0245436220472444
20
-3.2550190944881887
11
5.0279738976377955
21
-3.2601528740157479
0
LINE
8
BLACK
6
CONTINUOUS
10
5.0279738976377955
20
-3.2601528740157479
11
5.0303366929133855
21
-3.2658571653543307
0
LINE
8
BLACK
6
CONTINUOUS
10
5.0303366929133855
20
-3.2658571653543307
11
5.0315412598425198
21
-3.2719128346456694
0
LINE
8
BLACK
6
CONTINUOUS
10
5.0315412598425198
20
-3.2719128346456694
11
5.0315412598425198
21
-3.2780871653543304
0
LINE
8
BLACK
6
CONTINUOUS
10
5.0315412598425198
20
-3.2780871653543304
11
5.0303366929133855
21
-3.2841428346456691
0
LINE
8
BLACK
6
CONTINUOUS
10
5.0303366929133855
20
-3.2841428346456691
11
5.0279738976377955
21
-3.2898471259842519
0
LINE
8
BLACK
6
CONTINUOUS
10
5.0279738976377955
20
-3.2898471259842519
11
5.0245436220472444
21
-3.2949809055118111
0
LINE
8
BLACK
6
CONTINUOUS
10
5.0245436220472444
20
-3.2949809055118111
11
5.0201777559055119
21
-3.2993467716535432
0
LINE
8
BLACK
6
CONTINUOUS
10
5.0201777559055119
20
-3.2993467716535432
11
5.0150439763779531
21
-3.3027770472440943
0
LINE
8
BLACK
6
CONTINUOUS
10
5.0150439763779531
20
-3.3027770472440943
11
5.0093396850393699
21
-3.3051398425196852
0
LINE
8
BLACK
6
CONTINUOUS
10
5.0093396850393699
20
-3.3051398425196852
11
5.0032840157480312
21
-3.306344409448819
0
LINE
8
BLACK
6
CONTINUOUS
10
5.0032840157480312
20
-3.306344409448819
11
4.9971096850393701
21
-3.306344409448819
0
LINE
8
BLACK
6
CONTINUOUS
10
4.9971096850393701
20
-3.306344409448819
11
4.9910540157480314
21
-3.3051398425196852
0
LINE
8
BLACK
6
CONTINUOUS
10
4.9910540157480314
20
-3.3051398425196852
11
4.9853497244094491
21
-3.3027770472440943
0
LINE
8
BLACK
6
CONTINUOUS
10
4.9853497244094491
20
-3.3027770472440943
11
4.9802159448818895
21
-3.2993467716535432
0
LINE
8
BLACK
6
CONTINUOUS
10
4.9802159448818895
20
-3.2993467716535432
11
4.9758500787401569
21
-3.2949809055118111
0
LINE
8
BLACK
6
CONTINUOUS
10
4.9758500787401569
20
-3.2949809055118111
11
4.9724198031496059
21
-3.2898471259842519
0
LINE
8
BLACK
6
CONTINUOUS
10
4.9724198031496059
20
-3.2898471259842519
11
4.9700570078740158
21
-3.2841428346456691
0
LINE
8
BLACK
6
CONTINUOUS
10
4.9700570078740158
20
-3.2841428346456691
11
4.9688524409448815
21
-3.2780871653543304
0
LINE
8
BLACK
6
CONTINUOUS
10
4.9688524409448815
20
-3.2780871653543304
11
4.9688524409448815
21
-3.2719128346456694
0
LINE
8
BLACK
6
CONTINUOUS
10
4.9688524409448815
20
-3.2719128346456694
11
4.9700570078740158
21
-3.2658571653543307
0
LINE
8
BLACK
6
CONTINUOUS
10
4.9700570078740158
20
-3.2658571653543307
11
4.9724198031496059
21
-3.2601528740157479
0
LINE
8
BLACK
6
CONTINUOUS
10
4.9724198031496059
20
-3.2601528740157479
11
4.9758500787401569
21
-3.2550190944881887
0
LINE
8
BLACK
6
CONTINUOUS
10
4.9758500787401569
20
-3.2550190944881887
11
4.9802159448818895
21
-3.2506532283464566
0
LINE
8
BLACK
6
CONTINUOUS
10
4.9802159448818895
20
-3.2506532283464566
11
4.9853497244094491
21
-3.2472229527559056
0
LINE
8
BLACK
6
CONTINUOUS
10
4.9853497244094491
20
-3.2472229527559056
11
4.9910540157480314
21
-3.2448601574803151
0
LINE
8
BLACK
6
CONTINUOUS
10
4.9910540157480314
20
-3.2448601574803151
11
4.9971096850393701
21
-3.2436555905511812
0
LINE
8
BLACK
6
CONTINUOUS
10
4.9971096850393701
20
-3.2436555905511812
11
5.0032840157480312
21
-3.2436555905511812
0
LINE
8
BLACK
6
CONTINUOUS
10
5.0032840157480312
20
-3.2436555905511812
11
5.0093396850393699
21
-3.2448601574803151
0
LINE
8
BLACK
6
CONTINUOUS
10
5.3093396850393697
20
-3.2448601574803151
11
5.3150439763779529
21
-3.2472229527559056
0
LINE
8
BLACK
6
CONTINUOUS
10
5.3150439763779529
20
-3.2472229527559056
11
5.3201777559055117
21
-3.2506532283464566
0
LINE
8
BLACK
6
CONTINUOUS
10
5.3201777559055117
20
-3.2506532283464566
11
5.3245436220472442
21
-3.2550190944881887
0
LINE
8
BLACK
6
CONTINUOUS
10
5.3245436220472442
20
-3.2550190944881887
11
5.3279738976377953
21
-3.2601528740157479
0
LINE
8
BLACK
6
CONTINUOUS
10
5.3279738976377953
20
-3.2601528740157479
11
5.3303366929133853
21
-3.2658571653543307
0
LINE
8
BLACK
6
CONTINUOUS
10
5.3303366929133853
20
-3.2658571653543307
11
5.3315412598425196
21
-3.2719128346456694
0
LINE
8
BLACK
6
CONTINUOUS
10
5.3315412598425196
20
-3.2719128346456694
11
5.3315412598425196
21
-3.2780871653543304
0
LINE
8
BLACK
6
CONTINUOUS
10
5.3315412598425196
20
-3.2780871653543304
11
5.3303366929133853
21
-3.2841428346456691
0
LINE
8
BLACK
6
CONTINUOUS
10
5.3303366929133853
20
-3.2841428346456691
11
5.3279738976377953
21
-3.2898471259842519
0
LINE
8
BLACK
6
CONTINUOUS
10
5.3279738976377953
20
-3.2898471259842519
11
5.3245436220472442
21
-3.2949809055118111
0
LINE
8
BLACK
6
CONTINUOUS
10
5.3245436220472442
20
-3.2949809055118111
11
5.3201777559055117
21
-3.2993467716535432
0
LINE
8
BLACK
6
CONTINUOUS
10
5.3201777559055117
20
-3.2993467716535432
11
5.3150439763779529
21
-3.3027770472440943
0
LINE
8
BLACK
6
CONTINUOUS
10
5.3150439763779529
20
-3.3027770472440943
11
5.3093396850393697
21
-3.3051398425196852
0
LINE
8
BLACK
6
CONTINUOUS
10
5.3093396850393697
20
-3.3051398425196852
11
5.303284015748031
21
-3.306344409448819
0
LINE
8
BLACK
6
CONTINUOUS
10
5.303284015748031
20
-3.306344409448819
11
5.29710968503937
21
-3.306344409448819
0
LINE
8
BLACK
6
CONTINUOUS
10
5.29710968503937
20
-3.306344409448819
11
5.2910540157480312
21
-3.3051398425196852
0
LINE
8
BLACK
6
CONTINUOUS
10
5.2910540157480312
20
-3.3051398425196852
11
5.2853497244094489
21
-3.3027770472440943
0
LINE
8
BLACK
6
CONTINUOUS
10
5.2853497244094489
20
-3.3027770472440943
11
5.2802159448818893
21
-3.2993467716535432
0
LINE
8
BLACK
6
CONTINUOUS
10
5.2802159448818893
20
-3.2993467716535432
11
5.2758500787401577
21
-3.2949809055118111
0
LINE
8
BLACK
6
CONTINUOUS
10
5.2758500787401577
20
-3.2949809055118111
11
5.2724198031496066
21
-3.2898471259842519
0
LINE
8
BLACK
6
CONTINUOUS
10
5.2724198031496066
20
-3.2898471259842519
11
5.2700570078740157
21
-3.2841428346456691
0
LINE
8
BLACK
6
CONTINUOUS
10
5.2700570078740157
20
-3.2841428346456691
11
5.2688524409448814
21
-3.2780871653543304
0
LINE
8
BLACK
6
CONTINUOUS
10
5.2688524409448814
20
-3.2780871653543304
11
5.2688524409448814
21
-3.2719128346456694
0
LINE
8
BLACK
6
CONTINUOUS
10
5.2688524409448814
20
-3.2719128346456694
11
5.2700570078740157
21
-3.2658571653543307
0
LINE
8
BLACK
6
CONTINUOUS
10
5.2700570078740157
20
-3.2658571653543307
11
5.2724198031496066
21
-3.2601528740157479
0
LINE
8
BLACK
6
CONTINUOUS
10
5.2724198031496066
20
-3.2601528740157479
11
5.2758500787401577
21
-3.2550190944881887
0
LINE
8
BLACK
6
CONTINUOUS
10
5.2758500787401577
20
-3.2550190944881887
11
5.2802159448818893
21
-3.2506532283464566
0
LINE
8
BLACK
6
CONTINUOUS
10
5.2802159448818893
20
-3.2506532283464566
11
5.2853497244094489
21
-3.2472229527559056
0
LINE
8
BLACK
6
CONTINUOUS
10
5.2853497244094489
20
-3.2472229527559056
11
5.2910540157480312
21
-3.2448601574803151
0
LINE
8
BLACK
6
CONTINUOUS
10
5.2910540157480312
20
-3.2448601574803151
11
5.29710968503937
21
-3.2436555905511812
0
LINE
8
BLACK
6
CONTINUOUS
10
5.29710968503937
20
-3.2436555905511812
11
5.303284015748031
21
-3.2436555905511812
0
LINE
8
BLACK
6
CONTINUOUS
10
5.303284015748031
20
-3.2436555905511812
11
5.3093396850393697
21
-3.2448601574803151
0
LINE
8
BLACK
6
CONTINUOUS
10
3.0212085433070865
20
-3.1962917716535433
11
3.0266418897637797
21
-3.1985423622047242
0
LINE
8
BLACK
6
CONTINUOUS
10
3.0266418897637797
20
-3.1985423622047242
11
3.0315318110236218
21
-3.20180968503937
0
LINE
8
BLACK
6
CONTINUOUS
10
3.0315318110236218
20
-3.20180968503937
11
3.0356903149606298
21
-3.205968188976378
0
LINE
8
BLACK
6
CONTINUOUS
10
3.0356903149606298
20
-3.205968188976378
11
3.0389576377952756
21
-3.2108581102362206
0
LINE
8
BLACK
6
CONTINUOUS
10
3.0389576377952756
20
-3.2108581102362206
11
3.0412082283464565
21
-3.2162914566929133
0
LINE
8
BLACK
6
CONTINUOUS
10
3.0412082283464565
20
-3.2162914566929133
11
3.0423555511811022
21
-3.2220594881889761
0
LINE
8
BLACK
6
CONTINUOUS
10
3.0423555511811022
20
-3.2220594881889761
11
3.0423555511811022
21
-3.2279405118110236
0
LINE
8
BLACK
6
CONTINUOUS
10
3.0423555511811022
20
-3.2279405118110236
11
3.0412082283464565
21
-3.2337085433070865
0
LINE
8
BLACK
6
CONTINUOUS
10
3.0412082283464565
20
-3.2337085433070865
11
3.0389576377952756
21
-3.2391418897637796
0
LINE
8
BLACK
6
CONTINUOUS
10
3.0389576377952756
20
-3.2391418897637796
11
3.0356903149606298
21
-3.2440318110236221
0
LINE
8
BLACK
6
CONTINUOUS
10
3.0356903149606298
20
-3.2440318110236221
11
3.0315318110236218
21
-3.2481903149606297
0
LINE
8
BLACK
6
CONTINUOUS
10
3.0315318110236218
20
-3.2481903149606297
11
3.0266418897637797
21
-3.2514576377952755
0
LINE
8
BLACK
6
CONTINUOUS
10
3.0266418897637797
20
-3.2514576377952755
11
3.0212085433070865
21
-3.2537082283464565
0
LINE
8
BLACK
6
CONTINUOUS
10
3.0212085433070865
20
-3.2537082283464565
11
3.0154405118110237
21
-3.2548555511811021
0
LINE
8
BLACK
6
CONTINUOUS
10
3.0154405118110237
20
-3.2548555511811021
11
3.0095594881889762
21
-3.2548555511811021
0
LINE
8
BLACK
6
CONTINUOUS
10
3.0095594881889762
20
-3.2548555511811021
11
3.0037914566929134
21
-3.2537082283464565
0
LINE
8
BLACK
6
CONTINUOUS
10
3.0037914566929134
20
-3.2537082283464565
11
2.9983581102362202
21
-3.2514576377952755
0
LINE
8
BLACK
6
CONTINUOUS
10
2.9983581102362202
20
-3.2514576377952755
11
2.9934681889763777
21
-3.2481903149606297
0
LINE
8
BLACK
6
CONTINUOUS
10
2.9934681889763777
20
-3.2481903149606297
11
2.9893096850393701
21
-3.2440318110236221
0
LINE
8
BLACK
6
CONTINUOUS
10
2.9893096850393701
20
-3.2440318110236221
11
2.9860423622047243
21
-3.2391418897637796
0
LINE
8
BLACK
6
CONTINUOUS
10
2.9860423622047243
20
-3.2391418897637796
11
2.9837917716535434
21
-3.2337085433070865
0
LINE
8
BLACK
6
CONTINUOUS
10
2.9837917716535434
20
-3.2337085433070865
11
2.9826444488188977
21
-3.2279405118110236
0
LINE
8
BLACK
6
CONTINUOUS
10
2.9826444488188977
20
-3.2279405118110236
11
2.9826444488188977
21
-3.2220594881889761
0
LINE
8
BLACK
6
CONTINUOUS
10
2.9826444488188977
20
-3.2220594881889761
11
2.9837917716535434
21
-3.2162914566929133
0
LINE
8
BLACK
6
CONTINUOUS
10
2.9837917716535434
20
-3.2162914566929133
11
2.9860423622047243
21
-3.2108581102362206
0
LINE
8
BLACK
6
CONTINUOUS
10
2.9860423622047243
20
-3.2108581102362206
11
2.9893096850393701
21
-3.205968188976378
0
LINE
8
BLACK
6
CONTINUOUS
10
2.9893096850393701
20
-3.205968188976378
11
2.9934681889763777
21
-3.20180968503937
0
LINE
8
BLACK
6
CONTINUOUS
10
2.9934681889763777
20
-3.20180968503937
11
2.9983581102362202
21
-3.1985423622047242
0
LINE
8
BLACK
6
CONTINUOUS
10
2.9983581102362202
20
-3.1985423622047242
11
3.0037914566929134
21
-3.1962917716535433
0
LINE
8
BLACK
6
CONTINUOUS
10
3.0037914566929134
20
-3.1962917716535433
11
3.0095594881889762
21
-3.1951444488188976
0
LINE
8
BLACK
6
CONTINUOUS
10
3.0095594881889762
20
-3.1951444488188976
11
3.0154405118110237
21
-3.1951444488188976
0
LINE
8
BLACK
6
CONTINUOUS
10
3.0154405118110237
20
-3.1951444488188976
11
3.0212085433070865
21
-3.1962917716535433
0
LINE
8
BLACK
6
CONTINUOUS
10
5.0093396850393699
20
-3.144860157480315
11
5.0150439763779531
21
-3.1472229527559055
0
LINE
8
BLACK
6
CONTINUOUS
10
5.0150439763779531
20
-3.1472229527559055
11
5.0201777559055119
21
-3.1506532283464566
0
LINE
8
BLACK
6
CONTINUOUS
10
5.0201777559055119
20
-3.1506532283464566
11
5.0245436220472444
21
-3.1550190944881891
0
LINE
8
BLACK
6
CONTINUOUS
10
5.0245436220472444
20
-3.1550190944881891
11
5.0279738976377955
21
-3.1601528740157478
0
LINE
8
BLACK
6
CONTINUOUS
10
5.0279738976377955
20
-3.1601528740157478
11
5.0303366929133855
21
-3.1658571653543306
0
LINE
8
BLACK
6
CONTINUOUS
10
5.0303366929133855
20
-3.1658571653543306
11
5.0315412598425198
21
-3.1719128346456693
0
LINE
8
BLACK
6
CONTINUOUS
10
5.0315412598425198
20
-3.1719128346456693
11
5.0315412598425198
21
-3.1780871653543308
0
LINE
8
BLACK
6
CONTINUOUS
10
5.0315412598425198
20
-3.1780871653543308
11
5.0303366929133855
21
-3.1841428346456691
0
LINE
8
BLACK
6
CONTINUOUS
10
5.0303366929133855
20
-3.1841428346456691
11
5.0279738976377955
21
-3.1898471259842518
0
LINE
8
BLACK
6
CONTINUOUS
10
5.0279738976377955
20
-3.1898471259842518
11
5.0245436220472444
21
-3.194980905511811
0
LINE
8
BLACK
6
CONTINUOUS
10
5.0245436220472444
20
-3.194980905511811
11
5.0201777559055119
21
-3.1993467716535431
0
LINE
8
BLACK
6
CONTINUOUS
10
5.0201777559055119
20
-3.1993467716535431
11
5.0150439763779531
21
-3.2027770472440946
0
LINE
8
BLACK
6
CONTINUOUS
10
5.0150439763779531
20
-3.2027770472440946
11
5.0093396850393699
21
-3.2051398425196851
0
LINE
8
BLACK
6
CONTINUOUS
10
5.0093396850393699
20
-3.2051398425196851
11
5.0032840157480312
21
-3.2063444094488189
0
LINE
8
BLACK
6
CONTINUOUS
10
5.0032840157480312
20
-3.2063444094488189
11
4.9971096850393701
21
-3.2063444094488189
0
LINE
8
BLACK
6
CONTINUOUS
10
4.9971096850393701
20
-3.2063444094488189
11
4.9910540157480314
21
-3.2051398425196851
0
LINE
8
BLACK
6
CONTINUOUS
10
4.9910540157480314
20
-3.2051398425196851
11
4.9853497244094491
21
-3.2027770472440946
0
LINE
8
BLACK
6
CONTINUOUS
10
4.9853497244094491
20
-3.2027770472440946
11
4.9802159448818895
21
-3.1993467716535431
0
LINE
8
BLACK
6
CONTINUOUS
10
4.9802159448818895
20
-3.1993467716535431
11
4.9758500787401569
21
-3.194980905511811
0
LINE
8
BLACK
6
CONTINUOUS
10
4.9758500787401569
20
-3.194980905511811
11
4.9724198031496059
21
-3.1898471259842518
0
LINE
8
BLACK
6
CONTINUOUS
10
4.9724198031496059
20
-3.1898471259842518
11
4.9700570078740158
21
-3.1841428346456691
0
LINE
8
BLACK
6
CONTINUOUS
10
4.9700570078740158
20
-3.1841428346456691
11
4.9688524409448815
21
-3.1780871653543308
0
LINE
8
BLACK
6
CONTINUOUS
10
4.9688524409448815
20
-3.1780871653543308
11
4.9688524409448815
21
-3.1719128346456693
0
LINE
8
BLACK
6
CONTINUOUS
10
4.9688524409448815
20
-3.1719128346456693
11
4.9700570078740158
21
-3.1658571653543306
0
LINE
8
BLACK
6
CONTINUOUS
10
4.9700570078740158
20
-3.1658571653543306
11
4.9724198031496059
21
-3.1601528740157478
0
LINE
8
BLACK
6
CONTINUOUS
10
4.9724198031496059
20
-3.1601528740157478
11
4.9758500787401569
21
-3.1550190944881891
0
LINE
8
BLACK
6
CONTINUOUS
10
4.9758500787401569
20
-3.1550190944881891
11
4.9802159448818895
21
-3.1506532283464566
0
LINE
8
BLACK
6
CONTINUOUS
10
4.9802159448818895
20
-3.1506532283464566
11
4.9853497244094491
21
-3.1472229527559055
0
LINE
8
BLACK
6
CONTINUOUS
10
4.9853497244094491
20
-3.1472229527559055
11
4.9910540157480314
21
-3.144860157480315
0
LINE
8
BLACK
6
CONTINUOUS
10
4.9910540157480314
20
-3.144860157480315
11
4.9971096850393701
21
-3.1436555905511812
0
LINE
8
BLACK
6
CONTINUOUS
10
4.9971096850393701
20
-3.1436555905511812
11
5.0032840157480312
21
-3.1436555905511812
0
LINE
8
BLACK
6
CONTINUOUS
10
5.0032840157480312
20
-3.1436555905511812
11
5.0093396850393699
21
-3.144860157480315
0
LINE
8
BLACK
6
CONTINUOUS
10
5.3093396850393697
20
-3.144860157480315
11
5.3150439763779529
21
-3.1472229527559055
0
LINE
8
BLACK
6
CONTINUOUS
10
5.3150439763779529
20
-3.1472229527559055
11
5.3201777559055117
21
-3.1506532283464566
0
LINE
8
BLACK
6
CONTINUOUS
10
5.3201777559055117
20
-3.1506532283464566
11
5.3245436220472442
21
-3.1550190944881891
0
LINE
8
BLACK
6
CONTINUOUS
10
5.3245436220472442
20
-3.1550190944881891
11
5.3279738976377953
21
-3.1601528740157478
0
LINE
8
BLACK
6
CONTINUOUS
10
5.3279738976377953
20
-3.1601528740157478
11
5.3303366929133853
21
-3.1658571653543306
0
LINE
8
BLACK
6
CONTINUOUS
10
5.3303366929133853
20
-3.1658571653543306
11
5.3315412598425196
21
-3.1719128346456693
0
LINE
8
BLACK
6
CONTINUOUS
10
5.3315412598425196
20
-3.1719128346456693
11
5.3315412598425196
21
-3.1780871653543308
0
LINE
8
BLACK
6
CONTINUOUS
10
5.3315412598425196
20
-3.1780871653543308
11
5.3303366929133853
21
-3.1841428346456691
0
LINE
8
BLACK
6
CONTINUOUS
10
5.3303366929133853
20
-3.1841428346456691
11
5.3279738976377953
21
-3.1898471259842518
0
LINE
8
BLACK
6
CONTINUOUS
10
5.3279738976377953
20
-3.1898471259842518
11
5.3245436220472442
21
-3.194980905511811
0
LINE
8
BLACK
6
CONTINUOUS
10
5.3245436220472442
20
-3.194980905511811
11
5.3201777559055117
21
-3.1993467716535431
0
LINE
8
BLACK
6
CONTINUOUS
10
5.3201777559055117
20
-3.1993467716535431
11
5.3150439763779529
21
-3.2027770472440946
0
LINE
8
BLACK
6
CONTINUOUS
10
5.3150439763779529
20
-3.2027770472440946
11
5.3093396850393697
21
-3.2051398425196851
0
LINE
8
BLACK
6
CONTINUOUS
10
5.3093396850393697
20
-3.2051398425196851
11
5.303284015748031
21
-3.2063444094488189
0
LINE
8
BLACK
6
CONTINUOUS
10
5.303284015748031
20
-3.2063444094488189
11
5.29710968503937
21
-3.2063444094488189
0
LINE
8
BLACK
6
CONTINUOUS
10
5.29710968503937
20
-3.2063444094488189
11
5.2910540157480312
21
-3.2051398425196851
0
LINE
8
BLACK
6
CONTINUOUS
10
5.2910540157480312
20
-3.2051398425196851
11
5.2853497244094489
21
-3.2027770472440946
0
LINE
8
BLACK
6
CONTINUOUS
10
5.2853497244094489
20
-3.2027770472440946
11
5.2802159448818893
21
-3.1993467716535431
0
LINE
8
BLACK
6
CONTINUOUS
10
5.2802159448818893
20
-3.1993467716535431
11
5.2758500787401577
21
-3.194980905511811
0
LINE
8
BLACK
6
CONTINUOUS
10
5.2758500787401577
20
-3.194980905511811
11
5.2724198031496066
21
-3.1898471259842518
0
LINE
8
BLACK
6
CONTINUOUS
10
5.2724198031496066
20
-3.1898471259842518
11
5.2700570078740157
21
-3.1841428346456691
0
LINE
8
BLACK
6
CONTINUOUS
10
5.2700570078740157
20
-3.1841428346456691
11
5.2688524409448814
21
-3.1780871653543308
0
LINE
8
BLACK
6
CONTINUOUS
10
5.2688524409448814
20
-3.1780871653543308
11
5.2688524409448814
21
-3.1719128346456693
0
LINE
8
BLACK
6
CONTINUOUS
10
5.2688524409448814
20
-3.1719128346456693
11
5.2700570078740157
21
-3.1658571653543306
0
LINE
8
BLACK
6
CONTINUOUS
10
5.2700570078740157
20
-3.1658571653543306
11
5.2724198031496066
21
-3.1601528740157478
0
LINE
8
BLACK
6
CONTINUOUS
10
5.2724198031496066
20
-3.1601528740157478
11
5.2758500787401577
21
-3.1550190944881891
0
LINE
8
BLACK
6
CONTINUOUS
10
5.2758500787401577
20
-3.1550190944881891
11
5.2802159448818893
21
-3.1506532283464566
0
LINE
8
BLACK
6
CONTINUOUS
10
5.2802159448818893
20
-3.1506532283464566
11
5.2853497244094489
21
-3.1472229527559055
0
LINE
8
BLACK
6
CONTINUOUS
10
5.2853497244094489
20
-3.1472229527559055
11
5.2910540157480312
21
-3.144860157480315
0
LINE
8
BLACK
6
CONTINUOUS
10
5.2910540157480312
20
-3.144860157480315
11
5.29710968503937
21
-3.1436555905511812
0
LINE
8
BLACK
6
CONTINUOUS
10
5.29710968503937
20
-3.1436555905511812
11
5.303284015748031
21
-3.1436555905511812
0
LINE
8
BLACK
6
CONTINUOUS
10
5.303284015748031
20
-3.1436555905511812
11
5.3093396850393697
21
-3.144860157480315
0
LINE
8
BLACK
6
CONTINUOUS
10
3.0212085433070865
20
-3.0962917716535432
11
3.0266418897637797
21
-3.0985423622047241
0
LINE
8
BLACK
6
CONTINUOUS
10
3.0266418897637797
20
-3.0985423622047241
11
3.0315318110236218
21
-3.1018096850393699
0
LINE
8
BLACK
6
CONTINUOUS
10
3.0315318110236218
20
-3.1018096850393699
11
3.0356903149606298
21
-3.1059681889763779
0
LINE
8
BLACK
6
CONTINUOUS
10
3.0356903149606298
20
-3.1059681889763779
11
3.0389576377952756
21
-3.1108581102362205
0
LINE
8
BLACK
6
CONTINUOUS
10
3.0389576377952756
20
-3.1108581102362205
11
3.0412082283464565
21
-3.1162914566929132
0
LINE
8
BLACK
6
CONTINUOUS
10
3.0412082283464565
20
-3.1162914566929132
11
3.0423555511811022
21
-3.1220594881889765
0
LINE
8
BLACK
6
CONTINUOUS
10
3.0423555511811022
20
-3.1220594881889765
11
3.0423555511811022
21
-3.1279405118110235
0
LINE
8
BLACK
6
CONTINUOUS
10
3.0423555511811022
20
-3.1279405118110235
11
3.0412082283464565
21
-3.1337085433070864
0
LINE
8
BLACK
6
CONTINUOUS
10
3.0412082283464565
20
-3.1337085433070864
11
3.0389576377952756
21
-3.1391418897637795
0
LINE
8
BLACK
6
CONTINUOUS
10
3.0389576377952756
20
-3.1391418897637795
11
3.0356903149606298
21
-3.1440318110236221
0
LINE
8
BLACK
6
CONTINUOUS
10
3.0356903149606298
20
-3.1440318110236221
11
3.0315318110236218
21
-3.1481903149606301
0
LINE
8
BLACK
6
CONTINUOUS
10
3.0315318110236218
20
-3.1481903149606301
11
3.0266418897637797
21
-3.1514576377952754
0
LINE
8
BLACK
6
CONTINUOUS
10
3.0266418897637797
20
-3.1514576377952754
11
3.0212085433070865
21
-3.1537082283464568
0
LINE
8
BLACK
6
CONTINUOUS
10
3.0212085433070865
20
-3.1537082283464568
11
3.0154405118110237
21
-3.1548555511811025
0
LINE
8
BLACK
6
CONTINUOUS
10
3.0154405118110237
20
-3.1548555511811025
11
3.0095594881889762
21
-3.1548555511811025
0
LINE
8
BLACK
6
CONTINUOUS
10
3.0095594881889762
20
-3.1548555511811025
11
3.0037914566929134
21
-3.1537082283464568
0
LINE
8
BLACK
6
CONTINUOUS
10
3.0037914566929134
20
-3.1537082283464568
11
2.9983581102362202
21
-3.1514576377952754
0
LINE
8
BLACK
6
CONTINUOUS
10
2.9983581102362202
20
-3.1514576377952754
11
2.9934681889763777
21
-3.1481903149606301
0
LINE
8
BLACK
6
CONTINUOUS
10
2.9934681889763777
20
-3.1481903149606301
11
2.9893096850393701
21
-3.1440318110236221
0
LINE
8
BLACK
6
CONTINUOUS
10
2.9893096850393701
20
-3.1440318110236221
11
2.9860423622047243
21
-3.1391418897637795
0
LINE
8
BLACK
6
CONTINUOUS
10
2.9860423622047243
20
-3.1391418897637795
11
2.9837917716535434
21
-3.1337085433070864
0
LINE
8
BLACK
6
CONTINUOUS
10
2.9837917716535434
20
-3.1337085433070864
11
2.9826444488188977
21
-3.1279405118110235
0
LINE
8
BLACK
6
CONTINUOUS
10
2.9826444488188977
20
-3.1279405118110235
11
2.9826444488188977
21
-3.1220594881889765
0
LINE
8
BLACK
6
CONTINUOUS
10
2.9826444488188977
20
-3.1220594881889765
11
2.9837917716535434
21
-3.1162914566929132
0
LINE
8
BLACK
6
CONTINUOUS
10
2.9837917716535434
20
-3.1162914566929132
11
2.9860423622047243
21
-3.1108581102362205
0
LINE
8
BLACK
6
CONTINUOUS
10
2.9860423622047243
20
-3.1108581102362205
11
2.9893096850393701
21
-3.1059681889763779
0
LINE
8
BLACK
6
CONTINUOUS
10
2.9893096850393701
20
-3.1059681889763779
11
2.9934681889763777
21
-3.1018096850393699
0
LINE
8
BLACK
6
CONTINUOUS
10
2.9934681889763777
20
-3.1018096850393699
11
2.9983581102362202
21
-3.0985423622047241
0
LINE
8
BLACK
6
CONTINUOUS
10
2.9983581102362202
20
-3.0985423622047241
11
3.0037914566929134
21
-3.0962917716535432
0
LINE
8
BLACK
6
CONTINUOUS
10
3.0037914566929134
20
-3.0962917716535432
11
3.0095594881889762
21
-3.0951444488188975
0
LINE
8
BLACK
6
CONTINUOUS
10
3.0095594881889762
20
-3.0951444488188975
11
3.0154405118110237
21
-3.0951444488188975
0
LINE
8
BLACK
6
CONTINUOUS
10
3.0154405118110237
20
-3.0951444488188975
11
3.0212085433070865
21
-3.0962917716535432
0
LINE
8
BLACK
6
CONTINUOUS
10
5.6101439763779526
20
-3.0698563779527559
11
5.6158490157480312
21
-3.0722194881889764
0
LINE
8
BLACK
6
CONTINUOUS
10
5.6158490157480312
20
-3.0722194881889764
11
5.6209833858267713
21
-3.075650157480315
0
LINE
8
BLACK
6
CONTINUOUS
10
5.6209833858267713
20
-3.075650157480315
11
5.6253498425196851
21
-3.0800166141732284
0
LINE
8
BLACK
6
CONTINUOUS
10
5.6253498425196851
20
-3.0800166141732284
11
5.6287805118110237
21
-3.0851509842519684
0
LINE
8
BLACK
6
CONTINUOUS
10
5.6287805118110237
20
-3.0851509842519684
11
5.6311436220472437
21
-3.090856023622047
0
LINE
8
BLACK
6
CONTINUOUS
10
5.6311436220472437
20
-3.090856023622047
11
5.6323483070866143
21
-3.0969124409448816
0
LINE
8
BLACK
6
CONTINUOUS
10
5.6323483070866143
20
-3.0969124409448816
11
5.6323483070866143
21
-3.1030875590551181
0
LINE
8
BLACK
6
CONTINUOUS
10
5.6323483070866143
20
-3.1030875590551181
11
5.6311436220472437
21
-3.1091439763779527
0
LINE
8
BLACK
6
CONTINUOUS
10
5.6311436220472437
20
-3.1091439763779527
11
5.6287805118110237
21
-3.1148490157480313
0
LINE
8
BLACK
6
CONTINUOUS
10
5.6287805118110237
20
-3.1148490157480313
11
5.6253498425196851
21
-3.1199833858267714
0
LINE
8
BLACK
6
CONTINUOUS
10
5.6253498425196851
20
-3.1199833858267714
11
5.6209833858267713
21
-3.1243498425196852
0
LINE
8
BLACK
6
CONTINUOUS
10
5.6209833858267713
20
-3.1243498425196852
11
5.6158490157480312
21
-3.1277805118110233
0
LINE
8
BLACK
6
CONTINUOUS
10
5.6158490157480312
20
-3.1277805118110233
11
5.6101439763779526
21
-3.1301436220472438
0
LINE
8
BLACK
6
CONTINUOUS
10
5.6101439763779526
20
-3.1301436220472438
11
5.6040875590551176
21
-3.1313483070866139
0
LINE
8
BLACK
6
CONTINUOUS
10
5.6040875590551176
20
-3.1313483070866139
11
5.5979124409448815
21
-3.1313483070866139
0
LINE
8
BLACK
6
CONTINUOUS
10
5.5979124409448815
20
-3.1313483070866139
11
5.5918560236220474
21
-3.1301436220472438
0
LINE
8
BLACK
6
CONTINUOUS
10
5.5918560236220474
20
-3.1301436220472438
11
5.5861509842519688
21
-3.1277805118110233
0
LINE
8
BLACK
6
CONTINUOUS
10
5.5861509842519688
20
-3.1277805118110233
11
5.5810166141732278
21
-3.1243498425196852
0
LINE
8
BLACK
6
CONTINUOUS
10
5.5810166141732278
20
-3.1243498425196852
11
5.5766501574803149
21
-3.1199833858267714
0
LINE
8
BLACK
6
CONTINUOUS
10
5.5766501574803149
20
-3.1199833858267714
11
5.5732194881889763
21
-3.1148490157480313
0
LINE
8
BLACK
6
CONTINUOUS
10
5.5732194881889763
20
-3.1148490157480313
11
5.5708563779527553
21
-3.1091439763779527
0
LINE
8
BLACK
6
CONTINUOUS
10
5.5708563779527553
20
-3.1091439763779527
11
5.5696516929133857
21
-3.1030875590551181
0
LINE
8
BLACK
6
CONTINUOUS
10
5.5696516929133857
20
-3.1030875590551181
11
5.5696516929133857
21
-3.0969124409448816
0
LINE
8
BLACK
6
CONTINUOUS
10
5.5696516929133857
20
-3.0969124409448816
11
5.5708563779527553
21
-3.090856023622047
0
LINE
8
BLACK
6
CONTINUOUS
10
5.5708563779527553
20
-3.090856023622047
11
5.5732194881889763
21
-3.0851509842519684
0
LINE
8
BLACK
6
CONTINUOUS
10
5.5732194881889763
20
-3.0851509842519684
11
5.5766501574803149
21
-3.0800166141732284
0
LINE
8
BLACK
6
CONTINUOUS
10
5.5766501574803149
20
-3.0800166141732284
11
5.5810166141732278
21
-3.075650157480315
0
LINE
8
BLACK
6
CONTINUOUS
10
5.5810166141732278
20
-3.075650157480315
11
5.5861509842519688
21
-3.0722194881889764
0
LINE
8
BLACK
6
CONTINUOUS
10
5.5861509842519688
20
-3.0722194881889764
11
5.5918560236220474
21
-3.0698563779527559
0
LINE
8
BLACK
6
CONTINUOUS
10
5.5918560236220474
20
-3.0698563779527559
11
5.5979124409448815
21
-3.0686516929133858
0
LINE
8
BLACK
6
CONTINUOUS
10
5.5979124409448815
20
-3.0686516929133858
11
5.6040875590551176
21
-3.0686516929133858
0
LINE
8
BLACK
6
CONTINUOUS
10
5.6040875590551176
20
-3.0686516929133858
11
5.6101439763779526
21
-3.0698563779527559
0
LINE
8
BLACK
6
CONTINUOUS
10
5.909143976377953
20
-3.0698563779527559
11
5.9148490157480316
21
-3.0722194881889764
0
LINE
8
BLACK
6
CONTINUOUS
10
5.9148490157480316
20
-3.0722194881889764
11
5.9199833858267716
21
-3.075650157480315
0
LINE
8
BLACK
6
CONTINUOUS
10
5.9199833858267716
20
-3.075650157480315
11
5.9243498425196846
21
-3.0800166141732284
0
LINE
8
BLACK
6
CONTINUOUS
10
5.9243498425196846
20
-3.0800166141732284
11
5.9277805118110232
21
-3.0851509842519684
0
LINE
8
BLACK
6
CONTINUOUS
10
5.9277805118110232
20
-3.0851509842519684
11
5.9301436220472441
21
-3.090856023622047
0
LINE
8
BLACK
6
CONTINUOUS
10
5.9301436220472441
20
-3.090856023622047
11
5.9313483070866138
21
-3.0969124409448816
0
LINE
8
BLACK
6
CONTINUOUS
10
5.9313483070866138
20
-3.0969124409448816
11
5.9313483070866138
21
-3.1030875590551181
0
LINE
8
BLACK
6
CONTINUOUS
10
5.9313483070866138
20
-3.1030875590551181
11
5.9301436220472441
21
-3.1091439763779527
0
LINE
8
BLACK
6
CONTINUOUS
10
5.9301436220472441
20
-3.1091439763779527
11
5.9277805118110232
21
-3.1148490157480313
0
LINE
8
BLACK
6
CONTINUOUS
10
5.9277805118110232
20
-3.1148490157480313
11
5.9243498425196846
21
-3.1199833858267714
0
LINE
8
BLACK
6
CONTINUOUS
10
5.9243498425196846
20
-3.1199833858267714
11
5.9199833858267716
21
-3.1243498425196852
0
LINE
8
BLACK
6
CONTINUOUS
10
5.9199833858267716
20
-3.1243498425196852
11
5.9148490157480316
21
-3.1277805118110233
0
LINE
8
BLACK
6
CONTINUOUS
10
5.9148490157480316
20
-3.1277805118110233
11
5.909143976377953
21
-3.1301436220472438
0
LINE
8
BLACK
6
CONTINUOUS
10
5.909143976377953
20
-3.1301436220472438
11
5.9030875590551179
21
-3.1313483070866139
0
LINE
8
BLACK
6
CONTINUOUS
10
5.9030875590551179
20
-3.1313483070866139
11
5.8969124409448819
21
-3.1313483070866139
0
LINE
8
BLACK
6
CONTINUOUS
10
5.8969124409448819
20
-3.1313483070866139
11
5.8908560236220469
21
-3.1301436220472438
0
LINE
8
BLACK
6
CONTINUOUS
10
5.8908560236220469
20
-3.1301436220472438
11
5.8851509842519683
21
-3.1277805118110233
0
LINE
8
BLACK
6
CONTINUOUS
10
5.8851509842519683
20
-3.1277805118110233
11
5.8800166141732282
21
-3.1243498425196852
0
LINE
8
BLACK
6
CONTINUOUS
10
5.8800166141732282
20
-3.1243498425196852
11
5.8756501574803144
21
-3.1199833858267714
0
LINE
8
BLACK
6
CONTINUOUS
10
5.8756501574803144
20
-3.1199833858267714
11
5.8722194881889767
21
-3.1148490157480313
0
LINE
8
BLACK
6
CONTINUOUS
10
5.8722194881889767
20
-3.1148490157480313
11
5.8698563779527557
21
-3.1091439763779527
0
LINE
8
BLACK
6
CONTINUOUS
10
5.8698563779527557
20
-3.1091439763779527
11
5.8686516929133861
21
-3.1030875590551181
0
LINE
8
BLACK
6
CONTINUOUS
10
5.8686516929133861
20
-3.1030875590551181
11
5.8686516929133861
21
-3.0969124409448816
0
LINE
8
BLACK
6
CONTINUOUS
10
5.8686516929133861
20
-3.0969124409448816
11
5.8698563779527557
21
-3.090856023622047
0
LINE
8
BLACK
6
CONTINUOUS
10
5.8698563779527557
20
-3.090856023622047
11
5.8722194881889767
21
-3.0851509842519684
0
LINE
8
BLACK
6
CONTINUOUS
10
5.8722194881889767
20
-3.0851509842519684
11
5.8756501574803144
21
-3.0800166141732284
0
LINE
8
BLACK
6
CONTINUOUS
10
5.8756501574803144
20
-3.0800166141732284
11
5.8800166141732282
21
-3.075650157480315
0
LINE
8
BLACK
6
CONTINUOUS
10
5.8800166141732282
20
-3.075650157480315
11
5.8851509842519683
21
-3.0722194881889764
0
LINE
8
BLACK
6
CONTINUOUS
10
5.8851509842519683
20
-3.0722194881889764
11
5.8908560236220469
21
-3.0698563779527559
0
LINE
8
BLACK
6
CONTINUOUS
10
5.8908560236220469
20
-3.0698563779527559
11
5.8969124409448819
21
-3.0686516929133858
0
LINE
8
BLACK
6
CONTINUOUS
10
5.8969124409448819
20
-3.0686516929133858
11
5.9030875590551179
21
-3.0686516929133858
0
LINE
8
BLACK
6
CONTINUOUS
10
5.9030875590551179
20
-3.0686516929133858
11
5.909143976377953
21
-3.0698563779527559
0
LINE
8
BLACK
6
CONTINUOUS
10
5.0256169685039369
20
-3.0442531496062992
11
5.0288101181102363
21
-3.0463867322834646
0
LINE
8
BLACK
6
CONTINUOUS
10
5.0288101181102363
20
-3.0463867322834646
11
5.0309437007874012
21
-3.0495798818897639
0
LINE
8
BLACK
6
CONTINUOUS
10
5.0309437007874012
20
-3.0495798818897639
11
5.031692913385827
21
-3.0533464566929132
0
LINE
8
BLACK
6
CONTINUOUS
10
5.031692913385827
20
-3.0533464566929132
11
5.031692913385827
21
-3.0966535433070868
0
LINE
8
BLACK
6
CONTINUOUS
10
5.031692913385827
20
-3.0966535433070868
11
5.0309437007874012
21
-3.100420118110236
0
LINE
8
BLACK
6
CONTINUOUS
10
5.0309437007874012
20
-3.100420118110236
11
5.0288101181102363
21
-3.1036132677165353
0
LINE
8
BLACK
6
CONTINUOUS
10
5.0288101181102363
20
-3.1036132677165353
11
5.0256169685039369
21
-3.1057468503937007
0
LINE
8
BLACK
6
CONTINUOUS
10
5.0256169685039369
20
-3.1057468503937007
11
5.0218503937007872
21
-3.1064960629921261
0
LINE
8
BLACK
6
CONTINUOUS
10
5.0218503937007872
20
-3.1064960629921261
11
4.9785433070866141
21
-3.1064960629921261
0
LINE
8
BLACK
6
CONTINUOUS
10
4.9785433070866141
20
-3.1064960629921261
11
4.9747767322834644
21
-3.1057468503937007
0
LINE
8
BLACK
6
CONTINUOUS
10
4.9747767322834644
20
-3.1057468503937007
11
4.971583582677165
21
-3.1036132677165353
0
LINE
8
BLACK
6
CONTINUOUS
10
4.971583582677165
20
-3.1036132677165353
11
4.9694500000000001
21
-3.100420118110236
0
LINE
8
BLACK
6
CONTINUOUS
10
4.9694500000000001
20
-3.100420118110236
11
4.9687007874015743
21
-3.0966535433070868
0
LINE
8
BLACK
6
CONTINUOUS
10
4.9687007874015743
20
-3.0966535433070868
11
4.9687007874015743
21
-3.0533464566929132
0
LINE
8
BLACK
6
CONTINUOUS
10
4.9687007874015743
20
-3.0533464566929132
11
4.9694500000000001
21
-3.0495798818897639
0
LINE
8
BLACK
6
CONTINUOUS
10
4.9694500000000001
20
-3.0495798818897639
11
4.971583582677165
21
-3.0463867322834646
0
LINE
8
BLACK
6
CONTINUOUS
10
4.971583582677165
20
-3.0463867322834646
11
4.9747767322834644
21
-3.0442531496062992
0
LINE
8
BLACK
6
CONTINUOUS
10
4.9747767322834644
20
-3.0442531496062992
11
4.9785433070866141
21
-3.0435039370078738
0
LINE
8
BLACK
6
CONTINUOUS
10
4.9785433070866141
20
-3.0435039370078738
11
5.0218503937007872
21
-3.0435039370078738
0
LINE
8
BLACK
6
CONTINUOUS
10
5.0218503937007872
20
-3.0435039370078738
11
5.0256169685039369
21
-3.0442531496062992
0
LINE
8
BLACK
6
CONTINUOUS
10
5.3093396850393697
20
-3.0448601574803149
11
5.3150439763779529
21
-3.0472229527559054
0
LINE
8
BLACK
6
CONTINUOUS
10
5.3150439763779529
20
-3.0472229527559054
11
5.3201777559055117
21
-3.0506532283464565
0
LINE
8
BLACK
6
CONTINUOUS
10
5.3201777559055117
20
-3.0506532283464565
11
5.3245436220472442
21
-3.055019094488189
0
LINE
8
BLACK
6
CONTINUOUS
10
5.3245436220472442
20
-3.055019094488189
11
5.3279738976377953
21
-3.0601528740157478
0
LINE
8
BLACK
6
CONTINUOUS
10
5.3279738976377953
20
-3.0601528740157478
11
5.3303366929133853
21
-3.0658571653543305
0
LINE
8
BLACK
6
CONTINUOUS
10
5.3303366929133853
20
-3.0658571653543305
11
5.3315412598425196
21
-3.0719128346456692
0
LINE
8
BLACK
6
CONTINUOUS
10
5.3315412598425196
20
-3.0719128346456692
11
5.3315412598425196
21
-3.0780871653543307
0
LINE
8
BLACK
6
CONTINUOUS
10
5.3315412598425196
20
-3.0780871653543307
11
5.3303366929133853
21
-3.0841428346456694
0
LINE
8
BLACK
6
CONTINUOUS
10
5.3303366929133853
20
-3.0841428346456694
11
5.3279738976377953
21
-3.0898471259842517
0
LINE
8
BLACK
6
CONTINUOUS
10
5.3279738976377953
20
-3.0898471259842517
11
5.3245436220472442
21
-3.0949809055118109
0
LINE
8
BLACK
6
CONTINUOUS
10
5.3245436220472442
20
-3.0949809055118109
11
5.3201777559055117
21
-3.0993467716535434
0
LINE
8
BLACK
6
CONTINUOUS
10
5.3201777559055117
20
-3.0993467716535434
11
5.3150439763779529
21
-3.1027770472440945
0
LINE
8
BLACK
6
CONTINUOUS
10
5.3150439763779529
20
-3.1027770472440945
11
5.3093396850393697
21
-3.105139842519685
0
LINE
8
BLACK
6
CONTINUOUS
10
5.3093396850393697
20
-3.105139842519685
11
5.303284015748031
21
-3.1063444094488188
0
LINE
8
BLACK
6
CONTINUOUS
10
5.303284015748031
20
-3.1063444094488188
11
5.29710968503937
21
-3.1063444094488188
0
LINE
8
BLACK
6
CONTINUOUS
10
5.29710968503937
20
-3.1063444094488188
11
5.2910540157480312
21
-3.105139842519685
0
LINE
8
BLACK
6
CONTINUOUS
10
5.2910540157480312
20
-3.105139842519685
11
5.2853497244094489
21
-3.1027770472440945
0
LINE
8
BLACK
6
CONTINUOUS
10
5.2853497244094489
20
-3.1027770472440945
11
5.2802159448818893
21
-3.0993467716535434
0
LINE
8
BLACK
6
CONTINUOUS
10
5.2802159448818893
20
-3.0993467716535434
11
5.2758500787401577
21
-3.0949809055118109
0
LINE
8
BLACK
6
CONTINUOUS
10
5.2758500787401577
20
-3.0949809055118109
11
5.2724198031496066
21
-3.0898471259842517
0
LINE
8
BLACK
6
CONTINUOUS
10
5.2724198031496066
20
-3.0898471259842517
11
5.2700570078740157
21
-3.0841428346456694
0
LINE
8
BLACK
6
CONTINUOUS
10
5.2700570078740157
20
-3.0841428346456694
11
5.2688524409448814
21
-3.0780871653543307
0
LINE
8
BLACK
6
CONTINUOUS
10
5.2688524409448814
20
-3.0780871653543307
11
5.2688524409448814
21
-3.0719128346456692
0
LINE
8
BLACK
6
CONTINUOUS
10
5.2688524409448814
20
-3.0719128346456692
11
5.2700570078740157
21
-3.0658571653543305
0
LINE
8
BLACK
6
CONTINUOUS
10
5.2700570078740157
20
-3.0658571653543305
11
5.2724198031496066
21
-3.0601528740157478
0
LINE
8
BLACK
6
CONTINUOUS
10
5.2724198031496066
20
-3.0601528740157478
11
5.2758500787401577
21
-3.055019094488189
0
LINE
8
BLACK
6
CONTINUOUS
10
5.2758500787401577
20
-3.055019094488189
11
5.2802159448818893
21
-3.0506532283464565
0
LINE
8
BLACK
6
CONTINUOUS
10
5.2802159448818893
20
-3.0506532283464565
11
5.2853497244094489
21
-3.0472229527559054
0
LINE
8
BLACK
6
CONTINUOUS
10
5.2853497244094489
20
-3.0472229527559054
11
5.2910540157480312
21
-3.0448601574803149
0
LINE
8
BLACK
6
CONTINUOUS
10
5.2910540157480312
20
-3.0448601574803149
11
5.29710968503937
21
-3.0436555905511811
0
LINE
8
BLACK
6
CONTINUOUS
10
5.29710968503937
20
-3.0436555905511811
11
5.303284015748031
21
-3.0436555905511811
0
LINE
8
BLACK
6
CONTINUOUS
10
5.303284015748031
20
-3.0436555905511811
11
5.3093396850393697
21
-3.0448601574803149
0
LINE
8
BLACK
6
CONTINUOUS
10
3.0212085433070865
20
-2.9962917716535431
11
3.0266418897637797
21
-2.9985423622047245
0
LINE
8
BLACK
6
CONTINUOUS
10
3.0266418897637797
20
-2.9985423622047245
11
3.0315318110236218
21
-3.0018096850393698
0
LINE
8
BLACK
6
CONTINUOUS
10
3.0315318110236218
20
-3.0018096850393698
11
3.0356903149606298
21
-3.0059681889763779
0
LINE
8
BLACK
6
CONTINUOUS
10
3.0356903149606298
20
-3.0059681889763779
11
3.0389576377952756
21
-3.0108581102362204
0
LINE
8
BLACK
6
CONTINUOUS
10
3.0389576377952756
20
-3.0108581102362204
11
3.0412082283464565
21
-3.0162914566929131
0
LINE
8
BLACK
6
CONTINUOUS
10
3.0412082283464565
20
-3.0162914566929131
11
3.0423555511811022
21
-3.0220594881889764
0
LINE
8
BLACK
6
CONTINUOUS
10
3.0423555511811022
20
-3.0220594881889764
11
3.0423555511811022
21
-3.0279405118110234
0
LINE
8
BLACK
6
CONTINUOUS
10
3.0423555511811022
20
-3.0279405118110234
11
3.0412082283464565
21
-3.0337085433070867
0
LINE
8
BLACK
6
CONTINUOUS
10
3.0412082283464565
20
-3.0337085433070867
11
3.0389576377952756
21
-3.0391418897637794
0
LINE
8
BLACK
6
CONTINUOUS
10
3.0389576377952756
20
-3.0391418897637794
11
3.0356903149606298
21
-3.044031811023622
0
LINE
8
BLACK
6
CONTINUOUS
10
3.0356903149606298
20
-3.044031811023622
11
3.0315318110236218
21
-3.04819031496063
0
LINE
8
BLACK
6
CONTINUOUS
10
3.0315318110236218
20
-3.04819031496063
11
3.0266418897637797
21
-3.0514576377952753
0
LINE
8
BLACK
6
CONTINUOUS
10
3.0266418897637797
20
-3.0514576377952753
11
3.0212085433070865
21
-3.0537082283464567
0
LINE
8
BLACK
6
CONTINUOUS
10
3.0212085433070865
20
-3.0537082283464567
11
3.0154405118110237
21
-3.0548555511811024
0
LINE
8
BLACK
6
CONTINUOUS
10
3.0154405118110237
20
-3.0548555511811024
11
3.0095594881889762
21
-3.0548555511811024
0
LINE
8
BLACK
6
CONTINUOUS
10
3.0095594881889762
20
-3.0548555511811024
11
3.0037914566929134
21
-3.0537082283464567
0
LINE
8
BLACK
6
CONTINUOUS
10
3.0037914566929134
20
-3.0537082283464567
11
2.9983581102362202
21
-3.0514576377952753
0
LINE
8
BLACK
6
CONTINUOUS
10
2.9983581102362202
20
-3.0514576377952753
11
2.9934681889763777
21
-3.04819031496063
0
LINE
8
BLACK
6
CONTINUOUS
10
2.9934681889763777
20
-3.04819031496063
11
2.9893096850393701
21
-3.044031811023622
0
LINE
8
BLACK
6
CONTINUOUS
10
2.9893096850393701
20
-3.044031811023622
11
2.9860423622047243
21
-3.0391418897637794
0
LINE
8
BLACK
6
CONTINUOUS
10
2.9860423622047243
20
-3.0391418897637794
11
2.9837917716535434
21
-3.0337085433070867
0
LINE
8
BLACK
6
CONTINUOUS
10
2.9837917716535434
20
-3.0337085433070867
11
2.9826444488188977
21
-3.0279405118110234
0
LINE
8
BLACK
6
CONTINUOUS
10
2.9826444488188977
20
-3.0279405118110234
11
2.9826444488188977
21
-3.0220594881889764
0
LINE
8
BLACK
6
CONTINUOUS
10
2.9826444488188977
20
-3.0220594881889764
11
2.9837917716535434
21
-3.0162914566929131
0
LINE
8
BLACK
6
CONTINUOUS
10
2.9837917716535434
20
-3.0162914566929131
11
2.9860423622047243
21
-3.0108581102362204
0
LINE
8
BLACK
6
CONTINUOUS
10
2.9860423622047243
20
-3.0108581102362204
11
2.9893096850393701
21
-3.0059681889763779
0
LINE
8
BLACK
6
CONTINUOUS
10
2.9893096850393701
20
-3.0059681889763779
11
2.9934681889763777
21
-3.0018096850393698
0
LINE
8
BLACK
6
CONTINUOUS
10
2.9934681889763777
20
-3.0018096850393698
11
2.9983581102362202
21
-2.9985423622047245
0
LINE
8
BLACK
6
CONTINUOUS
10
2.9983581102362202
20
-2.9985423622047245
11
3.0037914566929134
21
-2.9962917716535431
0
LINE
8
BLACK
6
CONTINUOUS
10
3.0037914566929134
20
-2.9962917716535431
11
3.0095594881889762
21
-2.9951444488188974
0
LINE
8
BLACK
6
CONTINUOUS
10
3.0095594881889762
20
-2.9951444488188974
11
3.0154405118110237
21
-2.9951444488188974
0
LINE
8
BLACK
6
CONTINUOUS
10
3.0154405118110237
20
-2.9951444488188974
11
3.0212085433070865
21
-2.9962917716535431
0
LINE
8
BLACK
6
CONTINUOUS
10
2.1771317716535434
20
-2.7714411023622048
11
2.1866079527559052
21
-2.7739802362204724
0
LINE
8
BLACK
6
CONTINUOUS
10
2.1866079527559052
20
-2.7739802362204724
11
2.195671653543307
21
-2.7777345275590553
0
LINE
8
BLACK
6
CONTINUOUS
10
2.195671653543307
20
-2.7777345275590553
11
2.2041677559055119
21
-2.7826397637795277
0
LINE
8
BLACK
6
CONTINUOUS
10
2.2041677559055119
20
-2.7826397637795277
11
2.2119509448818899
21
-2.7886120078740158
0
LINE
8
BLACK
6
CONTINUOUS
10
2.2119509448818899
20
-2.7886120078740158
11
2.2188879921259841
21
-2.7955490551181104
0
LINE
8
BLACK
6
CONTINUOUS
10
2.2188879921259841
20
-2.7955490551181104
11
2.2248602362204726
21
-2.8033322440944883
0
LINE
8
BLACK
6
CONTINUOUS
10
2.2248602362204726
20
-2.8033322440944883
11
2.229765472440945
21
-2.8118283464566929
0
LINE
8
BLACK
6
CONTINUOUS
10
2.229765472440945
20
-2.8118283464566929
11
2.2335197637795274
21
-2.8208920472440946
0
LINE
8
BLACK
6
CONTINUOUS
10
2.2335197637795274
20
-2.8208920472440946
11
2.2360588976377951
21
-2.8303682283464568
0
LINE
8
BLACK
6
CONTINUOUS
10
2.2360588976377951
20
-2.8303682283464568
11
2.2373394094488188
21
-2.8400947637795273
0
LINE
8
BLACK
6
CONTINUOUS
10
2.2373394094488188
20
-2.8400947637795273
11
2.2373394094488188
21
-2.8499052362204722
0
LINE
8
BLACK
6
CONTINUOUS
10
2.2373394094488188
20
-2.8499052362204722
11
2.2360588976377951
21
-2.8596317716535431
0
LINE
8
BLACK
6
CONTINUOUS
10
2.2360588976377951
20
-2.8596317716535431
11
2.2335197637795274
21
-2.8691079527559054
0
LINE
8
BLACK
6
CONTINUOUS
10
2.2335197637795274
20
-2.8691079527559054
11
2.229765472440945
21
-2.8781716535433071
0
LINE
8
BLACK
6
CONTINUOUS
10
2.229765472440945
20
-2.8781716535433071
11
2.2248602362204726
21
-2.8866677559055116
0
LINE
8
BLACK
6
CONTINUOUS
10
2.2248602362204726
20
-2.8866677559055116
11
2.2188879921259841
21
-2.8944509448818896
0
LINE
8
BLACK
6
CONTINUOUS
10
2.2188879921259841
20
-2.8944509448818896
11
2.2119509448818899
21
-2.9013879921259842
0
LINE
8
BLACK
6
CONTINUOUS
10
2.2119509448818899
20
-2.9013879921259842
11
2.2041677559055119
21
-2.9073602362204722
0
LINE
8
BLACK
6
CONTINUOUS
10
2.2041677559055119
20
-2.9073602362204722
11
2.195671653543307
21
-2.9122654724409447
0
LINE
8
BLACK
6
CONTINUOUS
10
2.195671653543307
20
-2.9122654724409447
11
2.1866079527559052
21
-2.9160197637795275
0
LINE
8
BLACK
6
CONTINUOUS
10
2.1866079527559052
20
-2.9160197637795275
11
2.1771317716535434
21
-2.9185588976377952
0
LINE
8
BLACK
6
CONTINUOUS
10
2.1771317716535434
20
-2.9185588976377952
11
2.1674052362204725
21
-2.9198394094488189
0
LINE
8
BLACK
6
CONTINUOUS
10
2.1674052362204725
20
-2.9198394094488189
11
2.1575947637795276
21
-2.9198394094488189
0
LINE
8
BLACK
6
CONTINUOUS
10
2.1575947637795276
20
-2.9198394094488189
11
2.1478682283464567
21
-2.9185588976377952
0
LINE
8
BLACK
6
CONTINUOUS
10
2.1478682283464567
20
-2.9185588976377952
11
2.1383920472440945
21
-2.9160197637795275
0
LINE
8
BLACK
6
CONTINUOUS
10
2.1383920472440945
20
-2.9160197637795275
11
2.1293283464566928
21
-2.9122654724409447
0
LINE
8
BLACK
6
CONTINUOUS
10
2.1293283464566928
20
-2.9122654724409447
11
2.1208322440944882
21
-2.9073602362204722
0
LINE
8
BLACK
6
CONTINUOUS
10
2.1208322440944882
20
-2.9073602362204722
11
2.1130490551181103
21
-2.9013879921259842
0
LINE
8
BLACK
6
CONTINUOUS
10
2.1130490551181103
20
-2.9013879921259842
11
2.1061120078740156
21
-2.8944509448818896
0
LINE
8
BLACK
6
CONTINUOUS
10
2.1061120078740156
20
-2.8944509448818896
11
2.1001397637795276
21
-2.8866677559055116
0
LINE
8
BLACK
6
CONTINUOUS
10
2.1001397637795276
20
-2.8866677559055116
11
2.0952345275590551
21
-2.8781716535433071
0
LINE
8
BLACK
6
CONTINUOUS
10
2.0952345275590551
20
-2.8781716535433071
11
2.0914802362204723
21
-2.8691079527559054
0
LINE
8
BLACK
6
CONTINUOUS
10
2.0914802362204723
20
-2.8691079527559054
11
2.0889411023622046
21
-2.8596317716535431
0
LINE
8
BLACK
6
CONTINUOUS
10
2.0889411023622046
20
-2.8596317716535431
11
2.0876605905511809
21
-2.8499052362204722
0
LINE
8
BLACK
6
CONTINUOUS
10
2.0876605905511809
20
-2.8499052362204722
11
2.0876605905511809
21
-2.8400947637795273
0
LINE
8
BLACK
6
CONTINUOUS
10
2.0876605905511809
20
-2.8400947637795273
11
2.0889411023622046
21
-2.8303682283464568
0
LINE
8
BLACK
6
CONTINUOUS
10
2.0889411023622046
20
-2.8303682283464568
11
2.0914802362204723
21
-2.8208920472440946
0
LINE
8
BLACK
6
CONTINUOUS
10
2.0914802362204723
20
-2.8208920472440946
11
2.0952345275590551
21
-2.8118283464566929
0
LINE
8
BLACK
6
CONTINUOUS
10
2.0952345275590551
20
-2.8118283464566929
11
2.1001397637795276
21
-2.8033322440944883
0
LINE
8
BLACK
6
CONTINUOUS
10
2.1001397637795276
20
-2.8033322440944883
11
2.1061120078740156
21
-2.7955490551181104
0
LINE
8
BLACK
6
CONTINUOUS
10
2.1061120078740156
20
-2.7955490551181104
11
2.1130490551181103
21
-2.7886120078740158
0
LINE
8
BLACK
6
CONTINUOUS
10
2.1130490551181103
20
-2.7886120078740158
11
2.1208322440944882
21
-2.7826397637795277
0
LINE
8
BLACK
6
CONTINUOUS
10
2.1208322440944882
20
-2.7826397637795277
11
2.1293283464566928
21
-2.7777345275590553
0
LINE
8
BLACK
6
CONTINUOUS
10
2.1293283464566928
20
-2.7777345275590553
11
2.1383920472440945
21
-2.7739802362204724
0
LINE
8
BLACK
6
CONTINUOUS
10
2.1383920472440945
20
-2.7739802362204724
11
2.1478682283464567
21
-2.7714411023622048
0
LINE
8
BLACK
6
CONTINUOUS
10
2.1478682283464567
20
-2.7714411023622048
11
2.1575947637795276
21
-2.770160590551181
0
LINE
8
BLACK
6
CONTINUOUS
10
2.1575947637795276
20
-2.770160590551181
11
2.1674052362204725
21
-2.770160590551181
0
LINE
8
BLACK
6
CONTINUOUS
10
2.1674052362204725
20
-2.770160590551181
11
2.1771317716535434
21
-2.7714411023622048
0
LINE
8
BLACK
6
CONTINUOUS
10
2.4707397637795276
20
-2.7728501181102363
11
2.4772028346456691
21
-2.7749501181102363
0
LINE
8
BLACK
6
CONTINUOUS
10
2.4772028346456691
20
-2.7749501181102363
11
2.4832577952755903
21
-2.7780352755905513
0
LINE
8
BLACK
6
CONTINUOUS
10
2.4832577952755903
20
-2.7780352755905513
11
2.4887556299212599
21
-2.7820296456692915
0
LINE
8
BLACK
6
CONTINUOUS
10
2.4887556299212599
20
-2.7820296456692915
11
2.4935609055118109
21
-2.7868349212598424
0
LINE
8
BLACK
6
CONTINUOUS
10
2.4935609055118109
20
-2.7868349212598424
11
2.497555275590551
21
-2.7923327559055116
0
LINE
8
BLACK
6
CONTINUOUS
10
2.497555275590551
20
-2.7923327559055116
11
2.500640433070866
21
-2.7983877165354332
0
LINE
8
BLACK
6
CONTINUOUS
10
2.500640433070866
20
-2.7983877165354332
11
2.502740433070866
21
-2.8048507874015747
0
LINE
8
BLACK
6
CONTINUOUS
10
2.502740433070866
20
-2.8048507874015747
11
2.5038035039370077
21
-2.8115627952755906
0
LINE
8
BLACK
6
CONTINUOUS
10
2.5038035039370077
20
-2.8115627952755906
11
2.5038035039370077
21
-2.8183584645669293
0
LINE
8
BLACK
6
CONTINUOUS
10
2.5038035039370077
20
-2.8183584645669293
11
2.502740433070866
21
-2.8250704724409448
0
LINE
8
BLACK
6
CONTINUOUS
10
2.502740433070866
20
-2.8250704724409448
11
2.500640433070866
21
-2.8315335433070867
0
LINE
8
BLACK
6
CONTINUOUS
10
2.500640433070866
20
-2.8315335433070867
11
2.497555275590551
21
-2.8375885039370079
0
LINE
8
BLACK
6
CONTINUOUS
10
2.497555275590551
20
-2.8375885039370079
11
2.4935609055118109
21
-2.843086338582677
0
LINE
8
BLACK
6
CONTINUOUS
10
2.4935609055118109
20
-2.843086338582677
11
2.4887556299212599
21
-2.8478916141732284
0
LINE
8
BLACK
6
CONTINUOUS
10
2.4887556299212599
20
-2.8478916141732284
11
2.4832577952755903
21
-2.8518859842519686
0
LINE
8
BLACK
6
CONTINUOUS
10
2.4832577952755903
20
-2.8518859842519686
11
2.4772028346456691
21
-2.8549711417322836
0
LINE
8
BLACK
6
CONTINUOUS
10
2.4772028346456691
20
-2.8549711417322836
11
2.4707397637795276
21
-2.8570711417322836
0
LINE
8
BLACK
6
CONTINUOUS
10
2.4707397637795276
20
-2.8570711417322836
11
2.4640277559055117
21
-2.8581342125984253
0
LINE
8
BLACK
6
CONTINUOUS
10
2.4640277559055117
20
-2.8581342125984253
11
2.457232086614173
21
-2.8581342125984253
0
LINE
8
BLACK
6
CONTINUOUS
10
2.457232086614173
20
-2.8581342125984253
11
2.4505200787401575
21
-2.8570711417322836
0
LINE
8
BLACK
6
CONTINUOUS
10
2.4505200787401575
20
-2.8570711417322836
11
2.4440570078740156
21
-2.8549711417322836
0
LINE
8
BLACK
6
CONTINUOUS
10
2.4440570078740156
20
-2.8549711417322836
11
2.4380020472440944
21
-2.8518859842519686
0
LINE
8
BLACK
6
CONTINUOUS
10
2.4380020472440944
20
-2.8518859842519686
11
2.4325042125984253
21
-2.8478916141732284
0
LINE
8
BLACK
6
CONTINUOUS
10
2.4325042125984253
20
-2.8478916141732284
11
2.4276989370078739
21
-2.843086338582677
0
LINE
8
BLACK
6
CONTINUOUS
10
2.4276989370078739
20
-2.843086338582677
11
2.4237045669291337
21
-2.8375885039370079
0
LINE
8
BLACK
6
CONTINUOUS
10
2.4237045669291337
20
-2.8375885039370079
11
2.4206194094488187
21
-2.8315335433070867
0
LINE
8
BLACK
6
CONTINUOUS
10
2.4206194094488187
20
-2.8315335433070867
11
2.4185194094488187
21
-2.8250704724409448
0
LINE
8
BLACK
6
CONTINUOUS
10
2.4185194094488187
20
-2.8250704724409448
11
2.4174563385826771
21
-2.8183584645669293
0
LINE
8
BLACK
6
CONTINUOUS
10
2.4174563385826771
20
-2.8183584645669293
11
2.4174563385826771
21
-2.8115627952755906
0
LINE
8
BLACK
6
CONTINUOUS
10
2.4174563385826771
20
-2.8115627952755906
11
2.4185194094488187
21
-2.8048507874015747
0
LINE
8
BLACK
6
CONTINUOUS
10
2.4185194094488187
20
-2.8048507874015747
11
2.4206194094488187
21
-2.7983877165354332
0
LINE
8
BLACK
6
CONTINUOUS
10
2.4206194094488187
20
-2.7983877165354332
11
2.4237045669291337
21
-2.7923327559055116
0
LINE
8
BLACK
6
CONTINUOUS
10
2.4237045669291337
20
-2.7923327559055116
11
2.4276989370078739
21
-2.7868349212598424
0
LINE
8
BLACK
6
CONTINUOUS
10
2.4276989370078739
20
-2.7868349212598424
11
2.4325042125984253
21
-2.7820296456692915
0
LINE
8
BLACK
6
CONTINUOUS
10
2.4325042125984253
20
-2.7820296456692915
11
2.4380020472440944
21
-2.7780352755905513
0
LINE
8
BLACK
6
CONTINUOUS
10
2.4380020472440944
20
-2.7780352755905513
11
2.4440570078740156
21
-2.7749501181102363
0
LINE
8
BLACK
6
CONTINUOUS
10
2.4440570078740156
20
-2.7749501181102363
11
2.4505200787401575
21
-2.7728501181102363
0
LINE
8
BLACK
6
CONTINUOUS
10
2.4505200787401575
20
-2.7728501181102363
11
2.457232086614173
21
-2.7717870472440946
0
LINE
8
BLACK
6
CONTINUOUS
10
2.457232086614173
20
-2.7717870472440946
11
2.4640277559055117
21
-2.7717870472440946
0
LINE
8
BLACK
6
CONTINUOUS
10
2.4640277559055117
20
-2.7717870472440946
11
2.4707397637795276
21
-2.7728501181102363
0
LINE
8
BLACK
6
CONTINUOUS
10
4.7148342519685036
20
-2.7728501181102363
11
4.721297322834646
21
-2.7749501181102363
0
LINE
8
BLACK
6
CONTINUOUS
10
4.721297322834646
20
-2.7749501181102363
11
4.7273522834645672
21
-2.7780352755905513
0
LINE
8
BLACK
6
CONTINUOUS
10
4.7273522834645672
20
-2.7780352755905513
11
4.7328501181102363
21
-2.7820296456692915
0
LINE
8
BLACK
6
CONTINUOUS
10
4.7328501181102363
20
-2.7820296456692915
11
4.7376553937007877
21
-2.7868349212598424
0
LINE
8
BLACK
6
CONTINUOUS
10
4.7376553937007877
20
-2.7868349212598424
11
4.7416497637795274
21
-2.7923327559055116
0
LINE
8
BLACK
6
CONTINUOUS
10
4.7416497637795274
20
-2.7923327559055116
11
4.744734921259842
21
-2.7983877165354332
0
LINE
8
BLACK
6
CONTINUOUS
10
4.744734921259842
20
-2.7983877165354332
11
4.7468349212598424
21
-2.8048507874015747
0
LINE
8
BLACK
6
CONTINUOUS
10
4.7468349212598424
20
-2.8048507874015747
11
4.7478979921259841
21
-2.8115627952755906
0
LINE
8
BLACK
6
CONTINUOUS
10
4.7478979921259841
20
-2.8115627952755906
11
4.7478979921259841
21
-2.8183584645669293
0
LINE
8
BLACK
6
CONTINUOUS
10
4.7478979921259841
20
-2.8183584645669293
11
4.7468349212598424
21
-2.8250704724409448
0
LINE
8
BLACK
6
CONTINUOUS
10
4.7468349212598424
20
-2.8250704724409448
11
4.744734921259842
21
-2.8315335433070867
0
LINE
8
BLACK
6
CONTINUOUS
10
4.744734921259842
20
-2.8315335433070867
11
4.7416497637795274
21
-2.8375885039370079
0
LINE
8
BLACK
6
CONTINUOUS
10
4.7416497637795274
20
-2.8375885039370079
11
4.7376553937007877
21
-2.843086338582677
0
LINE
8
BLACK
6
CONTINUOUS
10
4.7376553937007877
20
-2.843086338582677
11
4.7328501181102363
21
-2.8478916141732284
0
LINE
8
BLACK
6
CONTINUOUS
10
4.7328501181102363
20
-2.8478916141732284
11
4.7273522834645672
21
-2.8518859842519686
0
LINE
8
BLACK
6
CONTINUOUS
10
4.7273522834645672
20
-2.8518859842519686
11
4.721297322834646
21
-2.8549711417322836
0
LINE
8
BLACK
6
CONTINUOUS
10
4.721297322834646
20
-2.8549711417322836
11
4.7148342519685036
21
-2.8570711417322836
0
LINE
8
BLACK
6
CONTINUOUS
10
4.7148342519685036
20
-2.8570711417322836
11
4.7081222440944881
21
-2.8581342125984253
0
LINE
8
BLACK
6
CONTINUOUS
10
4.7081222440944881
20
-2.8581342125984253
11
4.7013265748031499
21
-2.8581342125984253
0
LINE
8
BLACK
6
CONTINUOUS
10
4.7013265748031499
20
-2.8581342125984253
11
4.6946145669291335
21
-2.8570711417322836
0
LINE
8
BLACK
6
CONTINUOUS
10
4.6946145669291335
20
-2.8570711417322836
11
4.688151496062992
21
-2.8549711417322836
0
LINE
8
BLACK
6
CONTINUOUS
10
4.688151496062992
20
-2.8549711417322836
11
4.6820965354330708
21
-2.8518859842519686
0
LINE
8
BLACK
6
CONTINUOUS
10
4.6820965354330708
20
-2.8518859842519686
11
4.6765987007874017
21
-2.8478916141732284
0
LINE
8
BLACK
6
CONTINUOUS
10
4.6765987007874017
20
-2.8478916141732284
11
4.6717934251968503
21
-2.843086338582677
0
LINE
8
BLACK
6
CONTINUOUS
10
4.6717934251968503
20
-2.843086338582677
11
4.6677990551181106
21
-2.8375885039370079
0
LINE
8
BLACK
6
CONTINUOUS
10
4.6677990551181106
20
-2.8375885039370079
11
4.6647138976377951
21
-2.8315335433070867
0
LINE
8
BLACK
6
CONTINUOUS
10
4.6647138976377951
20
-2.8315335433070867
11
4.6626138976377955
21
-2.8250704724409448
0
LINE
8
BLACK
6
CONTINUOUS
10
4.6626138976377955
20
-2.8250704724409448
11
4.661550826771653
21
-2.8183584645669293
0
LINE
8
BLACK
6
CONTINUOUS
10
4.661550826771653
20
-2.8183584645669293
11
4.661550826771653
21
-2.8115627952755906
0
LINE
8
BLACK
6
CONTINUOUS
10
4.661550826771653
20
-2.8115627952755906
11
4.6626138976377955
21
-2.8048507874015747
0
LINE
8
BLACK
6
CONTINUOUS
10
4.6626138976377955
20
-2.8048507874015747
11
4.6647138976377951
21
-2.7983877165354332
0
LINE
8
BLACK
6
CONTINUOUS
10
4.6647138976377951
20
-2.7983877165354332
11
4.6677990551181106
21
-2.7923327559055116
0
LINE
8
BLACK
6
CONTINUOUS
10
4.6677990551181106
20
-2.7923327559055116
11
4.6717934251968503
21
-2.7868349212598424
0
LINE
8
BLACK
6
CONTINUOUS
10
4.6717934251968503
20
-2.7868349212598424
11
4.6765987007874017
21
-2.7820296456692915
0
LINE
8
BLACK
6
CONTINUOUS
10
4.6765987007874017
20
-2.7820296456692915
11
4.6820965354330708
21
-2.7780352755905513
0
LINE
8
BLACK
6
CONTINUOUS
10
4.6820965354330708
20
-2.7780352755905513
11
4.688151496062992
21
-2.7749501181102363
0
LINE
8
BLACK
6
CONTINUOUS
10
4.688151496062992
20
-2.7749501181102363
11
4.6946145669291335
21
-2.7728501181102363
0
LINE
8
BLACK
6
CONTINUOUS
10
4.6946145669291335
20
-2.7728501181102363
11
4.7013265748031499
21
-2.7717870472440946
0
LINE
8
BLACK
6
CONTINUOUS
10
4.7013265748031499
20
-2.7717870472440946
11
4.7081222440944881
21
-2.7717870472440946
0
LINE
8
BLACK
6
CONTINUOUS
10
4.7081222440944881
20
-2.7717870472440946
11
4.7148342519685036
21
-2.7728501181102363
0
LINE
8
BLACK
6
CONTINUOUS
10
5.0857176377952751
20
-2.7948601574803149
11
5.0914219291338583
21
-2.7972229527559054
0
LINE
8
BLACK
6
CONTINUOUS
10
5.0914219291338583
20
-2.7972229527559054
11
5.0965557086614171
21
-2.8006532283464565
0
LINE
8
BLACK
6
CONTINUOUS
10
5.0965557086614171
20
-2.8006532283464565
11
5.1009215748031496
21
-2.805019094488189
0
LINE
8
BLACK
6
CONTINUOUS
10
5.1009215748031496
20
-2.805019094488189
11
5.1043518503937007
21
-2.8101528740157478
0
LINE
8
BLACK
6
CONTINUOUS
10
5.1043518503937007
20
-2.8101528740157478
11
5.1067146456692916
21
-2.8158571653543305
0
LINE
8
BLACK
6
CONTINUOUS
10
5.1067146456692916
20
-2.8158571653543305
11
5.107919212598425
21
-2.8219128346456692
0
LINE
8
BLACK
6
CONTINUOUS
10
5.107919212598425
20
-2.8219128346456692
11
5.107919212598425
21
-2.8280871653543307
0
LINE
8
BLACK
6
CONTINUOUS
10
5.107919212598425
20
-2.8280871653543307
11
5.1067146456692916
21
-2.8341428346456694
0
LINE
8
BLACK
6
CONTINUOUS
10
5.1067146456692916
20
-2.8341428346456694
11
5.1043518503937007
21
-2.8398471259842517
0
LINE
8
BLACK
6
CONTINUOUS
10
5.1043518503937007
20
-2.8398471259842517
11
5.1009215748031496
21
-2.8449809055118109
0
LINE
8
BLACK
6
CONTINUOUS
10
5.1009215748031496
20
-2.8449809055118109
11
5.0965557086614171
21
-2.8493467716535434
0
LINE
8
BLACK
6
CONTINUOUS
10
5.0965557086614171
20
-2.8493467716535434
11
5.0914219291338583
21
-2.8527770472440945
0
LINE
8
BLACK
6
CONTINUOUS
10
5.0914219291338583
20
-2.8527770472440945
11
5.0857176377952751
21
-2.855139842519685
0
LINE
8
BLACK
6
CONTINUOUS
10
5.0857176377952751
20
-2.855139842519685
11
5.0796619685039373
21
-2.8563444094488188
0
LINE
8
BLACK
6
CONTINUOUS
10
5.0796619685039373
20
-2.8563444094488188
11
5.0734876377952753
21
-2.8563444094488188
0
LINE
8
BLACK
6
CONTINUOUS
10
5.0734876377952753
20
-2.8563444094488188
11
5.0674319685039366
21
-2.855139842519685
0
LINE
8
BLACK
6
CONTINUOUS
10
5.0674319685039366
20
-2.855139842519685
11
5.0617276771653543
21
-2.8527770472440945
0
LINE
8
BLACK
6
CONTINUOUS
10
5.0617276771653543
20
-2.8527770472440945
11
5.0565938976377955
21
-2.8493467716535434
0
LINE
8
BLACK
6
CONTINUOUS
10
5.0565938976377955
20
-2.8493467716535434
11
5.052228031496063
21
-2.8449809055118109
0
LINE
8
BLACK
6
CONTINUOUS
10
5.052228031496063
20
-2.8449809055118109
11
5.0487977559055119
21
-2.8398471259842517
0
LINE
8
BLACK
6
CONTINUOUS
10
5.0487977559055119
20
-2.8398471259842517
11
5.046434960629921
21
-2.8341428346456694
0
LINE
8
BLACK
6
CONTINUOUS
10
5.046434960629921
20
-2.8341428346456694
11
5.0452303937007876
21
-2.8280871653543307
0
LINE
8
BLACK
6
CONTINUOUS
10
5.0452303937007876
20
-2.8280871653543307
11
5.0452303937007876
21
-2.8219128346456692
0
LINE
8
BLACK
6
CONTINUOUS
10
5.0452303937007876
20
-2.8219128346456692
11
5.046434960629921
21
-2.8158571653543305
0
LINE
8
BLACK
6
CONTINUOUS
10
5.046434960629921
20
-2.8158571653543305
11
5.0487977559055119
21
-2.8101528740157478
0
LINE
8
BLACK
6
CONTINUOUS
10
5.0487977559055119
20
-2.8101528740157478
11
5.052228031496063
21
-2.805019094488189
0
LINE
8
BLACK
6
CONTINUOUS
10
5.052228031496063
20
-2.805019094488189
11
5.0565938976377955
21
-2.8006532283464565
0
LINE
8
BLACK
6
CONTINUOUS
10
5.0565938976377955
20
-2.8006532283464565
11
5.0617276771653543
21
-2.7972229527559054
0
LINE
8
BLACK
6
CONTINUOUS
10
5.0617276771653543
20
-2.7972229527559054
11
5.0674319685039366
21
-2.7948601574803149
0
LINE
8
BLACK
6
CONTINUOUS
10
5.0674319685039366
20
-2.7948601574803149
11
5.0734876377952753
21
-2.7936555905511811
0
LINE
8
BLACK
6
CONTINUOUS
10
5.0734876377952753
20
-2.7936555905511811
11
5.0796619685039373
21
-2.7936555905511811
0
LINE
8
BLACK
6
CONTINUOUS
10
5.0796619685039373
20
-2.7936555905511811
11
5.0857176377952751
21
-2.7948601574803149
0
LINE
8
BLACK
6
CONTINUOUS
10
5.282568031496063
20
-2.7948601574803149
11
5.2882723228346453
21
-2.7972229527559054
0
LINE
8
BLACK
6
CONTINUOUS
10
5.2882723228346453
20
-2.7972229527559054
11
5.293406102362205
21
-2.8006532283464565
0
LINE
8
BLACK
6
CONTINUOUS
10
5.293406102362205
20
-2.8006532283464565
11
5.2977719685039366
21
-2.805019094488189
0
LINE
8
BLACK
6
CONTINUOUS
10
5.2977719685039366
20
-2.805019094488189
11
5.3012022440944877
21
-2.8101528740157478
0
LINE
8
BLACK
6
CONTINUOUS
10
5.3012022440944877
20
-2.8101528740157478
11
5.3035650393700786
21
-2.8158571653543305
0
LINE
8
BLACK
6
CONTINUOUS
10
5.3035650393700786
20
-2.8158571653543305
11
5.3047696062992129
21
-2.8219128346456692
0
LINE
8
BLACK
6
CONTINUOUS
10
5.3047696062992129
20
-2.8219128346456692
11
5.3047696062992129
21
-2.8280871653543307
0
LINE
8
BLACK
6
CONTINUOUS
10
5.3047696062992129
20
-2.8280871653543307
11
5.3035650393700786
21
-2.8341428346456694
0
LINE
8
BLACK
6
CONTINUOUS
10
5.3035650393700786
20
-2.8341428346456694
11
5.3012022440944877
21
-2.8398471259842517
0
LINE
8
BLACK
6
CONTINUOUS
10
5.3012022440944877
20
-2.8398471259842517
11
5.2977719685039366
21
-2.8449809055118109
0
LINE
8
BLACK
6
CONTINUOUS
10
5.2977719685039366
20
-2.8449809055118109
11
5.293406102362205
21
-2.8493467716535434
0
LINE
8
BLACK
6
CONTINUOUS
10
5.293406102362205
20
-2.8493467716535434
11
5.2882723228346453
21
-2.8527770472440945
0
LINE
8
BLACK
6
CONTINUOUS
10
5.2882723228346453
20
-2.8527770472440945
11
5.282568031496063
21
-2.855139842519685
0
LINE
8
BLACK
6
CONTINUOUS
10
5.282568031496063
20
-2.855139842519685
11
5.2765123622047243
21
-2.8563444094488188
0
LINE
8
BLACK
6
CONTINUOUS
10
5.2765123622047243
20
-2.8563444094488188
11
5.2703380314960633
21
-2.8563444094488188
0
LINE
8
BLACK
6
CONTINUOUS
10
5.2703380314960633
20
-2.8563444094488188
11
5.2642823622047246
21
-2.855139842519685
0
LINE
8
BLACK
6
CONTINUOUS
10
5.2642823622047246
20
-2.855139842519685
11
5.2585780708661414
21
-2.8527770472440945
0
LINE
8
BLACK
6
CONTINUOUS
10
5.2585780708661414
20
-2.8527770472440945
11
5.2534442913385826
21
-2.8493467716535434
0
LINE
8
BLACK
6
CONTINUOUS
10
5.2534442913385826
20
-2.8493467716535434
11
5.2490784251968501
21
-2.8449809055118109
0
LINE
8
BLACK
6
CONTINUOUS
10
5.2490784251968501
20
-2.8449809055118109
11
5.245648149606299
21
-2.8398471259842517
0
LINE
8
BLACK
6
CONTINUOUS
10
5.245648149606299
20
-2.8398471259842517
11
5.243285354330709
21
-2.8341428346456694
0
LINE
8
BLACK
6
CONTINUOUS
10
5.243285354330709
20
-2.8341428346456694
11
5.2420807874015747
21
-2.8280871653543307
0
LINE
8
BLACK
6
CONTINUOUS
10
5.2420807874015747
20
-2.8280871653543307
11
5.2420807874015747
21
-2.8219128346456692
0
LINE
8
BLACK
6
CONTINUOUS
10
5.2420807874015747
20
-2.8219128346456692
11
5.243285354330709
21
-2.8158571653543305
0
LINE
8
BLACK
6
CONTINUOUS
10
5.243285354330709
20
-2.8158571653543305
11
5.245648149606299
21
-2.8101528740157478
0
LINE
8
BLACK
6
CONTINUOUS
10
5.245648149606299
20
-2.8101528740157478
11
5.2490784251968501
21
-2.805019094488189
0
LINE
8
BLACK
6
CONTINUOUS
10
5.2490784251968501
20
-2.805019094488189
11
5.2534442913385826
21
-2.8006532283464565
0
LINE
8
BLACK
6
CONTINUOUS
10
5.2534442913385826
20
-2.8006532283464565
11
5.2585780708661414
21
-2.7972229527559054
0
LINE
8
BLACK
6
CONTINUOUS
10
5.2585780708661414
20
-2.7972229527559054
11
5.2642823622047246
21
-2.7948601574803149
0
LINE
8
BLACK
6
CONTINUOUS
10
5.2642823622047246
20
-2.7948601574803149
11
5.2703380314960633
21
-2.7936555905511811
0
LINE
8
BLACK
6
CONTINUOUS
10
5.2703380314960633
20
-2.7936555905511811
11
5.2765123622047243
21
-2.7936555905511811
0
LINE
8
BLACK
6
CONTINUOUS
10
5.2765123622047243
20
-2.7936555905511811
11
5.282568031496063
21
-2.7948601574803149
0
LINE
8
BLACK
6
CONTINUOUS
10
3.5774960629921257
20
-2.852503937007874
11
3.5094960629921257
21
-2.852503937007874
0
LINE
8
BLACK
6
CONTINUOUS
10
3.5094960629921257
20
-2.852503937007874
11
3.5094960629921257
21
-2.7845039370078739
0
LINE
8
BLACK
6
CONTINUOUS
10
3.5094960629921257
20
-2.7845039370078739
11
3.5774960629921257
21
-2.7845039370078739
0
LINE
8
BLACK
6
CONTINUOUS
10
3.5774960629921257
20
-2.7845039370078739
11
3.5774960629921257
21
-2.852503937007874
0
LINE
8
BLACK
6
CONTINUOUS
10
3.2533657480314959
20
-2.7859679527559056
11
3.2595235433070866
21
-2.7885186220472442
0
LINE
8
BLACK
6
CONTINUOUS
10
3.2595235433070866
20
-2.7885186220472442
11
3.2650654330708662
21
-2.7922215748031496
0
LINE
8
BLACK
6
CONTINUOUS
10
3.2650654330708662
20
-2.7922215748031496
11
3.2697784251968502
21
-2.7969345669291337
0
LINE
8
BLACK
6
CONTINUOUS
10
3.2697784251968502
20
-2.7969345669291337
11
3.2734813779527556
21
-2.8024764566929132
0
LINE
8
BLACK
6
CONTINUOUS
10
3.2734813779527556
20
-2.8024764566929132
11
3.2760320472440942
21
-2.8086342519685039
0
LINE
8
BLACK
6
CONTINUOUS
10
3.2760320472440942
20
-2.8086342519685039
11
3.2773323622047243
21
-2.8151713385826773
0
LINE
8
BLACK
6
CONTINUOUS
10
3.2773323622047243
20
-2.8151713385826773
11
3.2773323622047243
21
-2.821836535433071
0
LINE
8
BLACK
6
CONTINUOUS
10
3.2773323622047243
20
-2.821836535433071
11
3.2760320472440942
21
-2.828373622047244
0
LINE
8
BLACK
6
CONTINUOUS
10
3.2760320472440942
20
-2.828373622047244
11
3.2734813779527556
21
-2.8345314173228346
0
LINE
8
BLACK
6
CONTINUOUS
10
3.2734813779527556
20
-2.8345314173228346
11
3.2697784251968502
21
-2.8400733070866142
0
LINE
8
BLACK
6
CONTINUOUS
10
3.2697784251968502
20
-2.8400733070866142
11
3.2650654330708662
21
-2.8447862992125983
0
LINE
8
BLACK
6
CONTINUOUS
10
3.2650654330708662
20
-2.8447862992125983
11
3.2595235433070866
21
-2.8484892519685037
0
LINE
8
BLACK
6
CONTINUOUS
10
3.2595235433070866
20
-2.8484892519685037
11
3.2533657480314959
21
-2.8510399212598423
0
LINE
8
BLACK
6
CONTINUOUS
10
3.2533657480314959
20
-2.8510399212598423
11
3.246828661417323
21
-2.8523402362204724
0
LINE
8
BLACK
6
CONTINUOUS
10
3.246828661417323
20
-2.8523402362204724
11
3.2401634645669293
21
-2.8523402362204724
0
LINE
8
BLACK
6
CONTINUOUS
10
3.2401634645669293
20
-2.8523402362204724
11
3.2336263779527559
21
-2.8510399212598423
0
LINE
8
BLACK
6
CONTINUOUS
10
3.2336263779527559
20
-2.8510399212598423
11
3.2274685826771652
21
-2.8484892519685037
0
LINE
8
BLACK
6
CONTINUOUS
10
3.2274685826771652
20
-2.8484892519685037
11
3.2219266929133856
21
-2.8447862992125983
0
LINE
8
BLACK
6
CONTINUOUS
10
3.2219266929133856
20
-2.8447862992125983
11
3.2172137007874015
21
-2.8400733070866142
0
LINE
8
BLACK
6
CONTINUOUS
10
3.2172137007874015
20
-2.8400733070866142
11
3.2135107480314962
21
-2.8345314173228346
0
LINE
8
BLACK
6
CONTINUOUS
10
3.2135107480314962
20
-2.8345314173228346
11
3.2109600787401575
21
-2.828373622047244
0
LINE
8
BLACK
6
CONTINUOUS
10
3.2109600787401575
20
-2.828373622047244
11
3.2096597637795274
21
-2.821836535433071
0
LINE
8
BLACK
6
CONTINUOUS
10
3.2096597637795274
20
-2.821836535433071
11
3.2096597637795274
21
-2.8151713385826773
0
LINE
8
BLACK
6
CONTINUOUS
10
3.2096597637795274
20
-2.8151713385826773
11
3.2109600787401575
21
-2.8086342519685039
0
LINE
8
BLACK
6
CONTINUOUS
10
3.2109600787401575
20
-2.8086342519685039
11
3.2135107480314962
21
-2.8024764566929132
0
LINE
8
BLACK
6
CONTINUOUS
10
3.2135107480314962
20
-2.8024764566929132
11
3.2172137007874015
21
-2.7969345669291337
0
LINE
8
BLACK
6
CONTINUOUS
10
3.2172137007874015
20
-2.7969345669291337
11
3.2219266929133856
21
-2.7922215748031496
0
LINE
8
BLACK
6
CONTINUOUS
10
3.2219266929133856
20
-2.7922215748031496
11
3.2274685826771652
21
-2.7885186220472442
0
LINE
8
BLACK
6
CONTINUOUS
10
3.2274685826771652
20
-2.7885186220472442
11
3.2336263779527559
21
-2.7859679527559056
0
LINE
8
BLACK
6
CONTINUOUS
10
3.2336263779527559
20
-2.7859679527559056
11
3.2401634645669293
21
-2.7846676377952755
0
LINE
8
BLACK
6
CONTINUOUS
10
3.2401634645669293
20
-2.7846676377952755
11
3.246828661417323
21
-2.7846676377952755
0
LINE
8
BLACK
6
CONTINUOUS
10
3.246828661417323
20
-2.7846676377952755
11
3.2533657480314959
21
-2.7859679527559056
0
LINE
8
BLACK
6
CONTINUOUS
10
3.353365748031496
20
-2.7859679527559056
11
3.3595235433070867
21
-2.7885186220472442
0
LINE
8
BLACK
6
CONTINUOUS
10
3.3595235433070867
20
-2.7885186220472442
11
3.3650654330708663
21
-2.7922215748031496
0
LINE
8
BLACK
6
CONTINUOUS
10
3.3650654330708663
20
-2.7922215748031496
11
3.3697784251968503
21
-2.7969345669291337
0
LINE
8
BLACK
6
CONTINUOUS
10
3.3697784251968503
20
-2.7969345669291337
11
3.3734813779527557
21
-2.8024764566929132
0
LINE
8
BLACK
6
CONTINUOUS
10
3.3734813779527557
20
-2.8024764566929132
11
3.3760320472440943
21
-2.8086342519685039
0
LINE
8
BLACK
6
CONTINUOUS
10
3.3760320472440943
20
-2.8086342519685039
11
3.3773323622047244
21
-2.8151713385826773
0
LINE
8
BLACK
6
CONTINUOUS
10
3.3773323622047244
20
-2.8151713385826773
11
3.3773323622047244
21
-2.821836535433071
0
LINE
8
BLACK
6
CONTINUOUS
10
3.3773323622047244
20
-2.821836535433071
11
3.3760320472440943
21
-2.828373622047244
0
LINE
8
BLACK
6
CONTINUOUS
10
3.3760320472440943
20
-2.828373622047244
11
3.3734813779527557
21
-2.8345314173228346
0
LINE
8
BLACK
6
CONTINUOUS
10
3.3734813779527557
20
-2.8345314173228346
11
3.3697784251968503
21
-2.8400733070866142
0
LINE
8
BLACK
6
CONTINUOUS
10
3.3697784251968503
20
-2.8400733070866142
11
3.3650654330708663
21
-2.8447862992125983
0
LINE
8
BLACK
6
CONTINUOUS
10
3.3650654330708663
20
-2.8447862992125983
11
3.3595235433070867
21
-2.8484892519685037
0
LINE
8
BLACK
6
CONTINUOUS
10
3.3595235433070867
20
-2.8484892519685037
11
3.353365748031496
21
-2.8510399212598423
0
LINE
8
BLACK
6
CONTINUOUS
10
3.353365748031496
20
-2.8510399212598423
11
3.3468286614173226
21
-2.8523402362204724
0
LINE
8
BLACK
6
CONTINUOUS
10
3.3468286614173226
20
-2.8523402362204724
11
3.3401634645669289
21
-2.8523402362204724
0
LINE
8
BLACK
6
CONTINUOUS
10
3.3401634645669289
20
-2.8523402362204724
11
3.333626377952756
21
-2.8510399212598423
0
LINE
8
BLACK
6
CONTINUOUS
10
3.333626377952756
20
-2.8510399212598423
11
3.3274685826771653
21
-2.8484892519685037
0
LINE
8
BLACK
6
CONTINUOUS
10
3.3274685826771653
20
-2.8484892519685037
11
3.3219266929133857
21
-2.8447862992125983
0
LINE
8
BLACK
6
CONTINUOUS
10
3.3219266929133857
20
-2.8447862992125983
11
3.3172137007874016
21
-2.8400733070866142
0
LINE
8
BLACK
6
CONTINUOUS
10
3.3172137007874016
20
-2.8400733070866142
11
3.3135107480314958
21
-2.8345314173228346
0
LINE
8
BLACK
6
CONTINUOUS
10
3.3135107480314958
20
-2.8345314173228346
11
3.3109600787401572
21
-2.828373622047244
0
LINE
8
BLACK
6
CONTINUOUS
10
3.3109600787401572
20
-2.828373622047244
11
3.3096597637795275
21
-2.821836535433071
0
LINE
8
BLACK
6
CONTINUOUS
10
3.3096597637795275
20
-2.821836535433071
11
3.3096597637795275
21
-2.8151713385826773
0
LINE
8
BLACK
6
CONTINUOUS
10
3.3096597637795275
20
-2.8151713385826773
11
3.3109600787401572
21
-2.8086342519685039
0
LINE
8
BLACK
6
CONTINUOUS
10
3.3109600787401572
20
-2.8086342519685039
11
3.3135107480314958
21
-2.8024764566929132
0
LINE
8
BLACK
6
CONTINUOUS
10
3.3135107480314958
20
-2.8024764566929132
11
3.3172137007874016
21
-2.7969345669291337
0
LINE
8
BLACK
6
CONTINUOUS
10
3.3172137007874016
20
-2.7969345669291337
11
3.3219266929133857
21
-2.7922215748031496
0
LINE
8
BLACK
6
CONTINUOUS
10
3.3219266929133857
20
-2.7922215748031496
11
3.3274685826771653
21
-2.7885186220472442
0
LINE
8
BLACK
6
CONTINUOUS
10
3.3274685826771653
20
-2.7885186220472442
11
3.333626377952756
21
-2.7859679527559056
0
LINE
8
BLACK
6
CONTINUOUS
10
3.333626377952756
20
-2.7859679527559056
11
3.3401634645669289
21
-2.7846676377952755
0
LINE
8
BLACK
6
CONTINUOUS
10
3.3401634645669289
20
-2.7846676377952755
11
3.3468286614173226
21
-2.7846676377952755
0
LINE
8
BLACK
6
CONTINUOUS
10
3.3468286614173226
20
-2.7846676377952755
11
3.353365748031496
21
-2.7859679527559056
0
LINE
8
BLACK
6
CONTINUOUS
10
3.4533657480314961
20
-2.7859679527559056
11
3.4595235433070863
21
-2.7885186220472442
0
LINE
8
BLACK
6
CONTINUOUS
10
3.4595235433070863
20
-2.7885186220472442
11
3.4650654330708659
21
-2.7922215748031496
0
LINE
8
BLACK
6
CONTINUOUS
10
3.4650654330708659
20
-2.7922215748031496
11
3.4697784251968504
21
-2.7969345669291337
0
LINE
8
BLACK
6
CONTINUOUS
10
3.4697784251968504
20
-2.7969345669291337
11
3.4734813779527558
21
-2.8024764566929132
0
LINE
8
BLACK
6
CONTINUOUS
10
3.4734813779527558
20
-2.8024764566929132
11
3.4760320472440944
21
-2.8086342519685039
0
LINE
8
BLACK
6
CONTINUOUS
10
3.4760320472440944
20
-2.8086342519685039
11
3.4773323622047245
21
-2.8151713385826773
0
LINE
8
BLACK
6
CONTINUOUS
10
3.4773323622047245
20
-2.8151713385826773
11
3.4773323622047245
21
-2.821836535433071
0
LINE
8
BLACK
6
CONTINUOUS
10
3.4773323622047245
20
-2.821836535433071
11
3.4760320472440944
21
-2.828373622047244
0
LINE
8
BLACK
6
CONTINUOUS
10
3.4760320472440944
20
-2.828373622047244
11
3.4734813779527558
21
-2.8345314173228346
0
LINE
8
BLACK
6
CONTINUOUS
10
3.4734813779527558
20
-2.8345314173228346
11
3.4697784251968504
21
-2.8400733070866142
0
LINE
8
BLACK
6
CONTINUOUS
10
3.4697784251968504
20
-2.8400733070866142
11
3.4650654330708659
21
-2.8447862992125983
0
LINE
8
BLACK
6
CONTINUOUS
10
3.4650654330708659
20
-2.8447862992125983
11
3.4595235433070863
21
-2.8484892519685037
0
LINE
8
BLACK
6
CONTINUOUS
10
3.4595235433070863
20
-2.8484892519685037
11
3.4533657480314961
21
-2.8510399212598423
0
LINE
8
BLACK
6
CONTINUOUS
10
3.4533657480314961
20
-2.8510399212598423
11
3.4468286614173227
21
-2.8523402362204724
0
LINE
8
BLACK
6
CONTINUOUS
10
3.4468286614173227
20
-2.8523402362204724
11
3.440163464566929
21
-2.8523402362204724
0
LINE
8
BLACK
6
CONTINUOUS
10
3.440163464566929
20
-2.8523402362204724
11
3.433626377952756
21
-2.8510399212598423
0
LINE
8
BLACK
6
CONTINUOUS
10
3.433626377952756
20
-2.8510399212598423
11
3.4274685826771654
21
-2.8484892519685037
0
LINE
8
BLACK
6
CONTINUOUS
10
3.4274685826771654
20
-2.8484892519685037
11
3.4219266929133858
21
-2.8447862992125983
0
LINE
8
BLACK
6
CONTINUOUS
10
3.4219266929133858
20
-2.8447862992125983
11
3.4172137007874013
21
-2.8400733070866142
0
LINE
8
BLACK
6
CONTINUOUS
10
3.4172137007874013
20
-2.8400733070866142
11
3.4135107480314959
21
-2.8345314173228346
0
LINE
8
BLACK
6
CONTINUOUS
10
3.4135107480314959
20
-2.8345314173228346
11
3.4109600787401573
21
-2.828373622047244
0
LINE
8
BLACK
6
CONTINUOUS
10
3.4109600787401573
20
-2.828373622047244
11
3.4096597637795276
21
-2.821836535433071
0
LINE
8
BLACK
6
CONTINUOUS
10
3.4096597637795276
20
-2.821836535433071
11
3.4096597637795276
21
-2.8151713385826773
0
LINE
8
BLACK
6
CONTINUOUS
10
3.4096597637795276
20
-2.8151713385826773
11
3.4109600787401573
21
-2.8086342519685039
0
LINE
8
BLACK
6
CONTINUOUS
10
3.4109600787401573
20
-2.8086342519685039
11
3.4135107480314959
21
-2.8024764566929132
0
LINE
8
BLACK
6
CONTINUOUS
10
3.4135107480314959
20
-2.8024764566929132
11
3.4172137007874013
21
-2.7969345669291337
0
LINE
8
BLACK
6
CONTINUOUS
10
3.4172137007874013
20
-2.7969345669291337
11
3.4219266929133858
21
-2.7922215748031496
0
LINE
8
BLACK
6
CONTINUOUS
10
3.4219266929133858
20
-2.7922215748031496
11
3.4274685826771654
21
-2.7885186220472442
0
LINE
8
BLACK
6
CONTINUOUS
10
3.4274685826771654
20
-2.7885186220472442
11
3.433626377952756
21
-2.7859679527559056
0
LINE
8
BLACK
6
CONTINUOUS
10
3.433626377952756
20
-2.7859679527559056
11
3.440163464566929
21
-2.7846676377952755
0
LINE
8
BLACK
6
CONTINUOUS
10
3.440163464566929
20
-2.7846676377952755
11
3.4468286614173227
21
-2.7846676377952755
0
LINE
8
BLACK
6
CONTINUOUS
10
3.4468286614173227
20
-2.7846676377952755
11
3.4533657480314961
21
-2.7859679527559056
0
LINE
8
BLACK
6
CONTINUOUS
10
3.6533657480314958
20
-2.7859679527559056
11
3.6595235433070865
21
-2.7885186220472442
0
LINE
8
BLACK
6
CONTINUOUS
10
3.6595235433070865
20
-2.7885186220472442
11
3.6650654330708661
21
-2.7922215748031496
0
LINE
8
BLACK
6
CONTINUOUS
10
3.6650654330708661
20
-2.7922215748031496
11
3.6697784251968502
21
-2.7969345669291337
0
LINE
8
BLACK
6
CONTINUOUS
10
3.6697784251968502
20
-2.7969345669291337
11
3.673481377952756
21
-2.8024764566929132
0
LINE
8
BLACK
6
CONTINUOUS
10
3.673481377952756
20
-2.8024764566929132
11
3.6760320472440946
21
-2.8086342519685039
0
LINE
8
BLACK
6
CONTINUOUS
10
3.6760320472440946
20
-2.8086342519685039
11
3.6773323622047243
21
-2.8151713385826773
0
LINE
8
BLACK
6
CONTINUOUS
10
3.6773323622047243
20
-2.8151713385826773
11
3.6773323622047243
21
-2.821836535433071
0
LINE
8
BLACK
6
CONTINUOUS
10
3.6773323622047243
20
-2.821836535433071
11
3.6760320472440946
21
-2.828373622047244
0
LINE
8
BLACK
6
CONTINUOUS
10
3.6760320472440946
20
-2.828373622047244
11
3.673481377952756
21
-2.8345314173228346
0
LINE
8
BLACK
6
CONTINUOUS
10
3.673481377952756
20
-2.8345314173228346
11
3.6697784251968502
21
-2.8400733070866142
0
LINE
8
BLACK
6
CONTINUOUS
10
3.6697784251968502
20
-2.8400733070866142
11
3.6650654330708661
21
-2.8447862992125983
0
LINE
8
BLACK
6
CONTINUOUS
10
3.6650654330708661
20
-2.8447862992125983
11
3.6595235433070865
21
-2.8484892519685037
0
LINE
8
BLACK
6
CONTINUOUS
10
3.6595235433070865
20
-2.8484892519685037
11
3.6533657480314958
21
-2.8510399212598423
0
LINE
8
BLACK
6
CONTINUOUS
10
3.6533657480314958
20
-2.8510399212598423
11
3.6468286614173229
21
-2.8523402362204724
0
LINE
8
BLACK
6
CONTINUOUS
10
3.6468286614173229
20
-2.8523402362204724
11
3.6401634645669292
21
-2.8523402362204724
0
LINE
8
BLACK
6
CONTINUOUS
10
3.6401634645669292
20
-2.8523402362204724
11
3.6336263779527558
21
-2.8510399212598423
0
LINE
8
BLACK
6
CONTINUOUS
10
3.6336263779527558
20
-2.8510399212598423
11
3.6274685826771651
21
-2.8484892519685037
0
LINE
8
BLACK
6
CONTINUOUS
10
3.6274685826771651
20
-2.8484892519685037
11
3.6219266929133855
21
-2.8447862992125983
0
LINE
8
BLACK
6
CONTINUOUS
10
3.6219266929133855
20
-2.8447862992125983
11
3.6172137007874015
21
-2.8400733070866142
0
LINE
8
BLACK
6
CONTINUOUS
10
3.6172137007874015
20
-2.8400733070866142
11
3.6135107480314961
21
-2.8345314173228346
0
LINE
8
BLACK
6
CONTINUOUS
10
3.6135107480314961
20
-2.8345314173228346
11
3.6109600787401575
21
-2.828373622047244
0
LINE
8
BLACK
6
CONTINUOUS
10
3.6109600787401575
20
-2.828373622047244
11
3.6096597637795274
21
-2.821836535433071
0
LINE
8
BLACK
6
CONTINUOUS
10
3.6096597637795274
20
-2.821836535433071
11
3.6096597637795274
21
-2.8151713385826773
0
LINE
8
BLACK
6
CONTINUOUS
10
3.6096597637795274
20
-2.8151713385826773
11
3.6109600787401575
21
-2.8086342519685039
0
LINE
8
BLACK
6
CONTINUOUS
10
3.6109600787401575
20
-2.8086342519685039
11
3.6135107480314961
21
-2.8024764566929132
0
LINE
8
BLACK
6
CONTINUOUS
10
3.6135107480314961
20
-2.8024764566929132
11
3.6172137007874015
21
-2.7969345669291337
0
LINE
8
BLACK
6
CONTINUOUS
10
3.6172137007874015
20
-2.7969345669291337
11
3.6219266929133855
21
-2.7922215748031496
0
LINE
8
BLACK
6
CONTINUOUS
10
3.6219266929133855
20
-2.7922215748031496
11
3.6274685826771651
21
-2.7885186220472442
0
LINE
8
BLACK
6
CONTINUOUS
10
3.6274685826771651
20
-2.7885186220472442
11
3.6336263779527558
21
-2.7859679527559056
0
LINE
8
BLACK
6
CONTINUOUS
10
3.6336263779527558
20
-2.7859679527559056
11
3.6401634645669292
21
-2.7846676377952755
0
LINE
8
BLACK
6
CONTINUOUS
10
3.6401634645669292
20
-2.7846676377952755
11
3.6468286614173229
21
-2.7846676377952755
0
LINE
8
BLACK
6
CONTINUOUS
10
3.6468286614173229
20
-2.7846676377952755
11
3.6533657480314958
21
-2.7859679527559056
0
LINE
8
BLACK
6
CONTINUOUS
10
3.7533657480314959
20
-2.7859679527559056
11
3.7595235433070866
21
-2.7885186220472442
0
LINE
8
BLACK
6
CONTINUOUS
10
3.7595235433070866
20
-2.7885186220472442
11
3.7650654330708662
21
-2.7922215748031496
0
LINE
8
BLACK
6
CONTINUOUS
10
3.7650654330708662
20
-2.7922215748031496
11
3.7697784251968502
21
-2.7969345669291337
0
LINE
8
BLACK
6
CONTINUOUS
10
3.7697784251968502
20
-2.7969345669291337
11
3.7734813779527556
21
-2.8024764566929132
0
LINE
8
BLACK
6
CONTINUOUS
10
3.7734813779527556
20
-2.8024764566929132
11
3.7760320472440942
21
-2.8086342519685039
0
LINE
8
BLACK
6
CONTINUOUS
10
3.7760320472440942
20
-2.8086342519685039
11
3.7773323622047243
21
-2.8151713385826773
0
LINE
8
BLACK
6
CONTINUOUS
10
3.7773323622047243
20
-2.8151713385826773
11
3.7773323622047243
21
-2.821836535433071
0
LINE
8
BLACK
6
CONTINUOUS
10
3.7773323622047243
20
-2.821836535433071
11
3.7760320472440942
21
-2.828373622047244
0
LINE
8
BLACK
6
CONTINUOUS
10
3.7760320472440942
20
-2.828373622047244
11
3.7734813779527556
21
-2.8345314173228346
0
LINE
8
BLACK
6
CONTINUOUS
10
3.7734813779527556
20
-2.8345314173228346
11
3.7697784251968502
21
-2.8400733070866142
0
LINE
8
BLACK
6
CONTINUOUS
10
3.7697784251968502
20
-2.8400733070866142
11
3.7650654330708662
21
-2.8447862992125983
0
LINE
8
BLACK
6
CONTINUOUS
10
3.7650654330708662
20
-2.8447862992125983
11
3.7595235433070866
21
-2.8484892519685037
0
LINE
8
BLACK
6
CONTINUOUS
10
3.7595235433070866
20
-2.8484892519685037
11
3.7533657480314959
21
-2.8510399212598423
0
LINE
8
BLACK
6
CONTINUOUS
10
3.7533657480314959
20
-2.8510399212598423
11
3.746828661417323
21
-2.8523402362204724
0
LINE
8
BLACK
6
CONTINUOUS
10
3.746828661417323
20
-2.8523402362204724
11
3.7401634645669288
21
-2.8523402362204724
0
LINE
8
BLACK
6
CONTINUOUS
10
3.7401634645669288
20
-2.8523402362204724
11
3.7336263779527559
21
-2.8510399212598423
0
LINE
8
BLACK
6
CONTINUOUS
10
3.7336263779527559
20
-2.8510399212598423
11
3.7274685826771652
21
-2.8484892519685037
0
LINE
8
BLACK
6
CONTINUOUS
10
3.7274685826771652
20
-2.8484892519685037
11
3.7219266929133856
21
-2.8447862992125983
0
LINE
8
BLACK
6
CONTINUOUS
10
3.7219266929133856
20
-2.8447862992125983
11
3.7172137007874015
21
-2.8400733070866142
0
LINE
8
BLACK
6
CONTINUOUS
10
3.7172137007874015
20
-2.8400733070866142
11
3.7135107480314962
21
-2.8345314173228346
0
LINE
8
BLACK
6
CONTINUOUS
10
3.7135107480314962
20
-2.8345314173228346
11
3.7109600787401575
21
-2.828373622047244
0
LINE
8
BLACK
6
CONTINUOUS
10
3.7109600787401575
20
-2.828373622047244
11
3.7096597637795274
21
-2.821836535433071
0
LINE
8
BLACK
6
CONTINUOUS
10
3.7096597637795274
20
-2.821836535433071
11
3.7096597637795274
21
-2.8151713385826773
0
LINE
8
BLACK
6
CONTINUOUS
10
3.7096597637795274
20
-2.8151713385826773
11
3.7109600787401575
21
-2.8086342519685039
0
LINE
8
BLACK
6
CONTINUOUS
10
3.7109600787401575
20
-2.8086342519685039
11
3.7135107480314962
21
-2.8024764566929132
0
LINE
8
BLACK
6
CONTINUOUS
10
3.7135107480314962
20
-2.8024764566929132
11
3.7172137007874015
21
-2.7969345669291337
0
LINE
8
BLACK
6
CONTINUOUS
10
3.7172137007874015
20
-2.7969345669291337
11
3.7219266929133856
21
-2.7922215748031496
0
LINE
8
BLACK
6
CONTINUOUS
10
3.7219266929133856
20
-2.7922215748031496
11
3.7274685826771652
21
-2.7885186220472442
0
LINE
8
BLACK
6
CONTINUOUS
10
3.7274685826771652
20
-2.7885186220472442
11
3.7336263779527559
21
-2.7859679527559056
0
LINE
8
BLACK
6
CONTINUOUS
10
3.7336263779527559
20
-2.7859679527559056
11
3.7401634645669288
21
-2.7846676377952755
0
LINE
8
BLACK
6
CONTINUOUS
10
3.7401634645669288
20
-2.7846676377952755
11
3.746828661417323
21
-2.7846676377952755
0
LINE
8
BLACK
6
CONTINUOUS
10
3.746828661417323
20
-2.7846676377952755
11
3.7533657480314959
21
-2.7859679527559056
0
LINE
8
BLACK
6
CONTINUOUS
10
3.853365748031496
20
-2.7859679527559056
11
3.8595235433070867
21
-2.7885186220472442
0
LINE
8
BLACK
6
CONTINUOUS
10
3.8595235433070867
20
-2.7885186220472442
11
3.8650654330708663
21
-2.7922215748031496
0
LINE
8
BLACK
6
CONTINUOUS
10
3.8650654330708663
20
-2.7922215748031496
11
3.8697784251968503
21
-2.7969345669291337
0
LINE
8
BLACK
6
CONTINUOUS
10
3.8697784251968503
20
-2.7969345669291337
11
3.8734813779527557
21
-2.8024764566929132
0
LINE
8
BLACK
6
CONTINUOUS
10
3.8734813779527557
20
-2.8024764566929132
11
3.8760320472440943
21
-2.8086342519685039
0
LINE
8
BLACK
6
CONTINUOUS
10
3.8760320472440943
20
-2.8086342519685039
11
3.8773323622047244
21
-2.8151713385826773
0
LINE
8
BLACK
6
CONTINUOUS
10
3.8773323622047244
20
-2.8151713385826773
11
3.8773323622047244
21
-2.821836535433071
0
LINE
8
BLACK
6
CONTINUOUS
10
3.8773323622047244
20
-2.821836535433071
11
3.8760320472440943
21
-2.828373622047244
0
LINE
8
BLACK
6
CONTINUOUS
10
3.8760320472440943
20
-2.828373622047244
11
3.8734813779527557
21
-2.8345314173228346
0
LINE
8
BLACK
6
CONTINUOUS
10
3.8734813779527557
20
-2.8345314173228346
11
3.8697784251968503
21
-2.8400733070866142
0
LINE
8
BLACK
6
CONTINUOUS
10
3.8697784251968503
20
-2.8400733070866142
11
3.8650654330708663
21
-2.8447862992125983
0
LINE
8
BLACK
6
CONTINUOUS
10
3.8650654330708663
20
-2.8447862992125983
11
3.8595235433070867
21
-2.8484892519685037
0
LINE
8
BLACK
6
CONTINUOUS
10
3.8595235433070867
20
-2.8484892519685037
11
3.853365748031496
21
-2.8510399212598423
0
LINE
8
BLACK
6
CONTINUOUS
10
3.853365748031496
20
-2.8510399212598423
11
3.8468286614173226
21
-2.8523402362204724
0
LINE
8
BLACK
6
CONTINUOUS
10
3.8468286614173226
20
-2.8523402362204724
11
3.8401634645669289
21
-2.8523402362204724
0
LINE
8
BLACK
6
CONTINUOUS
10
3.8401634645669289
20
-2.8523402362204724
11
3.833626377952756
21
-2.8510399212598423
0
LINE
8
BLACK
6
CONTINUOUS
10
3.833626377952756
20
-2.8510399212598423
11
3.8274685826771653
21
-2.8484892519685037
0
LINE
8
BLACK
6
CONTINUOUS
10
3.8274685826771653
20
-2.8484892519685037
11
3.8219266929133857
21
-2.8447862992125983
0
LINE
8
BLACK
6
CONTINUOUS
10
3.8219266929133857
20
-2.8447862992125983
11
3.8172137007874016
21
-2.8400733070866142
0
LINE
8
BLACK
6
CONTINUOUS
10
3.8172137007874016
20
-2.8400733070866142
11
3.8135107480314958
21
-2.8345314173228346
0
LINE
8
BLACK
6
CONTINUOUS
10
3.8135107480314958
20
-2.8345314173228346
11
3.8109600787401572
21
-2.828373622047244
0
LINE
8
BLACK
6
CONTINUOUS
10
3.8109600787401572
20
-2.828373622047244
11
3.8096597637795275
21
-2.821836535433071
0
LINE
8
BLACK
6
CONTINUOUS
10
3.8096597637795275
20
-2.821836535433071
11
3.8096597637795275
21
-2.8151713385826773
0
LINE
8
BLACK
6
CONTINUOUS
10
3.8096597637795275
20
-2.8151713385826773
11
3.8109600787401572
21
-2.8086342519685039
0
LINE
8
BLACK
6
CONTINUOUS
10
3.8109600787401572
20
-2.8086342519685039
11
3.8135107480314958
21
-2.8024764566929132
0
LINE
8
BLACK
6
CONTINUOUS
10
3.8135107480314958
20
-2.8024764566929132
11
3.8172137007874016
21
-2.7969345669291337
0
LINE
8
BLACK
6
CONTINUOUS
10
3.8172137007874016
20
-2.7969345669291337
11
3.8219266929133857
21
-2.7922215748031496
0
LINE
8
BLACK
6
CONTINUOUS
10
3.8219266929133857
20
-2.7922215748031496
11
3.8274685826771653
21
-2.7885186220472442
0
LINE
8
BLACK
6
CONTINUOUS
10
3.8274685826771653
20
-2.7885186220472442
11
3.833626377952756
21
-2.7859679527559056
0
LINE
8
BLACK
6
CONTINUOUS
10
3.833626377952756
20
-2.7859679527559056
11
3.8401634645669289
21
-2.7846676377952755
0
LINE
8
BLACK
6
CONTINUOUS
10
3.8401634645669289
20
-2.7846676377952755
11
3.8468286614173226
21
-2.7846676377952755
0
LINE
8
BLACK
6
CONTINUOUS
10
3.8468286614173226
20
-2.7846676377952755
11
3.853365748031496
21
-2.7859679527559056
0
LINE
8
BLACK
6
CONTINUOUS
10
3.9533657480314961
20
-2.7859679527559056
11
3.9595235433070863
21
-2.7885186220472442
0
LINE
8
BLACK
6
CONTINUOUS
10
3.9595235433070863
20
-2.7885186220472442
11
3.9650654330708659
21
-2.7922215748031496
0
LINE
8
BLACK
6
CONTINUOUS
10
3.9650654330708659
20
-2.7922215748031496
11
3.9697784251968504
21
-2.7969345669291337
0
LINE
8
BLACK
6
CONTINUOUS
10
3.9697784251968504
20
-2.7969345669291337
11
3.9734813779527558
21
-2.8024764566929132
0
LINE
8
BLACK
6
CONTINUOUS
10
3.9734813779527558
20
-2.8024764566929132
11
3.9760320472440944
21
-2.8086342519685039
0
LINE
8
BLACK
6
CONTINUOUS
10
3.9760320472440944
20
-2.8086342519685039
11
3.9773323622047245
21
-2.8151713385826773
0
LINE
8
BLACK
6
CONTINUOUS
10
3.9773323622047245
20
-2.8151713385826773
11
3.9773323622047245
21
-2.821836535433071
0
LINE
8
BLACK
6
CONTINUOUS
10
3.9773323622047245
20
-2.821836535433071
11
3.9760320472440944
21
-2.828373622047244
0
LINE
8
BLACK
6
CONTINUOUS
10
3.9760320472440944
20
-2.828373622047244
11
3.9734813779527558
21
-2.8345314173228346
0
LINE
8
BLACK
6
CONTINUOUS
10
3.9734813779527558
20
-2.8345314173228346
11
3.9697784251968504
21
-2.8400733070866142
0
LINE
8
BLACK
6
CONTINUOUS
10
3.9697784251968504
20
-2.8400733070866142
11
3.9650654330708659
21
-2.8447862992125983
0
LINE
8
BLACK
6
CONTINUOUS
10
3.9650654330708659
20
-2.8447862992125983
11
3.9595235433070863
21
-2.8484892519685037
0
LINE
8
BLACK
6
CONTINUOUS
10
3.9595235433070863
20
-2.8484892519685037
11
3.9533657480314961
21
-2.8510399212598423
0
LINE
8
BLACK
6
CONTINUOUS
10
3.9533657480314961
20
-2.8510399212598423
11
3.9468286614173227
21
-2.8523402362204724
0
LINE
8
BLACK
6
CONTINUOUS
10
3.9468286614173227
20
-2.8523402362204724
11
3.940163464566929
21
-2.8523402362204724
0
LINE
8
BLACK
6
CONTINUOUS
10
3.940163464566929
20
-2.8523402362204724
11
3.9336263779527556
21
-2.8510399212598423
0
LINE
8
BLACK
6
CONTINUOUS
10
3.9336263779527556
20
-2.8510399212598423
11
3.9274685826771654
21
-2.8484892519685037
0
LINE
8
BLACK
6
CONTINUOUS
10
3.9274685826771654
20
-2.8484892519685037
11
3.9219266929133858
21
-2.8447862992125983
0
LINE
8
BLACK
6
CONTINUOUS
10
3.9219266929133858
20
-2.8447862992125983
11
3.9172137007874013
21
-2.8400733070866142
0
LINE
8
BLACK
6
CONTINUOUS
10
3.9172137007874013
20
-2.8400733070866142
11
3.9135107480314959
21
-2.8345314173228346
0
LINE
8
BLACK
6
CONTINUOUS
10
3.9135107480314959
20
-2.8345314173228346
11
3.9109600787401573
21
-2.828373622047244
0
LINE
8
BLACK
6
CONTINUOUS
10
3.9109600787401573
20
-2.828373622047244
11
3.9096597637795276
21
-2.821836535433071
0
LINE
8
BLACK
6
CONTINUOUS
10
3.9096597637795276
20
-2.821836535433071
11
3.9096597637795276
21
-2.8151713385826773
0
LINE
8
BLACK
6
CONTINUOUS
10
3.9096597637795276
20
-2.8151713385826773
11
3.9109600787401573
21
-2.8086342519685039
0
LINE
8
BLACK
6
CONTINUOUS
10
3.9109600787401573
20
-2.8086342519685039
11
3.9135107480314959
21
-2.8024764566929132
0
LINE
8
BLACK
6
CONTINUOUS
10
3.9135107480314959
20
-2.8024764566929132
11
3.9172137007874013
21
-2.7969345669291337
0
LINE
8
BLACK
6
CONTINUOUS
10
3.9172137007874013
20
-2.7969345669291337
11
3.9219266929133858
21
-2.7922215748031496
0
LINE
8
BLACK
6
CONTINUOUS
10
3.9219266929133858
20
-2.7922215748031496
11
3.9274685826771654
21
-2.7885186220472442
0
LINE
8
BLACK
6
CONTINUOUS
10
3.9274685826771654
20
-2.7885186220472442
11
3.9336263779527556
21
-2.7859679527559056
0
LINE
8
BLACK
6
CONTINUOUS
10
3.9336263779527556
20
-2.7859679527559056
11
3.940163464566929
21
-2.7846676377952755
0
LINE
8
BLACK
6
CONTINUOUS
10
3.940163464566929
20
-2.7846676377952755
11
3.9468286614173227
21
-2.7846676377952755
0
LINE
8
BLACK
6
CONTINUOUS
10
3.9468286614173227
20
-2.7846676377952755
11
3.9533657480314961
21
-2.7859679527559056
0
LINE
8
BLACK
6
CONTINUOUS
10
4.0533657480314957
20
-2.7859679527559056
11
4.0595235433070869
21
-2.7885186220472442
0
LINE
8
BLACK
6
CONTINUOUS
10
4.0595235433070869
20
-2.7885186220472442
11
4.065065433070866
21
-2.7922215748031496
0
LINE
8
BLACK
6
CONTINUOUS
10
4.065065433070866
20
-2.7922215748031496
11
4.0697784251968505
21
-2.7969345669291337
0
LINE
8
BLACK
6
CONTINUOUS
10
4.0697784251968505
20
-2.7969345669291337
11
4.0734813779527554
21
-2.8024764566929132
0
LINE
8
BLACK
6
CONTINUOUS
10
4.0734813779527554
20
-2.8024764566929132
11
4.0760320472440945
21
-2.8086342519685039
0
LINE
8
BLACK
6
CONTINUOUS
10
4.0760320472440945
20
-2.8086342519685039
11
4.0773323622047242
21
-2.8151713385826773
0
LINE
8
BLACK
6
CONTINUOUS
10
4.0773323622047242
20
-2.8151713385826773
11
4.0773323622047242
21
-2.821836535433071
0
LINE
8
BLACK
6
CONTINUOUS
10
4.0773323622047242
20
-2.821836535433071
11
4.0760320472440945
21
-2.828373622047244
0
LINE
8
BLACK
6
CONTINUOUS
10
4.0760320472440945
20
-2.828373622047244
11
4.0734813779527554
21
-2.8345314173228346
0
LINE
8
BLACK
6
CONTINUOUS
10
4.0734813779527554
20
-2.8345314173228346
11
4.0697784251968505
21
-2.8400733070866142
0
LINE
8
BLACK
6
CONTINUOUS
10
4.0697784251968505
20
-2.8400733070866142
11
4.065065433070866
21
-2.8447862992125983
0
LINE
8
BLACK
6
CONTINUOUS
10
4.065065433070866
20
-2.8447862992125983
11
4.0595235433070869
21
-2.8484892519685037
0
LINE
8
BLACK
6
CONTINUOUS
10
4.0595235433070869
20
-2.8484892519685037
11
4.0533657480314957
21
-2.8510399212598423
0
LINE
8
BLACK
6
CONTINUOUS
10
4.0533657480314957
20
-2.8510399212598423
11
4.0468286614173223
21
-2.8523402362204724
0
LINE
8
BLACK
6
CONTINUOUS
10
4.0468286614173223
20
-2.8523402362204724
11
4.0401634645669287
21
-2.8523402362204724
0
LINE
8
BLACK
6
CONTINUOUS
10
4.0401634645669287
20
-2.8523402362204724
11
4.0336263779527561
21
-2.8510399212598423
0
LINE
8
BLACK
6
CONTINUOUS
10
4.0336263779527561
20
-2.8510399212598423
11
4.027468582677165
21
-2.8484892519685037
0
LINE
8
BLACK
6
CONTINUOUS
10
4.027468582677165
20
-2.8484892519685037
11
4.0219266929133859
21
-2.8447862992125983
0
LINE
8
BLACK
6
CONTINUOUS
10
4.0219266929133859
20
-2.8447862992125983
11
4.0172137007874014
21
-2.8400733070866142
0
LINE
8
BLACK
6
CONTINUOUS
10
4.0172137007874014
20
-2.8400733070866142
11
4.0135107480314955
21
-2.8345314173228346
0
LINE
8
BLACK
6
CONTINUOUS
10
4.0135107480314955
20
-2.8345314173228346
11
4.0109600787401574
21
-2.828373622047244
0
LINE
8
BLACK
6
CONTINUOUS
10
4.0109600787401574
20
-2.828373622047244
11
4.0096597637795277
21
-2.821836535433071
0
LINE
8
BLACK
6
CONTINUOUS
10
4.0096597637795277
20
-2.821836535433071
11
4.0096597637795277
21
-2.8151713385826773
0
LINE
8
BLACK
6
CONTINUOUS
10
4.0096597637795277
20
-2.8151713385826773
11
4.0109600787401574
21
-2.8086342519685039
0
LINE
8
BLACK
6
CONTINUOUS
10
4.0109600787401574
20
-2.8086342519685039
11
4.0135107480314955
21
-2.8024764566929132
0
LINE
8
BLACK
6
CONTINUOUS
10
4.0135107480314955
20
-2.8024764566929132
11
4.0172137007874014
21
-2.7969345669291337
0
LINE
8
BLACK
6
CONTINUOUS
10
4.0172137007874014
20
-2.7969345669291337
11
4.0219266929133859
21
-2.7922215748031496
0
LINE
8
BLACK
6
CONTINUOUS
10
4.0219266929133859
20
-2.7922215748031496
11
4.027468582677165
21
-2.7885186220472442
0
LINE
8
BLACK
6
CONTINUOUS
10
4.027468582677165
20
-2.7885186220472442
11
4.0336263779527561
21
-2.7859679527559056
0
LINE
8
BLACK
6
CONTINUOUS
10
4.0336263779527561
20
-2.7859679527559056
11
4.0401634645669287
21
-2.7846676377952755
0
LINE
8
BLACK
6
CONTINUOUS
10
4.0401634645669287
20
-2.7846676377952755
11
4.0468286614173223
21
-2.7846676377952755
0
LINE
8
BLACK
6
CONTINUOUS
10
4.0468286614173223
20
-2.7846676377952755
11
4.0533657480314957
21
-2.7859679527559056
0
LINE
8
BLACK
6
CONTINUOUS
10
4.1533657480314963
20
-2.7859679527559056
11
4.1595235433070865
21
-2.7885186220472442
0
LINE
8
BLACK
6
CONTINUOUS
10
4.1595235433070865
20
-2.7885186220472442
11
4.1650654330708656
21
-2.7922215748031496
0
LINE
8
BLACK
6
CONTINUOUS
10
4.1650654330708656
20
-2.7922215748031496
11
4.1697784251968502
21
-2.7969345669291337
0
LINE
8
BLACK
6
CONTINUOUS
10
4.1697784251968502
20
-2.7969345669291337
11
4.173481377952756
21
-2.8024764566929132
0
LINE
8
BLACK
6
CONTINUOUS
10
4.173481377952756
20
-2.8024764566929132
11
4.1760320472440942
21
-2.8086342519685039
0
LINE
8
BLACK
6
CONTINUOUS
10
4.1760320472440942
20
-2.8086342519685039
11
4.1773323622047247
21
-2.8151713385826773
0
LINE
8
BLACK
6
CONTINUOUS
10
4.1773323622047247
20
-2.8151713385826773
11
4.1773323622047247
21
-2.821836535433071
0
LINE
8
BLACK
6
CONTINUOUS
10
4.1773323622047247
20
-2.821836535433071
11
4.1760320472440942
21
-2.828373622047244
0
LINE
8
BLACK
6
CONTINUOUS
10
4.1760320472440942
20
-2.828373622047244
11
4.173481377952756
21
-2.8345314173228346
0
LINE
8
BLACK
6
CONTINUOUS
10
4.173481377952756
20
-2.8345314173228346
11
4.1697784251968502
21
-2.8400733070866142
0
LINE
8
BLACK
6
CONTINUOUS
10
4.1697784251968502
20
-2.8400733070866142
11
4.1650654330708656
21
-2.8447862992125983
0
LINE
8
BLACK
6
CONTINUOUS
10
4.1650654330708656
20
-2.8447862992125983
11
4.1595235433070865
21
-2.8484892519685037
0
LINE
8
BLACK
6
CONTINUOUS
10
4.1595235433070865
20
-2.8484892519685037
11
4.1533657480314963
21
-2.8510399212598423
0
LINE
8
BLACK
6
CONTINUOUS
10
4.1533657480314963
20
-2.8510399212598423
11
4.1468286614173229
21
-2.8523402362204724
0
LINE
8
BLACK
6
CONTINUOUS
10
4.1468286614173229
20
-2.8523402362204724
11
4.1401634645669292
21
-2.8523402362204724
0
LINE
8
BLACK
6
CONTINUOUS
10
4.1401634645669292
20
-2.8523402362204724
11
4.1336263779527558
21
-2.8510399212598423
0
LINE
8
BLACK
6
CONTINUOUS
10
4.1336263779527558
20
-2.8510399212598423
11
4.1274685826771655
21
-2.8484892519685037
0
LINE
8
BLACK
6
CONTINUOUS
10
4.1274685826771655
20
-2.8484892519685037
11
4.1219266929133855
21
-2.8447862992125983
0
LINE
8
BLACK
6
CONTINUOUS
10
4.1219266929133855
20
-2.8447862992125983
11
4.1172137007874019
21
-2.8400733070866142
0
LINE
8
BLACK
6
CONTINUOUS
10
4.1172137007874019
20
-2.8400733070866142
11
4.1135107480314961
21
-2.8345314173228346
0
LINE
8
BLACK
6
CONTINUOUS
10
4.1135107480314961
20
-2.8345314173228346
11
4.110960078740157
21
-2.828373622047244
0
LINE
8
BLACK
6
CONTINUOUS
10
4.110960078740157
20
-2.828373622047244
11
4.1096597637795274
21
-2.821836535433071
0
LINE
8
BLACK
6
CONTINUOUS
10
4.1096597637795274
20
-2.821836535433071
11
4.1096597637795274
21
-2.8151713385826773
0
LINE
8
BLACK
6
CONTINUOUS
10
4.1096597637795274
20
-2.8151713385826773
11
4.110960078740157
21
-2.8086342519685039
0
LINE
8
BLACK
6
CONTINUOUS
10
4.110960078740157
20
-2.8086342519685039
11
4.1135107480314961
21
-2.8024764566929132
0
LINE
8
BLACK
6
CONTINUOUS
10
4.1135107480314961
20
-2.8024764566929132
11
4.1172137007874019
21
-2.7969345669291337
0
LINE
8
BLACK
6
CONTINUOUS
10
4.1172137007874019
20
-2.7969345669291337
11
4.1219266929133855
21
-2.7922215748031496
0
LINE
8
BLACK
6
CONTINUOUS
10
4.1219266929133855
20
-2.7922215748031496
11
4.1274685826771655
21
-2.7885186220472442
0
LINE
8
BLACK
6
CONTINUOUS
10
4.1274685826771655
20
-2.7885186220472442
11
4.1336263779527558
21
-2.7859679527559056
0
LINE
8
BLACK
6
CONTINUOUS
10
4.1336263779527558
20
-2.7859679527559056
11
4.1401634645669292
21
-2.7846676377952755
0
LINE
8
BLACK
6
CONTINUOUS
10
4.1401634645669292
20
-2.7846676377952755
11
4.1468286614173229
21
-2.7846676377952755
0
LINE
8
BLACK
6
CONTINUOUS
10
4.1468286614173229
20
-2.7846676377952755
11
4.1533657480314963
21
-2.7859679527559056
0
LINE
8
BLACK
6
CONTINUOUS
10
4.2533657480314959
20
-2.7859679527559056
11
4.2595235433070862
21
-2.7885186220472442
0
LINE
8
BLACK
6
CONTINUOUS
10
4.2595235433070862
20
-2.7885186220472442
11
4.2650654330708662
21
-2.7922215748031496
0
LINE
8
BLACK
6
CONTINUOUS
10
4.2650654330708662
20
-2.7922215748031496
11
4.2697784251968507
21
-2.7969345669291337
0
LINE
8
BLACK
6
CONTINUOUS
10
4.2697784251968507
20
-2.7969345669291337
11
4.2734813779527556
21
-2.8024764566929132
0
LINE
8
BLACK
6
CONTINUOUS
10
4.2734813779527556
20
-2.8024764566929132
11
4.2760320472440947
21
-2.8086342519685039
0
LINE
8
BLACK
6
CONTINUOUS
10
4.2760320472440947
20
-2.8086342519685039
11
4.2773323622047243
21
-2.8151713385826773
0
LINE
8
BLACK
6
CONTINUOUS
10
4.2773323622047243
20
-2.8151713385826773
11
4.2773323622047243
21
-2.821836535433071
0
LINE
8
BLACK
6
CONTINUOUS
10
4.2773323622047243
20
-2.821836535433071
11
4.2760320472440947
21
-2.828373622047244
0
LINE
8
BLACK
6
CONTINUOUS
10
4.2760320472440947
20
-2.828373622047244
11
4.2734813779527556
21
-2.8345314173228346
0
LINE
8
BLACK
6
CONTINUOUS
10
4.2734813779527556
20
-2.8345314173228346
11
4.2697784251968507
21
-2.8400733070866142
0
LINE
8
BLACK
6
CONTINUOUS
10
4.2697784251968507
20
-2.8400733070866142
11
4.2650654330708662
21
-2.8447862992125983
0
LINE
8
BLACK
6
CONTINUOUS
10
4.2650654330708662
20
-2.8447862992125983
11
4.2595235433070862
21
-2.8484892519685037
0
LINE
8
BLACK
6
CONTINUOUS
10
4.2595235433070862
20
-2.8484892519685037
11
4.2533657480314959
21
-2.8510399212598423
0
LINE
8
BLACK
6
CONTINUOUS
10
4.2533657480314959
20
-2.8510399212598423
11
4.2468286614173225
21
-2.8523402362204724
0
LINE
8
BLACK
6
CONTINUOUS
10
4.2468286614173225
20
-2.8523402362204724
11
4.2401634645669288
21
-2.8523402362204724
0
LINE
8
BLACK
6
CONTINUOUS
10
4.2401634645669288
20
-2.8523402362204724
11
4.2336263779527554
21
-2.8510399212598423
0
LINE
8
BLACK
6
CONTINUOUS
10
4.2336263779527554
20
-2.8510399212598423
11
4.2274685826771652
21
-2.8484892519685037
0
LINE
8
BLACK
6
CONTINUOUS
10
4.2274685826771652
20
-2.8484892519685037
11
4.2219266929133861
21
-2.8447862992125983
0
LINE
8
BLACK
6
CONTINUOUS
10
4.2219266929133861
20
-2.8447862992125983
11
4.2172137007874015
21
-2.8400733070866142
0
LINE
8
BLACK
6
CONTINUOUS
10
4.2172137007874015
20
-2.8400733070866142
11
4.2135107480314957
21
-2.8345314173228346
0
LINE
8
BLACK
6
CONTINUOUS
10
4.2135107480314957
20
-2.8345314173228346
11
4.2109600787401575
21
-2.828373622047244
0
LINE
8
BLACK
6
CONTINUOUS
10
4.2109600787401575
20
-2.828373622047244
11
4.2096597637795279
21
-2.821836535433071
0
LINE
8
BLACK
6
CONTINUOUS
10
4.2096597637795279
20
-2.821836535433071
11
4.2096597637795279
21
-2.8151713385826773
0
LINE
8
BLACK
6
CONTINUOUS
10
4.2096597637795279
20
-2.8151713385826773
11
4.2109600787401575
21
-2.8086342519685039
0
LINE
8
BLACK
6
CONTINUOUS
10
4.2109600787401575
20
-2.8086342519685039
11
4.2135107480314957
21
-2.8024764566929132
0
LINE
8
BLACK
6
CONTINUOUS
10
4.2135107480314957
20
-2.8024764566929132
11
4.2172137007874015
21
-2.7969345669291337
0
LINE
8
BLACK
6
CONTINUOUS
10
4.2172137007874015
20
-2.7969345669291337
11
4.2219266929133861
21
-2.7922215748031496
0
LINE
8
BLACK
6
CONTINUOUS
10
4.2219266929133861
20
-2.7922215748031496
11
4.2274685826771652
21
-2.7885186220472442
0
LINE
8
BLACK
6
CONTINUOUS
10
4.2274685826771652
20
-2.7885186220472442
11
4.2336263779527554
21
-2.7859679527559056
0
LINE
8
BLACK
6
CONTINUOUS
10
4.2336263779527554
20
-2.7859679527559056
11
4.2401634645669288
21
-2.7846676377952755
0
LINE
8
BLACK
6
CONTINUOUS
10
4.2401634645669288
20
-2.7846676377952755
11
4.2468286614173225
21
-2.7846676377952755
0
LINE
8
BLACK
6
CONTINUOUS
10
4.2468286614173225
20
-2.7846676377952755
11
4.2533657480314959
21
-2.7859679527559056
0
LINE
8
BLACK
6
CONTINUOUS
10
4.3533657480314956
20
-2.7859679527559056
11
4.3595235433070867
21
-2.7885186220472442
0
LINE
8
BLACK
6
CONTINUOUS
10
4.3595235433070867
20
-2.7885186220472442
11
4.3650654330708658
21
-2.7922215748031496
0
LINE
8
BLACK
6
CONTINUOUS
10
4.3650654330708658
20
-2.7922215748031496
11
4.3697784251968503
21
-2.7969345669291337
0
LINE
8
BLACK
6
CONTINUOUS
10
4.3697784251968503
20
-2.7969345669291337
11
4.3734813779527562
21
-2.8024764566929132
0
LINE
8
BLACK
6
CONTINUOUS
10
4.3734813779527562
20
-2.8024764566929132
11
4.3760320472440943
21
-2.8086342519685039
0
LINE
8
BLACK
6
CONTINUOUS
10
4.3760320472440943
20
-2.8086342519685039
11
4.377332362204724
21
-2.8151713385826773
0
LINE
8
BLACK
6
CONTINUOUS
10
4.377332362204724
20
-2.8151713385826773
11
4.377332362204724
21
-2.821836535433071
0
LINE
8
BLACK
6
CONTINUOUS
10
4.377332362204724
20
-2.821836535433071
11
4.3760320472440943
21
-2.828373622047244
0
LINE
8
BLACK
6
CONTINUOUS
10
4.3760320472440943
20
-2.828373622047244
11
4.3734813779527562
21
-2.8345314173228346
0
LINE
8
BLACK
6
CONTINUOUS
10
4.3734813779527562
20
-2.8345314173228346
11
4.3697784251968503
21
-2.8400733070866142
0
LINE
8
BLACK
6
CONTINUOUS
10
4.3697784251968503
20
-2.8400733070866142
11
4.3650654330708658
21
-2.8447862992125983
0
LINE
8
BLACK
6
CONTINUOUS
10
4.3650654330708658
20
-2.8447862992125983
11
4.3595235433070867
21
-2.8484892519685037
0
LINE
8
BLACK
6
CONTINUOUS
10
4.3595235433070867
20
-2.8484892519685037
11
4.3533657480314956
21
-2.8510399212598423
0
LINE
8
BLACK
6
CONTINUOUS
10
4.3533657480314956
20
-2.8510399212598423
11
4.346828661417323
21
-2.8523402362204724
0
LINE
8
BLACK
6
CONTINUOUS
10
4.346828661417323
20
-2.8523402362204724
11
4.3401634645669294
21
-2.8523402362204724
0
LINE
8
BLACK
6
CONTINUOUS
10
4.3401634645669294
20
-2.8523402362204724
11
4.333626377952756
21
-2.8510399212598423
0
LINE
8
BLACK
6
CONTINUOUS
10
4.333626377952756
20
-2.8510399212598423
11
4.3274685826771648
21
-2.8484892519685037
0
LINE
8
BLACK
6
CONTINUOUS
10
4.3274685826771648
20
-2.8484892519685037
11
4.3219266929133857
21
-2.8447862992125983
0
LINE
8
BLACK
6
CONTINUOUS
10
4.3219266929133857
20
-2.8447862992125983
11
4.3172137007874012
21
-2.8400733070866142
0
LINE
8
BLACK
6
CONTINUOUS
10
4.3172137007874012
20
-2.8400733070866142
11
4.3135107480314963
21
-2.8345314173228346
0
LINE
8
BLACK
6
CONTINUOUS
10
4.3135107480314963
20
-2.8345314173228346
11
4.3109600787401572
21
-2.828373622047244
0
LINE
8
BLACK
6
CONTINUOUS
10
4.3109600787401572
20
-2.828373622047244
11
4.3096597637795275
21
-2.821836535433071
0
LINE
8
BLACK
6
CONTINUOUS
10
4.3096597637795275
20
-2.821836535433071
11
4.3096597637795275
21
-2.8151713385826773
0
LINE
8
BLACK
6
CONTINUOUS
10
4.3096597637795275
20
-2.8151713385826773
11
4.3109600787401572
21
-2.8086342519685039
0
LINE
8
BLACK
6
CONTINUOUS
10
4.3109600787401572
20
-2.8086342519685039
11
4.3135107480314963
21
-2.8024764566929132
0
LINE
8
BLACK
6
CONTINUOUS
10
4.3135107480314963
20
-2.8024764566929132
11
4.3172137007874012
21
-2.7969345669291337
0
LINE
8
BLACK
6
CONTINUOUS
10
4.3172137007874012
20
-2.7969345669291337
11
4.3219266929133857
21
-2.7922215748031496
0
LINE
8
BLACK
6
CONTINUOUS
10
4.3219266929133857
20
-2.7922215748031496
11
4.3274685826771648
21
-2.7885186220472442
0
LINE
8
BLACK
6
CONTINUOUS
10
4.3274685826771648
20
-2.7885186220472442
11
4.333626377952756
21
-2.7859679527559056
0
LINE
8
BLACK
6
CONTINUOUS
10
4.333626377952756
20
-2.7859679527559056
11
4.3401634645669294
21
-2.7846676377952755
0
LINE
8
BLACK
6
CONTINUOUS
10
4.3401634645669294
20
-2.7846676377952755
11
4.346828661417323
21
-2.7846676377952755
0
LINE
8
BLACK
6
CONTINUOUS
10
4.346828661417323
20
-2.7846676377952755
11
4.3533657480314956
21
-2.7859679527559056
0
LINE
8
BLACK
6
CONTINUOUS
10
4.4533657480314961
20
-2.7859679527559056
11
4.4595235433070863
21
-2.7885186220472442
0
LINE
8
BLACK
6
CONTINUOUS
10
4.4595235433070863
20
-2.7885186220472442
11
4.4650654330708663
21
-2.7922215748031496
0
LINE
8
BLACK
6
CONTINUOUS
10
4.4650654330708663
20
-2.7922215748031496
11
4.46977842519685
21
-2.7969345669291337
0
LINE
8
BLACK
6
CONTINUOUS
10
4.46977842519685
20
-2.7969345669291337
11
4.4734813779527558
21
-2.8024764566929132
0
LINE
8
BLACK
6
CONTINUOUS
10
4.4734813779527558
20
-2.8024764566929132
11
4.476032047244094
21
-2.8086342519685039
0
LINE
8
BLACK
6
CONTINUOUS
10
4.476032047244094
20
-2.8086342519685039
11
4.4773323622047245
21
-2.8151713385826773
0
LINE
8
BLACK
6
CONTINUOUS
10
4.4773323622047245
20
-2.8151713385826773
11
4.4773323622047245
21
-2.821836535433071
0
LINE
8
BLACK
6
CONTINUOUS
10
4.4773323622047245
20
-2.821836535433071
11
4.476032047244094
21
-2.828373622047244
0
LINE
8
BLACK
6
CONTINUOUS
10
4.476032047244094
20
-2.828373622047244
11
4.4734813779527558
21
-2.8345314173228346
0
LINE
8
BLACK
6
CONTINUOUS
10
4.4734813779527558
20
-2.8345314173228346
11
4.46977842519685
21
-2.8400733070866142
0
LINE
8
BLACK
6
CONTINUOUS
10
4.46977842519685
20
-2.8400733070866142
11
4.4650654330708663
21
-2.8447862992125983
0
LINE
8
BLACK
6
CONTINUOUS
10
4.4650654330708663
20
-2.8447862992125983
11
4.4595235433070863
21
-2.8484892519685037
0
LINE
8
BLACK
6
CONTINUOUS
10
4.4595235433070863
20
-2.8484892519685037
11
4.4533657480314961
21
-2.8510399212598423
0
LINE
8
BLACK
6
CONTINUOUS
10
4.4533657480314961
20
-2.8510399212598423
11
4.4468286614173227
21
-2.8523402362204724
0
LINE
8
BLACK
6
CONTINUOUS
10
4.4468286614173227
20
-2.8523402362204724
11
4.440163464566929
21
-2.8523402362204724
0
LINE
8
BLACK
6
CONTINUOUS
10
4.440163464566929
20
-2.8523402362204724
11
4.4336263779527556
21
-2.8510399212598423
0
LINE
8
BLACK
6
CONTINUOUS
10
4.4336263779527556
20
-2.8510399212598423
11
4.4274685826771654
21
-2.8484892519685037
0
LINE
8
BLACK
6
CONTINUOUS
10
4.4274685826771654
20
-2.8484892519685037
11
4.4219266929133854
21
-2.8447862992125983
0
LINE
8
BLACK
6
CONTINUOUS
10
4.4219266929133854
20
-2.8447862992125983
11
4.4172137007874017
21
-2.8400733070866142
0
LINE
8
BLACK
6
CONTINUOUS
10
4.4172137007874017
20
-2.8400733070866142
11
4.4135107480314959
21
-2.8345314173228346
0
LINE
8
BLACK
6
CONTINUOUS
10
4.4135107480314959
20
-2.8345314173228346
11
4.4109600787401577
21
-2.828373622047244
0
LINE
8
BLACK
6
CONTINUOUS
10
4.4109600787401577
20
-2.828373622047244
11
4.4096597637795272
21
-2.821836535433071
0
LINE
8
BLACK
6
CONTINUOUS
10
4.4096597637795272
20
-2.821836535433071
11
4.4096597637795272
21
-2.8151713385826773
0
LINE
8
BLACK
6
CONTINUOUS
10
4.4096597637795272
20
-2.8151713385826773
11
4.4109600787401577
21
-2.8086342519685039
0
LINE
8
BLACK
6
CONTINUOUS
10
4.4109600787401577
20
-2.8086342519685039
11
4.4135107480314959
21
-2.8024764566929132
0
LINE
8
BLACK
6
CONTINUOUS
10
4.4135107480314959
20
-2.8024764566929132
11
4.4172137007874017
21
-2.7969345669291337
0
LINE
8
BLACK
6
CONTINUOUS
10
4.4172137007874017
20
-2.7969345669291337
11
4.4219266929133854
21
-2.7922215748031496
0
LINE
8
BLACK
6
CONTINUOUS
10
4.4219266929133854
20
-2.7922215748031496
11
4.4274685826771654
21
-2.7885186220472442
0
LINE
8
BLACK
6
CONTINUOUS
10
4.4274685826771654
20
-2.7885186220472442
11
4.4336263779527556
21
-2.7859679527559056
0
LINE
8
BLACK
6
CONTINUOUS
10
4.4336263779527556
20
-2.7859679527559056
11
4.440163464566929
21
-2.7846676377952755
0
LINE
8
BLACK
6
CONTINUOUS
10
4.440163464566929
20
-2.7846676377952755
11
4.4468286614173227
21
-2.7846676377952755
0
LINE
8
BLACK
6
CONTINUOUS
10
4.4468286614173227
20
-2.7846676377952755
11
4.4533657480314961
21
-2.7859679527559056
0
LINE
8
BLACK
6
CONTINUOUS
10
4.5533657480314957
20
-2.7859679527559056
11
4.5595235433070869
21
-2.7885186220472442
0
LINE
8
BLACK
6
CONTINUOUS
10
4.5595235433070869
20
-2.7885186220472442
11
4.565065433070866
21
-2.7922215748031496
0
LINE
8
BLACK
6
CONTINUOUS
10
4.565065433070866
20
-2.7922215748031496
11
4.5697784251968505
21
-2.7969345669291337
0
LINE
8
BLACK
6
CONTINUOUS
10
4.5697784251968505
20
-2.7969345669291337
11
4.5734813779527554
21
-2.8024764566929132
0
LINE
8
BLACK
6
CONTINUOUS
10
4.5734813779527554
20
-2.8024764566929132
11
4.5760320472440945
21
-2.8086342519685039
0
LINE
8
BLACK
6
CONTINUOUS
10
4.5760320472440945
20
-2.8086342519685039
11
4.5773323622047242
21
-2.8151713385826773
0
LINE
8
BLACK
6
CONTINUOUS
10
4.5773323622047242
20
-2.8151713385826773
11
4.5773323622047242
21
-2.821836535433071
0
LINE
8
BLACK
6
CONTINUOUS
10
4.5773323622047242
20
-2.821836535433071
11
4.5760320472440945
21
-2.828373622047244
0
LINE
8
BLACK
6
CONTINUOUS
10
4.5760320472440945
20
-2.828373622047244
11
4.5734813779527554
21
-2.8345314173228346
0
LINE
8
BLACK
6
CONTINUOUS
10
4.5734813779527554
20
-2.8345314173228346
11
4.5697784251968505
21
-2.8400733070866142
0
LINE
8
BLACK
6
CONTINUOUS
10
4.5697784251968505
20
-2.8400733070866142
11
4.565065433070866
21
-2.8447862992125983
0
LINE
8
BLACK
6
CONTINUOUS
10
4.565065433070866
20
-2.8447862992125983
11
4.5595235433070869
21
-2.8484892519685037
0
LINE
8
BLACK
6
CONTINUOUS
10
4.5595235433070869
20
-2.8484892519685037
11
4.5533657480314957
21
-2.8510399212598423
0
LINE
8
BLACK
6
CONTINUOUS
10
4.5533657480314957
20
-2.8510399212598423
11
4.5468286614173223
21
-2.8523402362204724
0
LINE
8
BLACK
6
CONTINUOUS
10
4.5468286614173223
20
-2.8523402362204724
11
4.5401634645669287
21
-2.8523402362204724
0
LINE
8
BLACK
6
CONTINUOUS
10
4.5401634645669287
20
-2.8523402362204724
11
4.5336263779527561
21
-2.8510399212598423
0
LINE
8
BLACK
6
CONTINUOUS
10
4.5336263779527561
20
-2.8510399212598423
11
4.527468582677165
21
-2.8484892519685037
0
LINE
8
BLACK
6
CONTINUOUS
10
4.527468582677165
20
-2.8484892519685037
11
4.5219266929133859
21
-2.8447862992125983
0
LINE
8
BLACK
6
CONTINUOUS
10
4.5219266929133859
20
-2.8447862992125983
11
4.5172137007874014
21
-2.8400733070866142
0
LINE
8
BLACK
6
CONTINUOUS
10
4.5172137007874014
20
-2.8400733070866142
11
4.5135107480314955
21
-2.8345314173228346
0
LINE
8
BLACK
6
CONTINUOUS
10
4.5135107480314955
20
-2.8345314173228346
11
4.5109600787401574
21
-2.828373622047244
0
LINE
8
BLACK
6
CONTINUOUS
10
4.5109600787401574
20
-2.828373622047244
11
4.5096597637795277
21
-2.821836535433071
0
LINE
8
BLACK
6
CONTINUOUS
10
4.5096597637795277
20
-2.821836535433071
11
4.5096597637795277
21
-2.8151713385826773
0
LINE
8
BLACK
6
CONTINUOUS
10
4.5096597637795277
20
-2.8151713385826773
11
4.5109600787401574
21
-2.8086342519685039
0
LINE
8
BLACK
6
CONTINUOUS
10
4.5109600787401574
20
-2.8086342519685039
11
4.5135107480314955
21
-2.8024764566929132
0
LINE
8
BLACK
6
CONTINUOUS
10
4.5135107480314955
20
-2.8024764566929132
11
4.5172137007874014
21
-2.7969345669291337
0
LINE
8
BLACK
6
CONTINUOUS
10
4.5172137007874014
20
-2.7969345669291337
11
4.5219266929133859
21
-2.7922215748031496
0
LINE
8
BLACK
6
CONTINUOUS
10
4.5219266929133859
20
-2.7922215748031496
11
4.527468582677165
21
-2.7885186220472442
0
LINE
8
BLACK
6
CONTINUOUS
10
4.527468582677165
20
-2.7885186220472442
11
4.5336263779527561
21
-2.7859679527559056
0
LINE
8
BLACK
6
CONTINUOUS
10
4.5336263779527561
20
-2.7859679527559056
11
4.5401634645669287
21
-2.7846676377952755
0
LINE
8
BLACK
6
CONTINUOUS
10
4.5401634645669287
20
-2.7846676377952755
11
4.5468286614173223
21
-2.7846676377952755
0
LINE
8
BLACK
6
CONTINUOUS
10
4.5468286614173223
20
-2.7846676377952755
11
4.5533657480314957
21
-2.7859679527559056
0
LINE
8
BLACK
6
CONTINUOUS
10
4.9254201181102362
20
-2.5192531496062993
11
4.9286132677165355
21
-2.5213867322834647
0
LINE
8
BLACK
6
CONTINUOUS
10
4.9286132677165355
20
-2.5213867322834647
11
4.9307468503937004
21
-2.5245798818897636
0
LINE
8
BLACK
6
CONTINUOUS
10
4.9307468503937004
20
-2.5245798818897636
11
4.9314960629921263
21
-2.5283464566929132
0
LINE
8
BLACK
6
CONTINUOUS
10
4.9314960629921263
20
-2.5283464566929132
11
4.9314960629921263
21
-2.5716535433070864
0
LINE
8
BLACK
6
CONTINUOUS
10
4.9314960629921263
20
-2.5716535433070864
11
4.9307468503937004
21
-2.5754201181102361
0
LINE
8
BLACK
6
CONTINUOUS
10
4.9307468503937004
20
-2.5754201181102361
11
4.9286132677165355
21
-2.5786132677165354
0
LINE
8
BLACK
6
CONTINUOUS
10
4.9286132677165355
20
-2.5786132677165354
11
4.9254201181102362
21
-2.5807468503937008
0
LINE
8
BLACK
6
CONTINUOUS
10
4.9254201181102362
20
-2.5807468503937008
11
4.9216535433070865
21
-2.5814960629921258
0
LINE
8
BLACK
6
CONTINUOUS
10
4.9216535433070865
20
-2.5814960629921258
11
4.8783464566929133
21
-2.5814960629921258
0
LINE
8
BLACK
6
CONTINUOUS
10
4.8783464566929133
20
-2.5814960629921258
11
4.8745798818897637
21
-2.5807468503937008
0
LINE
8
BLACK
6
CONTINUOUS
10
4.8745798818897637
20
-2.5807468503937008
11
4.8713867322834643
21
-2.5786132677165354
0
LINE
8
BLACK
6
CONTINUOUS
10
4.8713867322834643
20
-2.5786132677165354
11
4.8692531496062994
21
-2.5754201181102361
0
LINE
8
BLACK
6
CONTINUOUS
10
4.8692531496062994
20
-2.5754201181102361
11
4.8685039370078735
21
-2.5716535433070864
0
LINE
8
BLACK
6
CONTINUOUS
10
4.8685039370078735
20
-2.5716535433070864
11
4.8685039370078735
21
-2.5283464566929132
0
LINE
8
BLACK
6
CONTINUOUS
10
4.8685039370078735
20
-2.5283464566929132
11
4.8692531496062994
21
-2.5245798818897636
0
LINE
8
BLACK
6
CONTINUOUS
10
4.8692531496062994
20
-2.5245798818897636
11
4.8713867322834643
21
-2.5213867322834647
0
LINE
8
BLACK
6
CONTINUOUS
10
4.8713867322834643
20
-2.5213867322834647
11
4.8745798818897637
21
-2.5192531496062993
0
LINE
8
BLACK
6
CONTINUOUS
10
4.8745798818897637
20
-2.5192531496062993
11
4.8783464566929133
21
-2.5185039370078739
0
LINE
8
BLACK
6
CONTINUOUS
10
4.8783464566929133
20
-2.5185039370078739
11
4.9216535433070865
21
-2.5185039370078739
0
LINE
8
BLACK
6
CONTINUOUS
10
4.9216535433070865
20
-2.5185039370078739
11
4.9254201181102362
21
-2.5192531496062993
0
LINE
8
BLACK
6
CONTINUOUS
10
5.5222705118110236
20
-2.5192531496062993
11
5.5254636614173229
21
-2.5213867322834647
0
LINE
8
BLACK
6
CONTINUOUS
10
5.5254636614173229
20
-2.5213867322834647
11
5.5275972440944878
21
-2.5245798818897636
0
LINE
8
BLACK
6
CONTINUOUS
10
5.5275972440944878
20
-2.5245798818897636
11
5.5283464566929137
21
-2.5283464566929132
0
LINE
8
BLACK
6
CONTINUOUS
10
5.5283464566929137
20
-2.5283464566929132
11
5.5283464566929137
21
-2.5716535433070864
0
LINE
8
BLACK
6
CONTINUOUS
10
5.5283464566929137
20
-2.5716535433070864
11
5.5275972440944878
21
-2.5754201181102361
0
LINE
8
BLACK
6
CONTINUOUS
10
5.5275972440944878
20
-2.5754201181102361
11
5.5254636614173229
21
-2.5786132677165354
0
LINE
8
BLACK
6
CONTINUOUS
10
5.5254636614173229
20
-2.5786132677165354
11
5.5222705118110236
21
-2.5807468503937008
0
LINE
8
BLACK
6
CONTINUOUS
10
5.5222705118110236
20
-2.5807468503937008
11
5.5185039370078739
21
-2.5814960629921258
0
LINE
8
BLACK
6
CONTINUOUS
10
5.5185039370078739
20
-2.5814960629921258
11
5.4751968503937007
21
-2.5814960629921258
0
LINE
8
BLACK
6
CONTINUOUS
10
5.4751968503937007
20
-2.5814960629921258
11
5.4714302755905511
21
-2.5807468503937008
0
LINE
8
BLACK
6
CONTINUOUS
10
5.4714302755905511
20
-2.5807468503937008
11
5.4682371259842517
21
-2.5786132677165354
0
LINE
8
BLACK
6
CONTINUOUS
10
5.4682371259842517
20
-2.5786132677165354
11
5.4661035433070868
21
-2.5754201181102361
0
LINE
8
BLACK
6
CONTINUOUS
10
5.4661035433070868
20
-2.5754201181102361
11
5.4653543307086609
21
-2.5716535433070864
0
LINE
8
BLACK
6
CONTINUOUS
10
5.4653543307086609
20
-2.5716535433070864
11
5.4653543307086609
21
-2.5283464566929132
0
LINE
8
BLACK
6
CONTINUOUS
10
5.4653543307086609
20
-2.5283464566929132
11
5.4661035433070868
21
-2.5245798818897636
0
LINE
8
BLACK
6
CONTINUOUS
10
5.4661035433070868
20
-2.5245798818897636
11
5.4682371259842517
21
-2.5213867322834647
0
LINE
8
BLACK
6
CONTINUOUS
10
5.4682371259842517
20
-2.5213867322834647
11
5.4714302755905511
21
-2.5192531496062993
0
LINE
8
BLACK
6
CONTINUOUS
10
5.4714302755905511
20
-2.5192531496062993
11
5.4751968503937007
21
-2.5185039370078739
0
LINE
8
BLACK
6
CONTINUOUS
10
5.4751968503937007
20
-2.5185039370078739
11
5.5185039370078739
21
-2.5185039370078739
0
LINE
8
BLACK
6
CONTINUOUS
10
5.5185039370078739
20
-2.5185039370078739
11
5.5222705118110236
21
-2.5192531496062993
0
LINE
8
BLACK
6
CONTINUOUS
10
5.7004201181102365
20
-2.5192531496062993
11
5.703613267716535
21
-2.5213867322834647
0
LINE
8
BLACK
6
CONTINUOUS
10
5.703613267716535
20
-2.5213867322834647
11
5.7057468503937008
21
-2.5245798818897636
0
LINE
8
BLACK
6
CONTINUOUS
10
5.7057468503937008
20
-2.5245798818897636
11
5.7064960629921258
21
-2.5283464566929132
0
LINE
8
BLACK
6
CONTINUOUS
10
5.7064960629921258
20
-2.5283464566929132
11
5.7064960629921258
21
-2.5716535433070864
0
LINE
8
BLACK
6
CONTINUOUS
10
5.7064960629921258
20
-2.5716535433070864
11
5.7057468503937008
21
-2.5754201181102361
0
LINE
8
BLACK
6
CONTINUOUS
10
5.7057468503937008
20
-2.5754201181102361
11
5.703613267716535
21
-2.5786132677165354
0
LINE
8
BLACK
6
CONTINUOUS
10
5.703613267716535
20
-2.5786132677165354
11
5.7004201181102365
21
-2.5807468503937008
0
LINE
8
BLACK
6
CONTINUOUS
10
5.7004201181102365
20
-2.5807468503937008
11
5.6966535433070868
21
-2.5814960629921258
0
LINE
8
BLACK
6
CONTINUOUS
10
5.6966535433070868
20
-2.5814960629921258
11
5.6533464566929137
21
-2.5814960629921258
0
LINE
8
BLACK
6
CONTINUOUS
10
5.6533464566929137
20
-2.5814960629921258
11
5.649579881889764
21
-2.5807468503937008
0
LINE
8
BLACK
6
CONTINUOUS
10
5.649579881889764
20
-2.5807468503937008
11
5.6463867322834647
21
-2.5786132677165354
0
LINE
8
BLACK
6
CONTINUOUS
10
5.6463867322834647
20
-2.5786132677165354
11
5.6442531496062989
21
-2.5754201181102361
0
LINE
8
BLACK
6
CONTINUOUS
10
5.6442531496062989
20
-2.5754201181102361
11
5.6435039370078739
21
-2.5716535433070864
0
LINE
8
BLACK
6
CONTINUOUS
10
5.6435039370078739
20
-2.5716535433070864
11
5.6435039370078739
21
-2.5283464566929132
0
LINE
8
BLACK
6
CONTINUOUS
10
5.6435039370078739
20
-2.5283464566929132
11
5.6442531496062989
21
-2.5245798818897636
0
LINE
8
BLACK
6
CONTINUOUS
10
5.6442531496062989
20
-2.5245798818897636
11
5.6463867322834647
21
-2.5213867322834647
0
LINE
8
BLACK
6
CONTINUOUS
10
5.6463867322834647
20
-2.5213867322834647
11
5.649579881889764
21
-2.5192531496062993
0
LINE
8
BLACK
6
CONTINUOUS
10
5.649579881889764
20
-2.5192531496062993
11
5.6533464566929137
21
-2.5185039370078739
0
LINE
8
BLACK
6
CONTINUOUS
10
5.6533464566929137
20
-2.5185039370078739
11
5.6966535433070868
21
-2.5185039370078739
0
LINE
8
BLACK
6
CONTINUOUS
10
5.6966535433070868
20
-2.5185039370078739
11
5.7004201181102365
21
-2.5192531496062993
0
LINE
8
BLACK
6
CONTINUOUS
10
5.0075680314960627
20
-2.519860157480315
11
5.0132723228346459
21
-2.5222229527559055
0
LINE
8
BLACK
6
CONTINUOUS
10
5.0132723228346459
20
-2.5222229527559055
11
5.0184061023622046
21
-2.5256532283464566
0
LINE
8
BLACK
6
CONTINUOUS
10
5.0184061023622046
20
-2.5256532283464566
11
5.0227719685039371
21
-2.5300190944881891
0
LINE
8
BLACK
6
CONTINUOUS
10
5.0227719685039371
20
-2.5300190944881891
11
5.0262022440944882
21
-2.5351528740157478
0
LINE
8
BLACK
6
CONTINUOUS
10
5.0262022440944882
20
-2.5351528740157478
11
5.0285650393700783
21
-2.5408571653543306
0
LINE
8
BLACK
6
CONTINUOUS
10
5.0285650393700783
20
-2.5408571653543306
11
5.0297696062992125
21
-2.5469128346456693
0
LINE
8
BLACK
6
CONTINUOUS
10
5.0297696062992125
20
-2.5469128346456693
11
5.0297696062992125
21
-2.5530871653543308
0
LINE
8
BLACK
6
CONTINUOUS
10
5.0297696062992125
20
-2.5530871653543308
11
5.0285650393700783
21
-2.5591428346456691
0
LINE
8
BLACK
6
CONTINUOUS
10
5.0285650393700783
20
-2.5591428346456691
11
5.0262022440944882
21
-2.5648471259842518
0
LINE
8
BLACK
6
CONTINUOUS
10
5.0262022440944882
20
-2.5648471259842518
11
5.0227719685039371
21
-2.569980905511811
0
LINE
8
BLACK
6
CONTINUOUS
10
5.0227719685039371
20
-2.569980905511811
11
5.0184061023622046
21
-2.5743467716535431
0
LINE
8
BLACK
6
CONTINUOUS
10
5.0184061023622046
20
-2.5743467716535431
11
5.0132723228346459
21
-2.5777770472440946
0
LINE
8
BLACK
6
CONTINUOUS
10
5.0132723228346459
20
-2.5777770472440946
11
5.0075680314960627
21
-2.5801398425196851
0
LINE
8
BLACK
6
CONTINUOUS
10
5.0075680314960627
20
-2.5801398425196851
11
5.0015123622047239
21
-2.5813444094488189
0
LINE
8
BLACK
6
CONTINUOUS
10
5.0015123622047239
20
-2.5813444094488189
11
4.9953380314960629
21
-2.5813444094488189
0
LINE
8
BLACK
6
CONTINUOUS
10
4.9953380314960629
20
-2.5813444094488189
11
4.9892823622047242
21
-2.5801398425196851
0
LINE
8
BLACK
6
CONTINUOUS
10
4.9892823622047242
20
-2.5801398425196851
11
4.9835780708661419
21
-2.5777770472440946
0
LINE
8
BLACK
6
CONTINUOUS
10
4.9835780708661419
20
-2.5777770472440946
11
4.9784442913385822
21
-2.5743467716535431
0
LINE
8
BLACK
6
CONTINUOUS
10
4.9784442913385822
20
-2.5743467716535431
11
4.9740784251968506
21
-2.569980905511811
0
LINE
8
BLACK
6
CONTINUOUS
10
4.9740784251968506
20
-2.569980905511811
11
4.9706481496062995
21
-2.5648471259842518
0
LINE
8
BLACK
6
CONTINUOUS
10
4.9706481496062995
20
-2.5648471259842518
11
4.9682853543307086
21
-2.5591428346456691
0
LINE
8
BLACK
6
CONTINUOUS
10
4.9682853543307086
20
-2.5591428346456691
11
4.9670807874015743
21
-2.5530871653543308
0
LINE
8
BLACK
6
CONTINUOUS
10
4.9670807874015743
20
-2.5530871653543308
11
4.9670807874015743
21
-2.5469128346456693
0
LINE
8
BLACK
6
CONTINUOUS
10
4.9670807874015743
20
-2.5469128346456693
11
4.9682853543307086
21
-2.5408571653543306
0
LINE
8
BLACK
6
CONTINUOUS
10
4.9682853543307086
20
-2.5408571653543306
11
4.9706481496062995
21
-2.5351528740157478
0
LINE
8
BLACK
6
CONTINUOUS
10
4.9706481496062995
20
-2.5351528740157478
11
4.9740784251968506
21
-2.5300190944881891
0
LINE
8
BLACK
6
CONTINUOUS
10
4.9740784251968506
20
-2.5300190944881891
11
4.9784442913385822
21
-2.5256532283464566
0
LINE
8
BLACK
6
CONTINUOUS
10
4.9784442913385822
20
-2.5256532283464566
11
4.9835780708661419
21
-2.5222229527559055
0
LINE
8
BLACK
6
CONTINUOUS
10
4.9835780708661419
20
-2.5222229527559055
11
4.9892823622047242
21
-2.519860157480315
0
LINE
8
BLACK
6
CONTINUOUS
10
4.9892823622047242
20
-2.519860157480315
11
4.9953380314960629
21
-2.5186555905511812
0
LINE
8
BLACK
6
CONTINUOUS
10
4.9953380314960629
20
-2.5186555905511812
11
5.0015123622047239
21
-2.5186555905511812
0
LINE
8
BLACK
6
CONTINUOUS
10
5.0015123622047239
20
-2.5186555905511812
11
5.0075680314960627
21
-2.519860157480315
0
LINE
8
BLACK
6
CONTINUOUS
10
5.3091428346456695
20
-2.519860157480315
11
5.3148471259842518
21
-2.5222229527559055
0
LINE
8
BLACK
6
CONTINUOUS
10
5.3148471259842518
20
-2.5222229527559055
11
5.3199809055118106
21
-2.5256532283464566
0
LINE
8
BLACK
6
CONTINUOUS
10
5.3199809055118106
20
-2.5256532283464566
11
5.3243467716535431
21
-2.5300190944881891
0
LINE
8
BLACK
6
CONTINUOUS
10
5.3243467716535431
20
-2.5300190944881891
11
5.3277770472440942
21
-2.5351528740157478
0
LINE
8
BLACK
6
CONTINUOUS
10
5.3277770472440942
20
-2.5351528740157478
11
5.3301398425196851
21
-2.5408571653543306
0
LINE
8
BLACK
6
CONTINUOUS
10
5.3301398425196851
20
-2.5408571653543306
11
5.3313444094488185
21
-2.5469128346456693
0
LINE
8
BLACK
6
CONTINUOUS
10
5.3313444094488185
20
-2.5469128346456693
11
5.3313444094488185
21
-2.5530871653543308
0
LINE
8
BLACK
6
CONTINUOUS
10
5.3313444094488185
20
-2.5530871653543308
11
5.3301398425196851
21
-2.5591428346456691
0
LINE
8
BLACK
6
CONTINUOUS
10
5.3301398425196851
20
-2.5591428346456691
11
5.3277770472440942
21
-2.5648471259842518
0
LINE
8
BLACK
6
CONTINUOUS
10
5.3277770472440942
20
-2.5648471259842518
11
5.3243467716535431
21
-2.569980905511811
0
LINE
8
BLACK
6
CONTINUOUS
10
5.3243467716535431
20
-2.569980905511811
11
5.3199809055118106
21
-2.5743467716535431
0
LINE
8
BLACK
6
CONTINUOUS
10
5.3199809055118106
20
-2.5743467716535431
11
5.3148471259842518
21
-2.5777770472440946
0
LINE
8
BLACK
6
CONTINUOUS
10
5.3148471259842518
20
-2.5777770472440946
11
5.3091428346456695
21
-2.5801398425196851
0
LINE
8
BLACK
6
CONTINUOUS
10
5.3091428346456695
20
-2.5801398425196851
11
5.3030871653543308
21
-2.5813444094488189
0
LINE
8
BLACK
6
CONTINUOUS
10
5.3030871653543308
20
-2.5813444094488189
11
5.2969128346456689
21
-2.5813444094488189
0
LINE
8
BLACK
6
CONTINUOUS
10
5.2969128346456689
20
-2.5813444094488189
11
5.2908571653543301
21
-2.5801398425196851
0
LINE
8
BLACK
6
CONTINUOUS
10
5.2908571653543301
20
-2.5801398425196851
11
5.2851528740157478
21
-2.5777770472440946
0
LINE
8
BLACK
6
CONTINUOUS
10
5.2851528740157478
20
-2.5777770472440946
11
5.2800190944881891
21
-2.5743467716535431
0
LINE
8
BLACK
6
CONTINUOUS
10
5.2800190944881891
20
-2.5743467716535431
11
5.2756532283464566
21
-2.569980905511811
0
LINE
8
BLACK
6
CONTINUOUS
10
5.2756532283464566
20
-2.569980905511811
11
5.2722229527559055
21
-2.5648471259842518
0
LINE
8
BLACK
6
CONTINUOUS
10
5.2722229527559055
20
-2.5648471259842518
11
5.2698601574803146
21
-2.5591428346456691
0
LINE
8
BLACK
6
CONTINUOUS
10
5.2698601574803146
20
-2.5591428346456691
11
5.2686555905511812
21
-2.5530871653543308
0
LINE
8
BLACK
6
CONTINUOUS
10
5.2686555905511812
20
-2.5530871653543308
11
5.2686555905511812
21
-2.5469128346456693
0
LINE
8
BLACK
6
CONTINUOUS
10
5.2686555905511812
20
-2.5469128346456693
11
5.2698601574803146
21
-2.5408571653543306
0
LINE
8
BLACK
6
CONTINUOUS
10
5.2698601574803146
20
-2.5408571653543306
11
5.2722229527559055
21
-2.5351528740157478
0
LINE
8
BLACK
6
CONTINUOUS
10
5.2722229527559055
20
-2.5351528740157478
11
5.2756532283464566
21
-2.5300190944881891
0
LINE
8
BLACK
6
CONTINUOUS
10
5.2756532283464566
20
-2.5300190944881891
11
5.2800190944881891
21
-2.5256532283464566
0
LINE
8
BLACK
6
CONTINUOUS
10
5.2800190944881891
20
-2.5256532283464566
11
5.2851528740157478
21
-2.5222229527559055
0
LINE
8
BLACK
6
CONTINUOUS
10
5.2851528740157478
20
-2.5222229527559055
11
5.2908571653543301
21
-2.519860157480315
0
LINE
8
BLACK
6
CONTINUOUS
10
5.2908571653543301
20
-2.519860157480315
11
5.2969128346456689
21
-2.5186555905511812
0
LINE
8
BLACK
6
CONTINUOUS
10
5.2969128346456689
20
-2.5186555905511812
11
5.3030871653543308
21
-2.5186555905511812
0
LINE
8
BLACK
6
CONTINUOUS
10
5.3030871653543308
20
-2.5186555905511812
11
5.3091428346456695
21
-2.519860157480315
0
LINE
8
BLACK
6
CONTINUOUS
10
5.782568031496063
20
-2.519860157480315
11
5.7882723228346453
21
-2.5222229527559055
0
LINE
8
BLACK
6
CONTINUOUS
10
5.7882723228346453
20
-2.5222229527559055
11
5.793406102362205
21
-2.5256532283464566
0
LINE
8
BLACK
6
CONTINUOUS
10
5.793406102362205
20
-2.5256532283464566
11
5.7977719685039366
21
-2.5300190944881891
0
LINE
8
BLACK
6
CONTINUOUS
10
5.7977719685039366
20
-2.5300190944881891
11
5.8012022440944877
21
-2.5351528740157478
0
LINE
8
BLACK
6
CONTINUOUS
10
5.8012022440944877
20
-2.5351528740157478
11
5.8035650393700786
21
-2.5408571653543306
0
LINE
8
BLACK
6
CONTINUOUS
10
5.8035650393700786
20
-2.5408571653543306
11
5.8047696062992129
21
-2.5469128346456693
0
LINE
8
BLACK
6
CONTINUOUS
10
5.8047696062992129
20
-2.5469128346456693
11
5.8047696062992129
21
-2.5530871653543308
0
LINE
8
BLACK
6
CONTINUOUS
10
5.8047696062992129
20
-2.5530871653543308
11
5.8035650393700786
21
-2.5591428346456691
0
LINE
8
BLACK
6
CONTINUOUS
10
5.8035650393700786
20
-2.5591428346456691
11
5.8012022440944877
21
-2.5648471259842518
0
LINE
8
BLACK
6
CONTINUOUS
10
5.8012022440944877
20
-2.5648471259842518
11
5.7977719685039366
21
-2.569980905511811
0
LINE
8
BLACK
6
CONTINUOUS
10
5.7977719685039366
20
-2.569980905511811
11
5.793406102362205
21
-2.5743467716535431
0
LINE
8
BLACK
6
CONTINUOUS
10
5.793406102362205
20
-2.5743467716535431
11
5.7882723228346453
21
-2.5777770472440946
0
LINE
8
BLACK
6
CONTINUOUS
10
5.7882723228346453
20
-2.5777770472440946
11
5.782568031496063
21
-2.5801398425196851
0
LINE
8
BLACK
6
CONTINUOUS
10
5.782568031496063
20
-2.5801398425196851
11
5.7765123622047243
21
-2.5813444094488189
0
LINE
8
BLACK
6
CONTINUOUS
10
5.7765123622047243
20
-2.5813444094488189
11
5.7703380314960633
21
-2.5813444094488189
0
LINE
8
BLACK
6
CONTINUOUS
10
5.7703380314960633
20
-2.5813444094488189
11
5.7642823622047246
21
-2.5801398425196851
0
LINE
8
BLACK
6
CONTINUOUS
10
5.7642823622047246
20
-2.5801398425196851
11
5.7585780708661414
21
-2.5777770472440946
0
LINE
8
BLACK
6
CONTINUOUS
10
5.7585780708661414
20
-2.5777770472440946
11
5.7534442913385826
21
-2.5743467716535431
0
LINE
8
BLACK
6
CONTINUOUS
10
5.7534442913385826
20
-2.5743467716535431
11
5.7490784251968501
21
-2.569980905511811
0
LINE
8
BLACK
6
CONTINUOUS
10
5.7490784251968501
20
-2.569980905511811
11
5.745648149606299
21
-2.5648471259842518
0
LINE
8
BLACK
6
CONTINUOUS
10
5.745648149606299
20
-2.5648471259842518
11
5.743285354330709
21
-2.5591428346456691
0
LINE
8
BLACK
6
CONTINUOUS
10
5.743285354330709
20
-2.5591428346456691
11
5.7420807874015747
21
-2.5530871653543308
0
LINE
8
BLACK
6
CONTINUOUS
10
5.7420807874015747
20
-2.5530871653543308
11
5.7420807874015747
21
-2.5469128346456693
0
LINE
8
BLACK
6
CONTINUOUS
10
5.7420807874015747
20
-2.5469128346456693
11
5.743285354330709
21
-2.5408571653543306
0
LINE
8
BLACK
6
CONTINUOUS
10
5.743285354330709
20
-2.5408571653543306
11
5.745648149606299
21
-2.5351528740157478
0
LINE
8
BLACK
6
CONTINUOUS
10
5.745648149606299
20
-2.5351528740157478
11
5.7490784251968501
21
-2.5300190944881891
0
LINE
8
BLACK
6
CONTINUOUS
10
5.7490784251968501
20
-2.5300190944881891
11
5.7534442913385826
21
-2.5256532283464566
0
LINE
8
BLACK
6
CONTINUOUS
10
5.7534442913385826
20
-2.5256532283464566
11
5.7585780708661414
21
-2.5222229527559055
0
LINE
8
BLACK
6
CONTINUOUS
10
5.7585780708661414
20
-2.5222229527559055
11
5.7642823622047246
21
-2.519860157480315
0
LINE
8
BLACK
6
CONTINUOUS
10
5.7642823622047246
20
-2.519860157480315
11
5.7703380314960633
21
-2.5186555905511812
0
LINE
8
BLACK
6
CONTINUOUS
10
5.7703380314960633
20
-2.5186555905511812
11
5.7765123622047243
21
-2.5186555905511812
0
LINE
8
BLACK
6
CONTINUOUS
10
5.7765123622047243
20
-2.5186555905511812
11
5.782568031496063
21
-2.519860157480315
  0
ENDSEC
  0
EOF
