2,ABBEVILLE,"'0J0",31.6002222222222,85.2383083333333
2,ADDISON,"'2A8",34.2171416666667,87.1581583333333
2,AKRON,"'AL03",32.8475,87.7138888888889
2,ALABASTER,"'EET",33.1777777777778,86.7832222222222
2,ALBERTVILLE,"'8A0",34.2291111111111,86.25575
2,"ALEXANDER CITY","'ALX",32.91475,85.9629444444444
2,ALICEVILLE,"'AIV",33.1067444444444,88.197175
2,ANDALUSIA,"'79J",31.3083611111111,86.3922222222222
2,ANNISTON,"'ANB",33.5881666666667,85.8581111111111
2,ARDMORE,"'1M3",34.9790833333333,86.8832777777778
2,ASHLAND/LINEVILLE,"'26A",33.2841972222222,85.8089652777778
2,ASHVILLE,"'AL60",33.8387097222222,86.2113652777778
2,ATMORE,"'0R1",31.0161388888889,87.44675
2,AUBURN,"'AUO",32.6151111111111,85.434
2,"BAY MINETTE","'1R8",30.8703333333333,87.8193333333333
2,"BAYOU LA BATRE","'5R7",30.45525,88.2111944444444
2,BESSEMER,"'EKY",33.3126111111111,86.9263055555556
2,BIRMINGHAM,"'BHM",33.5638888888889,86.7523055555556
2,BIRMINGHAM,"'AL40",33.5431619444444,86.9858277777778
2,BLOUNTSVILLE,"'AL29",34.1292638888889,86.6333266666667
2,BOAZ,"'8AL3",34.1417666666667,86.0885666666667
2,BREMEN,"'AL30",33.9908333333333,87.0777777777778
2,BREWTON,"'12J",31.0508333333333,87.0659722222222
2,BUTLER,"'09A",32.1193055555556,88.1274722222222
2,CAMDEN,"'61A",31.97975,87.3391111111111
2,"CEDAR BLUFF","'AL32",34.3225888888889,85.6437138888889
2,CENTRE,"'PYP",34.0899166666667,85.6100833333333
2,CENTRE,"'AL27",34.1056527777778,85.5657938888889
2,CENTREVILLE,"'0A8",32.9369388888889,87.0905472222222
2,CHAPMAN,"'5AL1",31.6807127777778,86.6819169444445
2,CHATOM,"'6AL6",31.3885833333333,88.0925833333333
2,CHATOM,"'5R1",31.4516668888889,88.1944266388889
2,CLANTON,"'02A",32.8504844722222,86.6114324722222
2,CLANTON,"'01AL",32.9459561111111,86.5138683333333
2,CLAYTON,"'11A",31.8833333333333,85.4852222222222
2,COLUMBIANA,"'1AL2",33.2471527777778,86.5979166666667
2,COURTLAND,"'9A4",34.6581583333333,87.3485580555556
2,CRAWFORD,"'AL51",32.4161111111111,85.2991666666667
2,CREOLA,"'15A",30.9091388888889,87.9963333333333
2,CULLMAN,"'CMD",34.2686944444444,86.8580277777778
2,DAPHNE,"'4AL3",30.5918055555556,87.8225833333333
2,"DAUPHIN ISLAND","'4R9",30.2604916666667,88.1274722222222
2,DECATUR,"'DCU",34.6540555555556,86.9453611111111
2,DEMOPOLIS,"'DYA",32.4638333333333,87.9540555555556
2,DOTHAN,"'DHN",31.3210277777778,85.4494722222222
2,"DOUBLE SPRINGS","'3M2",34.1442209722222,87.3278140277778
2,ELBA,"'14J",31.4100416666667,86.0903361111111
2,ELBERTA,"'7AL9",30.4692277777778,87.5439111111111
2,ELBERTA,"'AL08",30.4250083333333,87.5367055555556
2,ELBERTA,"'AL55",30.4418638888889,87.4638683333333
2,ENTERPRISE,"'EDN",31.2997222222222,85.8998333333333
2,EUFAULA,"'EUF",31.9513055555556,85.1289166666667
2,EUTAW,"'3A7",32.8204166666667,87.8650833333333
2,EVERGREEN,"'GZH",31.415,87.0433611111111
2,FAIRHOPE,"'CQF",30.4605,87.8770277777778
2,FAYETTE,"'M95",33.7091058333333,87.8152086111111
2,"FLAT ROCK","'4AL7",34.7447222222222,85.6898333333333
2,FLOMATON,"'0AL5",31.0322222222222,87.2527777777778
2,FLORALA,"'0J4",31.0424736111111,86.3115611111111
2,FLORENCE,"'0AL9",34.85,87.6325
2,FOLEY,"'NBJ",30.3903138611111,87.6315600833333
2,FOLEY,"'02AL",30.3714638888889,87.7644444444445
2,FOLEY,"'5R4",30.4276666666667,87.7009722222222
2,FOLEY,"'0AL1",30.4438888888889,87.6569444444444
2,"FORT DEPOSIT","'67A",31.9723708333333,86.5916413888889
2,"FORT PAYNE","'2AL5",34.3927777777778,85.665
2,"FORT PAYNE","'4A9",34.4736944444444,85.7213888888889
2,"FORT RUCKER/OZARK","'OZR",31.275775,85.71335
2,GADSDEN,"'GAD",33.9726488611111,86.0890834444444
2,GARDENDALE,"'AL18",33.6762147222222,86.8674938888889
2,GEIGER,"'AL43",32.9084625,88.3333666666667
2,GENEVA,"'33J",31.052625,85.8689444444445
2,GREENSBORO,"'7A0",32.6815402777778,87.6620691666667
2,GREENVILLE,"'68AL",31.8084,86.525
2,GREENVILLE,"'PRN",31.8456944444444,86.61075
2,GREENVILLE,"'71AL",31.8087861111111,86.523525
2,"GULF SHORES","'JKA",30.2896388888889,87.6717777777778
2,GUNTERSVILLE,"'8A1",34.4061891944444,86.2608702777778
2,GURLEY,"'AL10",34.6512008333333,86.4169316666667
2,HALEYVILLE,"'1M4",34.2803333333333,87.6004166666667
2,HAMILTON,"'HAB",34.1169444444444,87.9982222222222
2,HANCEVILLE,"'2AL7",34.0627777777778,86.7230555555556
2,HARPERSVILLE,"'AL92",33.3073338888889,86.4035897222222
2,HARTFORD,"'3AL1",31.0504166666667,85.6852777777778
2,HARTFORD,"'AL62",31.0829558333333,85.6835441666667
2,HARTSELLE,"'5M0",34.4082222222222,86.9329444444444
2,HARVEST,"'00AL",34.8648102777778,86.7702775
2,"HAZEL GREEN","'AL99",34.9807333333333,86.6840055555556
2,"HAZEL GREEN","'M38",34.916,86.6471111111111
2,"HAZEL GREEN","'8AL7",34.9804722222222,86.6923055555555
2,HEADLAND,"'0J6",31.3641388888889,85.3125277777778
2,HUNTSVILLE,"'AL93",34.8856433333333,86.7099977777778
2,HUNTSVILLE,"'MDQ",34.8593611111111,86.5575277777778
2,HUNTSVILLE,"'HSV",34.6371969444444,86.7750541666667
2,HUNTSVILLE,"'4AL8",34.4905416666667,86.6734333333333
2,HUNTSVILLE,"'3M5",34.7473611111111,86.4609722222222
2,HURTSBORO,"'AL05",32.221336,85.471783
2,IRVINGTON,"'2AL6",30.4919805555556,88.1973083333333
2,JACK,"'AL37",31.5550277777778,85.9772777777778
2,JACKSON,"'4R3",31.4705597222222,87.8959013888889
2,JACKSONVILLE,"'3AL5",33.8353055555556,85.7639166666667
2,JASPER,"'JFX",33.902,87.3138333333333
2,KINSTON,"'5AL7",31.25,86.1666666666667
2,LANETT,"'7A3",32.8118430555556,85.2294852777778
2,LAPINE,"'4AL9",31.9747222222222,86.2938888888889
2,LILLIAN,"'AL88",30.4265866666667,87.4708127777778
2,LOXLEY,"'57AL",30.6531944444444,87.72375
2,LOXLEY,"'1AL5",30.6363888888889,87.7477777777778
2,LOXLEY,"'AL35",30.6196363888889,87.7044325
2,LOXLEY,"'AL97",30.6451194444444,87.6705638888889
2,LUVERNE,"'04A",31.7363869444444,86.2624546388889
2,MADRID,"'7AL7",31.0645,85.4393888888889
2,"MAGNOLIA SPRINGS","'2AL1",30.4240861111111,87.7777669444445
2,MAPLESVILLE,"'AL76",32.8487369444444,86.8699883333333
2,MARION,"'A08",32.5105,87.3847777777778
2,MENTONE,"'AL09",34.5408569444444,85.5922930555556
2,MOBILE,"'BFM",30.6267777777778,88.0680833333333
2,MOBILE,"'MOB",30.6914166666667,88.2428333333333
2,MOBILE,"'26AL",30.6313888888889,88.2797222222222
2,MOBILE,"'62AL",30.6835244444444,88.3719555555555
2,MONROEVILLE,"'MVC",31.4580555555556,87.3510277777778
2,MONTEVALLO,"'5AL3",33.152895,86.8513777777778
2,MONTGOMERY,"'AL12",32.3608,86.120725
2,MONTGOMERY,"'MXF",32.3829444444444,86.3657777777778
2,MONTGOMERY,"'MGM",32.3006388888889,86.3939722222222
2,MOODY,"'1AL8",33.6111111111111,86.4744444444444
2,MOULTON,"'AL34",34.44704,87.3861327777778
2,MOUNDVILLE,"'AL44",32.9694902777778,87.6370208333333
2,"MUSCLE SHOALS","'5AL5",34.6920861111111,87.6512194444445
2,"MUSCLE SHOALS","'MSL",34.7453055555556,87.6102222222222
2,ODENVILLE,"'3AL6",33.6567777777778,86.4124722222222
2,ONEONTA,"'20A",33.9712777777778,86.3803888888889
2,OPELIKA,"'AL89",32.7187425,85.3668902777778
2,"OUR TOWN","'AL71",32.8037377777778,85.9805191666667
2,"OWENS CROSSROADS","'3AL8",34.6191666666667,86.4669444444445
2,OZARK,"'36AL",31.4928888888889,85.5342777777778
2,OZARK,"'71J",31.431812,85.6205339166667
2,"PELL CITY","'PLR",33.5588333333333,86.2490555555555
2,PERDIDO,"'AL33",31.0360305555556,87.5938083333333
2,"PHENIX CITY","'2AL8",32.4211111111111,85.2480555555556
2,"PIKE ROAD","'AL79",32.2695863888889,86.0988497222222
2,PINCKARD,"'84AL",31.3026111111111,85.5231388888889
2,PINCKARD,"'7AL5",31.2899027777778,85.5404777777778
2,PINSON,"'AL16",33.7267680555556,86.7236022222222
2,PRATTVILLE,"'1A9",32.4387222222222,86.5126944444444
2,"REDSTONE ARSNL HUNTSVILLE","'HUA",34.6786547222222,86.6847825
2,REFORM,"'3M8",33.3867527777778,88.0065791666667
2,ROANOKE,"'7A5",33.1296777777778,85.3722152777778
2,ROBA,"'AL25",32.2423686111111,85.6010594444444
2,ROBERTSDALE,"'1AL4",30.5447222222222,87.5594444444444
2,ROBERTSDALE,"'AL84",30.5585269444444,87.6041513888889
2,RUSSELLVILLE,"'M22",34.4450833333333,87.7116388888889
2,SAMSON,"'5AL8",31.105,85.9930555555556
2,SAMSON,"'1A4",31.1037027777778,86.0626
2,SCOTTSBORO,"'4A6",34.6886944444444,86.0059444444445
2,SELMA,"'SEM",32.3439466666667,86.9878055555556
2,SEMINOLE,"'AL69",30.5085286111111,87.4916475
2,SEMMES,"'AL74",30.764355,88.3058413888889
2,SLOCOMB,"'AL41",31.1160105555556,85.6254888888889
2,"ST ELMO","'2R5",30.5019166666667,88.2751111111111
2,STEELE,"'7AL2",33.8648208333333,86.3108358333333
2,STEVENSON,"'7A6",34.8862763888889,85.8032888888889
2,SUMMERDALE,"'4AL6",30.4668625,87.6833197222222
2,SUMMERDALE,"'NFD",30.5076294722222,87.6468773611111
2,SYLACAUGA,"'SCD",33.1718333333333,86.3055277777778
2,TALLADEGA,"'8AL2",33.355426,86.262135
2,TALLADEGA,"'ASN",33.5695041666667,86.0512013888889
2,THOMASTON,"'3AL7",32.285,87.52
2,TROY,"'AL77",31.7405555555556,86.0070277777778
2,TROY,"'TOI",31.86,86.0138888888889
2,TUSCALOOSA,"'TCL",33.2206275277778,87.6114015
2,TUSKEGEE,"'27AL",32.4535277777778,85.5581555555556
2,TUSKEGEE,"'06A",32.4604722222222,85.6800277777778
2,"UNION SPRINGS","'07A",32.1675922222222,85.8111966666667
2,VERNON,"'M55",33.8467188888889,88.1154758333333
2,WETUMPKA,"'2AL3",32.4554141666667,86.1191666666667
2,WETUMPKA,"'08A",32.5273333333333,86.3310277777778
2,WILMER,"'AL94",30.8126877777778,88.3772341666667
2,WILSONVILLE,"'AL17",33.2340030555556,86.5130366666667
2,WINFIELD,"'AL54",33.8633333333333,87.8452777777778
2,WOODVILLE,"'4AL5",34.6663472222222,86.2222861111111
2,ALMYRA,"'M73",34.4124794444444,91.4653055555555
2,ALTUS,"'54AR",35.3928555555556,93.7587055555556
2,ARKADELPHIA,"'41AR",34.1233333333333,93.3497222222222
2,ARKADELPHIA,"'ADF",34.0998055555556,93.0660833333333
2,"ASH FLAT","'CVK",36.2648888888889,91.5626666666667
2,ASHDOWN,"'08AR",33.7236111111111,94.1452777777778
2,ASHDOWN,"'57AR",33.6605555555556,94.2416666666667
2,AUGUSTA,"'M60",35.2719055555556,91.2703305555556
2,"BALD KNOB","'M74",35.2994722222222,91.5576944444445
2,BATESVILLE,"'BVX",35.7262222222222,91.6474444444444
2,BEEDEVILLE,"'1AR0",35.400725,91.129375
2,BELLEVILLE,"'25AR",35.1334225,93.4751872222222
2,BENTON,"'SUZ",34.5903888888889,92.4794444444444
2,BENTONVILLE,"'VBT",36.34525,94.2193361111111
2,BENTONVILLE,"'58AR",36.4058333333333,94.1752777777778
2,BERRYVILLE,"'4M1",36.3813333333333,93.6245555555556
2,BERRYVILLE,"'17A",36.32825,93.6222138888889
2,BIGELOW,"'AR13",34.9861986111111,92.6334958333333
2,"BLACK OAK","'2AR8",35.8311055555556,90.3704138888889
2,BLYTHEVILLE,"'BYH",35.9643333333333,89.9439444444445
2,BLYTHEVILLE,"'HKA",35.9404166666667,89.8308055555556
2,BOONEVILLE,"'4M2",35.1495263333333,93.8633895555556
2,BRICKEYS,"'15AR",34.8258611111111,90.5433333333333
2,BRIGGSVILLE,"'9AR1",34.9334722222222,93.5172222222222
2,BRINKLEY,"'M36",34.8802777777778,91.1764444444444
2,BUSCH,"'62AR",36.4648138888889,93.8692833333333
2,BUTLERVILLE,"'12XS",34.9547,91.837925
2,CABOT,"'3AR3",35.0595805555556,92.0820138888889
2,CABOT,"'73AR",35.0485222222222,92.0537416666667
2,CABOT,"'3AR4",35.0056555555556,92.0774444444444
2,CABOT,"'4AR2",34.91,92.0066666666667
2,CABOT,"'4AR1",35.0412666666667,92.1010166666667
2,"CALICO ROCK","'37T",36.1645277777778,92.1444722222222
2,CAMDEN,"'CDH",33.6228055555556,92.7633888888889
2,"CAMP ROBINSON/LITTLE ROCK","'RBM",34.8469236111111,92.3001416666667
2,CARLISLE,"'4M3",34.8082222222222,91.7121111111111
2,CASH,"'9AR9",35.8269739166667,90.9079919722222
2,"CAVE SPRINGS","'6AR1",36.2779083333333,94.1966
2,CENTERTON,"'2AR5",36.3830555555556,94.2938888888889
2,CENTERVILLE,"'AR03",35.1186972222222,93.2015638888889
2,CHARLOTTE,"'28AR",35.8333333333333,91.4333333333333
2,CHICKALA,"'AR05",35.2159194444444,93.3049
2,CLARENDON,"'4M8",34.6465888888889,91.3947166666667
2,CLARKSVILLE,"'H35",35.4706941666667,93.427155
2,CLINTON,"'CCA",35.59775,92.4515833333333
2,CLINTON,"'2A2",35.6507190277778,92.4038129444444
2,COLT,"'DRP",35.1200522222222,90.8265013888889
2,COLT,"'7AR3",35.1511111111111,90.8155555555556
2,CONWAY,"'AR06",35.2325,92.3433333333333
2,CONWAY,"'CXW",35.0198888888889,92.5551111111111
2,CONWAY,"'AR88",35.0548083333333,92.3540427777778
2,CORNING,"'4M9",36.4042313888889,90.6479263888889
2,COTTER,"'61AR",36.3084011111111,92.5307177777778
2,COY,"'1AR1",34.5271777777778,91.8726638888889
2,CRAWFORDSVILLE,"'0AR2",35.2667544444444,90.3500991666667
2,CROSSETT,"'CRT",33.1783333333333,91.8801944444444
2,DANVILLE,"'32A",35.0869444444444,93.4275277777778
2,"DE QUEEN","'DEQ",34.047,94.3993611111111
2,"DE WITT","'5M1",34.2622777777778,91.3075
2,"DE WITT","'49AR",34.2144444444444,91.4577777777778
2,DECATUR,"'5M5",36.3436111111111,94.4448333333333
2,DERMOTT,"'4M5",33.4879533333333,91.4426113888889
2,"DES ARC","'1AR2",34.9867833333333,91.5503
2,DOVER,"'AR89",35.4000819444444,93.0660061111111
2,DUMAS,"'0M0",33.8845277777778,91.5342777777778
2,EARLE,"'63AR",35.2514763888889,90.4598244444445
2,"EL DORADO","'F43",33.19125,92.6632222222222
2,"EL DORADO","'ELD",33.2212378055556,92.8117488888889
2,"EL PASO","'6AR0",35.0605558333333,92.116111
2,ELAINE,"'7AR7",34.3211972222222,90.8576694444444
2,ENGLAND,"'17AR",34.5530555555556,92.0913888888889
2,EUDORA,"'7AR1",33.0500666666667,91.3407305555556
2,"EUREKA SPRINGS","'18AR",36.3441666666667,93.8316666666667
2,"EUREKA SPRINGS","'7AR0",36.4314444444444,93.6993055555556
2,"EUREKA SPRINGS","'55AR",36.4297222222222,93.6955555555556
2,FAYETTEVILLE,"'FYV",36.0050833333333,94.1700555555556
2,FAYETTEVILLE,"'67AR",36.0977777777778,94.3075
2,FAYETTEVILLE/SPRINGDALE/ROGERS,"'XNA",36.2815791666667,94.3077655555556
2,FISHER,"'48AR",35.48375,90.8409027777778
2,FLIPPIN,"'FLP",36.2908888888889,92.59025
2,FLIPPIN,"'6AR9",36.4152777777778,92.6944444444444
2,FLIPPIN,"'45AR",36.36725,92.6402222222222
2,FORDYCE,"'5M4",33.8457922222222,92.3655288888889
2,"FORREST CITY","'FCY",34.9419980555556,90.7749661111111
2,"FORT CHAFFEE","'AZU",35.2750916666667,94.2252094444444
2,"FORT SMITH","'FSM",35.3365833333333,94.3674444444444
2,GARFIELD,"'40AR",36.3965722222222,93.9097861111111
2,GENTRY,"'1AR5",36.2994444444444,94.5847222222222
2,GOSNELL,"'70AR",35.9945152777778,89.9973113888889
2,GRAVETTE,"'AR09",36.4138888888889,94.4388888888889
2,GREENBRIER,"'12A",35.1775296111111,92.3350669722222
2,GREENBRIER,"'52AR",35.2800805555556,92.2415388888889
2,"GREERS FERRY","'1AR6",35.5033277777778,92.1967083333333
2,"GREERS FERRY","'30AR",35.5443611111111,92.0561666666667
2,"GREERS FERRY","'33AR",35.6022222222222,92.1425
2,"GREERS FERRY","'7AR2",35.5572,92.1321
2,GREGORY,"'36AR",35.2063888888889,91.3188888888889
2,GREGORY,"'94AR",35.1563833333333,91.3318805555556
2,GRIFFITHVILLE,"'3AR5",35.1178638888889,91.6118833333333
2,GURDON,"'5M8",33.9237777777778,93.1681388888889
2,GUY,"'20AR",35.3078583333333,92.3201527777778
2,HAMPTON,"'0R6",33.5226111111111,92.4602777777778
2,HARRISON,"'HRO",36.2615205555556,93.1547288888889
2,HARRISON,"'3AR2",36.3200666666667,93.2015666666667
2,HAZEN,"'AR10",34.8066666666667,91.6083333333333
2,HAZEN,"'6M0",34.7592138888889,91.6380458333333
2,HAZEN,"'21AR",34.7175916666667,91.5390194444444
2,"HEBER SPRINGS","'HBZ",35.5116938888889,92.0130094444444
2,"HEBER SPRINGS","'3AR8",35.4667461111111,91.9668136111111
2,"HELENA/WEST HELENA","'HEE",34.5765,90.6758888888889
2,HENDERSON,"'75AR",36.2961780555556,92.2159886111111
2,HIGDEN,"'06AR",35.5445219444444,92.1848744444444
2,"HOLLY GROVE","'2A6",34.5824444444444,91.1652222222222
2,HOPE,"'M18",33.7199811388889,93.6589037222222
2,"HORSESHOE BEND","'6M2",36.2213613888889,91.7554738888889
2,"HOT SPRINGS","'77AR",34.5975,92.9369444444444
2,"HOT SPRINGS","'HOT",34.4780277777778,93.0962222222222
2,HUNTSVILLE,"'H34",36.0780555555556,93.7550277777778
2,JACKSONVILLE,"'79AR",34.8528669444444,92.0481994444444
2,JACKSONVILLE,"'LRF",34.9175121111111,92.1450010277778
2,JONESBORO,"'23AR",35.8258888888889,90.5471944444445
2,JONESBORO,"'7AR9",35.9563805555556,90.8129833333333
2,JONESBORO,"'AN37",35.782262,90.651955
2,JONESBORO,"'JBR",35.8317111111111,90.6464219444444
2,JONESBORO,"'7AR6",35.7957944444444,90.802375
2,JONESBORO,"'81AR",35.9192083333333,90.7297125
2,KINGSTON,"'05AR",36.0006333333333,93.57025
2,"LAKE VILLAGE","'M32",33.3465277777778,91.3155555555556
2,LAKEVIEW,"'3M0",36.3490555555556,92.5558055555556
2,LINCOLN,"'68AR",35.9340944444444,94.415925
2,"LITTLE ROCK","'LIT",34.7294444444444,92.2247777777778
2,"LITTLE ROCK","'3AR6",34.7275777777778,92.5168388888889
2,LONOKE,"'39AR",34.9115972222222,91.8370833333333
2,LONOKE,"'2AR0",34.8681166666667,91.9742527777778
2,LONOKE,"'1AR9",34.8143722222222,91.9948138888889
2,LOWELL,"'AR91",36.2259088888889,94.0321444444444
2,LOWELL,"'3AR7",36.2647388888889,94.1654166666667
2,LUNDELL,"'24AR",34.1980555555556,90.9527777777778
2,MAGNOLIA,"'AGO",33.2274722222222,93.217
2,MALVERN,"'M78",34.3333158333333,92.7614994444444
2,MANILA,"'MXA",35.8944444444444,90.1545833333333
2,MARBLE,"'1AR4",36.1622222222222,93.6072222222222
2,MARIANNA,"'3AR0",34.8222777777778,90.8469444444444
2,MARIANNA,"'6M7",34.78275,90.8099722222222
2,"MARKED TREE","'6M8",35.5330902777778,90.4000888888889
2,"MARKED TREE","'34AR",35.5811111111111,90.3852777777778
2,MARSHALL,"'4A5",35.8986944444444,92.6563333333333
2,MARVELL,"'12AR",34.5154444444444,90.9737222222222
2,MAYFLOWER,"'AR34",34.9820319444444,92.4451569444444
2,"MC CRORY","'2AR4",35.2284166666667,91.0931666666667
2,"MC CRORY","'AR46",35.1893444444444,91.050375
2,"MC GEHEE","'7M1",33.6202211111111,91.3648405555555
2,MELBOURNE,"'42A",36.0709722222222,91.8301388888889
2,MENA,"'MEZ",34.5453888888889,94.2026388888889
2,"MINERAL SPRINGS","'2AR6",33.881755,93.9284652777778
2,MONTICELLO,"'LLQ",33.6385555555556,91.751
2,MORRILTON,"'AR43",35.1000852777778,92.7834994444444
2,MORRILTON,"'07AR",35.1945275,92.8001661111111
2,MORRILTON,"'BDQ",35.1361952777778,92.7134972222222
2,MORRILTON,"'MPJ",35.1388333333333,92.9091944444444
2,"MOUNT IDA","'7M3",34.5290811111111,93.5294241666667
2,"MOUNTAIN HOME","'BPK",36.3689425,92.4705197222222
2,"MOUNTAIN HOME","'76AR",36.3496666666667,92.4505555555556
2,"MOUNTAIN VIEW","'7M2",35.8644802777778,92.0903386111111
2,MURFREESBORO,"'02AR",34.1169444444444,93.6965
2,NASHVILLE,"'M77",33.9971944444444,93.8380833333333
2,NAYLOR,"'19AR",35.1539722222222,92.22075
2,NEWPORT,"'43AR",35.6113888888889,91.2413888888889
2,NEWPORT,"'M19",35.6377222222222,91.1763888888889
2,"NORTH LITTLE ROCK","'ORK",34.8331388888889,92.2541388888889
2,"NORTH LITTLE ROCK","'AR55",34.7398133333333,92.0901438888889
2,OAKLAND,"'8AR1",36.4894444444444,92.6422222222222
2,OSCEOLA,"'7M4",35.6911388888889,90.0101111111111
2,OZARK,"'51AR",35.6774444444444,93.7322944444444
2,OZARK,"'2AR1",35.3698472222222,93.8430611111111
2,OZARK,"'7M5",35.5106958333333,93.8393075
2,PALESTINE,"'AR17",34.9834261111111,90.9151161111111
2,PARAGOULD,"'3AR9",36.0552138888889,90.36685
2,PARAGOULD,"'PGR",36.0638055555556,90.5091944444444
2,"PARIS /SUBIACO/","'7M6",35.2991152777778,93.6816138888889
2,PIGGOTT,"'7M7",36.3782055555556,90.1662416666667
2,"PINE BLUFF","'PBF",34.1745130555556,91.9356042222222
2,POCAHONTAS,"'M70",36.2455,90.9552222222222
2,"POINT CEDAR","'0AR3",34.3280291666667,93.2592888888889
2,POLLARD,"'AR93",36.4856144444444,90.28038
2,PONCA,"'37AR",36.0523611111111,93.367325
2,PRESCOTT,"'2AR7",33.8491111111111,93.4791388888889
2,PRESCOTT,"'4F7",33.8038888888889,93.3621666666667
2,RECTOR,"'7M8",36.2500630555556,90.3195455555555
2,ROGERS,"'AR11",36.2888888888889,94.0902777777778
2,ROGERS,"'ROG",36.3724166666667,94.1069722222222
2,"ROSE BUD","'AR12",35.3189861111111,92.0323888888889
2,RUSSELLVILLE,"'RUE",35.2592830555556,93.0926222222222
2,SAGE,"'2AR2",36.0151833333333,91.7966166666667
2,SALEM,"'7M9",36.3559080555556,91.8309547222222
2,SEARCY,"'26AR",35.2155,91.8078333333333
2,SEARCY,"'7AR4",35.2922222222222,91.89
2,SEARCY,"'SRC",35.2106097222222,91.7375394444444
2,SEARCY,"'35AR",35.3118055555556,91.8756361111111
2,SHERIDAN,"'9M8",34.3275277777778,92.3513333333333
2,SHERRILL,"'99A",34.4062222222222,91.95875
2,SHERRILL,"'AR22",34.381485,91.9584719444445
2,"SILOAM SPRINGS","'SLG",36.1918611111111,94.49
2,"SILOAM SPRINGS","'38AR",36.1188277777778,94.4682138888889
2,SNOWBALL,"'4AR9",35.9148472222222,92.8997125
2,SPRINGDALE,"'ASG",36.1763888888889,94.11925
2,SPRINGFIELD,"'16AR",35.3011111111111,92.5733333333333
2,"STAR CITY","'55M",33.9264166666667,91.8611111111111
2,STEPHENS,"'4F8",33.4431944444444,93.0543055555556
2,STUTTGART,"'SGT",34.5994785277778,91.5750002777778
2,TEXARKANA,"'AR44",33.5126236111111,94.0135216666667
2,TEXARKANA,"'TXK",33.4537222222222,93.9910277777778
2,TILLAR,"'AR79",33.6931636111111,91.3795636111111
2,TILLAR,"'5AR1",33.7126072222222,91.4612333333333
2,TURRELL,"'5AR2",35.375,90.2063888888889
2,WALDRON,"'M27",34.876,94.1088888888889
2,"WALNUT RIDGE","'ARG",36.1246666666667,90.9251111111111
2,WARREN,"'3M9",33.5604433333333,92.0853886111111
2,WEINER,"'5AR7",35.6866666666667,90.7936111111111
2,WEINER,"'8M2",35.5902722222222,90.9136722222222
2,WESLEY,"'AR27",35.9389672222222,93.84575
2,"WEST MEMPHIS","'AWM",35.1350555555556,90.2344444444444
2,"WHITE HALL","'10AR",34.2628611111111,92.1216111111111
2,WILMOT,"'05XS",33.0785,91.5618333333333
2,WOODSON,"'9AR4",34.5230916666667,92.1676555555556
2,AGUILA,"'27AZ",33.91935,113.167816666667
2,AGUILA,"'26AZ",34.0119719444444,113.202970555556
2,AGUILA,"'28AZ",33.9228072222222,113.181303333333
2,AJO,"'P01",32.4528888888889,112.861416666667
2,BAGDAD,"'E51",34.5928944444444,113.171948611111
2,BENSON,"'31AZ",31.9636944444444,110.259794722222
2,BENSON,"'E95",31.9994444444444,110.357972222222
2,BISBEE,"'P04",31.3639902777778,109.883128611111
2,BOUSE,"'62AZ",33.8600583333333,113.929811111111
2,BUCKEYE,"'BXK",33.4204166666667,112.686180833333
2,BUCKEYE,"'10AZ",33.3667083333333,112.618778055556
2,"BULLHEAD CITY","'A09",34.8881666666667,114.616638888889
2,"BULLHEAD CITY","'IFP",35.1546111111111,114.559333333333
2,"BULLHEAD CITY","'A20",35.0056388888889,114.565027777778
2,"BULLHEAD CITY","'1AZ8",35.29583,114.373015555556
2,"CAMP VERDE","'19AZ",34.6050236111111,111.865151666667
2,"CAMP WOOD","'33AZ",34.79863,112.970187222222
2,CAREFREE,"'18AZ",33.8180947222222,111.897924166667
2,"CASA GRANDE","'CGZ",32.9548888888889,111.766833333333
2,CHANDLER,"'CHD",33.2691111111111,111.811111111111
2,CHANDLER,"'P19",33.2987708333333,111.9157875
2,CHINLE,"'E91",36.1093055555556,109.575472222222
2,"CHINO VALLEY","'59AZ",34.7444672222222,112.445168888889
2,CIBECUE,"'Z95",34.0033333333333,110.444166666667
2,CLIFTON,"'AZ66",33.3405472222222,109.494465277778
2,CLIFTON/MORENCI,"'CFT",32.9570386388889,109.211162305556
2,"COLORADO CITY","'AZC",36.9599444444444,113.013888888889
2,CONTINENTAL,"'35AZ",31.8436955555556,110.976756666667
2,COOLIDGE,"'P08",32.9360233333333,111.426473361111
2,COOLIDGE,"'37AZ",32.9356177777778,111.484566666667
2,COTTONWOOD,"'P52",34.7300555555556,112.035138888889
2,"CROWN KING","'AZ72",34.2410555555556,112.362777777778
2,"DOLAN SPRINGS","'AZ49",35.7888666666667,114.132097222222
2,DOUGLAS,"'AZ17",31.5022222222222,109.391111111111
2,DOUGLAS,"'P03",31.3713138888889,109.689952777778
2,DOUGLAS,"'DGL",31.3426027777778,109.506454444444
2,"DOUGLAS BISBEE","'DUG",31.4689444444444,109.60375
2,ELOY,"'EE0",32.6895027777778,111.549319444444
2,ELOY,"'E60",32.8067218055556,111.586626277778
2,ELOY,"'AZ04",32.6608472222222,111.681530555556
2,FLAGSTAFF,"'FLG",35.1403158333333,111.669241388889
2,"FORT HUACHUCA SIERRA VISTA","'FHU",31.5884722222222,110.344388888889
2,"FORT THOMAS","'5AZ9",33.0327777777778,109.9875
2,"GILA BEND","'GXF",32.8878472222222,112.719609722222
2,"GILA BEND","'E63",32.9601694444444,112.6736375
2,"GILA BEND","'AZ05",33.1125,112.661666666667
2,"GILA BEND","'GAX",32.88525,112.816305555556
2,GLENDALE,"'GEU",33.5269166666667,112.295138888889
2,GLENDALE,"'LUF",33.5349669444444,112.383199583333
2,GLOBE,"'P13",33.3531388888889,110.667361111111
2,GOODYEAR,"'GYR",33.4232777777778,112.375361111111
2,"GRAND CANYON","'GCN",35.9523611111111,112.146972222222
2,"GRAND CANYON","'40G",35.6506458333333,112.148054166667
2,"GREEN VALLEY","'14AZ",31.9092222222222,111.120972222222
2,HACKBERRY,"'68AZ",35.4751222222222,113.769191666667
2,HEBER,"'6AZ2",34.6168055555556,110.627961111111
2,HEREFORD,"'03AZ",31.4334325,110.083965833333
2,HOLBROOK,"'P14",34.9407222222222,110.1385
2,"HUACHUCA CITY","'11AZ",31.6837019444444,110.2900775
2,"HUACHUCA CITY/TOMBSTONE","'AZ21",31.7458333333333,110.247777777778
2,KAYENTA,"'0V7",36.7164444444444,110.228444444444
2,KAYENTA,"'38AZ",36.4717355555556,110.417902083333
2,KEARNY,"'E67",33.0471944444444,110.909055555556
2,KINGMAN,"'AZ71",34.8707569444444,113.586643055556
2,KINGMAN,"'73AZ",35.2019444444444,113.360833333333
2,KINGMAN,"'IGM",35.2594780555556,113.938050277778
2,KINGMAN,"'4AZ6",34.9980638888889,113.461597222222
2,KINGMAN,"'AZ97",35.3483291666667,113.688830277778
2,KLONDYKE,"'AN01",32.8166666666667,110.316666666667
2,KLONDYKE,"'AZ45",32.7292347222222,110.296475277778
2,"LAKE HAVASU CITY","'HII",34.5711238888889,114.358276944444
2,"LAKE HAVASU CITY","'9AZ2",34.5827777777778,114.027777777778
2,LAVEEN,"'AZ90",33.3533786111111,112.127371388889
2,MARANA,"'AVQ",32.4095555555556,111.218388888889
2,MARANA,"'MZJ",32.5098333333333,111.325333333333
2,"MARBLE CANYON","'AZ03",36.7344308333333,111.752663888889
2,"MARBLE CANYON","'L41",36.8108055555556,111.644444444444
2,MARICOPA,"'A39",32.9905486111111,111.918901388889
2,MARICOPA,"'AZ78",33.0111111111111,112.281666666667
2,MARICOPA,"'40AZ",33.0789383333333,112.129033333333
2,MARICOPA,"'41AZ",32.9861625,112.025696111111
2,MARICOPA,"'AZ43",33.0541666666667,112.173611111111
2,MARICOPA,"'2AZ4",33.0536605555556,112.145700555556
2,MARICOPA,"'AZ13",33.0169922222222,112.28126
2,MARICOPA,"'AZ31",32.996715,112.272370555556
2,MCNEAL,"'2AZ9",31.6023177777778,109.651458333333
2,MEADVIEW,"'L25",36.0932222222222,114.046722222222
2,MESA,"'FFZ",33.4608405555556,111.728325277778
2,MOBILE,"'0AZ4",32.9822702777778,112.287092777778
2,MOBILE,"'1AZ0",33.1119444444444,112.269166666667
2,MOBILE,"'5AZ6",32.925,112.259444444444
2,"MOHAVE VALLEY","'45AZ",34.9133055555556,114.580077777778
2,MORRISTOWN,"'0AZ5",33.8658658333333,112.603368333333
2,MORRISTOWN,"'12AZ",33.8539211111111,112.653230277778
2,MORRISTOWN,"'AZ32",33.8475327777778,112.587950833333
2,MORRISTOWN,"'AZ28",33.8215027777778,112.573116666667
2,NOGALES,"'OLS",31.4177222222222,110.847888888889
2,OVERGAARD,"'AZ82",34.3972602777778,110.529845833333
2,PAGE,"'PGA",36.9260694444444,111.448350555556
2,PAGE,"'44AZ",36.93193,111.969621388889
2,PALOMA,"'29AZ",32.9056033333333,112.900169444444
2,PALOMINAS,"'AZ26",31.3691666666667,110.125
2,PARKER,"'P20",34.1498333333333,114.267833333333
2,PAULDEN,"'AZ09",35.02784425,112.674457777778
2,PAULDEN,"'AZ57",34.9308333333333,112.5125
2,PAYSON,"'PAN",34.2568363888889,111.339255833333
2,"PEACH SPRINGS","'L37",35.5272347222222,113.247502777778
2,"PEACH SPRINGS","'1G4",35.9861111111111,113.816916666667
2,"PEACH SPRINGS","'3AZ5",35.5722144444444,113.29243
2,PEARCE,"'6AZ5",31.8574833333333,109.542316666667
2,PEARCE,"'7AZ4",31.9386111111111,109.588333333333
2,PEORIA,"'P48",33.8005911111111,112.250715277778
2,PHOENIX,"'DVT",33.6883055555556,112.082555555556
2,PHOENIX,"'PHX",33.4342777777778,112.011583333333
2,PHOENIX,"'IWA",33.3078238888889,111.655459166667
2,PIMA,"'E37",32.8478433333333,109.881748055556
2,POLACCA,"'P10",35.7916111111111,110.423388888889
2,PORTAL,"'8AZ5",31.8979444444444,109.056916666667
2,PORTAL,"'25AZ",31.8159472222222,109.057280555556
2,PRESCOTT,"'AZ27",34.9100191666667,112.534061944444
2,PRESCOTT,"'AZ46",34.7664111111111,112.549060833333
2,PRESCOTT,"'PRC",34.6548333333333,112.419222222222
2,QUARTZSITE,"'15AZ",33.7613888888889,114.459444444444
2,"QUEEN CREEK","'5AZ3",33.208725,111.617240277778
2,REDROCK,"'AZ63",32.5277777777778,111.195833333333
2,RIMROCK,"'48AZ",34.6508555555556,111.788206388889
2,"ROCKY RIDGE","'50AZ",36.0597222222222,110.588193055556
2,ROOSEVELT,"'88AZ",33.6409083333333,111.056916666667
2,SAFFORD,"'SAD",32.8533333333333,109.635083333333
2,SALOME,"'2AZ1",33.7591975,113.615484722222
2,SALOME,"'AZ40",33.7874166666667,113.642416666667
2,SALOME,"'0AZ2",33.7780555555556,113.641666666667
2,"SAN LUIS","'44A",32.5163055555556,114.698388888889
2,"SAN MANUEL","'E77",32.6364402777778,110.647287666667
2,SCOTTSDALE,"'SDL",33.6228888888889,111.910527777778
2,SEDONA,"'SEZ",34.8485891666667,111.7884475
2,SELIGMAN,"'P23",35.335075,112.886497222222
2,SELIGMAN,"'52AZ",35.3833319444444,113.300761388889
2,SELLS,"'E78",31.9325833333333,111.89425
2,"SHOW LOW","'SOW",34.2654722222222,110.005666666667
2,"SHOW LOW","'21AZ",34.3522619444444,109.97011
2,"SIERRA VISTA","'1AZ6",31.5566666666667,110.110833333333
2,"SKULL VALLEY","'16AZ",34.5089133333333,112.679898611111
2,SOLOMON,"'3AZ8",32.7622891666667,109.653411666667
2,SOMERTON,"'54AZ",32.6008844444444,114.665786666667
2,SOMERTON,"'AZ25",32.55705,114.678947222222
2,SPRINGERVILLE,"'JTC",34.1294166666667,109.310861111111
2,"ST DAVID","'09AZ",31.9253333333333,110.038166666667
2,"ST JOHNS","'SJN",34.5185555555556,109.37875
2,STANFIELD,"'5AZ7",32.8472222222222,111.95
2,STANFIELD,"'AZ61",32.9017161111111,112.2379225
2,STANFIELD,"'55AZ",32.8739419444444,111.959858055556
2,SUPERIOR,"'E81",33.2778338888889,111.127065
2,TAYLOR,"'TYL",34.4527222222222,110.115027777778
2,"TEMPLE BAR","'U30",36.0204444444444,114.334916666667
2,TOMBSTONE,"'74AZ",31.6196111111111,110.047361111111
2,TOMBSTONE,"'P29",31.6713055555556,110.021527777778
2,TONOPAH,"'99AZ",33.3955555555556,113.223055555556
2,TONOPAH,"'56AZ",33.4819833333333,113.0021275
2,TONOPAH,"'AZ85",33.5339269444444,112.960180833333
2,"TUBA CITY","'T03",36.0926388888889,111.383083333333
2,TUCSON,"'DMA",32.1663644166667,110.883169694444
2,TUCSON,"'6AZ8",31.9411111111111,111.120277777778
2,TUCSON,"'57AZ",32.4480616111111,111.001769805556
2,TUCSON,"'RYN",32.1422111111111,111.174579166667
2,TUCSON,"'TUS",32.1160691666667,110.941013888889
2,WELLTON,"'AZ60",32.7234330833333,113.938305055556
2,WELLTON,"'AZ06",32.7863361111111,113.9386
2,WENDEN,"'AZ01",33.8477777777778,113.570277777778
2,"WHITE HILLS","'AZ50",35.7163888888889,114.48
2,WHITERIVER,"'E24",33.8106083333333,109.985743611111
2,WHITMORE,"'1Z1",36.2565,113.230888888889
2,WICKENBURG,"'23AZ",34.0194727777778,112.825735833333
2,WICKENBURG,"'AZ64",33.9522527777778,112.686565
2,WICKENBURG,"'E25",33.9706293333333,112.795089805556
2,WILLCOX,"'AZ14",32.0247222222222,109.959722222222
2,WILLCOX,"'P33",32.2454166666667,109.894638888889
2,WILLCOX,"'93AZ",32.2246527777778,110.007819444444
2,WILLCOX,"'4AZ9",32.1130555555556,109.761666666667
2,WILLIAMS,"'CMR",35.3055,112.194361111111
2,"WINDOW ROCK","'RQE",35.6520555555556,109.067388888889
2,WINSLOW,"'INW",35.0219097222222,110.722515777778
2,YOUNG,"'58AZ",34.0936111111111,110.932777777778
2,YOUNG,"'24AZ",34.1580975,110.9354025
2,YUCCA,"'AZ34",34.6914277777778,114.097738888889
2,YUMA,"'NYL",32.6565738888889,114.605987222222
2,"YUMA PROVING GROUND(YUMA)","'LGF",32.8645850833333,114.392977722222
2,ADELANTO,"'52CL",34.5374930555556,117.460604166667
2,ADELANTO,"'11CL",34.62999,117.653390833333
2,ADELANTO,"'0CL1",34.5694361111111,117.555555555556
2,ADIN,"'A26",41.1865,120.954388888889
2,"AGUA CALIENTE SPRINGS","'L54",32.9556944444444,116.294722222222
2,"AGUA DULCE","'L70",34.5035148333333,118.313157166667
2,ALPINE,"'1CA6",32.7650541666667,116.722520555556
2,ALTURAS,"'AAT",41.4828611111111,120.565416666667
2,ALTURAS,"'CA06",41.4177638888889,120.569227777778
2,ALTURAS,"'A24",41.4122597222222,120.683886111111
2,"ANCHOR BAY","'53CL",38.8596308333333,123.5905675
2,ANGWIN,"'2O3",38.5800277777778,122.435472222222
2,ANZA,"'54CL",33.5208625,116.796687777778
2,"APPLE VALLEY","'APV",34.5753333333333,117.186194444444
2,"APPLE VALLEY","'27CA",34.5611063888889,117.080595
2,ARBUCKLE,"'55CL",39.0530555555556,122.095555555556
2,ARCATA/EUREKA,"'ACV",40.9778333333333,124.108472222222
2,ARVIN,"'5CL8",35.1761388888889,118.923148888889
2,ATWATER,"'MER",37.3804844444444,120.568186388889
2,AUBERRY,"'5CL9",37.1413333333333,119.507916666667
2,AUBURN,"'AUN",38.9548333333333,121.081722222222
2,AVALON,"'AVX",33.4049972222222,118.415769444444
2,BAKER,"'0O2",35.2862777777778,116.081361111111
2,BAKERSFIELD,"'L45",35.3248747222222,118.996021944444
2,BAKERSFIELD,"'BFL",35.4338611111111,119.057666666667
2,BAKERSFIELD,"'7CA2",35.1766666666667,118.927222222222
2,BAKERSFIELD,"'81CA",35.0977777777778,119.071111111111
2,BANNING,"'BNG",33.9225555555556,116.850972222222
2,BARSTOW,"'00CA",35.3549722222222,116.885208333333
2,BARSTOW,"'5CA4",34.7287694444444,116.158675
2,"BEAR VALLEY","'73CA",38.4588005555556,120.039908611111
2,BECKWOURTH,"'O02",39.8185277777778,120.352805555556
2,BIEBER,"'O55",41.1395402777778,121.12405
2,"BIG BEAR CITY","'L35",34.2637777777778,116.856027777778
2,BIGGS,"'CL23",39.4596088888889,121.696084722222
2,BIGGS,"'00CL",39.4271888888889,121.763427777778
2,BISHOP,"'BIH",37.3731111111111,118.363611111111
2,BISHOP,"'9CA6",37.8690969444445,118.095109166667
2,BLYTHE,"'BLH",33.6191666666667,114.716888888889
2,BLYTHE,"'56CL",33.5919691666667,114.605511944444
2,BOONVILLE,"'D83",39.0139528055556,123.38155325
2,BORON,"'57CL",35.0035866666667,117.607003055556
2,"BORREGO SPRINGS","'58CL",33.1919277777778,116.280102777778
2,"BORREGO SPRINGS","'L08",33.2590277777778,116.320972222222
2,BRAWLEY,"'BWC",32.9929375,115.517263333333
2,BRENTWOOD,"'4CA2",37.9468666666667,121.647452777778
2,BRIDGEPORT,"'O57",38.2646536388889,119.222731111111
2,BROWNSVILLE,"'2CL1",39.4552222222222,121.291638888889
2,BRYTE,"'60CL",38.5987938888889,121.560511944444
2,BURBANK,"'BUR",34.2006944444444,118.358666666667
2,BUTTONWILLOW,"'L62",35.3534444444444,119.479722222222
2,BYRON,"'C83",37.8284444444444,121.625833333333
2,CADIZ,"'CA90",34.5138888888889,115.519444444444
2,CALEXICO,"'CXL",32.6674444444444,115.517583333333
2,CALIENTE,"'62CL",35.4071791666667,118.500086666667
2,"CALIFORNIA CITY","'L71",35.15125,118.016666666667
2,CALIPATRIA,"'CLR",33.1313333333333,115.521388888889
2,CALPINE,"'CA38",39.6512911111111,120.438544166667
2,CAMARILLO,"'CMA",34.21375,119.094361111111
2,CAMBRIA,"'66CA",35.6077483333333,121.110193333333
2,"CAMERON PARK","'O61",38.684,120.987527777778
2,"CAMP ROBERTS","'CA62",35.719135,120.7679525
2,CAPAY,"'63CL",38.71657,122.138584444444
2,CARLSBAD,"'CRQ",33.12825,117.280083333333
2,CARSON,"'64CL",33.855,118.276166666667
2,CARUTHERS,"'65CL",36.5143941666667,119.764026388889
2,CEDARVILLE,"'O59",41.5536111111111,120.165611111111
2,"CHEMEHUEVI VALLEY","'49X",34.5288888888889,114.431972222222
2,CHESTER,"'O05",40.2823611111111,121.241166666667
2,CHICO,"'CIC",39.7953888888889,121.858416666667
2,CHICO,"'4CA7",39.6707166666667,121.885811111111
2,CHICO,"'CL56",39.71952125,121.870495416667
2,CHILCOOT,"'CA11",39.9972138888889,120.216856944444
2,"CHINA LAKE","'NID",35.6857004444444,117.692109472222
2,CHINO,"'CNO",33.9747793055556,117.636482833333
2,"CHIRIACO SUMMIT","'L77",33.6648111111111,115.710413888889
2,CHOWCHILLA,"'67CA",37.0727225,120.378233333333
2,CHOWCHILLA,"'2O6",37.1132777777778,120.247
2,"CHULA VISTA","'0CL3",32.6333722222222,116.890311111111
2,CLARKSBURG,"'CN13",38.44325,121.508861111111
2,CLOVERDALE,"'O60",38.7762777777778,122.992611111111
2,CLOVIS,"'CL24",36.8499502777778,119.510131944444
2,COALINGA,"'3O8",36.2481111111111,120.238472222222
2,COALINGA,"'C80",36.1621111111111,120.294833333333
2,COLUMBIA,"'O22",38.0304166666667,120.414555555556
2,COLUSA,"'O08",39.179,121.993333333333
2,COLUSA,"'67CL",39.2010013888889,122.048584444444
2,COMPTON,"'CPM",33.8899166666667,118.243805555556
2,CONCORD,"'CCR",37.9896566666667,122.056902222222
2,CORCORAN,"'24CL",36.0886722222222,119.541627777778
2,CORCORAN,"'43CN",36.1026388888889,119.594666666667
2,CORNING,"'0O4",39.9461111111111,122.171111111111
2,CORONA,"'AJO",33.8976540833333,117.60243975
2,COTTONWOOD,"'CA04",40.3462641666667,122.338892777778
2,COTTONWOOD,"'68CA",40.3611111111111,122.215833333333
2,COVELO,"'O09",39.7905,123.266333333333
2,"CRESCENT CITY","'CEC",41.7801666666667,124.236527777778
2,"CROWS LANDING","'CA93",37.4079905555556,121.109376111111
2,CUYAMA,"'CL25",34.9355291666667,119.451786944444
2,CUYAMA,"'5CN4",34.9236333333333,119.5715
2,DAGGETT,"'DAG",34.8537222222222,116.786694444444
2,DAVENPORT,"'17CL",37.0880033333333,122.273581944444
2,DAVIS,"'69CL",38.6154611111111,121.747462222222
2,DAVIS,"'EDU",38.5314622222222,121.786481666667
2,DAVIS/WOODLAND/WINTERS,"'DWA",38.5793888888889,121.856944444444
2,"DEATH VALLEY JUNCTION","'70CL",36.2957891666667,116.425874722222
2,"DEATH VALLEY NATIONAL PARK","'L06",36.4605,116.879805555556
2,"DEATH VALLEY NATIONAL PARK","'L09",36.6038333333333,117.159222222222
2,"DEL REY","'0CA0",36.6527444444444,119.587113888889
2,DELANO,"'DLO",35.7455555555556,119.2365
2,DELEVAN,"'71CL",39.3526641666667,122.093865555556
2,DELHI,"'0CN1",37.4521777777778,120.764758333333
2,"DESERT CENTER","'CN64",33.7477222222222,115.32525
2,"DESERT CENTER","'72CL",34.1341780555556,115.119143888889
2,"DESERT CENTER","'73CL",33.6989075,115.636932777778
2,DINSMORE,"'D63",40.4920277777778,123.598222222222
2,DIXON,"'13CL",38.3812988888889,121.8235725
2,DORRIS,"'A32",41.88725,121.975583333333
2,"DOS PALOS","'28CA",36.9624472222222,120.630182777778
2,"DOS PALOS","'CL01",36.8999483333333,120.6676825
2,DRYTOWN,"'CA71",38.44,120.886944444444
2,DUNLAP,"'77CL",36.7177255555556,119.137057777778
2,DUNSMUIR,"'1O6",41.2629194444444,122.2720375
2,EDWARDS,"'9L2",34.9907847222222,117.863191666667
2,EDWARDS,"'EDW",34.9080883888889,117.885528527778
2,"EL CENTRO","'23CN",32.7889441666667,115.529716944444
2,"EL CENTRO","'NJK",32.8266333333333,115.668561111111
2,"EL MIRAGE","'99CL",34.62499,117.605055833333
2,"EL MONTE","'EMT",34.0860088888889,118.034845277778
2,"ELK CREEK","'90CL",39.5721016666667,122.6094375
2,"ELK GROVE","'8CL2",38.4235213888889,121.2274475
2,"ELK GROVE","'CL04",38.4107438888889,121.234947777778
2,"EMIGRANT GAP","'BLU",39.2749722222222,120.70975
2,ESCONDIDO,"'8CL1",33.1861488888889,117.001973611111
2,ESCONDIDO,"'37CL",33.3244783333333,116.990305
2,ESPARTO,"'CA34",38.6525,122.028055555556
2,EUREKA,"'O19",40.7189527777778,123.927216666667
2,EUREKA,"'EKA",40.8033888888889,124.112805555556
2,EUREKA,"'O33",40.7808611111111,124.212277777778
2,EXETER,"'CN63",36.2424777777778,119.149416666667
2,FAIRFIELD,"'SUU",38.2645366666667,121.924131472222
2,"FALL RIVER MILLS","'O89",41.0173611111111,121.434972222222
2,FALLBROOK,"'L18",33.3541666666667,117.250833333333
2,FAMOSO,"'L73",35.5963888888889,119.128277777778
2,FARMINGTON,"'CN29",37.9352025,121.015494444444
2,FIDDLETOWN,"'74CA",38.4675027777778,120.803268055556
2,FIREBAUGH,"'F34",36.8599886111111,120.4644675
2,FIREBAUGH,"'CN22",36.7065208333333,120.860034722222
2,"FIVE POINTS","'5CA7",36.3360627777778,120.247369444444
2,"FOREST GLEN","'41CA",40.3176466666667,123.253913611111
2,"FORT BIDWELL","'A28",41.8765,120.146638888889
2,"FORT BRAGG","'82CL",39.4743325,123.795570555556
2,"FORT IRWIN/BARSTOW","'BYS",35.2805302777778,116.630029444444
2,"FORT JONES","'A30",41.5577777777778,122.854944444444
2,FORTUNA,"'FOT",40.5539444444444,124.132666666667
2,FOWLER,"'11CA",36.6732830555556,119.721528611111
2,FRANKLIN,"'CN38",38.3413008333333,121.437452222222
2,FRANKLIN,"'F72",38.304,121.429305555556
2,"FRAZIER PARK","'02CL",34.7610919444444,119.058993055556
2,FRESNO,"'FCH",36.7321241666667,119.8203325
2,FRESNO,"'FAT",36.7765555555556,119.718833333333
2,FRESNO,"'E79",36.8401666666667,119.869388888889
2,FULLERTON,"'FUL",33.8720141666667,117.979784166667
2,GALT,"'2CL9",38.3343572222222,121.30356
2,GALT,"'51CL",38.2304716666667,121.222168611111
2,GARBERVILLE,"'O16",40.0854333333333,123.814145833333
2,GASQUET,"'0O9",41.8455833333333,123.984777777778
2,GEORGETOWN,"'E36",38.9211111111111,120.864805555556
2,GEORGETOWN,"'29CN",38.8499008333333,120.834379444444
2,GOFFS,"'CL29",34.8352564444444,114.95696925
2,GORMAN/LANCASTER,"'CL46",34.7677580555556,118.731756666667
2,"GRASS VALLEY","'09CL",39.1120635555556,121.055188583333
2,"GRASS VALLEY","'GOO",39.2240555555556,121.002555555556
2,GREENFIELD,"'3CA7",36.3282991666667,121.186588333333
2,GRIMES,"'44CL",39.0478541666667,121.950388888889
2,GRIMES,"'35CN",39.0998933333333,121.934414166667
2,GRIMES,"'53CN",39.0748938888889,121.9177475
2,GROVELAND,"'45CN",37.8802038888889,120.193521388889
2,GROVELAND,"'E45",37.8616666666667,120.178555555556
2,GUALALA,"'E55",38.8016111111111,123.530638888889
2,GUSTINE,"'3O1",37.2605555555556,120.96425
2,"HALF MOON BAY","'HAF",37.5134444444444,122.501166666667
2,HANFORD,"'HJO",36.3167222222222,119.627666666667
2,"HAPPY CAMP","'36S",41.7906794444444,123.388944444444
2,HAWTHORNE,"'HHR",33.9228611111111,118.335083333333
2,HAYFORK,"'F62",40.547,123.179638888889
2,HAYWARD,"'HWD",37.6589285277778,122.121737166667
2,HEALDSBURG,"'HES",38.6528591666667,122.898641527778
2,HELENDALE,"'CA70",34.7580405555556,117.496719166667
2,HEMET,"'86CL",33.5974055555556,116.883494444444
2,HEMET,"'HMT",33.7340277777778,117.022305555556
2,HERALD,"'65CN",38.3040802777778,121.251058611111
2,HERLONG,"'AHC",40.2659181111111,120.150613305556
2,HERLONG,"'H37",40.1387222222222,120.179972222222
2,HESPERIA,"'L26",34.3769444444444,117.316055555556
2,HILMAR,"'CL84",37.38827,120.927427222222
2,HOLLISTER,"'9CL2",36.87162,121.337153888889
2,HOLLISTER,"'1C9",36.9528333333333,121.462638888889
2,HOLLISTER,"'CVH",36.8933475,121.410273611111
2,HOLTVILLE,"'L04",32.8449444444444,115.2685
2,HOOPA,"'O21",41.0414722222222,123.667805555556
2,HYAMPOM,"'H47",40.6256111111111,123.4685
2,IMPERIAL,"'IPL",32.8342222222222,115.57875
2,"IMPERIAL BEACH","'NRS",32.5661566111111,117.11352325
2,INDEPENDENCE,"'2O7",36.8163723888889,118.204932555556
2,INYOKERN,"'IYK",35.6587412777778,117.8295325
2,IONE,"'CA19",38.2638052777778,120.9232725
2,IONE,"'CA20",38.4304663888889,121.0149425
2,IONE,"'5CA8",38.2563055555556,120.931606666667
2,JACKSON,"'JAQ",38.3768016666667,120.793910277778
2,JACUMBA,"'L78",32.6158805555556,116.165538888889
2,JAMESTOWN,"'08CL",37.8596491666667,120.554366388889
2,JULIAN,"'04CL",33.0817108333333,116.441404444444
2,"KENNEDY MEADOWS","'68CN",36.0221663888889,118.095356944444
2,KERNVILLE,"'L05",35.7282222222222,118.419722222222
2,"KING CITY","'KIC",36.2285555555556,121.121305555556
2,"KLAMATH GLEN","'S51",41.5120277777778,123.995666666667
2,"KLAMATH RIVER","'CA09",41.886245,122.844478333333
2,"KNIGHTS LANDING","'32CL",38.8332333333333,121.717742222222
2,KNIGHTSEN,"'CN19",37.9356527777778,121.612841666667
2,"LA VERNE","'POC",34.0916666666667,117.781777777778
2,"LAKE ARROWHEAD","'2CN8",34.3041666666667,117.151388888889
2,"LAKE ELSINORE","'CA42",33.6436111111111,117.429166666667
2,"LAKE ELSINORE","'CA89",33.6329777777778,117.301572222222
2,LAKEPORT,"'1O2",38.9906111111111,122.900722222222
2,LANCASTER,"'WJF",34.7410555555556,118.218638888889
2,LANCASTER,"'1CL1",34.7941469444444,118.277576944444
2,"LEE VINING","'O24",37.9577386388889,119.105811166667
2,LEMOORE,"'NLC",36.3331267777778,119.952161638889
2,LEMOORE,"'32CA",36.3332836111111,119.825135277778
2,LEMOORE,"'CN15",36.3681638888889,119.784994444444
2,LENWOOD,"'6CA8",34.8563888888889,117.1375
2,LIKELY,"'9CL3",41.2401725,120.526064444444
2,LINCOLN,"'LHM",38.9091666666667,121.351333333333
2,LINDEN,"'90CA",38.0035341666667,121.118554166667
2,"LITTLE RIVER","'LLR",39.2620555555556,123.753777777778
2,"LIVE OAK","'18CL",39.2860005555556,121.694138055556
2,"LIVE OAK","'0CN2",39.2286222222222,121.688265277778
2,LIVERMORE,"'LVK",37.6933888888889,121.820361111111
2,LIVERMORE,"'63CN",37.6613194444444,121.693561944444
2,LLANO,"'46CN",34.4847166666667,117.826452777778
2,LODI,"'O20",38.0915863888889,121.359393055556
2,LODI,"'1O3",38.2024416666667,121.269141666667
2,LODI,"'L53",38.0840869444444,121.316336944444
2,LODI,"'8CA8",38.0673569444444,121.207595555556
2,LOMPOC,"'LPC",34.6656194444444,120.467502777778
2,LOMPOC,"'VBG",34.7373366666667,120.584312555556
2,"LONE PINE","'O26",36.5886944444444,118.049388888889
2,"LONG BEACH","'LGB",33.8179297222222,118.151890555556
2,"LOS ALAMITOS","'SLI",33.79003,118.05142
2,"LOS ANGELES","'LAX",33.9424963888889,118.408048611111
2,"LOS ANGELES","'WHP",34.2593252777778,118.413433055556
2,"LOS BANOS","'LSN",37.0638888888889,120.869861111111
2,"LOST HILLS","'2CN4",35.6663888888889,119.896388888889
2,LOTUS,"'80CA",38.8174008333333,120.922439444444
2,"LUCERNE VALLEY","'7CA1",34.4147219444444,116.622523611111
2,"LUCERNE VALLEY","'51CA",34.4236105555556,116.6169675
2,MACDOEL,"'6CA1",41.7426519444444,121.878335555556
2,MADERA,"'77CA",37.1207794444444,119.987939722222
2,MADERA,"'49CL",36.9055022222222,120.177387777778
2,MADERA,"'MAE",36.9865071944444,120.112630111111
2,"MAMMOTH LAKES","'MMH",37.6240555555556,118.83875
2,MANTON,"'CN42",40.4457119444444,121.882212777778
2,MARINA,"'OAR",36.6815277777778,121.761666666667
2,MARIPOSA,"'5CL0",37.3404972222222,119.862105555556
2,MARIPOSA,"'MPI",37.5108611111111,120.039527777778
2,MARKLEEVILLE,"'M45",38.73475,119.767055555556
2,MARYSVILLE,"'BAB",39.1361010833333,121.436585027778
2,MARYSVILLE,"'22CL",39.2998911111111,121.359406388889
2,MARYSVILLE,"'9CL7",39.3248905555556,121.359406666667
2,MARYSVILLE,"'MYV",39.0977777777778,121.569833333333
2,MAXWELL,"'8CL6",39.2884986111111,122.189144166667
2,MAXWELL,"'12CN",39.27,122.116388888889
2,MENDOTA,"'M90",36.7586111111111,120.371388888889
2,MERCED,"'15CL",37.3427180555556,120.403520833333
2,MERCED,"'MCE",37.28475,120.513916666667
2,MERIDIAN,"'92CL",39.1032261111111,121.850247777778
2,MERIDIAN,"'38CN",39.1093372222222,121.883859166667
2,MODESTO,"'CN44",37.6204722222222,121.162972222222
2,MODESTO,"'5CL3",37.667985,121.198549722222
2,MODESTO,"'MOD",37.6258333333333,120.954416666667
2,MOJAVE,"'1CL2",34.9424744444444,118.169797222222
2,MOJAVE,"'CN37",35.3836374722222,118.22029025
2,MOJAVE,"'MHV",35.0589444444444,118.150611111111
2,MONTAGUE,"'1O5",41.7299833333333,122.544480555556
2,MONTAGUE,"'SIY",41.7814444444444,122.468111111111
2,MONTEREY,"'MRY",36.5869522222222,121.842783055556
2,"MOUNTAIN VIEW","'NUQ",37.4161422222222,122.049131055556
2,MURRIETA,"'2CN3",33.5111111111111,117.328611111111
2,MURRIETA/TEMECULA,"'F70",33.5741790833333,117.128473194444
2,NAPA,"'APC",38.2131891666667,122.280687222222
2,NEEDLES,"'EED",34.7663468333333,114.623279888889
2,"NEW CUYAMA","'L88",34.9399444444444,119.685583333333
2,"NORTH SAN JUAN","'79CL",39.3248927777778,121.076063333333
2,"NORTH SHORE","'63CA",33.4811388888889,115.8741625
2,NOVATO,"'DVO",38.1435758333333,122.557091388889
2,OAKDALE,"'O27",37.7563333333333,120.800194444444
2,OAKLAND,"'OAK",37.72125,122.221138888889
2,OCEANO,"'L52",35.1015291666667,120.622315277778
2,OCEANSIDE,"'OKB",33.2179763888889,117.3515075
2,OCEANSIDE,"'NFG",33.3012556666667,117.355166666667
2,OCOTILLO,"'0CA6",32.7494444444444,116.016111111111
2,"OCOTILLO WELLS","'L90",33.1477777777778,116.131583333333
2,ONTARIO,"'ONT",34.0560141666667,117.6011875
2,ORLAND,"'O37",39.7203888888889,122.146361111111
2,OROVILLE,"'OVE",39.4878055555556,121.622
2,OXNARD,"'OXR",34.2008069444444,119.207226388889
2,OXNARD,"'NTD",34.1192744444444,119.119585
2,"PALM SPRINGS","'UDD",33.7484375,116.274813333333
2,"PALM SPRINGS","'TRM",33.6266705555556,116.159654444444
2,"PALM SPRINGS","'PSP",33.8296666666667,116.506694444444
2,PALMDALE,"'CL13",34.5152727777778,117.762005833333
2,PALMDALE,"'04CA",34.5666222222222,117.670383333333
2,PALMDALE,"'PMD",34.6293888888889,118.084552777778
2,"PALO ALTO","'PAO",37.4611111111111,122.115055555556
2,"PALO VERDE","'CN98",33.2455555555556,114.710277777778
2,PARADISE,"'CA92",39.7105555555556,121.6165
2,"PARKER DAM","'5CL7",34.3087305555556,114.188894444444
2,"PASO ROBLES","'74CN",35.4763583333333,120.309022222222
2,"PASO ROBLES","'33CL",35.5683047222222,120.797398333333
2,"PASO ROBLES","'PRB",35.6728888888889,120.627083333333
2,PATTERSON,"'CN99",37.5464444444444,121.158577777778
2,"PAUMA VALLEY","'CL33",33.3105897222222,116.998083333333
2,PERRIS,"'L65",33.7646388888889,117.219
2,PETALUMA,"'O69",38.2577933333333,122.605323611111
2,PLACERVILLE,"'54CN",38.7540686111111,120.899105833333
2,PLACERVILLE,"'7CL9",38.6962927777778,120.731321388889
2,PLACERVILLE,"'PVF",38.7242275,120.753309166667
2,PLACERVILLE,"'01CL",38.7999022222222,120.734375555556
2,PLANADA,"'CA03",37.3499402777778,120.2940725
2,"PLEASANT GROVE","'59CN",38.8348988888889,121.52968
2,"PLEASANT GROVE","'CA07",38.8401766666667,121.561626111111
2,"PLEASANT GROVE","'27CL",38.7471241666667,121.572736111111
2,"PLEASANT GROVE","'25CL",38.8665644444444,121.484401111111
2,"POPE VALLEY","'20CL",38.7493469444444,122.367478333333
2,"POPE VALLEY","'05CL",38.6107391666667,122.3913675
2,PORTERVILLE,"'PTV",36.0295833333333,119.062722222222
2,QUINCY,"'2O1",39.9439166666667,120.945388888889
2,"RAILROAD FLAT","'6CA6",38.3245277777778,120.478225
2,RAMONA,"'CA76",33.0703222222222,116.751966944444
2,RAMONA,"'RNM",33.0391666666667,116.91525
2,"RANCHO MURIETA","'RIU",38.4867777777778,121.102777777778
2,"RANCHO MURIETA","'57CN",38.4690758333333,121.075221944444
2,RAVENDALE,"'O39",40.8037027777778,120.366208333333
2,RAYMOND,"'0CL0",37.1180025,119.913213611111
2,"RED BLUFF","'49CN",40.0159880555556,122.3899975
2,"RED BLUFF","'RBL",40.1503055555556,122.252194444444
2,REDDING,"'O85",40.5736666666667,122.407333333333
2,REDDING,"'RDD",40.5089722222222,122.293388888889
2,REDDING,"'CA53",40.6725,122.341666666667
2,REDLANDS,"'REI",34.08525,117.146388888889
2,REEDLEY,"'42CN",36.7091163888889,119.404846944444
2,REEDLEY,"'CA13",36.606895,119.463459166667
2,REEDLEY,"'O32",36.671,119.451027777778
2,RICHVALE,"'07CL",39.4976636111111,121.771364722222
2,"RIO LINDA","'L36",38.675,121.445444444444
2,"RIO VISTA","'O88",38.1933888888889,121.703638888889
2,RIVERSIDE,"'RIV",33.8819433333333,117.259016944444
2,RIVERSIDE,"'RAL",33.9518888888889,117.445111111111
2,RIVERSIDE/RUBIDOUX/,"'RIR",33.9887875,117.409909722222
2,ROBBINS,"'CA18",38.8721208333333,121.709964444444
2,ROSAMOND,"'L00",34.8705,118.205416666667
2,ROSAMOND,"'CL74",34.8319227777778,118.400914166667
2,"ROUGH AND READY","'CA21",39.2207266666667,121.214956388889
2,RUTH,"'T42",40.2114722222222,123.297694444444
2,SACRAMENTO,"'CA22",38.7593461111111,121.585236666667
2,SACRAMENTO,"'MCC",38.6676388888889,121.400611111111
2,SACRAMENTO,"'SAC",38.5128611111111,121.493300277778
2,SACRAMENTO,"'SMF",38.6954444444444,121.590777777778
2,SACRAMENTO,"'MHR",38.5553108333333,121.297211388889
2,SALINAS,"'SNS",36.6627865,121.606366416667
2,"SALTON CITY","'SAS",33.2411944444444,115.952583333333
2,"SAN ANDREAS","'CPU",38.1461111111111,120.648166666667
2,"SAN ARDO","'CA88",36.0260761111111,120.907682777778
2,"SAN BERNARDINO","'SBD",34.0953611111111,117.234888888889
2,"SAN CARLOS","'SQL",37.5118611111111,122.249531111111
2,"SAN CLEMENTE ISLAND","'NUC",33.0227471666667,118.588493
2,"SAN DIEGO","'SDM",32.5722777777778,116.980166666667
2,"SAN DIEGO","'NKX",32.8685289722222,117.143188388889
2,"SAN DIEGO","'MYF",32.8157222222222,117.139555555556
2,"SAN DIEGO","'NZY",32.6981961111111,117.21311
2,"SAN DIEGO","'SAN",32.7335555555556,117.189666666667
2,"SAN DIEGO/EL CAJON","'SEE",32.8262222222222,116.972444444444
2,"SAN FRANCISCO","'SFO",37.6188055555556,122.375416666667
2,"SAN JOAQUIN","'CA32",36.5832838888889,120.250989444444
2,"SAN JOSE","'SJC",37.3629947222222,121.928620555556
2,"SAN JOSE","'RHV",37.3328611111111,121.819805555556
2,"SAN LUIS OBISPO","'SBP",35.2372777777778,120.642611111111
2,"SAN MARTIN","'E16",37.0815833333333,121.596805555556
2,"SAN NICOLAS ISLAND","'NSI",33.2397819444444,119.458203611111
2,"SAN RAFAEL","'CA35",38.0168663888889,122.520809444444
2,"SAN SIMEON","'CN66",35.6634097222222,121.198405555556
2,SANGER,"'9CA7",36.7718611111111,119.445161111111
2,"SANTA ANA","'SNA",33.6756666666667,117.868222222222
2,"SANTA BARBARA","'CA97",34.0197261111111,119.852906666667
2,"SANTA BARBARA","'SBA",34.4261913611111,119.841492694444
2,"SANTA BARBARA","'44CA",33.9898013888889,119.679693055556
2,"SANTA CRUZ","'CL77",37.0705036111111,122.127465555556
2,"SANTA MARGARITA","'5CL1",35.4047222222222,120.525
2,"SANTA MARIA","'SMX",34.8999444444444,120.458083333333
2,"SANTA MONICA","'SMO",34.0158219444444,118.451306111111
2,"SANTA PAULA","'SZP",34.3470176111111,119.061616611111
2,"SANTA ROSA","'CA39",38.4346330555556,122.563593611111
2,"SANTA ROSA","'STS",38.5096944444444,122.812888888889
2,"SANTA YNEZ","'0CA3",34.5874880555556,120.013475833333
2,"SANTA YNEZ","'IZA",34.6068152777778,120.07555
2,"SANTA YNEZ","'0CA4",34.6222088888889,120.0654225
2,"SANTA YSABEL","'0CA5",33.1430975,116.745299444444
2,"SANTA YSABEL","'25CA",33.1792069444444,116.792523611111
2,SCHELLVILLE/SONOMA,"'0Q3",38.22394225,122.449711
2,SELMA,"'CA40",36.5213391666667,119.670133611111
2,SELMA,"'CA41",36.5832836111111,119.639855833333
2,SELMA,"'0Q4",36.5810005,119.656978
2,SHAFTER,"'MIT",35.5074753888889,119.192134333333
2,SHANDON,"'0CA9",35.5949691666667,120.338765277778
2,"SHELTER COVE","'0Q5",40.0281666666667,124.074305555556
2,SHOSHONE,"'L61",35.9686111111111,116.269277777778
2,SIERRAVILLE,"'O79",39.5816666666667,120.354027777778
2,SNELLING,"'34CN",37.5235469444444,120.397691666667
2,SOLEDAD,"'3CA9",36.3632983333333,121.310206388889
2,SONOMA,"'0Q9",38.2574444444444,122.434083333333
2,"SOUTH LAKE TAHOE","'TVL",38.8938888888889,119.995333333333
2,SPRINGVILLE,"'CA44",36.1499480555556,118.802315833333
2,STOCKTON,"'6CL8",37.9508333333333,121.243333333333
2,STOCKTON,"'CN95",37.9933055555556,121.492290277778
2,STOCKTON,"'SCK",37.8944102777778,121.23874
2,STRATFORD,"'CA49",36.2041177777778,119.840966111111
2,STRATFORD,"'CA05",36.1602288888889,119.813464722222
2,STRATFORD,"'12CL",36.1568958333333,119.849576666667
2,STRATFORD,"'36CA",36.1318972222222,119.985690833333
2,STRATFORD,"'92CA",36.1207852777778,119.888466111111
2,STRATHMORE,"'1Q1",36.1623888888889,119.050638888889
2,SUSANVILLE,"'1Q2",40.6503055555556,120.768508888889
2,SUSANVILLE,"'SVE",40.3756944444444,120.572694444444
2,TAFT,"'L17",35.1416580833333,119.437840305556
2,TEHACHAPI,"'L94",35.1010777777778,118.423139166667
2,TEHACHAPI,"'TSP",35.1349944444444,118.4393
2,TEMECULA,"'37CA",33.5069727777778,117.071417777778
2,TENNANT,"'2CL3",41.6420894444444,121.890280555556
2,"THE SEA RANCH","'CA51",38.7046341666667,123.432508611111
2,TORRANCE,"'TOA",33.8033828611111,118.339607638889
2,TRACY,"'1Q4",37.6777777777778,121.301194444444
2,TRACY,"'CA74",37.7313263888889,121.335588888889
2,TRACY,"'TCY",37.6888959166667,121.441575027778
2,"TRINITY CENTER","'O86",40.98275,122.693722222222
2,TRONA,"'L72",35.8126666666667,117.326916666667
2,TRUCKEE,"'TRK",39.3200555555556,120.139583333333
2,TULARE,"'TLR",36.1565833333333,119.326555555556
2,TULELAKE,"'O81",41.8906388888889,121.360666666667
2,TURLOCK,"'9CL0",37.4707683333333,120.844093888889
2,TURLOCK,"'O15",37.4840277777778,120.697333333333
2,"TWENTYNINE PALMS","'2CA2",34.1627794444444,116.0480575
2,"TWENTYNINE PALMS","'2CA3",34.1600011111111,115.997500555556
2,"TWENTYNINE PALMS","'43CL",34.2061113888889,115.997777777778
2,"TWENTYNINE PALMS","'TNP",34.1315833333333,115.945805555556
2,"TWENTYNINE PALMS","'NXP",34.2961104166667,116.162095138889
2,UKIAH,"'UKI",39.1259444444444,123.200861111111
2,UPLAND,"'CCB",34.1116111111111,117.687388888889
2,"UPPER LAKE","'1Q5",39.4507222222222,122.954611111111
2,VACAVILLE,"'CA57",38.4582413888889,122.045524722222
2,VACAVILLE,"'VCB",38.3782222222222,121.961194444444
2,"VALLEY CENTER","'2CA4",33.2589238888889,117.092253333333
2,"VAN NUYS","'VNY",34.2098055555556,118.489972222222
2,VERONA,"'38CL",38.7540683333333,121.563013055556
2,VICTORVILLE,"'8CA0",34.5838825,117.266711388889
2,VICTORVILLE,"'VCV",34.5974722222222,117.383
2,VINA,"'CA60",39.9498805555556,121.996928333333
2,VISALIA,"'D86",36.4479166666667,119.318722222222
2,VISALIA,"'VIS",36.3186388888889,119.392861111111
2,"WALNUT GROVE","'9CL9",38.2165822222222,121.534397222222
2,WASCO,"'L19",35.6198611111111,119.353722222222
2,WATSONVILLE,"'CA66",36.9060638888889,121.843008888889
2,WATSONVILLE,"'WVI",36.9357222222222,121.789638888889
2,WEAVERVILLE,"'O54",40.747225,122.922365277778
2,WEED,"'O46",41.4808055555556,122.454527777778
2,WESTLEY,"'CA67",37.5479872222222,121.204936944444
2,"WHITLEY GARDEN","'95CA",35.6691361111111,120.548496666667
2,WILLIAMS,"'4CL3",39.14625,122.354116666667
2,WILLITS,"'O28",39.4513333333333,123.372333333333
2,WILLOWS,"'WLW",39.5157558888889,122.217275444444
2,WILTON,"'3CN7",38.3791666666667,121.221666666667
2,WILTON,"'26CA",38.4268547222222,121.171613333333
2,WOODLAKE,"'O42",36.3987777777778,119.106805555556
2,WOODLAND,"'O41",38.6738763888889,121.872077222222
2,WOODLAND,"'97CA",38.79925,121.830694444444
2,YERMO,"'CN23",34.9616508333333,116.675308333333
2,"YUBA CITY","'O52",39.1236666666667,121.605361111111
2,"YUBA CITY","'CA73",39.0957258333333,121.716357222222
2,"YUCCA VALLEY","'2CA8",34.420555,116.610578333333
2,"YUCCA VALLEY","'6CA5",34.3372244444444,116.579743333333
2,"YUCCA VALLEY","'L22",34.1298333333333,116.406888888889
2,ZENIA,"'45CL",40.1432036111111,123.398356666667
2,AGATE,"'CO25",39.4961111111111,103.723611111111
2,AKRON,"'AKO",40.1756388888889,103.222027777778
2,ALAMOSA,"'CO14",37.4219444444444,105.666111111111
2,ALAMOSA,"'CO83",37.4844444444444,105.746388888889
2,ALAMOSA,"'2CO2",37.4778222222222,105.615802777778
2,ALAMOSA,"'ALS",37.435125,105.867875277778
2,ALLENSPARK,"'34CD",40.2626833333333,105.448011111111
2,ARRIBA,"'7CO4",39.2883333333333,103.246944444444
2,ASPEN,"'CO03",39.2599852777778,106.912264444444
2,ASPEN,"'ASE",39.2218888888889,106.868222222222
2,AURORA,"'BKF",39.7017611111111,104.751961111111
2,AURORA,"'34CO",39.7163763888889,104.732470833333
2,AUSTIN,"'2CO5",38.7844444444444,107.903611111111
2,AUSTIN,"'5CO1",38.8333163888889,107.858951111111
2,BENNET,"'CO02",39.6297083333333,104.518576666667
2,BENNET,"'96CO",39.8564333333333,104.396033333333
2,BENNETT,"'CO41",39.9138888888889,104.473333333333
2,BENNETT,"'76CO",39.8358175,104.422181666667
2,BENNETT,"'CD14",39.8288733333333,104.437182222222
2,BENNETT,"'CD09",39.8197061111111,104.409125833333
2,BENNETT,"'87CO",39.6911111111111,104.415555555556
2,BERTHOUD,"'86CO",40.3135833333333,105.14525
2,BERTHOUD,"'CD39",40.265,105.136666666667
2,BERTHOUD,"'17CO",40.2722583333333,105.032625
2,BERTHOUD,"'6CO6",40.3118861111111,105.145833333333
2,BETHUNE,"'CO22",39.2791666666667,102.475
2,BLACKHAWK,"'CO07",39.8541538888889,105.471384444444
2,BLANCA,"'05V",37.4111191666667,105.55168
2,BOONE,"'CO09",38.2666683333333,104.283854722222
2,BOULDER,"'BDU",40.0393652777778,105.226089583333
2,BOULDER,"'CO10",39.9947075,105.223876944444
2,BRACEWELL,"'67CO",40.4715,104.813472222222
2,BRANDON,"'9CO5",38.5766766666667,102.437133333333
2,BRANSON,"'06CO",37.3875138888889,103.691061111111
2,BRIGGSDALE,"'8CO2",40.6708175,104.208281944444
2,BRIGHTON,"'22CO",39.9580555555556,104.485555555556
2,BRIGHTON,"'CO12",39.9833805555556,104.704477777778
2,BRUSH,"'7V5",40.2643611111111,103.575638888889
2,"BUENA VISTA","'AEJ",38.8141944444444,106.120611111111
2,BURLINGTON,"'23CD",39.29945,102.321816666667
2,BURLINGTON,"'ITR",39.2425111111111,102.2853775
2,BYERS,"'CD17",39.9083161111111,104.126064444444
2,BYERS,"'6CO7",39.5958333333333,104.234166666667
2,BYERS,"'CO17",39.7135927777778,104.193846388889
2,BYERS,"'5CO4",39.6999819444444,104.250513611111
2,CALHAN,"'CD23",39.1983333333333,104.329166666667
2,CALHAN,"'5V4",39.0483055555556,104.293
2,"CANON CITY","'1V6",38.4285602222222,105.106854416667
2,"CANON CITY","'CO19",38.4108305555556,105.603889166667
2,CARBONDALE,"'4CO0",39.3888722222222,107.160049444444
2,CARR,"'CO67",40.7647222222222,104.928611111111
2,"CASTLE ROCK","'4CO8",39.3069347222222,104.815811111111
2,CEDAREDGE,"'CO20",38.8624827777778,107.82145
2,CEDAREDGE,"'6CO2",38.9611111111111,107.957777777778
2,CENTER,"'1V8",37.7849166666667,106.046916666667
2,"CHEYENNE WELLS","'5CO0",38.8297222222222,102.298888888889
2,"COLORADO CITY","'31CD",37.86975,104.789805555556
2,"COLORADO SPRINGS","'COS",38.8058130555556,104.700774722222
2,"COLORADO SPRINGS","'FLY",38.9427588888889,104.569928888889
2,"COLORADO SPRINGS","'AFF",38.9733914166667,104.820032722222
2,CORTEZ,"'CEZ",37.303,108.628055555556
2,CORTEZ,"'CO27",37.4677694444444,108.664541111111
2,COTOPAXI,"'CD01",38.3983333333333,105.620277777778
2,CRAIG,"'CAG",40.4952222222222,107.521666666667
2,CRAWFORD,"'99V",38.7041536111111,107.643669444444
2,CREEDE,"'C24",37.8221666666667,106.929888888889
2,"CRESTED BUTTE","'0CO2",38.8519369444444,106.932820555556
2,"DEER TRAIL","'CD13",39.8350666666667,103.735597222222
2,"DEL NORTE","'RCV",37.7137838055556,106.3520185
2,DELTA,"'CO89",38.7727611111111,108.044235
2,DELTA,"'AJZ",38.7856030555556,108.062014444444
2,DELTA,"'27CO",38.726,108.128944444444
2,DELTA,"'3CO0",38.7374836111111,108.0059
2,DELTA,"'D17",38.7584722222222,108.148472222222
2,DENVER,"'APA",39.5701186111111,104.849293055556
2,DENVER,"'CFO",39.7841944444444,104.537638888889
2,DENVER,"'DEN",39.8616666666667,104.673166666667
2,DENVER,"'BJC",39.9088055555556,105.117194444444
2,"DOVE CREEK","'8V6",37.76475,108.888638888889
2,DURANGO,"'00C",37.2031783333333,107.869195277778
2,DURANGO,"'DRO",37.1515277777778,107.753777777778
2,EADS,"'9V7",38.4751388888889,102.810861111111
2,EAGLE,"'EGE",39.64275,106.915944444444
2,EATON,"'CO48",40.5124802777778,104.651906944444
2,"ECKERT/ORCHARD CITY","'6CO0",38.85276,108.01729
2,ELBERT,"'4CO7",39.2177680555556,104.680251666667
2,ELBERT,"'CO39",39.2288638888889,104.470975
2,ELBERT,"'CO15",39.2246666666667,104.6399
2,ELIZABETH,"'CO42",39.3347102777778,104.5463575
2,ELIZABETH,"'9CO6",39.2813333333333,104.573116666667
2,ELIZABETH,"'3CO7",39.3324883333333,104.566358611111
2,ELIZABETH,"'CD45",39.3233333333333,104.573333333333
2,ELIZABETH,"'8CO9",39.3444327777778,104.581081388889
2,ELIZABETH,"'2CD6",39.39485,104.547033333333
2,ELLICOTT,"'CO4",38.87425,104.40984375
2,ELLICOTT,"'CO90",38.7586111111111,104.300555555556
2,ERIE,"'EIK",40.01025,105.048083333333
2,ERIE,"'7CO0",40.0716511111111,105.0335925
2,EVERGREEN,"'CO52",39.5833213888889,105.303325833333
2,FALCON,"'CO54",38.9833261111111,104.633861111111
2,FIRESTONE,"'CO58",40.1058172222222,104.9547
2,FLAGLER,"'CO00",39.2799908333333,103.066602222222
2,"FORT CARSON","'FCS",38.6796688888889,104.760938888889
2,"FORT COLLINS","'CO55",40.5972044444444,105.143591944444
2,"FORT COLLINS","'65CO",40.5208333333333,104.966777777778
2,"FORT COLLINS","'CO53",40.6347044444444,104.991085555556
2,"FORT COLLINS/LOVELAND","'FNL",40.4518272222222,105.011335555556
2,"FORT GARLAND","'CO92",37.4643404722222,105.406516416667
2,"FORT MORGAN","'FMM",40.3354444444444,103.804166666667
2,FOWLER,"'CO80",38.0725061111111,104.045794722222
2,FRANKTOWN,"'7CO3",39.3155555555556,104.712222222222
2,FRANKTOWN,"'CO96",39.3716666666667,104.743055555556
2,GALETON,"'CO59",40.5458333333333,104.564444444444
2,GALETON,"'CO26",40.5192041666667,104.458293055556
2,GARDNER,"'CO61",37.8422272222222,105.213887777778
2,GATEWAY,"'63CO",38.7055388888889,108.937327777778
2,GATEWAY,"'9CO3",38.675,108.988333333333
2,"GLADE PARK","'CO43",39.0027602777778,108.710375833333
2,"GLENWOOD SPRINGS","'GWS",39.506,107.309083333333
2,GRANBY,"'GNB",40.0900555555556,105.916638888889
2,"GRAND JUNCTION","'GJT",39.1224166666667,108.52675
2,GREELEY,"'CO66",40.3702777777778,104.635138888889
2,GREELEY,"'11V",40.3273569444444,104.609394444444
2,GREELEY,"'GXY",40.4374166666667,104.633222222222
2,GUFFEY,"'30CO",38.6725166666667,105.336083333333
2,GUNNISON,"'GUC",38.5343333333333,106.93175
2,GYPSUM,"'CO47",39.5999844444444,106.974211666667
2,HARTMAN,"'CO73",38.10001,102.217132777778
2,HARTSEL,"'25CD",39.1523333333333,105.720166666667
2,HAXTUN,"'17V",40.6244444444444,102.607972222222
2,HAYDEN,"'HDN",40.4811944444444,107.217666666667
2,HILLSIDE,"'92CO",38.291665,105.611114166667
2,HOLLY,"'K08",38.0351236111111,102.116670833333
2,HOLYOKE,"'HEQ",40.5694166666667,102.272694444444
2,HOTCHKISS,"'3CO1",38.8483163888889,107.833395
2,HOTCHKISS,"'CO76",38.8363719444445,107.865896388889
2,HOTCHKISS,"'CD97",38.8055555555556,107.774166666667
2,HOTCHKISS,"'12CO",38.8354722222222,107.815194444444
2,HOTCHKISS,"'44CO",38.83665,107.792838055556
2,HOTCHKISS,"'8CO5",38.8338719444444,107.892286111111
2,HUDSON,"'18V",40.1027222222222,104.701194444444
2,IDALIA,"'CO08",39.73,102.171666666667
2,"INDIAN HILLS","'CD28",39.6438833333333,105.267633333333
2,JULESBURG,"'7V8",40.9702583333333,102.315273611111
2,KEENESBURG,"'CO60",40.1083155555555,104.431067222222
2,KEENESBURG,"'CO56",39.9641502777778,104.463013055556
2,KEENESBURG,"'CO82",40.0958158333333,104.589406111111
2,KEENESBURG,"'62CO",40.0983166666667,104.425233333333
2,KERSEY,"'9CO7",40.3316666666667,104.579166666667
2,KIOWA,"'9CO8",39.2793,104.34315
2,KIOWA,"'CO18",39.4639722222222,104.257888888889
2,KIOWA,"'07CO",39.2636111111111,104.426944444444
2,KIOWA,"'0CO5",39.3032166666667,104.414033333333
2,KIRK,"'CO84",39.6083241666667,102.540757222222
2,KREMMLING,"'20V",40.0534444444444,106.368972222222
2,"LA GARITA","'5CO6",37.8115527777778,106.315272222222
2,"LA JUNTA","'LHX",38.05,103.50975
2,"LA VETA","'07V",37.5238244444445,105.009268611111
2,LAFAYETTE,"'0CD7",40.0047222222222,105.071944444444
2,"LAKE CITY","'CD32",37.9091666666667,107.350277777778
2,"LAKE GEORGE","'93CO",39.0247471944444,105.614379611111
2,LAMAR,"'LAA",38.0696944444444,102.6885
2,LAMAR,"'CD03",38.1990333333333,102.572833333333
2,LAPORTE,"'2CD9",40.6814,105.13855
2,LARKSPUR,"'CO93",39.2499888888889,104.890813888889
2,"LAS ANIMAS","'7V9",38.0540277777778,103.238472222222
2,LEADVILLE,"'LXV",39.2194722222222,106.316416666667
2,LIMON,"'LIC",39.2747777777778,103.665861111111
2,LONGMONT,"'CO23",40.1098916666667,105.237205555556
2,LONGMONT,"'LMO",40.1643888888889,105.163638888889
2,LOUISVILLE,"'0CO1",40.0333180555556,105.123873055556
2,LOVELAND,"'CD20",40.4749722222222,105.22025
2,MACK,"'10CO",39.2681111111111,108.864027777778
2,MEAD,"'05CO",40.2149838888889,104.984422777778
2,MEEKER,"'41CO",39.9711111111111,107.611111111111
2,MEEKER,"'EEO",40.0488055555556,107.885916666667
2,MESA,"'9CO9",39.1291444444444,108.142297222222
2,MILLIKEN,"'2CO3",40.3749822222222,104.872750277778
2,"MONTE VISTA","'02CO",37.6433347222222,106.04697
2,"MONTE VISTA","'MVI",37.5287222222222,106.045888888889
2,"MONTE VISTA","'0CO9",37.6583344444444,106.033913333333
2,MONTROSE,"'39CO",38.4880416666667,107.674222222222
2,MONTROSE,"'MTJ",38.5098055555556,107.89425
2,MONTROSE,"'7CO2",38.4161111111111,107.904444444444
2,MONUMENT,"'52CO",39.1097111111111,104.653861111111
2,"NEW RAYMER","'47CO",40.8999822222222,104.833857777778
2,"NEW RAYMER","'CO06",40.5136111111111,103.911944444444
2,NIWOT,"'8CO7",40.122485,105.172485277778
2,NORWOOD,"'0CO6",38.2194336111111,108.213133333333
2,NORWOOD,"'1CO2",38.1624902777778,108.340360833333
2,NUCLA,"'AIB",38.23875,108.563277777778
2,NUNN,"'1CO3",40.7041472222222,104.797746944444
2,NUNN,"'1CD1",40.6902777777778,104.866666666667
2,NUNN,"'48CO",40.7216472222222,104.778022222222
2,"OAK CREEK","'5CO8",40.3413688888889,106.849492222222
2,OLATHE,"'1CO4",38.5749855555556,107.958953888889
2,"PAGOSA SPRINGS","'PSO",37.2862486111111,107.056008888889
2,PAONIA,"'43CO",38.8085083333333,107.635219444444
2,PAONIA,"'7V2",38.8313055555556,107.645861111111
2,PARACHUTE,"'16CO",39.4023333333333,108.076616666667
2,PARACHUTE,"'CO29",39.3794055555556,108.087805555556
2,PARKER,"'1CO8",39.5275625,104.656536111111
2,PENROSE,"'32CO",38.4552766666667,105.083874166667
2,PEYTON,"'2CD3",39.1194722222222,104.431805555556
2,PEYTON,"'2CO1",39.1105466666667,104.583859722222
2,PEYTON,"'36CO",39.1061111111111,104.543888888889
2,PLATTEVILLE,"'03CO",40.2125,104.744444444444
2,PLATTEVILLE,"'1CD2",40.1672222222222,104.792777777778
2,PUEBLO,"'46CO",38.1000052777778,104.425526388889
2,PUEBLO,"'PUB",38.2899475,104.498028055556
2,PUEBLO,"'99CO",38.1363888888889,104.814722222222
2,PUEBLO,"'80CO",38.1514111111111,104.701111111111
2,PUEBLO,"'87CD",37.99,104.761111111111
2,"PUEBLO WEST","'7CO8",38.3633333333333,104.738027777778
2,"PUNKIN CENTER","'35CO",38.882,103.808966666667
2,RANGELY,"'4V0",40.0939722222222,108.763055555556
2,"RED FEATHER LAKES","'25CO",40.8516472222222,105.63305
2,RIFLE,"'RIL",39.5266111111111,107.728
2,"ROCKY FORD","'1CO5",38.0152863888889,103.699115555556
2,ROGGEN,"'49CO",40.0933155555555,104.375231944444
2,ROGGEN,"'74CO",40.0472052777778,104.209395833333
2,RUSH,"'23CO",38.8438611111111,103.989944444444
2,RUSH,"'CO33",38.8391944444444,104.134833333333
2,RUSH,"'08CO",38.7324722222222,104.041333333333
2,RUSH,"'7CO6",38.7602777777778,104.101388888889
2,RYE,"'95CO",37.8684833333333,104.83575
2,SAGUACHE,"'04V",38.0993944444444,106.174327777778
2,SALIDA,"'1CO7",38.5513858333333,105.992235
2,SALIDA,"'CO11",38.4161111111111,106.058333333333
2,SALIDA,"'ANK",38.5382777777778,106.048611111111
2,"SAN LUIS","'33CO",37.065,105.463611111111
2,SILT,"'2CD4",39.4305555555556,107.623055555556
2,SIMLA,"'CD15",39.2963888888889,104.125
2,"SOUTH FORK","'CD10",37.6750033333333,106.556152222222
2,"SOUTH FORK","'CD69",37.7402802777778,106.525596111111
2,SPRINGFIELD,"'8V7",37.4587222222222,102.618
2,"STEAM BOAT SPRINGS","'1CD4",40.5093333333333,106.943027777778
2,"STEAMBOAT SPRINGS","'CD99",40.3583333333333,106.83
2,"STEAMBOAT SPRINGS","'81CO",40.4061111111111,106.821388888889
2,"STEAMBOAT SPRINGS","'CD02",40.7580269444444,106.971996111111
2,"STEAMBOAT SPRINGS","'SBS",40.51625,106.866305555556
2,STERLING,"'3CO2",40.6174838888889,103.333268333333
2,STERLING,"'STK",40.6142980555556,103.264261111111
2,STONEWALL,"'3CO4",37.0708527777778,105.018611111111
2,STRASBURG,"'CO38",39.7471944444444,104.313
2,STRASBURG,"'CO97",39.7208138888889,104.323055555556
2,SWINK,"'09CO",38.0555633333333,103.653280277778
2,TELLURIDE,"'TEX",37.9538055555556,107.90875
2,TELLURIDE,"'CO95",38.0527694444444,107.979511111111
2,TRINIDAD,"'TAD",37.2592236111111,104.340861388889
2,TRINIDAD,"'0CD5",37.4904722222222,104.144083333333
2,"TWO BUTTES","'53CO",37.5530688888889,102.392133333333
2,WALDEN,"'33V",40.7503888888889,106.271527777778
2,WALSENBURG,"'CD48",37.7863888888889,104.593666666667
2,WALSENBURG,"'73CO",37.7556166666667,104.646780555556
2,WALSENBURG,"'4V1",37.6966041666667,104.784802777778
2,WALSH,"'4CO3",37.3916825,102.279628611111
2,WATKINS,"'9CO2",39.6960966666667,104.475796388889
2,WELLINGTON,"'6CO1",40.7813708333333,104.917471666667
2,WESTCLIFFE,"'CO65",38.0458333333333,105.4713925
2,WESTCLIFFE,"'C08",38.0132777777778,105.374272222222
2,WIGGINS,"'8CO0",40.2491305555556,103.994875
2,WRAY,"'31CO",40.0214833333333,102.175075
2,WRAY,"'2V5",40.1003888888889,102.241166666667
2,YODER,"'0CD2",38.6525,104.2345
2,YODER,"'88CO",38.8861036111111,104.24885
2,YUMA,"'8CO8",40.1083194444444,102.728265555556
2,YUMA,"'2V6",40.1057104722222,102.714437694444
2,"ROTA ISLAND","'GRO",14.1743551944444,145.241125305556
2,"SAIPAN ISLAND","'GSN",15.120255,145.729984083333
2,SHOMU-SHON,"'TT01",18.1244444444444,145.768611111111
2,"TINIAN ISLAND","'TNI",14.9992305555556,145.619350833333
2,ASHFORD/WESTFORD,"'CT74",41.9506522222222,72.1814661111111
2,BETHLEHEM,"'33CT",41.6094444444444,73.2397222222222
2,BETHLEHEM,"'5CT5",41.6323055555556,73.2162222222222
2,BETHLEHEM,"'CT01",41.6662075,73.1890016666667
2,BOZRAH,"'CT36",41.5645425,72.1973011111111
2,BRIDGEPORT,"'BDR",41.1634722222222,73.1261666666667
2,BRISTOL,"'CT96",41.7084313888889,72.9712152777778
2,CHESTER,"'SNC",41.3837094444444,72.5057872222222
2,COLCHESTER,"'CT07",41.5737094444444,72.3031369444444
2,COVENTRY,"'CT09",41.8028761111111,72.3917491666667
2,DANBURY,"'DXR",41.3715277777778,73.4821944444444
2,DANIELSON,"'LZD",41.81975,71.9009722222222
2,DURHAM,"'CT39",41.4684311111111,72.7084288888889
2,"EAST HADDAM","'CT11",41.4439872222222,72.3389719444444
2,"EAST HADDAM","'42B",41.4456544444444,72.4556425
2,"EAST KILLINGLY","'CT13",41.8834313888889,71.8161816666667
2,"EAST WINDSOR","'CT85",41.88982,72.6150897222222
2,"EAST WINDSOR HILL","'CT14",41.8667647222222,72.6162011111111
2,ELLINGTON,"'7B9",41.9254166666667,72.4571111111111
2,ELLINGTON,"'CT15",41.9453747222222,72.477585
2,GOSHEN,"'CT42",41.8539666666667,73.2756416666667
2,"GROTON (NEW LONDON)","'GON",41.3300555555556,72.0451388888889
2,HARTFORD,"'HFD",41.7367222222222,72.6494444444444
2,HAZARDVILLE,"'CT19",41.9681522222222,72.5398091666667
2,"JEWETT CITY","'24CT",41.5668861111111,71.9668833333333
2,"JEWETT CITY","'CT43",41.5937094444444,71.9311844444444
2,MARLBOROUGH,"'CT20",41.6000988888889,72.4328627777778
2,MARLBOROUGH,"'9B8",41.5895433333333,72.4423077777778
2,MERIDEN,"'MMK",41.5087147222222,72.8294783333333
2,MYSTIC,"'CT48",41.4367652777778,71.9253505555556
2,"NEW HAVEN","'HVN",41.2637494444444,72.8868005555556
2,"NEW MILFORD","'11N",41.5691666666667,73.4620833333333
2,NEWTOWN,"'CT52",41.3681511111111,73.2912277777778
2,"NORTH CANAAN","'CT24",42.0453697222222,73.3387275
2,"OLD LYME","'5CT7",41.3023333333333,72.2961944444444
2,OXFORD,"'OXC",41.4782805555556,73.1351825
2,PLAINVILLE,"'4B8",41.6893333333333,72.8646944444445
2,PUTNAM,"'C44",41.9556944444444,72.0543611111111
2,ROXBURY,"'CT59",41.5533472222222,73.2612305555556
2,SIMSBURY,"'4B9",41.9161944444444,72.7769444444444
2,"SOUTH WOODSTOCK","'64CT",41.9214863888889,71.9528508333333
2,STONINGTON,"'CT80",41.3473213888889,71.8859036111111
2,VOLUNTOWN,"'CT32",41.5353766666667,71.8345152777778
2,"WAREHOUSE POINT","'7B6",41.9284166666667,72.5763888888889
2,WASHINGTON,"'CT66",41.6667625,73.2828941666667
2,WATERBURY,"'N41",41.6334302777778,73.0467738888889
2,WILLIMANTIC,"'IJD",41.7440277777778,72.1802222222222
2,"WINDSOR LOCKS","'BDL",41.9391388888889,72.6833611111111
2,WASHINGTON,"'HEF",38.7210230833333,77.5151011944445
2,WASHINGTON,"'DCA",38.8514444444444,77.0377222222222
2,WASHINGTON,"'IAD",38.9474444444444,77.4599444444444
2,BRIDGEVILLE,"'DE14",38.7440025,75.5349244444444
2,CLAYTON,"'23DE",39.3125666666667,75.7289833333333
2,DOVER,"'0N4",39.2023055555556,75.4854166666667
2,DOVER,"'DOV",39.1295388888889,75.4659611111111
2,DOVER/CHESWOLD,"'33N",39.2186944444444,75.6004722222222
2,FARMINGTON,"'D74",38.8495486111111,75.6127805555556
2,FARMINGTON,"'2DE2",38.8550333333333,75.5722055555556
2,FELTON,"'0N6",39.0128888888889,75.5339722222222
2,FELTON,"'DE32",38.975,75.6166666666667
2,FELTON,"'DE00",39.0207222222222,75.5770944444444
2,FELTON,"'2DE3",39.0030555555556,75.6825
2,GEORGETOWN,"'GED",38.6876388888889,75.3593055555556
2,GREENWOOD,"'DE17",38.7778911111111,75.5832594444444
2,LAUREL,"'N06",38.5421844444444,75.5943516666667
2,MAGNOLIA,"'DE09",39.0681680555556,75.4885330555555
2,MIDDLETOWN,"'1DE5",39.4955555555556,75.7333333333333
2,MIDDLETOWN,"'EVY",39.5210277777778,75.7236666666667
2,MILFORD,"'2DE8",38.9135722222222,75.3453361111111
2,MILTON,"'DE25",38.7757958333333,75.2340013888889
2,MILTON,"'DE23",38.7502777777778,75.36
2,ROXANA,"'DE21",38.517335,75.1654630555556
2,SEAFORD,"'DE15",38.6126147222222,75.6996527777778
2,SMYRNA,"'DE29",39.3751111111111,75.6440944444444
2,SMYRNA,"'38N",39.3036666666667,75.5838055555556
2,TOWNSEND,"'DE19",39.3258333333333,75.7415988888889
2,TOWNSEND,"'DE20",39.3736111111111,75.7458333333333
2,TOWNSEND,"'DE34",39.4142777777778,75.6629833333333
2,WILMINGTON,"'ILG",39.6787222222222,75.6066388888889
2,WYOMING,"'15N",39.1173333333333,75.5844166666667
2,ALACHUA,"'63FD",29.6980555555556,82.4913888888889
2,ALACHUA,"'FA62",29.9169069444444,82.4831708333333
2,ALACHUA,"'63FA",29.7341666666667,82.5652777777778
2,ALTHA,"'50FD",30.5182494444444,85.1988108333333
2,ALVA,"'87FL",26.7329861111111,81.5710416666667
2,APALACHICOLA,"'AAF",29.7275489444444,85.0273773611111
2,APALACHICOLA,"'F47",29.6445840277778,84.9155989444445
2,APOPKA,"'FL57",28.6188883333333,81.5086833333333
2,APOPKA,"'X04",28.7074744166667,81.5819645
2,ARCADIA,"'X06",27.1953180555556,81.8382275
2,ARCADIA,"'26FD",27.0511666666667,81.8481388888889
2,ARCADIA,"'FL40",27.1209722222222,81.8026916666667
2,ARCADIA,"'8FL1",27.1969944444444,81.9156397222222
2,ARCADIA,"'FA64",27.0744983333333,81.5864666666667
2,ARCADIA,"'0FA1",27.3039347222222,81.8803611111111
2,ARCADIA,"'09FL",27.0555555555556,81.9705555555555
2,ARCHER,"'0J8",29.6189166666667,82.5087777777778
2,ARCHER,"'FL66",29.5571527777778,82.49675
2,AUBURNDALE,"'FL16",28.0586308333333,81.8164686111111
2,"AVON PARK","'AVO",27.5912998888889,81.5289668333333
2,"AVON PARK","'FL01",27.6211444444444,81.6106333333333
2,"AVON PARK","'AGR",27.64785,81.3415638888889
2,BAKER,"'55FD",30.81852,86.6880108333333
2,BAKER,"'18FD",30.8540741666667,86.6671769444444
2,BARTOW,"'BOW",27.9433611111111,81.7834166666667
2,BELL,"'86FD",29.7647222222222,82.8963888888889
2,BELL,"'37FL",29.7185691666667,82.8445669444444
2,BELL,"'6FL9",29.6899577777778,82.8712341666667
2,BELL,"'9FL5",29.8141208333333,82.9256819444444
2,"BELLE GLADE","'X10",26.6981888888889,80.6602444444444
2,"BELLE GLADE","'FA69",26.5878475,80.6372791666667
2,BELLEVIEW,"'8FL3",29.0730355555556,81.9995305555556
2,BELLEVIEW,"'FL58",29.02637,81.9878633333333
2,BELLEVIEW,"'8FL2",29.0010916666667,82.1006444444444
2,BELLEVIEW,"'2FA2",29.0188691666667,82.1137005555556
2,BLOUNTSTOWN,"'F95",30.4870301388889,85.113785
2,"BOCA RATON","'BCT",26.3785,80.1076944444444
2,BONIFAY,"'FA55",30.7797222222222,85.7683333333333
2,BONIFAY,"'1J0",30.8438855555556,85.6017494444445
2,BRANDON,"'FL78",27.8986361111111,82.1825888888889
2,BRANFORD,"'FD16",29.9658333333333,82.8727777777778
2,BRANFORD,"'FL02",29.8894002777778,82.7987344444444
2,BRANFORD,"'2FD0",29.975785,82.9073494444444
2,BRANFORD,"'FD71",30.0483333333333,82.9838888888889
2,BRANFORD,"'FD95",29.9749444444444,82.9250277777778
2,BROOKSVILLE,"'BKV",28.4736111111111,82.4554166666667
2,BROOKSVILLE,"'5FD7",28.6116586111111,82.3678705555556
2,BROOKSVILLE,"'X05",28.3302827777778,82.4964847222222
2,BROOKSVILLE,"'47FL",28.5398583333333,82.3047194444444
2,BUSHNELL,"'09FD",28.6711036111111,82.0873066666667
2,BUSHNELL,"'25FL",28.6319444444444,82.1577777777778
2,BUSHNELL,"'9FL1",28.6836022222222,82.1575866666667
2,BUSHNELL,"'00FA",28.6455472222222,82.218975
2,BUSHNELL,"'4FL2",28.5949941666667,82.1498075
2,"CAMP BLANDING MIL RES(STARKE)","'2CB",29.9669072222222,81.9831583333333
2,CARRABELLE,"'X13",29.842,84.7011111111111
2,CARRABELLE,"'FA43",29.8085438888889,84.5957347222222
2,"CEDAR KEY","'FA71",29.2280205555556,82.9437308333333
2,"CEDAR KEY","'CDK",29.1342222222222,83.0504722222222
2,CENTURY,"'FD89",30.8271313888889,87.3583105555556
2,CHIEFLAND,"'73FD",29.5107947222222,82.8601202777778
2,CHIEFLAND,"'51FL",29.3949444444444,82.8697777777778
2,CHIEFLAND,"'79FL",29.5527380555556,82.8687322222222
2,CHIEFLAND,"'FA36",29.5151277777778,82.8729236111111
2,CHIEFLAND,"'6FD0",29.5657936111111,82.8687325
2,CHIPLEY,"'FD94",30.7188888888889,85.6066666666667
2,CHULUOTA,"'6FD2",28.6669408333333,81.0845058333333
2,CITRA,"'FD14",29.3752505555556,82.0581463888889
2,CITRA,"'9FD5",29.3866388888889,82.1428719444444
2,CLARKSVILLE,"'74FD",30.4640836111111,85.1771425
2,CLARKSVILLE,"'5FD1",30.4321388888889,85.2888105555556
2,CLEARWATER,"'CLW",27.9772138888889,82.7590569444444
2,CLERMONT,"'21FL",28.5086111111111,81.8002777777778
2,CLEWISTON,"'2IS",26.7351708333333,81.05106
2,CLEWISTON,"'0FL0",26.7305555555556,81.1638888888889
2,CLEWISTON,"'0FL9",26.3938888888889,81.0230555555556
2,CLEWISTON,"'2FA4",26.3795230555556,80.9456211111111
2,"COCOA BEACH","'XMR",28.4675861111111,80.5666152777778
2,"COCOA BEACH","'COF",28.2350056666667,80.6099794722222
2,COLEMAN,"'2FA6",28.8110988888889,82.0653633333333
2,"CRESCENT CITY","'FD44",29.4269444444444,81.6041666666667
2,"CRESCENT CITY","'16FD",29.4049741666667,81.4959055555556
2,"CRESCENT CITY","'2FA5",29.4721941666667,81.5720202777778
2,"CRESENT CITY","'28FL",29.4419169444444,81.5831313888889
2,CRESTVIEW,"'CEW",30.7788311111111,86.5221127777778
2,CRESTVIEW,"'EGI",30.6485869444444,86.5219593611111
2,CRESTVIEW,"'FD03",30.803,86.4364777777778
2,CRESTVIEW,"'FL81",30.7818538888889,86.4671725
2,"CROSS CITY","'CTY",29.6355277777778,83.10475
2,"CROSS CREEK","'35FA",29.4679416666667,82.1587611111111
2,"CRYSTAL RIVER","'CGC",28.8676111111111,82.5741111111111
2,"CRYSTAL RIVER","'66FD",29.0036111111111,82.5552777777778
2,"CRYSTAL RIVER","'1FA1",28.854925,82.5525997222222
2,CYPRESS,"'2FL3",30.6725835277778,85.0834517222222
2,"DADE CITY","'FD53",28.4533333333333,82.215
2,"DADE CITY","'5FL0",28.4130555555556,82.2234166666667
2,"DADE CITY","'FD59",28.4702777777778,82.2409166666667
2,"DADE CITY","'3FL1",28.4525,82.2077777777778
2,DAY,"'9FD7",30.196225,83.3090444444444
2,"DAYTONA BEACH","'DAB",29.1799166666667,81.0580555555556
2,"DAYTONA BEACH","'7FL6",29.0801951944444,81.0466267222222
2,"DE LEON SPRINGS","'FD90",29.1685925,81.2647838888889
2,"DEFUNIAK SPRINGS","'0FD5",30.8201833333333,86.3443916666667
2,"DEFUNIAK SPRINGS","'54J",30.7311111111111,86.1537777777778
2,"DEFUNIAK SPRINGS","'0FD9",30.6521355555556,86.1093844444444
2,"DEFUNIAK SPRINGS","'69FD",30.8447222222222,86.2813888888889
2,DELAND,"'1J6",29.1041111111111,81.3141944444444
2,DELAND,"'FL62",28.9485980555556,81.4131222222222
2,DELAND,"'FD86",29.0302619444444,81.4470119444445
2,DELAND,"'DED",29.0670277777778,81.28375
2,DELAND,"'85FA",29.0949,81.2776
2,"DELRAY BEACH","'FD08",26.4653513888889,80.1497666666667
2,DESTIN,"'DTS",30.4000547222222,86.4714722222222
2,DUNDEE,"'58FD",28.0141666666667,81.5405555555556
2,DUNNELLON,"'X35",29.0617669444444,82.3766188611111
2,DUNNELLON,"'10FD",29.0066388888889,82.4045694444444
2,EBRO,"'FD35",30.4904727777778,85.8393777777778
2,ELKTON,"'5FL4",29.8008013888889,81.5009127777778
2,ELLENTON,"'6FD7",27.5442038888889,82.5300961111111
2,ENGLEWOOD,"'X36",26.9900805555556,82.3740177777778
2,ESTERO,"'1FD4",26.4453566666667,81.6073030555556
2,EUSTIS,"'X55",28.8433333333333,81.6300833333333
2,EUSTIS,"'6FD6",28.9049886111111,81.4331233333333
2,EVERGLADES,"'X01",25.8488611111111,81.3902777777778
2,"EVERGLADES CITY","'9FL7",25.8573208333333,81.0345147222222
2,FAIRFIELD,"'FA09",29.3408055555556,82.2637083333333
2,FELLSMERE,"'4FL3",27.7416958333333,80.6661675
2,"FERNANDINA BEACH","'FHB",30.6118333333333,81.4611944444444
2,"FERNANDINA BEACH","'FL84",30.6010702777778,81.5703730555555
2,FLORALA,"'05FA",30.9188888888889,86.2183333333333
2,"FORT DRUM","'FL75",27.5419813888889,80.8331161111111
2,"FORT LAUDERDALE","'FXE",26.1972793611111,80.1707062777778
2,"FORT LAUDERDALE","'FLL",26.0716666666667,80.1496944444444
2,"FORT MEADE","'FD10",27.7897,81.6531666666667
2,"FORT MEADE","'1FA9",27.785,81.6511111111111
2,"FORT MYERS","'FL59",26.643405,81.7103597222222
2,"FORT MYERS","'FMY",26.5866111111111,81.86325
2,"FORT MYERS","'1FA3",26.6578555555556,82.12115
2,"FORT MYERS","'94FL",26.7328463888889,81.8973083333333
2,"FORT MYERS","'FL90",26.6034086111111,82.2200947222222
2,"FORT MYERS","'RSW",26.5361666666667,81.7551666666667
2,"FORT MYERS","'47FD",26.6628488888889,81.7706388888889
2,"FORT MYERS","'4FA3",26.6434066666667,82.1178697222222
2,"FORT MYERS","'FL86",26.5825755555556,82.0984252777778
2,"FORT PIERCE","'FD88",27.3419869444444,80.5219988888889
2,"FORT PIERCE","'FD57",27.46976,80.4164411111111
2,"FORT PIERCE","'7FL8",27.4439280555556,80.5650555555556
2,"FORT PIERCE","'FL67",27.2778225,80.5858888888889
2,"FORT PIERCE","'FL29",27.3611530555556,80.5708886111111
2,"FORT PIERCE","'FD30",27.4114288888889,80.5261658333333
2,"FORT PIERCE","'FPR",27.4974722222222,80.3726388888889
2,"FORT WHITE","'FD31",29.9280130555556,82.7012322222222
2,FOUNTAIN,"'68FD",30.5222222222222,85.3766666666667
2,FREEPORT,"'0FD3",30.4964166666667,86.0938333333333
2,FROSTPROOF,"'52FL",27.7513027777778,81.55915
2,FROSTPROOF,"'4FL5",27.7552777777778,81.5997222222222
2,"FRUITLAND PARK","'5FA1",28.8780422222222,81.9409158333333
2,"FRUITLAND PARK","'FL99",28.8760983333333,81.88897
2,GAINESVILLE,"'GNV",29.6900555555556,82.2717777777778
2,GAINESVILLE,"'FD81",29.7027438888889,82.4256636111111
2,GAINESVILLE,"'81FL",29.7152777777778,82.0998611111111
2,GENEVA,"'01FL",28.7819361111111,81.1592277777778
2,GENEVA,"'FD92",28.7327716666667,81.0786716666667
2,"GLEN ST MARY","'FD27",30.3627333333333,82.2262269444444
2,GRACEVILLE,"'FD26",30.9818491666667,85.4924327777778
2,"GREEN COVE SPRINGS","'7FL4",29.9030205555556,81.6859227777778
2,"GREEN COVE SPRINGS","'FL60",29.9724644444444,81.6609230555555
2,GREENVILLE,"'9FL8",30.6165908333333,83.6523797222222
2,GREENVILLE,"'20FD",30.4254863888889,83.575985
2,GREENWOOD,"'5FL8",30.8882438888889,85.1677072222222
2,GROVELAND,"'02FA",28.5266663888889,81.8748
2,GROVELAND,"'FA42",28.5328666666667,81.8467166666667
2,"HAINES CITY","'4FL9",28.1433497222222,81.6470202777778
2,HAROLD,"'8FL6",30.6735247222222,86.8519041666667
2,HASTINGS,"'13FA",29.6944138888889,81.5136888888889
2,HASTINGS,"'2FA7",29.6343527777778,81.4648805555556
2,HASTINGS,"'8FL0",29.7280252777778,81.4397975
2,HASTINGS,"'46FD",29.6680252777778,81.4972988888889
2,HAVANA,"'FA26",30.5372222222222,84.4519444444445
2,HAVANA,"'76FD",30.6702055555556,84.4149
2,HAVANA,"'FD55",30.6793616666667,84.3690722222222
2,HAVANA,"'9FL2",30.6525,84.4747222222222
2,HERNANDO,"'7FD2",28.9902563888889,82.3303733333333
2,HERNANDO,"'5FL7",28.9780344444444,82.3637075
2,"HIGH SPRINGS","'7FL7",29.8759263888889,82.6414833333333
2,"HIGH SPRINGS","'6J8",29.7202638888889,82.6652083333333
2,HILLIARD,"'01J",30.6859666666667,81.9063430555556
2,HOLLYWOOD,"'HWO",26.0012222222222,80.2407222222222
2,HOLT,"'FD93",30.6854686111111,86.7471783333333
2,HOMESTEAD,"'11FA",25.5837180555556,80.4997791666667
2,HOMESTEAD,"'HST",25.4885506388889,80.3835664166667
2,HOMESTEAD,"'78FD",25.5464972222222,80.4656116666667
2,HOMESTEAD,"'X51",25.4992306388889,80.5542445
2,HOMESTEAD,"'04FA",25.5587191666667,80.5150572222222
2,HOMESTEAD,"'4FD3",25.5152527777778,80.5135
2,IMMOKALEE,"'59FD",26.3262083333333,80.9879666666667
2,IMMOKALEE,"'IMM",26.4337125,81.4004783333333
2,INDIANTOWN,"'80FD",27.1133836111111,80.6333894444444
2,INDIANTOWN,"'FA24",27.0933333333333,80.6122222222222
2,INDIANTOWN,"'X58",27.0375,80.441
2,INTERLACHEN,"'FL82",29.5805361111111,81.8611805555555
2,INVERNESS,"'INF",28.8036127777778,82.3182908333333
2,"ISLAND GROVE","'2FD2",29.4794444444444,82.0533472222222
2,JACKSONVILLE,"'VQQ",30.2187777777778,81.8771666666667
2,JACKSONVILLE,"'FD48",30.2419083333333,81.4498075
2,JACKSONVILLE,"'HEG",30.2777777777778,81.8059444444444
2,JACKSONVILLE,"'CRG",30.3363333333333,81.5144444444445
2,JACKSONVILLE,"'JAX",30.4940455555556,81.6878466666667
2,JACKSONVILLE,"'NIP",30.2337060277778,81.6760571944444
2,JACKSONVILLE,"'NEN",30.349495,81.8669894444444
2,JASPER,"'FA93",30.4561361111111,83.1442333333333
2,JASPER,"'FD63",30.5127777777778,83.1983333333333
2,JAY,"'56FL",30.8761527777778,87.2081055555555
2,JAY,"'50FL",30.8533333333333,87.2394444444444
2,JAY,"'85FL",30.9690472222222,87.055425
2,JENNINGS,"'FA11",30.6224305555556,83.2593133333333
2,JUPITER,"'FD15",26.9795,80.2186566666667
2,JUPITER,"'06FA",26.9081530555556,80.3284140277778
2,"KEATON BEACH","'5FL1",29.9032725,83.6079244444444
2,"KEATON BEACH","'6FL4",29.8210530555556,83.5732002777778
2,KENANSVILLE,"'4FL1",27.8627777777778,80.9580555555556
2,KENANSVILLE,"'33FL",27.8608611111111,80.9998611111111
2,KENANSVILLE,"'FD09",27.8100266666667,80.8589491666667
2,"KEY LARGO","'07FA",25.3243170833333,80.275729
2,"KEY WEST","'EYW",24.5561197222222,81.7599558333333
2,"KEY WEST","'NQX",24.5746370833333,81.6866454444444
2,"KEY WEST","'7FA1",24.6487544444444,81.5798083333333
2,"KEYSTONE HEIGHTS","'42J",29.84475,82.0475277777778
2,KISSIMMEE,"'FD83",28.2586233333333,81.3839594444444
2,"LA BELLE","'FL88",26.6836794444444,81.4497986111111
2,"LA BELLE","'05FL",26.5202222222222,81.4102222222222
2,"LA BELLE","'17FA",26.7134011111111,81.5353558333333
2,"LA BELLE","'FA18",26.4441666666667,81.0202777777778
2,"LA BELLE","'08FA",26.5797947222222,81.4836886111111
2,"LA BELLE","'X14",26.7405833333333,81.4282777777778
2,"LA BELLE","'FA51",26.7389552777778,81.5061883333333
2,"LA BELLE","'95FD",26.7683333333333,81.5388888888889
2,"LA BELLE","'FD20",26.8003419444444,81.4850766666667
2,"LAKE BUTLER","'FL03",29.9919061111111,82.3665019444445
2,"LAKE CITY","'15FL",30.1537427777778,82.6664058333333
2,"LAKE CITY","'FD84",30.1252322222222,82.6637341666667
2,"LAKE CITY","'FL27",30.0438472222222,82.6040083333333
2,"LAKE CITY","'LCQ",30.1820555555556,82.5768611111111
2,"LAKE CITY","'FL50",30.1466222222222,82.5723444444444
2,"LAKE CITY","'1FL3",30.0343972222222,82.7820694444444
2,"LAKE PANASOFFKEE","'FD49",28.7735994444444,82.1303647222222
2,"LAKE PLACID","'08FL",27.0844969444444,81.3286833333333
2,"LAKE PLACID","'FD72",27.1828266666667,81.3906288888889
2,"LAKE PLACID","'03FA",27.3530975,81.4081286111111
2,"LAKE PLACID","'3FD0",27.0217219444444,81.4511863888889
2,"LAKE PLACID","'09FA",27.2456022222222,81.4131288888889
2,"LAKE PLACID","'FA60",27.2389355555556,81.3859061111111
2,"LAKE WALES","'52FA",27.9396111111111,81.4320277777778
2,"LAKE WALES","'X25",27.9538055555556,81.6014166666667
2,"LAKE WALES","'62FL",27.8444444444444,81.4397222222222
2,"LAKE WALES","'X07",27.8932108333333,81.6214588888889
2,"LAKE WORTH","'7FD6",26.6225677777778,80.3053261111111
2,LAKELAND,"'FL43",28.2738111111111,81.9304472222222
2,LAKELAND,"'FD33",28.2117555555556,81.9979166666667
2,LAKELAND,"'LAL",27.9876361111111,82.0189930555556
2,LAKELAND,"'X49",27.9333580555556,82.0439738888889
2,LAMONT,"'2FA9",30.3363888888889,83.7836111111111
2,LAMONT,"'4FL0",30.4036111111111,83.81
2,LEE,"'99FL",30.447435,83.3109775
2,LEESBURG,"'10FA",28.7974894444444,81.935915
2,LEESBURG,"'LEE",28.8228888888889,81.8084166666667
2,LEESBURG,"'51FD",28.6677719444444,81.9181355555556
2,LITHIA,"'27FA",27.8061995,82.141365
2,"LIVE OAK","'FD42",30.2116127777778,83.0545766666667
2,"LIVE OAK","'FL08",30.4154969444444,83.0165230555556
2,"LIVE OAK","'FL09",30.3388302777778,83.1443038888889
2,"LIVE OAK","'45FL",30.2374483333333,82.9065175
2,"LIVE OAK","'FA88",30.4250416666667,83.0484694444444
2,"LIVE OAK","'FD61",30.1766141666667,82.9979080555556
2,"LIVE OAK","'9FL0",30.0924466666667,83.0854105555556
2,"LIVE OAK","'24J",30.3003888888889,83.0243888888889
2,"LIVE OAK","'FL07",30.2502255555556,82.9240180555556
2,LOWELL,"'FL80",29.333837,82.165895
2,LURAVILLE,"'FD50",30.1091113888889,83.1887475
2,LUTZ,"'FL35",28.175,82.4877777777778
2,MACCLENNY,"'FL11",30.3494022222222,82.1209463888889
2,MADISON,"'38FA",30.4835461111111,83.2498652777778
2,MADISON,"'7FD9",30.6243744444444,83.2868141666667
2,MALONE,"'3FL8",30.9462777777778,85.2738194444444
2,MALONE,"'56FD",30.9646302777778,85.0693733333333
2,MARATHON,"'MTH",24.7261944444444,81.0513611111111
2,"MARCO ISLAND","'MKY",25.9950277777778,81.6725277777778
2,MARIANNA,"'21FD",30.6946380555556,85.3107611111111
2,MARIANNA,"'MAI",30.8382213888889,85.1822236111111
2,"MARY ESTHER","'HRT",30.4289180555556,86.6888011111111
2,MASCOTTE,"'06FD",28.6416666666667,81.885
2,MAYO,"'33FD",29.9143894444444,83.2665258333333
2,MAYPORT,"'NRB",30.3913741944444,81.4245211666667
2,"MC ALPIN","'8FD1",30.0988383333333,82.9276283333333
2,"MC ALPIN","'9FD9",30.1224486111111,82.9679072222222
2,"MC ALPIN","'FL10",30.1149497222222,82.9090169444444
2,MELBOURNE,"'31FL",28.0433525,81.0192297222222
2,MELBOURNE,"'MLB",28.10275,80.64525
2,MELROSE,"'FD22",29.6669122222222,81.9550941666667
2,MELROSE,"'39FA",29.6624677777778,82.0092625
2,"MERRITT ISLAND","'COI",28.3416111111111,80.6854722222222
2,MIAMI,"'14FA",25.5701069444444,80.3997766666667
2,MIAMI,"'TNT",25.8618055555556,80.897
2,MIAMI,"'FA35",25.6195277777778,80.4886666666667
2,MIAMI,"'TMB",25.6475637222222,80.4332246111111
2,MIAMI,"'MIA",25.7953611111111,80.2901158333333
2,MIAMI,"'OPF",25.9074166666667,80.2782222222222
2,MIAMI,"'FL31",25.5545527777778,80.5539472222222
2,MICCOSUKEE,"'FL12",30.5904769444444,84.0304469444444
2,MIDDLEBURG,"'FL13",30.0685730555556,81.9606594444444
2,MIDDLEBURG,"'11FL",30.0430177777778,81.8809336111111
2,"MILES CITY","'FL77",26.0545355555556,81.0678477777778
2,MILTON,"'NFJ",30.5069444444444,86.9597222222222
2,MILTON,"'93FD",30.7546336111111,87.1774705555555
2,MILTON,"'24FL",30.49,87.0858333333333
2,MILTON,"'16FL",30.7256305555556,87.2007638888889
2,MILTON,"'2R4",30.6376208333333,86.9936527777778
2,MILTON,"'NGS",30.6108333333333,86.94
2,MILTON,"'NSE",30.7224722222222,87.0239030555556
2,MILTON,"'NDZ",30.6985730555556,87.0144086111111
2,MINNEOLA,"'3FD4",28.6277747222222,81.802855
2,MONTICELLO,"'74FL",30.5846469444444,83.7079366666667
2,MONTICELLO,"'7FA8",30.5256,83.8582583333333
2,MORRISTON,"'FA30",29.2773958333333,82.500625
2,MUNSON,"'8FD3",30.877685,86.8544044444445
2,NAPLES,"'APF",26.1524415277778,81.7756387777778
2,NAPLES,"'FA37",26.1165843611111,81.7022872777778
2,NAVARRE,"'1J9",30.4063055555556,86.8291944444444
2,"NEW PORT RICHEY","'FA40",28.2830833333333,82.6407
2,"NEW SMYRNA BEACH","'X50",28.9789166666667,80.9247777777778
2,"NEW SMYRNA BEACH","'EVB",29.0556944444444,80.9489166666667
2,NICEVILLE,"'FL17",30.5196411111111,86.4382819444444
2,"O'BRIEN","'FL18",30.0905027777778,83.0545761111111
2,"OAK HILL","'2FD6",28.8897319444444,80.8672666666667
2,OAKHILL,"'34FD",28.8572116666667,80.9069988888889
2,OCALA,"'FL19",29.2452505555556,82.3537108333333
2,OCALA,"'FD29",29.1308111111111,82.1192555555556
2,OCALA,"'17FL",29.2781291666667,82.1213847222222
2,OCALA,"'FL61",29.0260902777778,82.212315
2,OCALA,"'OCF",29.1718767777778,82.2241146388889
2,OCALA,"'FA49",29.0960888888889,82.1789813888889
2,OCALA/BELLEVIEW,"'FD04",29.0925833333333,82.032
2,OCHOPEE,"'16FA",26.0309252777778,81.0386802777778
2,OCHOPEE,"'FA80",25.96815,81.0814597222222
2,OCHOPEE,"'FA74",25.9809272222222,81.0567366666667
2,OKEECHOBEE,"'96FD",27.3333763888889,80.7361694444445
2,OKEECHOBEE,"'FD39",27.1555555555556,80.6916666666667
2,OKEECHOBEE,"'5FL6",27.4050083333333,80.8114694444444
2,OKEECHOBEE,"'83FD",27.5802777777778,80.8152777777778
2,OKEECHOBEE,"'8FD5",27.1889366666667,81.0870111111111
2,OKEECHOBEE,"'OBE",27.2665833333333,80.8503888888889
2,OKEECHOBEE,"'90FL",27.3611538888889,80.7608922222222
2,OKEECHOBEE,"'33FA",27.5980902777778,80.8458938888889
2,OKEECHOBEE,"'FD70",27.3253208333333,81.0286761111111
2,OKEECHOBEE,"'00FL",27.2308797222222,80.9692305555556
2,OKEECHOBEE,"'08FD",27.3630983333333,80.7726
2,OKEECHOBEE,"'32FA",27.2342127777778,80.9036733333333
2,OKLAWAHA,"'FA38",29.1235902777778,81.8870277777778
2,"OLD TOWN","'5FD0",29.4927358333333,82.9912358333333
2,"ORANGE SPRINGS","'FD02",29.4849708333333,82.022035
2,ORLANDO,"'ORL",28.5454616666667,81.33293
2,ORLANDO,"'ISM",28.2898055555556,81.4370833333333
2,ORLANDO,"'54FD",28.3675,81.0761111111111
2,ORLANDO,"'MCO",28.4293888888889,81.309
2,ORLANDO,"'SFB",28.7771780555556,81.2349138888889
2,ORLANDO,"'01FA",28.5894436111111,81.1442302777778
2,ORMOND,"'04FL",29.2394247222222,81.222005
2,"ORMOND BEACH","'OMN",29.3011388888889,81.1138055555556
2,"ORMOND BEACH","'2FA1",29.2512638888889,81.2005347222222
2,"ORMOND BEACH","'0FD0",29.2674794444444,81.2300611111111
2,OXFORD,"'31FA",28.9591666666667,82.1341666666667
2,PACE,"'NRQ",30.6166666666667,87.1333333333333
2,PAHOKEE,"'PHK",26.7850277777778,80.6933611111111
2,PALATKA,"'28J",29.6583824722222,81.6895030555556
2,"PALM COAST","'FIN",29.4651511111111,81.2076488888889
2,PALMETTO,"'48X",27.6425972222222,82.5199166666667
2,PANACEA,"'2J0",29.9894555555556,84.3953916666667
2,"PANAMA CITY","'ECP",30.35825,85.7956111111111
2,"PANAMA CITY","'75FL",30.1024238888889,85.4790886111111
2,"PANAMA CITY","'PAM",30.0690475,85.5749813888889
2,PENSACOLA,"'82J",30.3982763888889,87.3490041666667
2,PENSACOLA,"'PNS",30.4734166666667,87.1866111111111
2,PENSACOLA,"'NPA",30.3532727777778,87.3179711388889
2,PERRY,"'FA32",30.1033333333333,83.4502777777778
2,PERRY,"'FA29",30.131175,83.5513083333333
2,PERRY,"'FPY",30.0708125,83.5815438888889
2,PIERSON,"'2J8",29.2500277777778,81.4593333333333
2,PLACIDA,"'FA54",26.8537416666667,82.2526027777778
2,"PLANT CITY","'79FD",28.0419583333333,82.0925861111111
2,"PLANT CITY","'PCM",28.0001666666667,82.1633055555556
2,"POLK CITY","'4FD7",28.2064025,81.8278561111111
2,"POLK CITY","'FA08",28.1669597222222,81.8081341666667
2,"POMONA PARK","'78FL",29.5021916666667,81.5784083333333
2,"POMPANO BEACH","'PMP",26.2474008055556,80.1112080555556
2,"PORT CHARLOTTE","'20FL",27.0425566666667,82.0436988888889
2,"PORT ST JOE","'A51",29.7585436111111,85.2890847222222
2,"PORT ST. LUCIE","'FD24",27.2211577777778,80.5206097222222
2,"PORT ST. LUCIE","'FL37",27.2383794444444,80.4914425
2,"PUNTA GORDA","'40FL",26.9525805555556,81.8709416666667
2,"PUNTA GORDA","'6FL3",26.9372811111111,81.5670222222222
2,"PUNTA GORDA","'PGD",26.9189377777778,81.9909258333333
2,"PUNTA GORDA","'F13",26.9686111111111,81.9163055555556
2,QUINCY,"'2J9",30.5978863888889,84.5574402777778
2,QUINCY,"'49FD",30.6119444444444,84.6416666666667
2,RAIFORD,"'FL28",30.0557944444444,82.1723311111111
2,REDDICK,"'FA50",29.3613616666667,82.1498163888889
2,"RIVER RANCH","'2RR",27.7793333333333,81.2039166666667
2,"RIVER RANCH","'2FL8",27.8836333333333,81.363125
2,ROCKLEDGE,"'21FA",28.2990861111111,80.7207805555555
2,SAMSULA,"'8FA4",29.0104444444444,81.1324722222222
2,"SAN MATEO","'34FL",29.5808569444444,81.5916872222222
2,SARASOTA,"'22FA",27.3031025,82.2725911111111
2,SARASOTA,"'4FL8",27.3436563888889,82.3173144444444
2,SARASOTA/BRADENTON,"'SRQ",27.3954444444444,82.5543888888889
2,SCOTTSMOOR,"'3FD6",28.7641583333333,80.8539425
2,SEBASTIAN,"'X26",27.81325,80.4955833333333
2,SEBRING,"'SEF",27.4563888888889,81.3423888888889
2,"SOUTH BAY","'FL41",26.5811813888889,80.7558933333333
2,"ST AUGUSTINE","'SGJ",29.9592516666667,81.3397325
2,"ST CLOUD","'72FL",28.1575155555556,81.2347966666667
2,"ST CLOUD","'FD37",28.1372380555556,81.2634022222222
2,"ST CLOUD","'57FA",28.2086244444444,81.1192316666667
2,"ST PETERSBURG","'SPG",27.7651138888889,82.6269738888889
2,"ST PETERSBURG-CLEARWATER","'PIE",27.9086944444444,82.6865
2,STEINHATCHEE,"'39FD",29.7293916666667,83.3534708333333
2,STUART,"'64FA",27.1428275,80.3378272222222
2,STUART,"'SUA",27.1816991666667,80.2212933333333
2,"SUMMERLAND KEY","'FD51",24.6587544444444,81.4414713888889
2,SUNNILAND,"'FA02",26.3098916666667,81.2273
2,TALLAHASSE,"'FA25",30.50095,84.0781
2,TALLAHASSEE,"'FL52",30.4810305555556,84.0868333333333
2,TALLAHASSEE,"'53FD",30.4775,84.0347222222222
2,TALLAHASSEE,"'TLH",30.3967541666667,84.3508688888889
2,"TALLAHASSEE /HAVANA/","'68J",30.5473055555556,84.3738333333333
2,TAMPA,"'MCF",27.8493416388889,82.5212165833333
2,TAMPA,"'TPF",27.9154444444444,82.4493888888889
2,TAMPA,"'VDF",28.0139872222222,82.3452591666667
2,TAMPA,"'TPA",27.9754722222222,82.53325
2,TAMPA,"'X39",28.2212777777778,82.3745555555556
2,TAVERNIER,"'FA81",25.0087408333333,80.5331166666667
2,TITUSVILLE,"'X21",28.6225516666667,80.8354097222222
2,TITUSVILLE,"'TTS",28.6148888888889,80.6943611111111
2,TITUSVILLE,"'TIX",28.5148055555556,80.7992222222222
2,TRENTON,"'6FL8",29.5875555555556,82.87125
2,TRENTON,"'35FD",29.6923333333333,82.7291666666667
2,TRENTON,"'FL33",29.6682927777778,82.8262322222222
2,UMATILLA,"'X23",28.9242208333333,81.6518125
2,VALKARIA,"'X59",27.9608655555556,80.5583277777778
2,VALPARAISO,"'FL34",30.6318583333333,86.7471777777778
2,"VALPARAISO/DESTIN-FT WALTON BEACH","'VPS",30.4832194166667,86.5260443333333
2,VENICE,"'VNC",27.0716111111111,82.4403333333333
2,"VERO BEACH","'FD25",27.5624694444444,80.4988444444445
2,"VERO BEACH","'FL74",27.5986447222222,80.5019983333333
2,"VERO BEACH","'X52",27.632255,80.5275544444444
2,"VERO BEACH","'VRB",27.6555555555556,80.4179444444444
2,"VERO BEACH","'70FA",27.562175,80.5993694444444
2,"WALNUT HILL","'48FL",30.7985666666667,87.4732888888889
2,"WALNUT HILL","'49FL",30.9771269444444,87.4949813888889
2,WAUCHULA,"'CHN",27.5149166666667,81.8804722222222
2,WAUSAU,"'2FL0",30.4568611111111,85.6860388888889
2,WEIRSDALE,"'2FD1",28.9755388888889,81.9186938888889
2,WEIRSDALE,"'97FL",28.9619286111111,81.8914708333333
2,WELAKA,"'3FL0",29.4360805555556,81.6567444444445
2,"WEST MELBOURNE","'FD74",28.0658511111111,80.9022825
2,"WEST PALM BEACH","'F45",26.8459166666667,80.2223333333333
2,"WEST PALM BEACH","'LNA",26.5930555555556,80.0850646111111
2,"WEST PALM BEACH","'PBI",26.6831616666667,80.0955919444444
2,"WEST PALM BEACH","'FD38",26.6467083333333,80.2950666666667
2,WILLISTON,"'X60",29.354605,82.4705636111111
2,WILLISTON,"'96FL",29.24247,82.5453830555556
2,WIMAUMA,"'23FL",27.6844444444444,82.2441666666667
2,WIMAUMA,"'FD77",27.7119752777778,82.2828686111111
2,"WINTER BEACH","'FL95",27.7086411111111,80.45283
2,"WINTER HAVEN","'GIF",28.0629166666667,81.7533055555556
2,WORTHINGTON,"'FL54",29.9355166666667,82.4106666666667
2,"YEEHAW JUNCTION","'6FD5",27.7786388888889,81.0997880555556
2,YULEE,"'83FL",30.6188483333333,81.533705
2,ZELLWOOD,"'X61",28.7352722222222,81.6291166666667
2,ZELLWOOD,"'FA83",28.7215555555556,81.6553583333333
2,ZELLWOOD,"'FL97",28.7602713888889,81.6059069444444
2,ZEPHYRHILLS,"'ZPH",28.228,82.156
2,"ZOLFO SPRINGS","'FL00",27.41893,81.8325825
2,"ZOLFO SPRINGS","'67FL",27.4555555555556,82.105
2,ADEL,"'15J",31.1371214444444,83.4538218611111
2,ALBANY,"'GA14",31.402955,84.3226869444444
2,ALBANY,"'ABY",31.5355277777778,84.1944722222222
2,ALMA,"'AMG",31.5360555555556,82.5065533333333
2,AMERICUS,"'4GA0",32.1234861111111,84.1299666666667
2,AMERICUS,"'ACJ",32.1108055555556,84.1888611111111
2,AMERICUS,"'9GA5",32.0582186111111,84.2901888888889
2,APPLING,"'0GE7",33.5202777777778,82.3725
2,ARLINGTON,"'4GA8",31.4154538888889,84.7129738888889
2,ARLINGTON,"'GA22",31.4385086111111,84.7082513888889
2,ASHBURN,"'GE12",31.7486111111111,83.5736111111111
2,ASHBURN,"'75J",31.6876111111111,83.6329444444444
2,ATHENS,"'AHN",33.9486388888889,83.3259166666667
2,ATLANTA,"'FFC",33.3577222222222,84.5725277777778
2,ATLANTA,"'RYY",34.0131666666667,84.5970277777778
2,ATLANTA,"'CVC",33.6322475,83.8466188888889
2,ATLANTA,"'PDK",33.8760019444444,84.3020305555556
2,ATLANTA,"'FTY",33.7791263888889,84.521366
2,ATLANTA,"'ATL",33.6366996111111,84.427864
2,ATLANTA,"'CCO",33.3115655555556,84.7697554166667
2,ATLANTA,"'PUJ",33.9120430555556,84.9406194444444
2,ATLANTA,"'GA53",33.8151047222222,84.3718705555556
2,ATTAPULGUS,"'4GE1",30.72375,84.5411111111111
2,AUGUSTA,"'AGS",33.3699444444444,81.9645
2,AUGUSTA,"'DNL",33.4665833333333,82.0393888888889
2,BAINBRIDGE,"'GE21",31.0198472222222,84.3954722222222
2,BAINBRIDGE,"'83GA",30.9997222222222,84.5061111111111
2,BAINBRIDGE,"'BGE",30.9715980833333,84.6369278055556
2,BAINBRIDGE,"'GA42",31.0724694444444,84.393375
2,BARNESVILLE,"'GA59",33.1001258333333,84.0585244444444
2,BARNESVILLE,"'GA86",32.9838888888889,84.0955555555555
2,BAXLEY,"'BHC",31.7138333333333,82.3937777777778
2,BLAIRSVILLE,"'DZJ",34.8544444444444,83.9973333333333
2,BLAKELY,"'BIJ",31.3975086111111,84.8947977777778
2,BLAKELY,"'66GA",31.4747222222222,85.0027777777778
2,"BLUE RIDGE","'57GA",34.8576694444444,84.3830111111111
2,BLYTHE,"'61GA",33.3018088888889,82.1723427777778
2,BOSTWICK,"'GE35",33.7313888888889,83.4697222222222
2,BOSTWICK,"'GA16",33.7242872222222,83.5668338888889
2,BROOKS,"'GA61",33.2690086111111,84.4971480555556
2,BRUNSWICK,"'BQK",31.2590346944444,81.4663158333333
2,"BUENA VISTA","'82A",32.2828055555556,84.5036944444444
2,BUTLER,"'6A1",32.5682358333333,84.2466875
2,BYRON,"'GE27",32.6022222222222,83.7541666666667
2,CAIRO,"'70J",30.8879722222222,84.1547222222222
2,CALHOUN,"'CZL",34.4553888888889,84.9391666666667
2,CAMILLA,"'CXU",31.2131666666667,84.2352222222222
2,CANON,"'18A",34.3403611111111,83.1308055555556
2,CANTON,"'CNI",34.3122191666667,84.4221527777778
2,CARNESVILLE,"'3GE3",34.4119444444444,83.1841666666667
2,CARNESVILLE,"'33GA",34.26,83.2866666666667
2,CARROLLTON,"'78GA",33.5042788888889,85.0171644444444
2,CARROLLTON,"'8GA8",33.5773327777778,85.0029980555556
2,CARROLLTON,"'6GA8",33.5077777777778,85.1855555555556
2,CARROLLTON,"'5GA9",33.60125,84.9148611111111
2,CARROLLTON,"'CTJ",33.6316964444444,85.1522641388889
2,CARROLLTON,"'27GA",33.6584419444444,85.0099436111111
2,CARTERSVILLE,"'VPC",34.1231475,84.8487066666667
2,"CAVE SPRING","'53GA",34.1677777777778,85.2586111111111
2,CEDARTOWN,"'4A4",34.0186944444444,85.1464722222222
2,CENTRALHATCHEE,"'7GE5",33.3591666666667,85.1175
2,CHICKAMAUGA,"'GA77",34.8720833333333,85.2503611111111
2,CLARKESVILLE,"'GA45",34.6601805555556,83.5011
2,CLARKESVILLE,"'GA67",34.7681494444444,83.5929494444444
2,CLARKESVILLE,"'GA30",34.6759166666667,83.4242805555556
2,CLAXTON,"'CWV",32.1950538888889,81.8694791666667
2,CLAYTON,"'GA18",34.8328705555556,83.4096063888889
2,CLAYTON,"'GE99",34.9141833333333,83.459425
2,CLERMONT,"'GA09",34.4516666666667,83.7886111111111
2,CLEVELAND,"'21GE",34.5497222222222,83.8222222222222
2,CLEVELAND,"'0GE5",34.5617633333333,83.7135127777778
2,CLYO,"'9GA1",32.4488888888889,81.3369444444444
2,COCHRAN,"'48A",32.4006614444444,83.2784075277778
2,COLLINS,"'8GA5",32.2227777777778,82.1313888888889
2,COLUMBUS,"'CSG",32.5163333333333,84.9388611111111
2,COMMERCE,"'02GA",34.2026080555556,83.4290488888889
2,CONCORD,"'1GE5",33.1012361111111,84.3935333333333
2,CONCORD,"'GA68",33.1148461111111,84.4490902777778
2,CONCORD,"'GA75",33.0873466666667,84.4052002777778
2,CONCORD,"'GA73",33.1617888888889,84.4532575
2,CONCORD,"'GA74",33.0417930555556,84.4124219444444
2,CONCORD,"'4GA1",33.0448483333333,84.398255
2,CONCORD,"'2GA5",33.0417933333333,84.4321444444444
2,CONYERS,"'36GA",33.7301094444444,83.9746330555556
2,CONYERS,"'GA80",33.7823302777778,83.9887997222222
2,CORDELE,"'CKF",31.9888333333333,83.7739166666667
2,CORNELIA,"'AJR",34.4998516666667,83.5566647222222
2,COVINGTON,"'07GA",33.675,83.7630555555556
2,COVINGTON,"'9GE7",33.5313888888889,83.7919444444444
2,COVINGTON,"'GA83",33.5467833333333,83.8054580555555
2,CRANDALL,"'2GE7",34.9580555555556,84.7791666666667
2,"CUMBERLAND ISLAND","'GA20",30.8111111111111,81.4627777777778
2,CUMMING,"'4GA9",34.2423202777778,84.0571322222222
2,CUMMING,"'6GA0",34.1325977777778,84.1993625
2,CUTHBERT,"'25J",31.7018888888889,84.8269722222222
2,DAHLONEGA,"'9A0",34.5831388888889,84.0199722222222
2,DALTON,"'DNN",34.7229388888889,84.8702413888889
2,DALTON,"'GA72",34.8816666666667,84.8897222222222
2,DANVILLE,"'7GA4",32.5809886111111,83.26766
2,DARIEN,"'GA21",31.4613341666667,81.3387094444444
2,DARIEN,"'08GA",31.4257802777778,81.2859288888889
2,DAWSON,"'16J",31.7432880555556,84.4192913888889
2,DAWSON,"'9GA3",31.8396091666667,84.4815827777778
2,DAWSONVILLE,"'09GE",34.4584180555556,84.1803708333333
2,DONALSONVILLE,"'17J",31.0069722222222,84.8776111111111
2,DOUGLAS,"'DQH",31.4767384722222,82.8605664166667
2,DOUGLASVILLE,"'4GA6",33.6620538888889,84.6804894444444
2,DOUGLASVILLE,"'25GA",33.6595538888889,84.6629888888889
2,DOUGLASVILLE,"'0GE0",33.7820511111111,84.8007708333333
2,DUBLIN,"'GE26",32.3816666666667,83.0597222222222
2,DUBLIN,"'23GE",32.3830555555556,83.1
2,DUBLIN,"'DBN",32.5647222222222,82.9849722222222
2,"EAST DUBLIN","'9GA8",32.6936111111111,82.8988888888889
2,EASTMAN,"'EZM",32.2163888888889,83.1286666666667
2,EATONTON,"'9GA9",33.2180555555556,83.3172222222222
2,EATONTON,"'32GA",33.4541666666667,83.2777777777778
2,EDISON,"'GA48",31.5861111111111,84.7905555555556
2,ELBERTON,"'EBA",34.0953888888889,82.8174722222222
2,ELLIJAY,"'49A",34.6281944444444,84.5265555555555
2,ETON,"'4GA4",34.8467461111111,84.7546605555556
2,EUHARLEE,"'02GE",34.1752777777778,84.9244444444444
2,FARGO,"'GA25",30.6913280555556,82.5676305555556
2,FAYETTEVILLE,"'GA92",33.5194444444444,84.5144444444445
2,FAYETTEVILLE,"'GA95",33.5262238888889,84.5021502777778
2,FAYETTEVILLE,"'GA94",33.4915025,84.4893716666667
2,FAYETTEVILLE,"'GA90",33.4520583333333,84.4093694444444
2,FAYETTEVILLE,"'19GA",33.4237266666667,84.4999269444445
2,FITZGERALD,"'FZG",31.6839046111111,83.2709036388889
2,"FLOWERY BRANCH","'GA01",34.1769444444444,83.9358333333333
2,FOLKSTON,"'3J6",30.7963611111111,82.0281666666667
2,FORSYTH,"'GA76",33.1548486111111,83.8987952777778
2,"FORT BENNING(COLUMBUS)","'LSF",32.3317805555556,84.9871522222222
2,"FORT GAINES","'79GA",31.4912825,85.0165938888889
2,"FORT STEWART(HINESVILLE)","'LHW",31.8878194444444,81.562655
2,"FORT VALLEY","'1GE4",32.5011111111111,83.9333333333333
2,"FORT VALLEY","'GE25",32.6833333333333,83.8569444444445
2,"FORT VALLEY","'GA99",32.5487586111111,83.8018519444445
2,"FORT VALLEY","'5GE1",32.5702777777778,83.7219444444444
2,FRANKLIN,"'1GE3",33.2538888888889,85.1702777777778
2,FRANKLIN/GLENN,"'5GA7",33.2017861111111,85.2305
2,"FT VALLEY","'GA81",32.5477777777778,83.8269444444445
2,GAINESVILLE,"'GVL",34.2726263888889,83.8302261111111
2,GARFIELD,"'7GA3",32.6633333333333,82.0752777777778
2,GILLSVILLE,"'97GA",34.26816,83.6721144444444
2,GRANTVILLE,"'80GA",33.25873,84.8446572222222
2,GREENSBORO,"'3J7",33.5979722222222,83.13825
2,GRIFFIN,"'10GA",33.3251138888889,84.2982566666667
2,GRIFFIN,"'GA62",33.2551175,84.4002025
2,GRIFFIN,"'6A2",33.2269722222222,84.2749444444444
2,GRIFFIN,"'4GA7",33.1345644444444,84.2540877777778
2,GRIFFIN,"'5GA5",33.2598380555556,84.3493686111111
2,GRIFFIN,"'8GA6",33.1622222222222,84.3205555555556
2,GUYTON,"'GA43",32.3213888888889,81.4266666666667
2,HAHIRA,"'1GA5",30.9310297222222,83.38349
2,HAMPTON,"'0GA0",33.3562261111111,84.3671463888889
2,HAMPTON,"'HMP",33.3899055555556,84.3310333333333
2,HARALSON,"'6GA1",33.1990105555556,84.5838163888889
2,HARALSON,"'5GA0",33.2276208333333,84.5443711111111
2,HARTWELL,"'0GA2",34.3778819444444,82.9456988888889
2,HARTWELL,"'0GA1",34.4778805555556,82.8970872222222
2,HAWKINSVILLE,"'51A",32.2836666666667,83.4379722222222
2,HAZLEHURST,"'AZE",31.8851901944444,82.647891
2,HINESVILLE,"'GA19",31.8448305555556,81.6875861111111
2,HOGANSVILLE,"'6GE4",33.1686944444444,84.8303611111111
2,HOLLONVILLE,"'GA29",33.1562333333333,84.431035
2,HOMERVILLE,"'HOE",31.0568888888889,82.7752777777778
2,"INDIAN SPRINGS","'98GA",33.20568,83.9124069444444
2,IRWINVILLE,"'0GE1",31.6654611111111,83.4471055555556
2,JACKSON,"'62GA",33.324565,83.9162958333333
2,JASPER,"'JZP",34.4534722222222,84.4572222222222
2,JEFFERSON,"'JCA",34.1761388888889,83.5616944444444
2,"JEKYLL ISLAND","'09J",31.0744722222222,81.4277777777778
2,JERSEY,"'0GA6",33.7334461111111,83.8187908333333
2,JESUP,"'JES",31.5539722222222,81.8825
2,KINGSLAND,"'GA36",30.7668902777778,81.7166527777778
2,KITE,"'15GA",32.6801616666667,82.4790186111111
2,LAFAYETTE,"'9A5",34.6884033333333,85.2903530555556
2,LAFAYETTE,"'GE05",34.6155555555556,85.3430555555556
2,LAGRANGE,"'GA98",32.9486111111111,85.0538888888889
2,LAGRANGE,"'LGC",33.0091502777778,85.0732036111111
2,LAGRANGE,"'GA44",33.07929,85.031605
2,LAWRENCEVILLE,"'LZU",33.9780761111111,83.9623772222222
2,LAYFAYETTE,"'GE11",34.6058333333333,85.4619444444444
2,LEESBURG,"'8GA3",31.7687305555556,84.1256777777778
2,LILLY,"'5GA6",32.1498875,83.8612883333333
2,LINCOLNTON,"'3GE8",33.8434572222222,82.4790183333333
2,LITHONIA,"'00GA",33.7675,84.0683333333333
2,"LOCUST GROVE","'GE53",33.3166666666667,84.1502777777778
2,"LOCUST GROVE","'GA04",33.3656702777778,84.1651963888889
2,"LOCUST GROVE","'GE33",33.3044444444444,84.1366666666667
2,LOGANVILLE,"'6GA4",33.797055,83.8512919444445
2,"LOOKOUT MOUNTAIN","'3GA3",34.8711111111111,85.4375
2,LOUISVILLE,"'2J3",32.9859444444444,82.3848055555556
2,LOVEJOY,"'GA89",33.4758333333333,84.2769444444444
2,LUMPKIN,"'63GE",32.0473583333333,84.7400638888889
2,LUTHERSVILLE,"'1GA2",33.1773436111111,84.7485427777778
2,LUTHERSVILLE,"'74GA",33.2257222222222,84.6658888888889
2,MACON,"'MAC",32.8217644444444,83.5619349444444
2,MACON,"'MCN",32.6928333333333,83.6492222222222
2,MADISON,"'GA50",33.5975,83.5177777777778
2,MADISON,"'1GE7",33.5172222222222,83.4397222222222
2,MADISON,"'52A",33.612125,83.4604444444444
2,MARIETTA,"'MGE",33.9144416666667,84.5142472222222
2,"MC RAE","'MQW",32.0969944444444,82.8794083333333
2,METTER,"'MHP",32.3739722222222,82.0814444444444
2,MIDVILLE,"'92GE",32.8452777777778,82.2708333333333
2,MIDWAY,"'9GA2",31.8025,81.3975
2,MILLEDGEVILLE,"'MLJ",33.1542261111111,83.2414027777778
2,MILLEDGEVILLE,"'9GA6",33.0977777777778,83.4047222222222
2,MILLEN,"'2J5",32.8930277777778,81.9652222222222
2,MILNER,"'77GA",33.1640080555556,84.2135313888889
2,MONROE,"'1GA9",33.7615055555556,83.6526708333333
2,MONROE,"'67GA",33.8592825,83.5876666666667
2,MONROE,"'D73",33.7825277777778,83.6928055555556
2,MONROE,"'GA00",33.8255555555556,83.6397222222222
2,MONTEZUMA,"'53A",32.3030633333333,84.0074680555556
2,MONTICELLO,"'GA06",33.3325,83.7269444444444
2,MONTROSE,"'4GE3",32.4988888888889,83.1916666666667
2,MORELAND,"'91GA",33.2736111111111,84.7933333333333
2,MOULTRIE,"'MGR",31.0855786111111,83.8028091666667
2,MOULTRIE,"'MUL",31.1376866666667,83.7040597222222
2,MOULTRIE,"'09GA",31.1112983333333,83.6840583333333
2,"MULBERRY GROVE","'GE04",32.6669444444444,84.9655555555556
2,NAHUNTA,"'4J1",31.2060833333333,81.906
2,NASHVILLE,"'4J2",31.2125445833333,83.2252565555555
2,NASHVILLE,"'1GA8",31.1785313888889,83.2265425
2,NAYLOR,"'GE01",30.9189777777778,83.0688388888889
2,NEWBORN,"'2GA0",33.5267847222222,83.6387958333333
2,NEWNAN,"'2GE8",33.4641666666667,84.6633333333333
2,NEWNAN,"'17GA",33.4666666666667,84.8656666666667
2,"OAK PARK","'13GE",32.3608333333333,82.3180555555556
2,OXFORD,"'2GA1",33.6806686111111,83.8526819444445
2,PALMETTO,"'GA31",33.4736111111111,84.6736111111111
2,PATTERSON,"'1GE6",31.3724388888889,82.1234519444445
2,PERRY,"'PXE",32.5105833333333,83.7673333333333
2,"PINE MOUNTAIN","'PIM",32.8406944444444,84.8824444444444
2,PINEHURST,"'47GA",32.2197222222222,83.8552777777778
2,PINEVIEW,"'44GA",32.1043375,83.4829461111111
2,PLAINS,"'4GA5",32.0886616666667,84.37251
2,PLAINVILLE,"'22GA",34.4292552777778,85.0543911111111
2,QUITMAN,"'4J5",30.8051833333333,83.5890667222222
2,REIDSVILLE,"'RVJ",32.0594863055556,82.1535737777778
2,RICHLAND,"'05GA",32.0713888888889,84.7144444444444
2,RINGGOLD,"'GA03",34.8695213888889,85.1996752777778
2,ROBERTA,"'0GA9",32.7135958333333,84.0285388888889
2,"ROCKY FORD","'0GE9",32.6938888888889,81.7986111111111
2,ROME,"'RMG",34.3507777777778,85.1586666666667
2,ROOPVILLE,"'8GA1",33.421225,85.1618891666667
2,SANDERSVILLE,"'OKZ",32.9663744444444,82.8374880555556
2,SAVANNAH,"'GA35",32.1575,81.3966666666667
2,SAVANNAH,"'GA39",31.9843747222222,81.2462222222222
2,SAVANNAH,"'SVN",32.0100202777778,81.1459877777778
2,SAVANNAH,"'SAV",32.1275833333333,81.2021388888889
2,SENOIA,"'64GA",33.2834525,84.5388158333333
2,SHANNON,"'2GA8",34.3498130555556,85.0768916666667
2,SHARPSBURG,"'29GA",33.3842830555556,84.6319444444444
2,"SHELLMAN BLUFF","'72GA",31.5835544444444,81.2331525
2,"SHELLMAN BLUFF","'1GA0",31.6410347222222,81.3283333333333
2,SNELLVILLE,"'2GA9",33.8091666666667,83.9997222222222
2,"SOCIAL CIRCLE","'18GA",33.6931736111111,83.6576722222222
2,SOPERTON,"'3GA8",32.3294444444444,82.635
2,SOPERTON,"'4J8",32.3873888888889,82.5633888888889
2,SPRINGFIELD,"'2GA2",32.3946338888889,81.2806647222222
2,"ST MARY'S","'GA46",30.927,81.4325555555556
2,"ST SIMONS ISLAND","'SSI",31.1519663888889,81.3910597222222
2,STATESBORO,"'03GA",32.5623055555556,81.8576944444444
2,STATESBORO,"'1GA4",32.3285188888889,81.7553894444444
2,STATESBORO,"'TBR",32.48275,81.7369444444444
2,STOCKBRIDGE,"'7GA7",33.5355555555556,84.1790555555555
2,STOCKBRIDGE,"'3GA0",33.5275,84.1569444444444
2,SUCHES,"'GA87",34.6981455555556,84.0126911111111
2,SUMMERVILLE,"'GA23",34.5783333333333,85.3838888888889
2,SUNNYSIDE,"'0GE4",33.3313888888889,84.2666666666667
2,SWAINSBORO,"'SBO",32.6091388888889,82.3699444444444
2,SYLVANIA,"'76GA",32.7447222222222,81.6130555555556
2,SYLVANIA,"'JYL",32.6455227777778,81.5966116666667
2,SYLVESTER,"'13GA",31.3665719444444,83.7548966666667
2,SYLVESTER,"'SYV",31.5571547222222,83.8940363888889
2,TALBOTTON,"'3GA1",32.7283333333333,84.3569444444445
2,TALMO,"'85GA",34.1723283333333,83.731005
2,TEMPLE,"'0GA3",33.7701058333333,85.0607791666667
2,TENNGA,"'55GE",34.9806322222222,84.7416052777778
2,THOMASTON,"'OPN",32.9550025555556,84.2640861944444
2,THOMASVILLE,"'TVI",30.9014722222222,83.8814444444445
2,THOMSON,"'HQU",33.5297222222222,82.5169444444444
2,TIFTON,"'TMA",31.4295555555556,83.4892222222222
2,TOCCOA,"'TOC",34.5928116666667,83.2963716666667
2,TRENTON,"'0GE3",34.9028027777778,85.4604055555556
2,"TUNNEL HILL","'86GA",34.8678555555556,85.0610597222222
2,TYRONE,"'51GA",33.5080555555556,84.6004861111111
2,UNADILLA,"'94GA",32.2629380555556,83.7871222222222
2,VALDOSTA,"'50GA",30.9508333333333,83.2341666666667
2,VALDOSTA,"'7GA2",30.7788888888889,83.2019444444445
2,VALDOSTA,"'VAD",30.9687,83.1929638888889
2,VALDOSTA,"'0GA8",30.8871411111111,83.4159902777778
2,VALDOSTA,"'VLD",30.7813722222222,83.2762194444445
2,VAUGHN,"'8GA9",33.2767841666667,84.4107580555555
2,VIDALIA,"'VDI",32.1927222222222,82.3711666666667
2,"VILLA RICA","'3GA5",33.6370538888889,84.93883
2,"VILLA RICA","'20GA",33.7565555555556,84.8850625
2,"VILLA RICA","'81GA",33.6409427777778,84.90494
2,WADLEY,"'82GA",32.8087680555556,82.3852658333333
2,"WARM SPRINGS","'5A9",32.9385,84.6964444444445
2,"WARNER ROBINS","'WRB",32.6401708333333,83.5919208333333
2,"WARNER ROBINS","'5A2",32.5606388888889,83.67675
2,WASHINGTON,"'IIY",33.7794166666667,82.8158333333333
2,"WAVERLY HALL","'1GE9",32.7144444444444,84.7180555555556
2,WAYCROSS,"'GA47",31.1852208333333,82.2734575
2,WAYCROSS,"'AYS",31.2483888888889,82.3953888888889
2,WAYNESBORO,"'BXG",33.0412777777778,82.0027777777778
2,WAYNESBORO,"'3GA7",33.1625,81.7683333333333
2,WAYNESBORO,"'GE30",33.2211111111111,81.9952777777778
2,WAYNESBORO,"'5GA1",33.2091666666667,81.9291666666667
2,WHITESBURG,"'3GA6",33.5705555555556,84.8983333333333
2,WHITESBURG,"'6GA5",33.5781663888889,84.9068841666667
2,WHITESBURG,"'5GA2",33.5731663888889,84.9096619444444
2,WHITESBURG,"'95GA",33.4559469444444,84.9429952777778
2,WHITESBURG,"'7GA9",33.5705555555556,84.8977777777778
2,WILLIAMSON,"'96GA",33.1858333333333,84.3680555555556
2,WILLIAMSON,"'5GA3",33.1601208333333,84.3652008333333
2,WILLIAMSON,"'GA2",33.1834530555556,84.3715902777778
2,WINDER,"'WDR",33.9826897222222,83.6672166666667
2,WOODLAND,"'1GE2",32.8444444444444,84.5438888888889
2,WOODLAND,"'6GE2",32.8327777777778,84.5377777777778
2,WOODSTOCK,"'5GA4",34.1059313888889,84.4485397222222
2,WOOLSEY,"'GA82",33.3328611111111,84.4007777777778
2,WRENS,"'65J",33.2227777777778,82.3845
2,WRIGHTSVILLE,"'01GE",32.6744444444444,82.7711111111111
2,ZEBULON,"'9GA0",33.0570697222222,84.3424211111111
2,ZEBULON,"'GA10",33.0689527777778,84.3519527777778
2,ZEBULON,"'3GA9",33.1334555555556,84.3774227777778
2,ACKLEY,"'4C7",42.5474444444444,93.0334166666667
2,ADAIR,"'IA43",41.6052,94.6161777777778
2,ALBIA,"'4C8",40.9962777777778,92.7656944444444
2,ALGONA,"'AXA",43.0779166666667,94.2719444444444
2,ALLISON,"'K98",42.7638652777778,92.8043611111111
2,AMANA,"'C11",41.7935833333333,91.8647722222222
2,AMES,"'AMW",41.9920436111111,93.6218208333333
2,ANITA,"'Y43",41.4399111111111,94.7701376388889
2,ANKENY,"'IKV",41.6913468055556,93.5663491388889
2,ANKENY,"'46IA",41.7558211111111,93.5666052777778
2,ATLANTIC,"'AIO",41.4038333333333,95.04875
2,AUDUBON,"'ADU",41.7015277777778,94.9204444444444
2,BEDFORD,"'Y46",40.6377655555556,94.7294133333333
2,"BELLE PLAINE","'TZT",41.8787777777778,92.2845277777778
2,BELLVUE,"'15IA",42.2353944444444,90.4067666666667
2,BELMOND,"'Y48",42.8527463888889,93.5946536111111
2,BERKLEY,"'IA21",41.9566972222222,94.0869416666667
2,BLAKESBURG,"'IA27",40.9777905555556,92.5876894444444
2,BLOOMFIELD,"'4K6",40.7321055555555,92.4282688888889
2,BOONE,"'BNW",42.0495555555556,93.8476111111111
2,BROOKLYN,"'09IA",41.7458316666667,92.4093513888889
2,"BUFFALO CENTER","'IA70",43.4257886111111,93.8357813888889
2,BURLINGTON,"'58IA",40.8739833333333,91.1633
2,BURLINGTON,"'BRL",40.7832222222222,91.1255
2,CARROLL,"'CIN",42.0466666666667,94.7886944444444
2,CARSON,"'97IA",41.2558333333333,95.4766666666667
2,"CEDAR FALLS","'24IA",42.5158055555556,92.5198111111111
2,"CEDAR FALLS","'4IA7",42.4719288888889,92.4951897222222
2,"CEDAR RAPIDS","'CID",41.8846885833333,91.7107986111111
2,"CENTER POINT","'0IA8",42.228,91.751
2,CENTERVILLE,"'TVK",40.6844166666667,92.901
2,CHARITON,"'CNC",41.0196111111111,93.3596666666667
2,"CHARLES CITY","'CCY",43.07250375,92.6108091944444
2,CHEROKEE,"'CKP",42.7313888888889,95.5560555555555
2,CLARINDA,"'ICL",40.7221944444444,95.0266111111111
2,CLARION,"'CAV",42.7404722222222,93.7590555555555
2,CLINTON,"'CWI",41.83075,90.3289722222222
2,"COON RAPIDS","'16IA",41.8808194444444,94.7772277777778
2,CORNING,"'CRZ",40.994125,94.7550297222222
2,CORWITH,"'IA18",42.9736944444444,94.0359027777778
2,CORYDON,"'0E9",40.7562277777778,93.2403361111111
2,CORYDON,"'6IA6",40.7568333333333,93.4015027777778
2,"COUNCIL BLUFFS","'CBF",41.2601111111111,95.7586388888889
2,"COUNCIL BLUFFS","'IA35",41.1872208333333,95.9041788888889
2,CRESCENT,"'IA32",41.357475,95.84845
2,CRESCO,"'CJJ",43.3653013888889,92.1330830555555
2,CRESTON,"'CSQ",41.0214444444444,94.3633055555556
2,"CRYSTAL LAKE","'2IA9",43.1907922222222,93.7707752777778
2,CUMMING,"'20IA",41.5222666666667,93.8010333333333
2,"DALLAS CENTER","'39IA",41.6794316666667,94.0202313888889
2,DAVENPORT,"'DVN",41.6102777777778,90.5883611111111
2,DECORAH,"'DEH",43.2755,91.7393888888889
2,DENISON,"'DNS",41.9865833333333,95.3805
2,"DES MOINES","'DSM",41.5339727777778,93.6630719444445
2,"DES MOINES","'Y76",41.6543152777778,93.6411236111111
2,DUBUQUE,"'IA54",42.5022222222222,90.8431833333333
2,DUBUQUE,"'DBQ",42.402,90.7094722222222
2,DYERSVILLE,"'IA8",42.4961052777778,91.1798588888889
2,"EAGLE GROVE","'EAG",42.7099166666667,93.9161111111111
2,EDDYVILLE,"'99IA",41.2165666666667,92.777975
2,ELDORA,"'27P",42.3299527777778,93.1143138888889
2,ELKADER,"'I27",42.84725,91.3821666666667
2,EMMETSBURG,"'EGQ",43.1020555555556,94.7045277777778
2,ESTHERVILLE,"'EST",43.4074722222222,94.7463888888889
2,FAIRFIELD,"'FFL",41.0557198333333,91.9808218055556
2,FARRAR,"'IA56",41.7805433333333,93.3793758333333
2,"FOREST CITY","'FXY",43.2347569166667,93.6241039444444
2,"FORT DODGE","'FOD",42.5511944444444,94.1918333333333
2,"FORT MADISON","'FSW",40.6591111111111,91.32775
2,GREENFIELD,"'GFZ",41.3272222222222,94.4451666666667
2,GRINNELL,"'GGI",41.7098888888889,92.7359722222222
2,"GRUNDY CENTER","'6K7",42.3508163888889,92.8435330555556
2,"GUTHRIE CENTER","'GCT",41.6869722222222,94.4350555555556
2,GUTTENBERG,"'IA23",42.8088780555556,91.0981844444444
2,HAMPTON,"'IA31",42.7666388888889,93.2460352777778
2,HAMPTON,"'HPT",42.7236944444444,93.2263333333333
2,HARLAN,"'HNR",41.5843611111111,95.3396944444444
2,HUDSON,"'11IA",42.3498722222222,92.5133916666667
2,HUDSON,"'IA42",42.3137236111111,92.4116916666667
2,HUMBOLDT,"'0K7",42.7348611111111,94.2454722222222
2,HUMESTON,"'5IA3",40.8438916666667,93.5427158333333
2,"IDA GROVE","'IDG",42.3325977777778,95.4448877777778
2,INDEPENDENCE,"'IIB",42.4568888888889,91.9476666666667
2,INDIANOLA,"'IA86",41.2666613888889,93.5093805555556
2,INDIANOLA,"'IA41",41.4152694444444,93.5613266666667
2,INDIANOLA,"'6Z6",41.3038527777778,93.5674902777778
2,INDIANOLA,"'IA11",41.2938822222222,93.6654952777778
2,INDIANOLA,"'IA85",41.43513,93.5404927777778
2,"IOWA CITY","'IOW",41.6397777777778,91.5481388888889
2,"IOWA CITY","'IA16",41.7083491666667,91.5001688888889
2,"IOWA FALLS","'IFA",42.4713583333333,93.2707194444445
2,JANESVILLE,"'IA17",42.6230377777778,92.5012983333333
2,JEFFERSON,"'EFW",42.0105833333333,94.3423611111111
2,JEWELL,"'93IA",42.2602777777778,93.6497222222222
2,KEOKUK,"'EOK",40.4599077777778,91.4285011111111
2,KEOSAUQUA,"'6K9",40.73475,91.9487830555556
2,KEOSAUQUA,"'27IA",40.7514513888889,92.0308222222222
2,KNOXVILLE,"'OXV",41.2990969166667,93.1137427777778
2,"LA PORTE CITY","'IA97",42.3166569444444,92.2835186111111
2,"LAKE MILLS","'0Y6",43.4136666666667,93.51175
2,LAMONI,"'LWD",40.6333330555556,93.9021702777778
2,LARCHWOOD,"'2VA",43.4495958333333,96.4025458333333
2,LAWTON,"'IA84",42.4833258333333,96.2003013888889
2,"LE MARS","'LRJ",42.7779444444444,96.1936944444444
2,LEMARS,"'12IA",42.8005444444444,96.1377972222222
2,LIVERMORE,"'IA83",42.9551125,94.1674902777778
2,LOCKRIDGE,"'6IA7",40.9903555555556,91.7441722222222
2,LOHRVILLE,"'IA08",42.2780555555556,94.5516666666667
2,MANCHESTER,"'C27",42.4904958333333,91.4978736111111
2,MAPLETON,"'MEY",42.178295,95.7936452777778
2,MAQUOKETA,"'OQW",42.0500833333333,90.7388055555556
2,MARCUS,"'IA69",42.8735963888889,95.8030686111111
2,MARION,"'C17",42.0298333333333,91.5316388888889
2,MARSHALLTOWN,"'MIW",42.11275,92.9177777777778
2,"MASON CITY","'73IA",43.2355555555556,93.2083333333333
2,"MASON CITY","'MCW",43.1578055555556,93.33125
2,MAURICE,"'SXK",42.9858275,96.1614002777778
2,MAYSVILLE,"'01IA",41.6611397222222,90.7412544444445
2,MEDIAPOLIS,"'28IA",40.9856361111111,91.0906638888889
2,MEDIAPOLIS,"'0IA4",41.0333683333333,91.050145
2,MILFORD,"'4D8",43.3331863888889,95.1590516666667
2,MILLERTON,"'0IA5",40.872225,93.2627094444445
2,"MISSOURI VALLEY","'90IA",41.54027,95.8877880555556
2,MONONA,"'7C3",43.033,91.3465
2,MONTEZUMA,"'7C5",41.5482888888889,92.5345833333333
2,MONTICELLO,"'MXO",42.2203631666667,91.1632994444444
2,"MOUNT AYR","'1Y3",40.7063888888889,94.2202777777778
2,"MOUNT PLEASANT","'MPZ",40.9466111111111,91.5111666666667
2,MUSCATINE,"'MUT",41.3678888888889,91.1482222222222
2,"NEW HAMPTON","'7IA7",43.0836111111111,92.31
2,"NEW HAMPTON","'1Y5",43.0871958333333,92.3432325
2,NEWTON,"'TNU",41.67443,93.0217283333333
2,"NORA SPRINGS","'05IA",43.1374666666667,93.0682566666667
2,NORTHWOOD,"'IA51",43.4268166666667,93.2735513888889
2,NORTHWOOD,"'5D2",43.4487777777778,93.2016666666667
2,OAKLAND,"'IA01",41.3513816666667,95.4663911111111
2,OELWEIN,"'OLZ",42.6809245,91.9743953888889
2,"ORANGE CITY","'ORC",42.9888888888889,96.0625
2,OSAGE,"'D02",43.2923333333333,92.7956111111111
2,OSCEOLA,"'I75",41.0522222222222,93.6891388888889
2,OSKALOOSA,"'IA63",41.2583819444444,92.5515069444444
2,OSKALOOSA,"'OOA",41.2261111111111,92.4938333333333
2,OTTUMWA,"'OTM",41.1071813333333,92.4470727222222
2,OXFORD,"'IA24",41.7550113888889,91.7276741666667
2,PACKWOOD,"'04IA",41.0883502777778,92.0546202777778
2,PAULLINA,"'1Y9",42.9878888888889,95.6644722222222
2,PELLA,"'PEA",41.4012222222222,92.9458611111111
2,PERRY,"'PRO",41.828,94.1598333333333
2,POCAHONTAS,"'POH",42.7428888888889,94.6473611111111
2,"POLK CITY","'IA48",41.7416541666667,93.7252222222222
2,POSTVILLE,"'IA45",43.0784166666667,91.6156944444444
2,PRIMGHAR,"'2Y0",43.0784722222222,95.6144166666667
2,RADCLIFFE,"'2Y1",42.3175138888889,93.4151625
2,"RED OAK","'RDK",41.0108333333333,95.2588611111111
2,RINGSTED,"'8Y8",43.2659722222222,94.5625097222222
2,RIVERSIDE,"'8IA8",41.4548388888889,91.6173111111111
2,"ROCK RAPIDS","'RRQ",43.4522211111111,96.1797769444444
2,"ROCKWELL CITY","'2Y4",42.3878222222222,94.6189027777778
2,RUSSELL,"'34IA",40.9972694444444,93.1556444444444
2,"SAC CITY","'SKI",42.3790555555556,94.9796111111111
2,SALIX,"'42IA",42.26145,96.2896777777778
2,SHELDON,"'SHL",43.2083888888889,95.8334166666667
2,SHENANDOAH,"'SDA",40.7515872222222,95.4136241666667
2,SIBLEY,"'ISB",43.3693527777778,95.7596388888889
2,SIDNEY,"'29IA",40.7562652777778,95.6234805555556
2,SIDNEY,"'IA20",40.7600527777778,95.7088305555556
2,SIDNEY,"'IA02",40.7479944444444,95.6709291666667
2,"SIOUX CITY","'SUX",42.4026111111111,96.3843611111111
2,SPENCER,"'SPW",43.1656388888889,95.2028055555555
2,"SPIRIT LAKE","'0F3",43.3874208333333,95.1394680555556
2,"STORM LAKE","'SLB",42.5972348888889,95.2406655555556
2,SULLY,"'8C2",41.5741,92.8466
2,TAMA,"'53IA",41.9499919444444,92.5765808333333
2,TIPTON,"'8C4",41.7633541666667,91.1529358333333
2,TOLEDO,"'8C5",41.9882316111111,92.5479861388889
2,TRAER,"'8C6",42.2008333333333,92.4566388888889
2,VINTON,"'VTI",42.2186388888889,92.0259166666667
2,WALFORD,"'06IA",41.8413944444444,91.8343444444445
2,WASHINGTON,"'AWG",41.2756944444444,91.6760833333333
2,WATERLOO,"'10IA",42.4166555555556,92.2501833333333
2,WATERLOO,"'ALO",42.5570833333333,92.4003333333333
2,WAUKON,"'Y01",43.2804761111111,91.4695280555555
2,WAVERLY,"'C25",42.7419525,92.5079352777778
2,"WEBSTER CITY","'EBS",42.4364135277778,93.8689670277778
2,"WEST BURLINGTON","'19IA",40.8568444444444,91.2037583333333
2,"WEST LIBERTY","'4IA2",41.5861347222222,91.2201575
2,"WEST UNION","'3Y2",42.9852222222222,91.7906388888889
2,WHITING,"'IA58",42.1149891666667,96.1719638888889
2,WILLIAMSBURG,"'59IA",41.6223444444444,92.0624013888889
2,WINTERSET,"'3Y3",41.3628055555556,94.0211944444444
2,WOODBINE,"'3Y4",41.7360994444444,95.6836172222222
2,ZWINGLE,"'IA30",42.3000102777778,90.7501313888889
2,ABERDEEN,"'U36",42.9210972222222,112.880908333333
2,"AMERICAN FALLS","'U01",42.7973166666667,112.825186666667
2,ARCO,"'AOC",43.6035277777778,113.33425
2,ATHOL,"'ID05",47.9568480555556,116.677419166667
2,ATHOL,"'ID48",47.9287933333333,116.711029444444
2,ATLANTA,"'55H",43.8135108333333,115.135081666667
2,ATLANTA,"'U45",43.9551783333333,115.272591111111
2,ATLANTA,"'52U",43.8251388888889,115.331361111111
2,"ATOMIC CITY","'U46",43.4325833333333,113.055444444444
2,"ATOMIC CITY","'U48",43.21775,113.227555555556
2,"ATOMIC CITY","'U37",43.4536111111111,112.80725
2,BANCROFT,"'U51",42.7207516666667,111.867456388889
2,BELLEVUE,"'ID16",43.4035172222222,114.272544444444
2,BERNARD,"'U54",44.9796366666667,114.734813611111
2,"BIG CREEK","'U60",45.1332430555556,115.321778888889
2,"BIG CREEK RANGER STATION","'I08",45.1435244444444,114.928989722222
2,BLACKFOOT,"'U02",43.2092488888889,112.349585277778
2,BOISE,"'BOI",43.5643611111111,116.222861111111
2,BOISE,"'14ID",43.6706527777778,116.211230555556
2,BOISE,"'1ID4",43.3105555555556,115.9025
2,"BONNERS FERRY","'65S",48.7259722222222,116.295166666667
2,BRUNEAU,"'ID42",42.9255555555556,115.757222222222
2,BUHL,"'U03",42.5973888888889,114.800638888889
2,BURLEY,"'BYI",42.5426111111111,113.771527777778
2,CALDWELL,"'EUL",43.6418611111111,116.635777777778
2,CALDWELL,"'63ID",43.6368333333333,116.763055555556
2,CALDWELL,"'ID00",43.6957166666667,116.638469444444
2,CAMBRIDGE,"'ID77",44.7052777777778,116.806944444444
2,CAREY,"'U65",43.3088055555556,113.936027777778
2,CAREY,"'0U7",43.32375,113.5905
2,CASCADE,"'U70",44.4923333333333,116.014777777778
2,CASCADE,"'ID86",44.2977777777778,115.641388888889
2,CASCADE,"'ID44",44.2248905555556,116.179576666667
2,CASCADE,"'ID35",44.2390580555556,116.143464444444
2,CASCADE,"'02ID",44.5554594444444,115.305106666667
2,CASCADE,"'ID74",44.5365697222222,115.350940833333
2,CAVENDISH,"'34ID",46.5703333333333,116.343611111111
2,"CAYUSE CREEK","'C64",46.6665841666667,115.073181111111
2,CHALLIS,"'LLJ",44.5236068055556,114.217938777778
2,CHALLIS,"'D47",44.7411527777778,114.918608333333
2,CHALLIS,"'C53",44.8086711944444,114.808659888889
2,CHALLIS,"'ID8",44.7734722222222,114.985277777778
2,CHALLIS,"'U72",44.5915780555556,114.823143333333
2,"CHAMBERLAIN GUARD STATION","'U79",45.3790783333333,115.196779722222
2,"CLARK FORK","'ID01",48.1379816666667,116.197676666667
2,"CLARK FORK","'ID78",48.1415916666667,116.182397222222
2,"CLARK FORK","'00ID",48.1452777777778,116.214444444444
2,"CLARK FORK","'ID75",48.1260944444444,116.165611111111
2,"CLARK FORK","'ID32",48.1055,116.136833333333
2,CLARKIA,"'ID33",46.9360177777778,115.864875833333
2,"COEUR D'ALENE","'ID43",47.551295,116.763515833333
2,"COEUR D'ALENE","'COE",47.7743055555556,116.819583333333
2,"COEUR D'ALENE","'ID65",47.5810169444444,116.771850555556
2,"COEUR D'ALENE","'ID27",47.7554591666667,116.859361111111
2,"COEUR D'ALENE","'S77",47.8415583333333,116.251994444444
2,"COEUR D'ALENE","'6ID1",47.6432416666667,116.700544444444
2,"COEUR D'ALENE","'15ID",47.68555,117.038
2,"COLD MEADOWS GUARD STATION","'U81",45.2935,114.945305555556
2,COOLIN,"'66S",48.5186666666667,116.822194444444
2,COTTONWOOD,"'S84",46.0387697222222,116.331534722222
2,COUNCIL,"'U82",44.7503333333333,116.445055555556
2,COUNCIL,"'03ID",44.7943294444445,116.532646388889
2,COUNCIL,"'ID17",45.0109894444444,116.68876
2,CRAIGMONT,"'S89",46.2477222222222,116.479361111111
2,DIXIE,"'A05",45.5207405555556,115.517626666667
2,DIXIE,"'ID28",45.379075,115.505123611111
2,DIXIE,"'C48",45.3966666666667,115.483333333333
2,DONNELLY,"'ID96",44.7851694444444,116.066791666667
2,DONNELLY,"'44ID",44.7369416666667,116.074158333333
2,DONNELLY,"'U84",44.7290597222222,116.092627777778
2,DOWNEY,"'U58",42.4242333333333,112.109555555556
2,DRIGGS,"'DIJ",43.7426944444444,111.096777777778
2,DUBOIS,"'U41",44.1623611111111,112.220666666667
2,EDEN,"'1ID7",42.5877777777778,114.334166666667
2,"ELK CITY","'S90",45.8226858333333,115.439849722222
2,"ELK CITY","'9ID6",45.6133333333333,115.324833333333
2,"ELK RIVER","'ID85",46.7874030555556,116.16765
2,EMMETT,"'S78",43.85265,116.539069444444
2,EMMETT,"'04ID",43.8776641666667,116.537080555556
2,FAIRFIELD,"'U86",43.3418611111111,114.798277777778
2,FAIRFIELD,"'40ID",43.3142222222222,114.905222222222
2,FAIRFIELD,"'ID70",43.3944625,114.825226388889
2,FAIRFIELD,"'33ID",43.3793611111111,114.769444444444
2,FEATHERVILLE,"'0ID0",43.60645,115.10725
2,FEATHERVLLE,"'23ID",43.6482638888889,114.904697222222
2,FILER,"'0ID1",42.6412111111111,114.605433333333
2,"FISH LAKE","'S92",46.3301952777778,115.063174166667
2,FRUITLAND,"'2ID6",43.9273361111111,116.946475
2,"GARDEN VALLEY","'U88",44.0669444444444,115.931277777778
2,"GLENNS FERRY","'U89",42.9436666666667,115.330083333333
2,GOODING,"'GNG",42.9171666666667,114.765166666667
2,GRACE,"'ID62",42.6082533333333,111.728561944444
2,GRANGEVILLE,"'37ID",45.7824166666667,115.938
2,GRANGEVILLE,"'GIC",45.9426666666667,116.123027777778
2,GRANGEVILLE,"'0ID8",45.7751972222222,116.178475
2,GRANGEVILLE,"'05ID",45.9140836111111,114.835660555556
2,GRANGEVILLE,"'66ID",45.8766666666667,116.179166666667
2,GRASMERE,"'U91",42.3733055555556,115.879444444444
2,GREENLEAF,"'ID97",43.6651138888889,116.858425
2,HAILEY,"'SUN",43.5037805555556,114.295558333333
2,HAILEY,"'U93",43.2806666666667,114.396388888889
2,"HAUSER LAKE","'ID21",47.7562894444444,117.023812222222
2,HAZELTON,"'U94",42.5764097222222,114.135240277778
2,HEADQUARTERS,"'ID84",46.6171311111111,115.799865833333
2,HELMER,"'0ID9",46.7852777777778,116.471130555556
2,"HILL CITY","'ID09",43.26,115.248611111111
2,"HILL CITY","'ID88",43.2873980555556,115.080070555556
2,HOMEDALE,"'S66",43.6146388888889,116.921361111111
2,HOMEDALE,"'ID63",43.6709916666667,117.025433333333
2,"HORSESHOE BEND","'ID95",43.861,116.240944444444
2,"HORSESHOE BEND","'ID67",43.8606805555556,116.262708333333
2,HOWE,"'U97",43.83907,113.046669444444
2,"IDAHO CITY","'20ID",43.7204388888889,116.005666666667
2,"IDAHO CITY","'U98",43.8207263888889,115.850942777778
2,"IDAHO FALLS","'IDA",43.5137222222222,112.07075
2,"IDAHO FALLS","'ID87",43.4068597222222,111.974412777778
2,"INDIAN CREEK","'S81",44.7611388888889,115.107361111111
2,INKOM,"'1ID9",42.7636944444444,112.184936111111
2,IRWIN,"'ID72",43.4208333333333,111.285
2,"ISLAND PARK","'U53",44.63475,111.342694444444
2,JEROME,"'JER",42.7266944444444,114.456638888889
2,KAMIAH,"'S73",46.2197777777778,116.013805555556
2,KELLOGG,"'S83",47.5472611111111,116.189063888889
2,KETCHUM,"'U61",43.9436944444444,114.11025
2,KIMAMA,"'U99",43.0370277777778,113.733611111111
2,KOOSKIA,"'ID51",46.0435555555555,115.886875
2,KOOSKIA,"'79ID",46.0489222222222,115.869861111111
2,KOOSKIA,"'S82",46.1326713888889,115.9787525
2,KUNA,"'41ID",43.4713833333333,116.326416666667
2,KUNA,"'ID68",43.4846077777778,116.458734444444
2,KUNA,"'06ID",43.462665,116.359008333333
2,"LAKE FORK","'ID59",44.8175833333333,116.068016666667
2,LANDMARK,"'0U0",44.6421111111111,115.533388888889
2,"LAVA HOT SPRINGS","'01ID",42.6082511111111,112.032460555556
2,LEADORE,"'U00",44.6731111111111,113.352444444444
2,LEWISTON,"'95ID",46.0004555555556,116.691186111111
2,LEWISTON,"'LWS",46.3744980555556,117.015395833333
2,LEWISTON,"'ID57",46.2231655555556,116.869956944444
2,LOWMAN,"'0U1",44.1422222222222,115.314055555556
2,LUCILE,"'1DA",45.5345777777778,116.530916666667
2,MACKAY,"'0U2",43.8019722222222,113.831527777778
2,MACKAY,"'2ID2",43.9543555555556,113.647244444444
2,MACKAY,"'U62",43.9100083333333,113.602366666667
2,MACKAY,"'ID56",43.9818594444444,114.043656388889
2,"MAHONEY CREEK","'0U3",44.7445833333333,114.921388888889
2,"MALAD CITY","'MLD",42.1704444444444,112.289305555556
2,MARSING,"'ID40",43.4178,116.706183333333
2,MARSING,"'08ID",43.5693252777778,116.776805
2,MARSING,"'ID10",43.5948194444444,116.832522222222
2,MAY,"'0ID2",44.4428888888889,113.773138888889
2,MAY,"'0U8",44.6103333333333,113.894861111111
2,MAYFIELD,"'ID26",43.2326305555556,115.939672222222
2,"MC CALL","'24K",44.9742222222222,115.72975
2,"MC CALL","'MYL",44.8887222222222,116.10175
2,MCCALL,"'2ID5",44.8074666666667,116.049483333333
2,MERIDIAN,"'77ID",43.5244444444444,116.406944444444
2,MIDVALE,"'17ID",44.4138888888889,116.590833333333
2,MIDVALE,"'0U9",44.4612777777778,116.758027777778
2,MINIDOKA,"'1U0",42.9753333333333,113.35075
2,MOORE,"'U92",43.6771388888889,113.602722222222
2,"MOOSE CREEK RANGER STATION","'1U1",46.1207508333333,114.927333333333
2,MOSCOW,"'ID60",46.7132205555556,116.997108611111
2,MOSCOW,"'09ID",45.1038888888889,114.855277777778
2,"MOUNTAIN HOME","'0ID3",43.0757833333333,115.672883333333
2,"MOUNTAIN HOME","'MUO",43.0435972222222,115.872433333333
2,"MOUNTAIN HOME","'U76",43.1316094444444,115.730566666667
2,"MUD LAKE","'1U2",43.8509444444444,112.501361111111
2,MULDOON,"'10ID",43.4943486111111,113.921696111111
2,MURPHY,"'ID04",42.6411111111111,116.982777777778
2,MURPHY,"'1U3",43.2159444444444,116.548361111111
2,MURPHY,"'0ID7",43.2303083333333,116.763191666667
2,NAMPA,"'MAN",43.5813411111111,116.523063055556
2,NAMPA,"'38ID",43.5094444444444,116.667916666667
2,NAMPA,"'ID79",43.5083333333333,116.667916666667
2,"NEW MEADOWS","'1U4",44.978,116.283916666667
2,"NEZ PERCE","'0S5",46.2385277777778,116.238555555556
2,NORDMAN,"'67S",48.574,116.958583333333
2,OAKLEY,"'1U6",42.2338888888889,113.877638888889
2,OLDTOWN,"'07ID",48.14921,116.998013333333
2,OROFINO,"'ID29",46.6974052777778,115.983756111111
2,OROFINO,"'S68",46.4920211111111,116.275399444444
2,OROGRANDE,"'75C",45.7294444444444,115.527777777778
2,PARIS,"'1U7",42.24975,111.341638888889
2,PARMA,"'50S",43.7787725,116.938486111111
2,PAYETTE,"'S75",44.0939736111111,116.903105555556
2,PICABO,"'ID82",43.3082383333333,114.063367777778
2,PINE,"'1U9",43.46625,115.310027777778
2,PLACERVILLE,"'22ID",43.9446666666667,115.941166666667
2,POCATELLO,"'PIH",42.9097925,112.595918888889
2,PORTHILL,"'1S1",48.9904722222222,116.502055555556
2,"POST FALLS","'ID07",47.6780952777778,117.02492
2,PRAIRIE,"'2U0",43.4983611111111,115.546972222222
2,PRESTON,"'U10",42.1069080555556,111.912538888889
2,"PRIEST RIVER","'96ID",48.2355666666667,116.875266666667
2,"PRIEST RIVER","'61ID",48.1892555555556,116.988997222222
2,"PRIEST RIVER","'45ID",48.33005,116.828933333333
2,"PRIEST RIVER","'1S6",48.1906458333333,116.909861111111
2,"PRIEST RIVER","'ID61",48.2965755555556,117.015203888889
2,REXBURG,"'RXE",43.8339166666667,111.805111111111
2,RIGBY,"'U56",43.642725,111.9291625
2,RIVERSIDE,"'ID12",43.1843586111111,112.466370277778
2,ROCKFORD,"'2U4",43.1895,112.531805555556
2,SAGLE,"'ID24",48.2235352777778,116.438520833333
2,SALMON,"'ID52",45.1571013888889,113.802026388889
2,SALMON,"'12ID",44.96797,114.732868611111
2,SALMON,"'SMN",45.1232777777778,113.881444444444
2,SALMON,"'8ID8",45.3533333333333,113.865
2,SANDPOINT,"'1ID3",48.1679666666667,116.726583333333
2,SANDPOINT,"'ID19",48.2310372222222,116.389350833333
2,SANDPOINT,"'ID25",48.3507583333333,116.554083055556
2,SANDPOINT,"'68ID",48.25,116.466666666667
2,SANDPOINT,"'SZT",48.2995277777778,116.560138888889
2,SANDPOINT,"'26ID",48.3638888888889,116.403611111111
2,SANDPOINT,"'55ID",48.3810555555556,116.484972222222
2,SHEARER,"'2U5",45.9895,114.841277777778
2,SHOSHONE,"'0ID4",43.0476833333333,114.470325
2,"SLATE CREEK","'1S7",45.6717777777778,116.305722222222
2,"SMILEY CREEK","'U87",43.9121388888889,114.796055555556
2,"SODA SPRINGS","'U78",42.6485,111.581805555556
2,"SOLDIER BAR","'85U",45.0999141666667,114.800928888889
2,"SPIRIT LAKE","'ID22",47.97796,116.792698333333
2,"ST ANTHONY","'U12",43.9501666666667,111.684694444444
2,"ST MARIES","'ID13",47.3221297222222,116.639891666667
2,"ST MARIES","'S72",47.3258111111111,116.576677777778
2,STANLEY,"'U63",44.4154591666667,115.316771111111
2,STANLEY,"'13ID",44.2665741666667,115.000921944444
2,STANLEY,"'2U7",44.2085555555556,114.934527777778
2,STANLEY,"'2U8",44.7233055555556,115.003972222222
2,STAR,"'ID92",43.7287733333333,116.522909166667
2,STITES,"'ID11",46.0188888888889,115.962222222222
2,THATCHER,"'0ID",42.44818625,111.777543055556
2,"THREE CREEK","'3U0",42.0235555555556,115.335444444444
2,TRIANGLE,"'2ID3",42.7518333333333,116.677333333333
2,TROY,"'ID94",46.7766666666667,116.691388888889
2,"TWIN FALLS","'TWF",42.4818055555556,114.48775
2,WARREN,"'3U1",45.2681111111111,115.683611111111
2,WEIPPE,"'3ID2",46.350675,115.977
2,WEISER,"'9ID0",44.3003333333333,116.985722222222
2,WEISER,"'S87",44.2046666666667,116.960527777778
2,WINCHESTER,"'ID50",45.9418472222222,116.763669444444
2,WORLEY,"'ID23",47.3924033333333,116.872955555556
2,"YELLOW PINE","'3U2",44.9117222222222,115.485527777778
2,"YELLOW PINE","'I92",44.8916666666667,115.713055555556
2,"YELLOW PINE","'ID41",44.8999075,115.332886944444
2,ABINGDON,"'IL01",40.7925388888889,90.438185
2,ALEDO,"'C00",41.248645,90.7370836111111
2,ALHAMBRA,"'7IS7",38.9139352777778,89.67009
2,ALMA,"'0IL2",38.8030555555556,88.9977777777778
2,"ALTON/ST LOUIS","'ALN",38.8899166666667,90.046
2,AMBOY,"'IL07",41.7236436111111,89.2917608333333
2,ANTIOCH,"'IL11",42.4652975,88.0403591666667
2,ANTIOCH,"'50IL",42.4889055555556,88.1742527777778
2,"APPLE RIVER","'IL28",42.4664444444444,90.1693888888889
2,ARENZVILLE,"'IL12",39.8800469444444,90.4651252777778
2,ARLINGTON,"'IL13",41.4708333333333,89.1808333333333
2,ASHTON,"'79IL",41.7966666666667,89.2302777777778
2,ATLANTA,"'3IL9",40.2810361111111,89.3130375
2,ATLANTA,"'IL94",40.2263166666667,89.2429027777778
2,BEARDSTOWN,"'K06",39.9733813888889,90.4037355555555
2,BEARDSTOWN,"'IL86",39.9361588888889,90.4667919444444
2,BELLEVILLE,"'7IS2",38.524495,90.0569444444444
2,BELLEVILLE,"'2IL7",38.5153283333333,90.0278838888889
2,BELLEVILLE,"'BLV",38.5451666666667,89.8351944444445
2,BELVIDERE,"'IL36",42.320275,88.7629555555556
2,BELVIDERE,"'IL34",42.2144669444444,88.7570413888889
2,BELVIDERE,"'0LL0",42.2647222222222,88.73
2,BELVIDERE,"'IS83",42.2275,88.7672222222222
2,BEMENT,"'1IS2",39.8964219444444,88.5222830555555
2,BENSON,"'4IL9",40.8275,89.1208333333333
2,BENTON,"'H96",38.0085,88.9344444444444
2,BETHANY,"'86IL",39.6816666666667,88.7644444444445
2,"BIG ROCK","'IL38",41.7669733333333,88.5320216666667
2,BIGGSVILLE,"'60IL",40.8397222222222,90.8052777777778
2,BLOOMINGTON,"'IL57",40.4219808333333,89.0206341666667
2,BLOOMINGTON/NORMAL,"'BMI",40.4771111111111,88.9159166666667
2,"BLUE MOUND","'1IS3",39.6955791666667,89.0590013888889
2,"BLUE MOUND","'3IS1",39.7000422222222,89.2089705555556
2,"BLUE MOUND","'3IS3",39.7391444444444,89.1471736111111
2,BOLINGBROOK,"'1C5",41.6959166666667,88.1295
2,BONFIELD,"'05IL",41.16,88.0166666666667
2,BRADFORD,"'3IS8",41.2308705555556,89.6156516666667
2,BROWNS,"'60IS",38.4006041666667,87.9886441666667
2,BUCKINGHAM,"'IS86",41.0416988888889,88.1917180555556
2,"BUNKER HILL","'4IS9",39.0858611111111,89.958875
2,BURNSIDE,"'IL46",40.4667097222222,91.0334727777778
2,BUSHNELL,"'IL15",40.5694444444444,90.5487405555556
2,"CAHOKIA/ST LOUIS","'CPS",38.5703611111111,90.1550833333333
2,CAIRO,"'CIR",37.0641388888889,89.2195277777778
2,CAIRO,"'92IL",37.0389391666667,89.3209102777778
2,CALEDONIA,"'56IL",42.4621416666667,88.8751013888889
2,CAMPUS,"'IL51",41.0380555555556,88.3375
2,CANTON,"'CTK",40.5690833333333,90.0748333333333
2,CAPRON,"'09LL",42.4680725,88.7431586111111
2,CAPRON,"'LL28",42.4327777777778,88.7172222222222
2,CARBONDALE/MURPHYSBORO,"'MDH",37.7780833333333,89.2520277777778
2,CARLINVILLE,"'8IS1",39.3078244444444,89.9931608333333
2,CARMI,"'CUL",38.0894791666667,88.1230611111111
2,CARTHAGE,"'5IS9",40.3337861111111,91.0503208333333
2,CARTHAGE,"'4IS1",40.4625,91.2295277777778
2,CARTHAGE,"'IS51",40.4514327777778,91.2037566666667
2,CARTHAGE,"'IL52",40.4392105555556,91.1440319444444
2,CASEY,"'1H8",39.3025091666667,88.0040619444444
2,CENTRALIA,"'ENL",38.5150833333333,89.0911388888889
2,"CERRO GORDO","'88IL",39.9422777777778,88.7332777777778
2,CHAMPAIGN,"'IL56",40.2203102777778,88.2536613888889
2,CHAMPAIGN/URBANA,"'CMI",40.0388333333333,88.2778055555555
2,CHAPIN,"'30LL",39.7542127777778,90.3654011111111
2,CHENOA,"'IL63",40.7000344444444,88.6750622222222
2,CHENOA,"'11LL",40.7230902777778,88.7631205555556
2,CHICAGO,"'MDW",41.7859722222222,87.7524166666667
2,CHICAGO,"'ORD",41.9745219444444,87.9065972222222
2,CHICAGO,"'IGQ",41.5349166666667,87.5295277777778
2,CHICAGO/AURORA,"'ARR",41.7719166666667,88.4756666666667
2,"CHICAGO/LAKE IN THE HILLS","'3CK",42.20680925,88.3229970555556
2,"CHICAGO/PROSPECT HEIGHTS/WHEELING","'PWK",42.1142777777778,87.9015277777778
2,CHICAGO/ROCKFORD,"'RFD",42.1953611111111,89.0972222222222
2,CHICAGO/ROMEOVILLE,"'LOT",41.6080969444444,88.0963897222222
2,CHICAGO/SCHAUMBURG,"'06C",41.9893408333333,88.1012427777778
2,CHICAGO/WAUKEGAN,"'UGN",42.4221491666667,87.8679191666667
2,"CHICAGO/WEST CHICAGO","'DPA",41.9070530555556,88.247995
2,CLIFTON,"'IL81",40.9361438888889,88.0417105555556
2,CLINTON,"'7IS3",40.1433716666667,89.0917519444444
2,CLINTON,"'33IL",40.1661111111111,88.8983055555556
2,CLINTON,"'IL82",40.1094805555556,88.8286863888889
2,COLUMBIA,"'H49",38.4523055555556,90.2360555555556
2,COLUSA,"'IL84",40.5764311111111,91.1029208333333
2,COMPTON,"'C82",41.7625302777778,89.1014811111111
2,COMPTON,"'IL88",41.6750313888889,89.1167561111111
2,COMPTON,"'IL87",41.7111419444444,89.1123127777778
2,COOKSVILLE,"'2IS9",40.5780833333333,88.7078333333333
2,CORNELL,"'40IL",41.0058333333333,88.6580555555555
2,CRESTON,"'IL93",41.9453061111111,88.9239816666667
2,"CUSTER PARK","'IL95",41.2230861111111,88.1453333333333
2,CUTLER,"'9LL2",38.0336619444444,89.5792627777778
2,DAHLGREN,"'27IS",38.1489372222222,88.6703347222222
2,DANFORTH,"'8IS5",40.8167008333333,87.9917072222222
2,DANVILLE,"'IS88",40.1486472222222,87.6944669444444
2,DANVILLE,"'DNV",40.1996944444444,87.5955277777778
2,DAVIS,"'IL23",42.4425138888889,89.4501155555556
2,"DE KALB","'DKB",41.93383425,88.7056863888889
2,"DE KALB","'0IL9",41.8547513888889,88.7873080555556
2,"DE KALB","'IS80",41.9178066666667,88.7892544444444
2,"DE KALB","'0IL8",41.8725291666667,88.7236955555556
2,"DE LAND","'IL80",40.1081666666667,88.6831305555556
2,DECATUR,"'DEC",39.8345625,88.8656891666667
2,"DEER GROVE","'0IS3",41.6604916666667,89.6941972222222
2,DIXON,"'C73",41.8336988888889,89.4462133333333
2,DONGOLA,"'6IL5",37.3864391666667,89.1603561111111
2,DONOVAN,"'IS52",40.9278116666667,87.6225325
2,DOW,"'01IS",39.0161583333333,90.3181686111111
2,"DOWNERS GROVE","'LL22",41.7327777777778,87.9994166666667
2,DUNLAP,"'65IL",40.8798194444444,89.7223958333333
2,DURAND,"'47IS",42.4916666666667,89.3569444444445
2,DURAND,"'2IL1",42.4139038888889,89.32928
2,DWIGHT,"'DTG",41.1326218055556,88.4386452777778
2,DWIGHT,"'61IS",41.0547541666667,88.3872791666667
2,DWIGHT,"'08LL",41.0752777777778,88.4891666666667
2,DWIGHT,"'2IL2",41.0533652777778,88.4611697222222
2,EARLVILLE,"'IL99",41.5928086111111,88.9673055555556
2,EARLVILLE,"'06IL",41.5995277777778,88.8699444444444
2,EARLVILLE,"'IL55",41.5355555555556,88.9986111111111
2,EDINBURG,"'9LL5",39.6511111111111,89.4586111111111
2,EFFINGHAM,"'1H2",39.0704444444444,88.5335277777778
2,EFFINGHAM,"'IL05",39.1920069444444,88.6702875
2,"EL PASO","'1IL0",40.775,89.0011111111111
2,"EL PASO","'74IL",40.7556972222222,89.0163361111111
2,ELMIRA,"'2IS3",41.1717036111111,89.8067697222222
2,ELWOOD,"'3IL2",41.4122533333333,88.0486661111111
2,ENFIELD,"'LL13",38.0486111111111,88.3005555555556
2,ESMOND,"'IS15",42.0325272222222,88.9025944444444
2,EVANSVILLE,"'5IS3",38.0783847222222,89.9795530555556
2,FAIRBURY,"'26IS",40.7667008333333,88.5056119444444
2,FAIRBURY,"'4IL2",40.8083669444445,88.5417244444444
2,FAIRFIELD,"'57IS",38.3167141666667,88.2722655555556
2,FAIRFIELD,"'FWC",38.3786330555556,88.4126522222222
2,"FARMER CITY","'IS26",40.1833672222222,88.6153436111111
2,FARMERSVILLE,"'70IL",39.4236722222222,89.5656138888889
2,FINDLAY,"'35IS",39.5283705555556,88.7639597222222
2,FITHIAN,"'62IS",40.087535,87.9075313888889
2,FLORA,"'FOA",38.6649902222222,88.4531120277778
2,"FRANKLIN GROVE","'15IL",41.7972538888889,89.2731516666667
2,FREEPORT,"'FEP",42.2461147222222,89.5819766666667
2,FREEPORT,"'C86",42.3777938888889,89.564005
2,GALENA,"'22IL",42.4119522222222,90.4001277777778
2,GALESBURG,"'GBG",40.9380005277778,90.4311235833333
2,GENESEO,"'3G8",41.4397777777778,90.1100555555556
2,GENOA,"'30IS",42.0772480555556,88.6250883333333
2,GENOA,"'IL60",42.1314138888889,88.6998138888889
2,"GIBSON CITY","'9IS2",40.4821666666667,88.2675555555556
2,GILBERTS,"'7IS5",42.1214136111111,88.3781388888889
2,GILLESPIE,"'LL45",39.1822694444445,89.8217627777778
2,GOREVILLE,"'16IS",37.5778283333333,89.0092397222222
2,"GRANT PARK","'7IL0",41.2708675,87.5778147222222
2,GRAYSLAKE,"'C81",42.3246111111111,88.0740880555556
2,"GREEN VALLEY","'7IL3",40.42785,89.6038388888889
2,GREENVILLE,"'GRE",38.8362222222222,89.3788888888889
2,"GREENWOOD/WONDER LAKE","'10C",42.4028888888889,88.3751111111111
2,GRIDLEY,"'3IL8",40.6979444444444,88.947
2,GRIGGSVILLE,"'51IS",39.6592138888889,90.7001272222222
2,HAMILTON,"'39LL",40.4013888888889,91.3030555555556
2,HAMMOND,"'IL32",39.7833333333333,88.6213888888889
2,HAMPSHIRE,"'68IS",42.1485997222222,88.5619470833333
2,HAMPSHIRE,"'7IL7",42.1266911111111,88.5334205555556
2,HANOVER,"'3IS4",42.2889030555556,90.3454061111111
2,HARDING,"'7IL8",41.51892,88.8375775
2,HARRISBURG,"'HSB",37.8112561111111,88.5502596388889
2,HARVARD,"'8IL0",42.3531402777778,88.6374055555555
2,HARVARD,"'0C0",42.4024722222222,88.6323888888889
2,HARVARD,"'8IL2",42.4847397222222,88.6001005555556
2,HARVARD,"'8IL1",42.4083519444444,88.6528772222222
2,HAVANA,"'9I0",40.2226930555556,90.0227819444444
2,HECKER,"'4IS5",38.2583830555556,89.9380555555556
2,HENRY,"'9IL0",41.0944805555556,89.3862002777778
2,HEYWORTH,"'9IS9",40.3344805555556,88.9553555555556
2,HIGHLAND,"'H07",38.77925,89.6404513888889
2,HILLSBORO,"'1LL5",39.2427777777778,89.5508333333333
2,HILLSDALE,"'9IL7",41.6093,90.1815666666667
2,HILLVIEW,"'79IS",39.44477,90.5620688888889
2,HINCKLEY,"'0C2",41.7708627777778,88.7034144444444
2,HOMER,"'6IS8",39.9901541666667,87.8874847222222
2,HUDSON,"'04IL",40.6375352777778,89.0070188888889
2,HUNTLEY,"'82IS",42.1432402777778,88.4033125
2,HUNTLEY,"'6IL2",42.2211341666667,88.417865
2,HURST,"'IL71",37.8191666666667,89.1522222222222
2,"ILLINOIS CITY","'2IS4",41.3369744444444,91.0132025
2,IRVING,"'1IL1",39.2420361111111,89.4262166666667
2,IRVINGTON,"'83IS",38.4264383333333,89.1311830555556
2,JACKSONVILLE,"'IJX",39.7746111111111,90.2382777777778
2,JERSEYVILLE,"'0LL1",39.0942136111111,90.3134472222222
2,JERSEYVILLE,"'0LL3",39.0550472222222,90.3420583333333
2,JERSEYVILLE,"'LL49",39.0622222222222,90.2722222222222
2,JOLIET,"'JOT",41.5176591388889,88.1755244166667
2,KAMPSVILLE,"'LL77",39.305,90.6997222222222
2,KANEVILLE,"'IL85",41.8463888888889,88.5702777777778
2,KANKAKEE,"'IL78",41.1311436111111,87.7922619444444
2,KANKAKEE,"'IKK",41.0713888888889,87.8462777777778
2,KANKAKEE,"'12IL",41.2000316666667,88.0167161111111
2,KANKAKEE,"'3KK",41.1000322222222,87.91671
2,KANSAS,"'IL39",39.4802555555556,87.8445777777778
2,KEWANEE,"'EZI",41.2051944444444,89.9638611111111
2,KILBOURNE,"'32IS",40.1353241666667,91.0095797222222
2,KINGS,"'00IS",40.025595,89.1228647222222
2,KIRKLAND,"'16IL",42.0498305555556,88.8350277777778
2,KIRKLAND,"'IS59",42.1338888888889,88.9241666666667
2,"LA HARPE","'IS55",40.5908744444444,90.9423602777778
2,"LA MOILLE","'35IL",41.5338888888889,89.2027777777778
2,"LA SALLE","'0LL4",41.4192002777778,89.1231391666667
2,LACON,"'C75",41.0188333333333,89.3857777777778
2,"LAKE CITY","'5IS4",39.7661463888889,88.7795155555555
2,LANARK,"'6IL4",42.1603,89.8862333333333
2,LANARK,"'1IS4",42.1344675,89.8245636111111
2,LANE,"'IL27",40.13,88.8316666666667
2,LAWRENCEVILLE,"'IL16",38.6859472222222,87.5443666666667
2,LAWRENCEVILLE,"'LWV",38.7642777777778,87.6055
2,LAWRENCEVILLE,"'IS34",38.7067136111111,87.6333577777778
2,"LEAF RIVER","'48LL",42.1253036111111,89.4589997222222
2,"LEAF RIVER","'28IL",42.0972488888889,89.4192761111111
2,LENA,"'96IL",42.3750138888889,89.8459541666667
2,LEWISTOWN,"'34IL",40.3625419444444,90.1084516666667
2,LEXINGTON,"'48IS",40.6021666666667,88.8334444444445
2,LINCOLN,"'AAA",40.1586944444444,89.3350277777778
2,LINCOLN,"'IL64",40.1806008333333,89.5001022222222
2,LINCOLN,"'2LL3",40.0664833333333,89.2721444444444
2,LINCOLN,"'37IL",40.1333761111111,89.3250941666667
2,LITCHFIELD,"'3LF",39.1625,89.6746388888889
2,"LITTLE YORK","'IL65",41.0050372222222,90.7084708333333
2,LOWPOINT,"'IS00",40.8417022222222,89.2745294444444
2,MACKINAW,"'9IL6",40.5130941666667,89.3673141666667
2,MACOMB,"'LL27",40.4542077777778,90.6235
2,MACOMB,"'MQB",40.5200833333333,90.6523888888889
2,MANITO,"'IL45",40.4893447222222,89.7780808333333
2,MANSFIELD,"'04IS",40.1786447222222,88.5689525
2,MANTENO,"'19LL",41.2569763888889,87.9194913888889
2,MANTENO,"'58IL",41.2383655555556,87.8594886111111
2,MANTENO,"'LL24",41.2069769444444,87.7853186111111
2,"MAPLE PARK","'59IL",41.9260305555556,88.6467944444445
2,MARENGO,"'66IL",42.2687388888889,88.5712958333333
2,MARENGO,"'63IL",42.1833566666667,88.5945352777778
2,MARENGO,"'62IL",42.1861344444444,88.6042580555556
2,MARENGO,"'37IS",42.3322222222222,88.6055555555556
2,MARENGO,"'64IL",42.2416886111111,88.6667616666667
2,MARENGO,"'IS57",42.1797455555556,88.6327777777778
2,MARION,"'MWA",37.7549722222222,89.0110833333333
2,MARISSA,"'3LL1",38.2222708333333,89.7042641666667
2,MARSEILLES,"'69IL",41.3653102777778,88.6792397222222
2,MARSEILLES,"'67IL",41.3582416666667,88.6462625
2,MARSHALL,"'3LL3",39.4461466666667,87.6444702777778
2,MATTOON/CHARLESTON,"'MTO",39.4778888888889,88.2799722222222
2,MAZON,"'IL97",41.2736833333333,88.4441916666667
2,MAZON,"'5IL5",41.259925,88.3565361111111
2,"MC LEAN","'1IL9",40.3005555555556,89.1244444444444
2,"MC LEANSBORO","'3LL8",38.0742144444444,88.5375519444444
2,MENDOTA,"'IL22",41.5218763888889,89.1326930555556
2,MENDOTA,"'81LL",41.5691994444444,89.1736980555556
2,METROPOLIS,"'M30",37.1829444444444,88.7506666666667
2,MILFORD,"'68IL",40.6136111111111,87.5622222222222
2,MILLSTADT,"'1IL4",38.4191819444444,90.1316638888889
2,MINIER,"'81IL",40.4353172222222,89.3592597222222
2,MINONK,"'4IS6",40.9305894444444,89.1206366666667
2,MINONK,"'83IL",40.8928116666667,89.1039688888889
2,MINOOKA,"'87IL",41.5166969444444,88.2667313888889
2,MODOC,"'37LL",38.0478294444444,89.9970541666667
2,MOLINE,"'MLI",41.4482777777778,90.5075277777778
2,MOMENCE,"'90IL",41.1980897222222,87.5589241666667
2,MONEE,"'C56",41.3774166666667,87.67975
2,MONEE,"'2IL9",41.4328113888889,87.7817130555556
2,MONEE,"'03IL",41.4022552777778,87.8167133333333
2,MONMOUTH,"'C66",40.9297044444444,90.6311072222222
2,MONTICELLO,"'1LL4",39.9769305555556,88.7119277777778
2,MORRIS,"'LL39",41.2575,88.4777777777778
2,MORRIS,"'C09",41.42475,88.4186666666667
2,MORRIS,"'IL68",41.4320666666667,88.5224722222222
2,MORRISON,"'4IL5",41.7250297222222,90.0051177777778
2,MORRISONVILLE,"'4LL9",39.3436594444444,89.4237011111111
2,"MOUNT CARMEL","'5LL0",38.4083805555556,87.83753
2,"MOUNT CARMEL","'AJG",38.6065277777778,87.7266944444444
2,"MOUNT CARROLL","'LL07",42.0639130555556,89.9695680555556
2,"MOUNT MORRIS","'C55",42.0372508333333,89.3928852777778
2,"MOUNT STERLING","'I63",39.9853888888889,90.8041388888889
2,"MOUNT VERNON","'MVN",38.3233611111111,88.8585
2,MOWEAQUA,"'5LL1",39.6500380555556,88.9750775
2,MOWEAQUA,"'5LL2",39.6102632222222,88.8533210277778
2,MUNDELEIN,"'LL09",42.2805783333333,88.0945238888889
2,MURDOCK,"'5LL3",39.7694777777778,88.0953169444444
2,MURPHYSBORO,"'4IL8",37.7563194444444,89.3833055555556
2,MURRAYVILLE,"'IL29",39.5330055555556,90.2155805555556
2,NAPERVILLE,"'LL10",41.7362777777778,88.20275
2,NAUVOO,"'9IS0",40.5430980555556,91.3307063888889
2,NAUVOO,"'06IS",40.5464316666667,91.2743158333333
2,NAUVOO,"'38IS",40.5819858333333,91.358485
2,NEOGA,"'6LL0",39.3202888888889,88.4252666666667
2,"NEW ATHENS","'3LL6",38.335,89.7697222222222
2,"NEW ATHENS","'83LL",38.3036111111111,89.8551016666667
2,"NEW ATHENS","'LL26",38.2750491666667,89.8709358333333
2,"NEW ATHENS","'6LL4",38.2675491666667,89.89177
2,"NEW BERLIN","'IL24",39.7075,89.8830555555556
2,"NEW BERLIN","'6LL5",39.7894930555556,89.9912222222222
2,"NEW BOSTON","'69LL",41.2869744444444,91.0487580555556
2,"NEW MEMPHIS","'6LL6",38.4917158333333,89.6634266666667
2,NEWARK,"'0C8",41.519475,88.6056288888889
2,NEWARK,"'IS41",41.4608644444444,88.5920166666667
2,NEWTON,"'7LL3",38.9317108333333,88.1569833333333
2,NOKOMIS,"'6IL7",39.3830236111111,89.2562541666667
2,"OLD RIPLEY","'8LL0",38.8875466666667,89.5573080555556
2,OLNEY-NOBLE,"'OLY",38.7218272222222,88.1764327777778
2,OTTAWA,"'8N2",41.3997777777778,88.7939166666667
2,PALMYRA,"'5K1",39.4200475,89.9912175
2,PARIS,"'PRG",39.6996666666667,87.6707777777778
2,"PAW PAW","'LL54",41.7194444444444,89.03
2,PAWNEE,"'3IS5",39.6844952777778,89.5987072222222
2,PAXTON,"'LL32",40.4500347222222,88.0750411111111
2,PAXTON,"'1C1",40.4489788888889,88.1277380555556
2,PAYSON,"'9LL0",39.8200463888889,91.2209758333333
2,"PEARL CITY","'88LL",42.1916880555556,89.8381755555556
2,PECATONICA,"'IS19",42.3352777777778,89.3236111111111
2,PECATONICA,"'IS78",42.3662644444444,89.2350902777778
2,PECATONICA,"'8IL5",42.3680555555556,89.3541666666667
2,PEKIN,"'C15",40.4881944444444,89.6758888888889
2,PEORIA,"'PIA",40.6641944444444,89.69325
2,PEORIA,"'3MY",40.7958055555556,89.6134722222222
2,PERU,"'VYS",41.3501388888889,89.1529444444444
2,PESOTUM,"'89IL",39.9168888888889,88.3048333333333
2,PINCKNEYVILLE,"'24LL",38.0861619444444,89.4589794444444
2,PINCKNEYVILLE,"'5IL2",38.0645986111111,89.3874347222222
2,PINCKNEYVILLE,"'PJY",37.9778841666667,89.3604488888889
2,"PIPER CITY","'LL46",40.8353119444444,88.1528241666667
2,PITTSFIELD,"'PPQ",39.6388900833333,90.7785589722222
2,PLAINFIELD,"'LL51",41.6041963888889,88.2736777777778
2,"PLATO CENTER","'LL53",42.0084069444444,88.4581430555556
2,PLYMOUTH,"'23IS",40.3258766666667,90.8276322222222
2,POCAHONTAS,"'3LL9",38.8041666666667,89.6088888888889
2,POLO,"'LL55",41.9908633333333,89.5598333333333
2,POLO,"'00IL",41.9783633333333,89.5603883333333
2,PONTIAC,"'70LL",40.9416997222222,88.7500669444444
2,PONTIAC,"'2LL7",40.9347222222222,88.7375555555556
2,PONTIAC,"'PNT",40.9244444444444,88.6239444444444
2,PONTIAC,"'71LL",40.8425333333333,88.5597808333333
2,PONTOOSUC,"'IS66",40.5922644444444,91.2015355555556
2,"POPLAR GROVE","'C77",42.3228611111111,88.8363055555556
2,PRINCETON,"'72LL",41.3736466666667,89.3445333333333
2,PUTNAM,"'LL64",41.1994808333333,89.3945341666667
2,QUINCY,"'88IS",40.0083794444444,91.3820936111111
2,QUINCY,"'UIN",39.9430173888889,91.1944633611111
2,RAMSEY,"'IS24",39.0777777777778,89.0816666666667
2,RANTOUL,"'TIP",40.2935555555555,88.1423888888889
2,"RED BUD","'91LS",38.2088888888889,90.0372222222222
2,RIVERTON,"'91IS",39.8236605555556,89.5039841666667
2,ROANOKE,"'86IS",40.7793638888889,89.2580111111111
2,ROBINSON,"'RSV",39.0160277777778,87.6497777777778
2,ROCHELLE,"'LL74",42.0083611111111,89.0487088888889
2,ROCHELLE,"'RPJ",41.8926388888889,89.0796111111111
2,"ROCK CITY","'LL91",42.4158483333333,89.4528927777778
2,"ROCK CITY","'IS93",42.4425138888889,89.4992827777778
2,ROCKFORD,"'1C8",42.2916858333333,89.1362183333333
2,ROCKFORD,"'LL80",42.3819611111111,89.1612208333333
2,ROCKFORD,"'LL81",42.3756291666667,89.0704125
2,ROCKFORD,"'LL78",42.3116852777778,89.1509413888889
2,ROCKFORD,"'LL79",42.3930722222222,89.130665
2,ROCKTON,"'LL89",42.4872366666667,89.1078886111111
2,ROCKTON,"'LL87",42.4555722222222,88.9028838888889
2,ROCKTON/BELVIDERE,"'LL90",42.4458502777778,88.9001058333333
2,ROSICLARE,"'95IL",37.4861611111111,88.4000402777778
2,ROYALTON,"'94IS",37.9016805555556,89.1408194444444
2,RUSHVILLE,"'5K4",40.1175466666667,90.5904052777778
2,SALEM,"'SLO",38.6428722222222,88.9641852777778
2,SANDWICH,"'0LL6",41.6983627777778,88.6075772222222
2,SANDWICH,"'IS65",41.6383633333333,88.6445208333333
2,SAVANNA,"'SFY",42.0458333333333,90.1079444444444
2,SENECA,"'1LL2",41.3005888888889,88.6356275
2,SERENA,"'7IL9",41.4814944444444,88.7050694444444
2,SEYMOUR,"'4IS7",40.0730875,88.3995008333333
2,SHANNON,"'2IL0",42.1813888888889,89.6769444444444
2,SHEFFIELD,"'1LL7",41.3497580555556,89.7731572222222
2,SHELBYVILLE,"'2H0",39.4113027777778,88.8455222222222
2,SHELDON,"'1LL8",40.788925,87.5583616666667
2,SHERIDAN,"'2LL1",41.5416975,88.6889638888889
2,SHERRARD,"'2LL2",41.3147569444444,90.5520786111111
2,SHIRLAND,"'80IL",42.4515805555556,89.2250833333333
2,SIDELL,"'96IS",39.8725847222222,87.844175
2,SOMONAUK,"'2LL9",41.7041963888889,88.6931347222222
2,SOMONAUK,"'49IL",41.5933333333333,88.6916666666667
2,"SOUTH BELOIT","'3LL0",42.4916811111111,89.0959438888889
2,SPARLAND,"'4IS8",40.0217152777778,89.5501030555556
2,SPARTA,"'SAR",38.1488636111111,89.6985038888889
2,"SPRING GROVE","'3LL4",42.4472416666667,88.2014761111111
2,"SPRING GROVE","'3LL5",42.4644636111111,88.2342555555556
2,SPRINGFIELD,"'SPI",39.8442222222222,89.6780833333333
2,"ST ELMO","'4IL4",39.0563888888889,88.8161111111111
2,"ST JACOB","'IL48",38.7329086111111,89.8065672222222
2,"ST JOSEPH","'0LL5",40.1100333333333,88.0783733333333
2,"ST JOSEPH","'9IL2",40.0650338888889,88.0264258333333
2,STAUNTON,"'IS33",39.0456019444444,89.8406527777778
2,STERLING,"'LL38",41.8102777777778,89.8383333333333
2,STERLING/ROCKFALLS,"'SQI",41.7428333333333,89.6762777777778
2,STEWARD,"'IL53",41.7858291666667,89.0300972222222
2,STEWARD,"'9IL4",41.8072222222222,89.0480555555555
2,STEWARD,"'4LL0",41.8358630555555,89.0934275
2,STEWARD,"'4LL1",41.8541961111111,89.0875947222222
2,"STILLMAN VALLEY (BYRON)","'4IL3",42.1428019444444,89.2284391666667
2,STOCKTON,"'99IL",42.2866666666667,89.9575
2,STOCKTON,"'IS37",42.3239033333333,89.9929025
2,STONINGTON,"'IS54",39.6446944444444,89.1457444444444
2,STREATOR,"'54IL",41.1286444444444,88.8020175
2,STREATOR,"'LL52",41.1611388888889,88.9391111111111
2,SULLIVAN,"'85IL",39.6372444444444,88.6192972222222
2,SUMMUM,"'IS08",40.2628219444444,90.2367880555556
2,SYCAMORE,"'4LL8",42.0028055555556,88.6459197222222
2,SYCAMORE,"'4LL7",42.0000280555556,88.6667536111111
2,"TABLE GROVE","'IL54",40.3441666666667,90.4427777777778
2,TAYLORVILLE,"'TAZ",39.5325855,89.3307069166667
2,THOMASBORO,"'56IS",40.2430897222222,88.0828186111111
2,TIMEWELL,"'IS56",40.0881025,90.8854102777778
2,TISKILWA,"'15LL",41.2375,89.5366666666667
2,TISKILWA,"'53IL",41.2313888888889,89.4522222222222
2,TRIVOLI,"'5LL5",40.7014263888889,89.8839986111111
2,TUSCOLA,"'K96",39.7811972222222,88.3064458333333
2,UNION,"'5LL7",42.2104763888889,88.5200555555556
2,UNION,"'55LL",42.1541905555556,88.5114763888889
2,"UNION HILL","'5LL8",41.1122541666667,88.1400519444444
2,URBANA,"'6IS0",40.0950327777778,88.1286538888889
2,URBANA,"'C16",40.1463997777778,88.1984875833333
2,VALMEYER,"'27LL",38.3733916666667,90.3206583333333
2,VANDALIA,"'VLA",38.9914658333333,89.1661894444444
2,VIOLA,"'6LL2",41.1644802777778,90.5573561111111
2,VIRDEN,"'25IL",39.5164458333333,89.8696736111111
2,WALNUT,"'IL83",41.5995833333333,89.5990277777778
2,WALNUT,"'6IL9",41.5139952777778,89.6310522222222
2,WALNUT,"'IL76",41.53375,89.5525
2,WALNUT,"'5IL8",41.5225,89.6555555555556
2,WAPELLA,"'LL34",40.2191666666667,88.9227777777778
2,WARSAW,"'95IS",40.3705555555556,91.3888888888889
2,WATERMAN,"'56LL",41.7550294444444,88.7711933333333
2,WATSEKA,"'98LL",40.7992016666667,87.7836455555556
2,WATSEKA,"'IS02",40.7783683333333,87.7917008333333
2,WATSON,"'2T2",39.0144444444444,88.5392777777778
2,WENONA,"'3IS7",41.0869527777778,89.0959152777778
2,"WEST BROOKLYN","'8IL3",41.7380555555556,89.1625
2,"WEST BROOKLYN","'7LL7",41.7361425,89.1723144444444
2,"WEST BROOKLYN","'7LL6",41.6975313888889,89.1442572222222
2,WESTERVELT,"'28LL",39.4603169444444,88.8684075
2,WILLIAMSVILLE,"'3LS7",39.9863888888889,89.5116666666667
2,WINSLOW,"'20IS",42.4972313888889,89.7917872222222
2,WOODSTOCK,"'8LL1",42.3566869444444,88.506205
2,"YATES CITY","'2C6",40.774,90.0744166666667
2,ZION,"'IL02",42.4722425,87.9084094444444
2,ALBANY,"'0II0",40.2600425,85.2533030555556
2,ALBANY,"'II77",40.2594869444444,85.2605255555556
2,ALBION,"'3IN5",41.3169444444444,85.3713888888889
2,ALEXANDRIA,"'I99",40.2325133333333,85.6375305555556
2,AMO,"'8IN9",39.6855555555556,86.6022222222222
2,ANDERSON,"'AID",40.1086111111111,85.613
2,ANDERSON,"'34II",40.0505991666667,85.6027533333333
2,ANGOLA,"'II16",41.6369947222222,84.9494444444444
2,ANGOLA,"'52IN",41.6955055555556,85.0465416666667
2,ANGOLA,"'ANQ",41.6396983333333,85.0834933333333
2,ARCADIA,"'9II4",40.1725,85.9447222222222
2,ARCADIA,"'II27",40.1667044444444,85.9408158333333
2,ARCOLA,"'1IN3",41.0978255555556,85.2424730555555
2,ARCOLA,"'3II9",41.09727,85.2421952777778
2,ARGOS,"'2IN4",41.25671,86.1897236111111
2,ATTICA,"'4IN7",40.3008702777778,87.2291763888889
2,AUBURN,"'GWB",41.3071666666667,85.0643611111111
2,BAINBRIDGE,"'50II",39.7736572222222,86.7563955555555
2,BARGERSVILLE,"'II93",39.4841138888889,86.230225
2,BARGERSVILLE,"'IN01",39.4861111111111,86.1486111111111
2,BARGERSVILLE,"'7II9",39.5828247222222,86.17971
2,BATESVILLE,"'HLB",39.3431111111111,85.2584166666667
2,BEDFORD,"'BFR",38.8400277777778,86.4453611111111
2,BELLEVILLE,"'05IN",39.6419908333333,86.5041641666667
2,BLOOMFIELD,"'1I3",39.0427222222222,87.00275
2,BLOOMINGTON,"'BMG",39.1460208333333,86.6166804722222
2,BLUFFTON,"'II01",40.7561580555556,85.2505263888889
2,BLUFFTON,"'C40",40.7167133333333,85.2499708333333
2,BOGGSTOWN,"'58II",39.5208805555556,85.8999805555556
2,BOGGSTOWN,"'07IN",39.5736588888889,85.9138705555556
2,BOONVILLE,"'I91",38.0425455555556,87.317785
2,BOONVILLE,"'6II4",37.9822222222222,87.2988888888889
2,BOURBON,"'IN11",41.2928225,86.0711097222222
2,BOURBON,"'4IN5",41.3441666666667,86.1483333333333
2,BOURBON,"'II95",41.3644902777778,86.0633325
2,BRAZIL,"'0I2",39.4767355555556,87.0997091666667
2,BRAZIL,"'3IN3",39.37175,87.1713888888889
2,BREMEN,"'3II8",41.4422686111111,86.2611163888889
2,BREMEN,"'0II2",41.4572694444444,86.1244461111111
2,BREMEN,"'0II1",41.4280933333333,86.1533255555556
2,BROWNSBURG,"'38IN",39.9019863888889,86.3630508333333
2,BROWNSBURG,"'36II",39.8411541666667,86.348605
2,"BUNKER HILL","'54II",40.6244838888889,86.1552711111111
2,BUTLER,"'69II",41.3694444444444,84.8788888888889
2,BUTLER,"'IN16",41.4765305555556,84.9065194444444
2,BUTLERVILLE,"'8IN7",39.0452777777778,85.5152777777778
2,BYRNEVILLE,"'0IN5",38.3289541666667,86.0335816666667
2,CADIZ,"'II06",39.9700458333333,85.4708069444444
2,CARLISLE,"'II30",38.9067113888889,87.401685
2,CARTHAGE,"'IN81",39.7519444444444,85.5575
2,CHANDLER,"'II32",38.0492111111111,87.3813986111111
2,CHARLESTOWN,"'II33",38.4608802777778,87.6550255555556
2,CHARLOTTESVILLE,"'66IN",39.7875,85.6369444444444
2,CHESTERTON,"'IN70",41.6336491666667,87.0269763888889
2,CHURUBUSCO,"'9IN8",41.2291666666667,85.3580555555556
2,CHURUBUSCO,"'19IN",41.2844444444444,85.3608333333333
2,CHURUBUSCO,"'IN62",41.24477,85.2974758333333
2,CICERO,"'18II",40.1200369444444,86.0683202777778
2,CLOVERDALE,"'II07",39.5322675,86.8322311111111
2,CLOVERDALE,"'IN88",39.5133794444444,86.7638958333333
2,"COLUMBIA CITY","'09IN",41.12088,85.4249772222222
2,"COLUMBIA CITY","'29IN",41.07588,85.3860869444444
2,"COLUMBIA CITY","'IN71",41.1856016666667,85.5216472222222
2,"COLUMBIA CITY","'3IG3",41.1701833333333,85.4216444444444
2,"COLUMBIA CITY","'30IN",41.2092133333333,85.4580347222222
2,COLUMBUS,"'BAK",39.2619166666667,85.8963333333333
2,COLUMBUS,"'91IN",39.2080555555556,85.9747222222222
2,CONNERSVILLE,"'IN12",39.7194013888889,85.2692777777778
2,CONNERSVILLE,"'CEV",39.6981944444444,85.1311388888889
2,CONVERSE,"'1I8",40.5732027777778,85.8995972222222
2,COVINGTON,"'75IN",40.1588305555556,87.4893472222222
2,CRAWFORDSVILLE,"'CFJ",39.9746388888889,86.9210833333333
2,CRAWFORDSVILLE,"'41IG",39.9721111111111,86.9988055555556
2,CRAWFORDSVILLE,"'50IN",40.0580861111111,86.7954222222222
2,CULVER,"'3IN8",41.2047222222222,86.3458333333333
2,CULVER,"'IN54",41.2836536111111,86.4627866666667
2,CULVER,"'1II5",41.2472641666667,86.503065
2,DANVILLE,"'11IN",39.8189338888889,86.5380555555556
2,DANVILLE,"'II82",39.7942119444444,86.5777788888889
2,DARMSTADT,"'12IN",38.1143555555556,87.646675
2,DECATUR,"'II85",40.8961586111111,85.0491352777778
2,DECATUR,"'13IN",40.815325,84.9277438888889
2,DECKER,"'9IN4",38.5341666666667,87.5919444444445
2,DECKER,"'0IN1",38.5000472222222,87.5958572222222
2,DELPHI,"'4II0",40.6094816666667,86.7383419444444
2,DELPHI,"'1I9",40.5408108333333,86.6814663888889
2,DEMOTTE,"'72IN",41.1784611111111,87.318
2,"EARL PARK","'II08",40.6608705555556,87.4397444444444
2,EATON,"'IN63",40.3667094444444,85.3385822222222
2,ELIZABETH,"'1IN4",38.1430555555556,85.9877777777778
2,ELKHART,"'EKM",41.7194061666667,86.0032189722222
2,ELKHART,"'3C1",41.6569930555556,86.0347238888889
2,EMINENCE,"'78I",39.5016472222222,86.6885018055556
2,EMINENCE,"'II09",39.5736577777778,86.6180572222222
2,ENGLISH,"'IN80",38.3213888888889,86.4908333333333
2,EVANSVILLE,"'EVV",38.0408055555556,87.5285
2,EVANSVILLE,"'IN36",38.0355555555556,87.7241111111111
2,EVANSVILLE,"'3EV",38.0119444444444,87.5948611111111
2,"FARMERS RETREAT","'17IN",38.9783905555556,85.1096769444444
2,FARMERSBURG,"'IN57",39.2614286111111,87.4208533333333
2,FILLMORE,"'4II3",39.7363888888889,86.7297222222222
2,FINLY,"'IN98",39.6830555555556,85.8441666666667
2,FLORA,"'5I2",40.5397583333333,86.5483330555556
2,"FORT WAYNE","'FWA",40.9784722222222,85.1951666666667
2,"FORT WAYNE","'SMD",41.1433611111111,85.1527777777778
2,FORTVILLE,"'08IN",39.9166638888889,85.8471083333333
2,FRANCESVILLE,"'IN27",40.9998,86.91315
2,FRANCESVILLE,"'IN32",40.9552777777778,86.9061111111111
2,FRANKFORT,"'FKR",40.2734308333333,86.5621702777778
2,FRANKLIN,"'20IN",39.5139383333333,86.0513741666667
2,FRANKLIN,"'3FK",39.4264388888889,86.0583219444444
2,FRANKLIN,"'63II",39.50505,86.0302625
2,FRANKTON,"'2II3",40.2266666666667,85.8163888888889
2,FREETOWN,"'40IN",39.0742172222222,86.1541541666667
2,FREMONT,"'3II0",41.6915277777778,84.8658833333333
2,"FRENCH LICK","'FRH",38.5062222222222,86.6369444444444
2,"FT. WAYNE","'22IN",41.0126388888889,84.8776944444444
2,GALVESTON,"'5I6",40.584205,86.2569402777778
2,GARY,"'GYY",41.61725,87.4145277777778
2,GESSIE,"'9IN9",40.0777777777778,87.5152777777778
2,GOSHEN,"'IN34",41.5299783611111,85.9718091666667
2,GOSHEN,"'GSH",41.5261334166667,85.7942701666667
2,GOSPORT,"'3II1",39.4167130555556,86.635835
2,GRANGER,"'II43",41.7500480555556,86.1922277777778
2,GRANGER,"'IN82",41.7494930555556,86.0880591666667
2,"GRASS CREEK","'II12",40.9644855555556,86.3719463888889
2,GREENCASTLE,"'38II",39.7286111111111,86.8230555555556
2,GREENCASTLE,"'II29",39.6108797222222,86.7561177777778
2,GREENCASTLE,"'GPC",39.6335277777778,86.8138055555556
2,GREENFIELD,"'0II7",39.7955983333333,85.7860894444445
2,GREENFIELD,"'GFD",39.7903208333333,85.7360886111111
2,GREENFIELD,"'79II",39.8833761111111,85.7024766666667
2,GREENFIELD,"'4II8",39.7222661111111,85.7166438888889
2,GREENFIELD,"'6II2",39.7333769444444,85.7233105555556
2,GREENSBURG,"'I34",39.3269111111111,85.5225269444445
2,GREENSBURG,"'67II",39.3713888888889,85.5922222222222
2,GREENTOWN,"'62IN",40.4308713888889,85.9783197222222
2,GREENWOOD,"'8IN2",39.6233333333333,86.0313888888889
2,GRIFFITH,"'05C",41.519841,87.3995079722222
2,HAGERSTOWN,"'I61",39.8891666666667,85.1633333333333
2,HALL,"'0II9",39.5342136111111,86.5772219444444
2,HAMILTON,"'7IN2",41.5013888888889,84.8783333333333
2,HAMILTON,"'IN83",41.5022725,84.9302402777778
2,HANOVER,"'64I",38.6314416666667,85.4434194444444
2,HARLAN,"'IN18",41.2744944444444,84.8049602777778
2,"HARTFORD CITY","'II67",40.4277944444444,85.3734611111111
2,"HARTFORD CITY","'9IN0",40.4536916666667,85.2888527777778
2,HARTSVILLE,"'24IN",39.2363888888889,85.6930555555556
2,HOAGLAND,"'8II5",40.8994919444444,84.9999677777778
2,HOBART,"'3HO",41.5542033333333,87.2625358333333
2,HOLTON,"'9II8",39.0861111111111,85.3711111111111
2,HOMER,"'1II0",39.5767136111111,85.5877516666667
2,HOWE,"'25IN",41.7028283333333,85.4194244444444
2,HUNTINGBURG,"'HNB",38.2490277777778,86.9536944444444
2,HUNTINGTON,"'IN85",40.8372675,85.4835861111111
2,HUNTINGTON,"'HHG",40.8529166666667,85.4570555555556
2,INDIANAPOLIS,"'EYE",39.8307174166667,86.29438575
2,INDIANAPOLIS,"'2R2",39.7467777777778,86.4751666666667
2,INDIANAPOLIS,"'TYQ",40.0306666666667,86.2514444444444
2,INDIANAPOLIS,"'IND",39.7173055555556,86.2946388888889
2,INDIANAPOLIS,"'UMP",39.9353984722222,86.0450677222222
2,INDIANAPOLIS,"'MQJ",39.8431388888889,85.8977222222222
2,INDIANAPOLIS,"'HFY",39.6276111111111,86.0880277777778
2,INDIANAPOLIS,"'7L8",39.7500427777778,86.0138711111111
2,JAMESTOWN,"'IN25",39.9980555555556,86.5772222222222
2,JAMESTOWN,"'57II",39.9642097222222,86.5675025
2,JASONVILLE,"'IN08",39.1694866666667,87.1902913888889
2,JEFFERSONVILLE,"'JVY",38.3666183333333,85.7381447222222
2,KENDALLVILLE,"'C62",41.4727163888889,85.2608083333333
2,KENTLAND,"'50I",40.7587423333333,87.4291253055556
2,KEWANNA,"'IN10",40.9758744444444,86.4200033333333
2,KNOX,"'IN87",41.3514311111111,86.6264036111111
2,KNOX,"'OXI",41.3297008333333,86.66461
2,KNOX,"'IG05",41.1897633333333,86.6069558333333
2,KOKOMO,"'8I3",40.4333708333333,86.2033272222222
2,KOKOMO,"'53IN",40.5214269444444,86.2149947222222
2,KOKOMO,"'2II0",40.41745,86.1525
2,KOKOMO,"'OKK",40.5276666666667,86.05975
2,KOUTS,"'IN04",41.3752611111111,87.0798833333333
2,"LA CROSSE","'II18",41.3355955555556,86.9286344444444
2,"LA FONTAINE","'78II",40.6361525,85.6880347222222
2,"LA PORTE","'PPO",41.5724722222222,86.7345275
2,LACONIA,"'28II",37.9746547222222,86.0562161111111
2,LAFAYETTE,"'LAF",40.4123055555556,86.9368888888889
2,LAFAYETTE,"'31IN",40.2850363888889,86.8563958333333
2,LAFAYETTE,"'6IN3",40.3491666666667,86.7638888888889
2,LAGRANGE,"'5IN0",41.6858333333333,85.3738888888889
2,"LAKE VILLAGE","'IN39",41.1416666666667,87.3941666666667
2,"LAKE VILLAGE","'C98",41.1500344444445,87.4625327777778
2,LAMAR,"'II49",38.0369977777778,86.9111041666667
2,LANESVILLE,"'IN14",38.2389569444444,86.0194127777778
2,LAOTTO,"'76II",41.2764372222222,85.2710863888889
2,LAPAZ,"'II38",41.4264344444444,86.3163955555555
2,LEBANON,"'6I4",40.0072636111111,86.4405552777778
2,LENA,"'49II",39.6097655555556,87.0152905555556
2,LEO,"'II28",41.2105555555556,85.0636111111111
2,LEWISVILLE,"'1IN1",39.48838,86.6530583333333
2,LIBERTY,"'8II2",39.6530555555556,84.8661111111111
2,LIGONIER,"'II51",41.4847713888889,85.5930405555556
2,LIGONIER,"'II21",41.4753266666667,85.6947102777778
2,"LITTLE YORK","'63IN",38.6958333333333,85.9191666666667
2,LIVONIA,"'7IN6",38.5819444444444,86.2536111111111
2,LIZTON,"'6II7",39.8861552777778,86.5813908333333
2,LIZTON,"'II52",39.8775441666667,86.5277783333333
2,LOGANSPORT,"'GGP",40.7112644444444,86.3727047222222
2,LOWELL,"'C97",41.2301694444444,87.5076944444445
2,LOWELL,"'0II8",41.3247572222222,87.4758691666667
2,LOWELL,"'IN90",41.2597572222222,87.4814236111111
2,LYONS,"'73IN",38.9766666666667,87.0225
2,MADISON,"'II54",38.8158911111111,85.4463488888889
2,MADISON,"'IMS",38.7599166666667,85.4646944444444
2,MAPLES,"'IN91",41.0019444444444,84.9941666666667
2,MARION,"'1IN9",40.5947222222222,85.4244444444444
2,MARION,"'MZZ",40.4899166666667,85.6797777777778
2,MARKLEVILLE,"'II13",39.9202777777778,85.5986111111111
2,MARTINSVILLE,"'IN20",39.4539333333333,86.2822777777778
2,MARTINSVILLE,"'IN58",39.5013347222222,86.2629236111111
2,MARTINSVILLE,"'90IN",39.4089361111111,86.4441616666667
2,MARTINSVILLE,"'89IN",39.5069919444444,86.3897158333333
2,MARTINSVILLE,"'II87",39.4514366666667,86.3283252777778
2,MARYSVILLE,"'IN07",38.5185222222222,85.5875833333333
2,MEDARYVILLE,"'2IN3",41.0847613888889,86.9241861111111
2,MENTONE,"'C92",41.1500433333333,86.0624966666667
2,MEROM,"'47IN",38.9883761111111,87.5180775
2,MERRIAM,"'9II0",41.2825472222222,85.4385905555555
2,"MICHIGAN CITY","'MGC",41.7033152777778,86.82124
2,MILAN,"'II03",39.1986111111111,85.1363888888889
2,MILAN,"'70IN",39.18172,85.1513477777778
2,MILFORD,"'92IN",41.4233808333333,85.8474927777778
2,MISHAWAKA,"'9II2",41.6875483333333,86.1550044444444
2,MONROVIA,"'6IN6",39.5488888888889,86.4766666666667
2,MONTEREY,"'IN69",41.1751666666667,86.5474444444444
2,MONTICELLO,"'MCX",40.7101938888889,86.7667938888889
2,MONTMORENCI,"'IN00",40.5453127777778,87.0522363888889
2,"MOORES HILL","'IG07",39.0569444444444,85.0355555555556
2,MORGANTOWN,"'IN99",39.4067144444444,86.3055469444444
2,MORGANTOWN,"'9IN7",39.3547222222222,86.3069444444444
2,"MOUNT VERNON","'3IN9",38.0293194444444,87.985475
2,"MOUNT VERNON","'II84",37.9319861111111,87.7714111111111
2,"MOUNT VERNON","'22II",37.9169866666667,87.7611325
2,"MOUNT VERNON","'0IN9",37.9931005555556,87.9514177777778
2,"MOUNT VERNON","'7II3",38.0033755555556,87.7564113888889
2,"MOUNT VERNON","'IN23",37.9083755555556,87.7583547222222
2,MUNCIE,"'IN56",40.1269444444444,85.4319444444444
2,MUNCIE,"'MIE",40.2424722222222,85.39575
2,MUNCIE,"'02IN",40.2088888888889,85.5408333333333
2,MUNCIE,"'7I2",40.1552388888889,85.3189458333333
2,NAPPANEE,"'C03",41.4461569444444,85.9360458333333
2,"NEW CARLISLE","'IN93",41.7119902777778,86.4327922222222
2,"NEW CASTLE","'UWL",39.8767222222222,85.3252777777778
2,"NEW HARMONY","'15IN",38.1505555555556,87.8402777777778
2,"NEW HAVEN","'56IN",41.0792152777778,84.9427436111111
2,"NEW WASHINGTON","'3IN6",38.5883333333333,85.5058333333333
2,"NEW WHITELAND","'2IN9",39.5666666666667,86.1180555555556
2,"NEW WINCHESTER","'5II1",39.7828233333333,86.6175022222222
2,NEWPORT,"'II59",39.8400380555556,87.3936272222222
2,NINEVEH,"'HBE",39.3417172222222,86.0305483333333
2,NOBLESVILLE,"'2IN6",40.0419444444444,85.9169444444444
2,NOBLESVILLE,"'II94",40.1283716666667,85.8860919444444
2,NOBLESVILLE,"'I80",40.0035,85.9645277777778
2,"NORTH LIBERTY","'IN38",41.5453230555556,86.4527905555556
2,"NORTH VERNON","'OVO",39.0453333333333,85.6056111111111
2,OAKTOWN,"'I20",38.8514986111111,87.4997930555556
2,ORLEANS,"'7I4",38.6583869444444,86.4430441666667
2,OSSIAN,"'2IN0",40.8369444444444,85.1711111111111
2,OTTERBEIN,"'IN29",40.5736472222222,87.1036261111111
2,PALMYRA,"'5II8",38.4100619444444,86.1288641666667
2,PAOLI,"'I42",38.5854597222222,86.4646444444444
2,PARAGON,"'IG03",39.3916666666667,86.6
2,PATOKA,"'IN30",38.4022683333333,87.5994677777778
2,PEKIN,"'IN43",38.4750608333333,85.997195
2,PENDLETON,"'6IN5",40.0327777777778,85.7836111111111
2,PENDLETON,"'IN31",40.0222633333333,85.7535883333333
2,PERU,"'83IN",40.7397641666667,86.0005461111111
2,PERU,"'GUS",40.6480917222222,86.1521182222222
2,PERU,"'I76",40.7857722222222,86.1464333333333
2,PERU,"'IN33",40.7361519444444,86.1152708333333
2,PETERSBURG,"'IN03",38.4638888888889,87.25
2,"PINE VILLAGE","'1IN6",40.4016666666667,87.2202777777778
2,PITTSBORO,"'II91",39.8439333333333,86.505275
2,PLYMOUTH,"'C65",41.36513075,86.3002574444445
2,PORTAGE,"'3IN0",41.55875,87.1261111111111
2,PORTLAND,"'PLD",40.4515833333333,84.9890277777778
2,POSEYVILLE,"'7IN3",38.243325,87.7868222222222
2,POSEYVILLE,"'88IN",38.1331388888889,87.7857638888889
2,REELSVILLE,"'99II",39.5835,86.9525277777778
2,REMINGTON,"'II26",40.7039277777778,87.1877958333333
2,RENSSELAER,"'4IN8",40.8675,87.0683333333333
2,RENSSELAER,"'RZL",40.9478236666667,87.1826480833333
2,RICHMOND,"'RID",39.7560833333333,84.8426944444444
2,"RISING SUN","'31II",38.9120861111111,84.9051972222222
2,ROACHDALE,"'IN45",39.8250447222222,86.8833419444445
2,ROANOKE,"'2IN2",41.0091666666667,85.3713888888889
2,ROANOKE,"'8IS2",40.9977777777778,85.3888888888889
2,ROCHESTER,"'RCR",41.0655475277778,86.1817028888889
2,ROCKVILLE,"'IN46",39.7389291666667,87.2194586111111
2,"ROLLING PRAIRIE","'45II",41.6336552777778,86.5858519444444
2,RUSHVILLE,"'6IN8",39.5286111111111,85.3333333333333
2,RUSHVILLE,"'IN05",39.6605555555556,85.5483333333333
2,RUSSELLVILLE,"'II68",39.8550441666667,86.9591761111111
2,SALEM,"'IN44",38.564225,86.0574761111111
2,SALEM,"'I83",38.6040756944444,86.1522516111111
2,SCOTTSBURG,"'IN50",38.6884058333333,85.703222
2,SCOTTSBURG,"'3R8",38.6577,85.7905847222222
2,SCOTTSBURG,"'61IN",38.7136697222222,85.6035738888889
2,SEYMOUR,"'SER",38.9253772777778,85.9086990277778
2,SEYMOUR,"'IN02",38.9702777777778,86.0041666666667
2,SEYMOUR,"'95IN",38.8875,85.8263888888889
2,SHARPSVILLE,"'II70",40.3850083333333,86.0636472222222
2,SHELBYVILLE,"'93IN",39.5886111111111,85.7361111111111
2,SHELBYVILLE,"'70II",39.5217147222222,85.6863655555556
2,SHELBYVILLE,"'IN49",39.4875491666667,85.8052580555556
2,SHELBYVILLE,"'GEZ",39.5831388888889,85.8048055555555
2,SHELBYVILLE,"'II97",39.4778275,85.8833158333333
2,SHERIDAN,"'5I4",40.1781555555555,86.2170694444444
2,SHERIDAN,"'IN51",40.1400372222222,86.1524902777778
2,SHIPSHEWANA,"'IN65",41.6914391666667,85.5955416666667
2,SOMERVILLE,"'1IN5",38.2847691666667,87.3819583333333
2,"SOUTH BEND","'3IN7",41.6625466666667,86.3541772222222
2,"SOUTH BEND","'SBN",41.7082222222222,86.3173333333333
2,SPENCER,"'IN53",39.2917111111111,86.8236180555556
2,SPENCERVILLE,"'58IN",41.2583833333333,84.8638516666667
2,SPRINGPORT,"'7IN9",40.0375,85.4105555555556
2,"ST WENDEL","'43IN",38.1375436111111,87.6764116666667
2,"ST WENDEL","'II89",38.0869875,87.6816883333333
2,"ST. WENDEL","'5II5",38.11805,87.7020333333333
2,STOCKWELL,"'37IN",40.2917025,86.7802838888889
2,SULLIVAN,"'49IN",39.1317555555556,87.3821555555556
2,SULLIVAN,"'SIV",39.1147125,87.4483291666667
2,"SULPHUR SPRINGS","'39IN",40.0022683333333,85.4288611111111
2,SYRACUSE,"'4IN9",41.4189366666667,85.6916541666667
2,"TELL CITY","'TEL",38.0188611111111,86.6924166666667
2,"TERRE HAUTE","'3I3",39.5477866666667,87.3773525
2,"TERRE HAUTE","'HUF",39.4506325277778,87.3069895555555
2,TIPTON,"'2II6",40.2647591666667,86.1027669444445
2,TIPTON,"'35IN",40.2944825,85.9424833333333
2,TOCSIN,"'0IN2",40.8278247222222,85.0860802777778
2,TOPEKA,"'39II",41.5147716666667,85.5522061111111
2,TROY,"'21IN",38.1194444444444,86.7652777777778
2,"UNION DALE","'IN72",40.7859333333333,85.2442
2,"UNION MILLS","'IN41",41.4527416666667,86.7910611111111
2,VALPARAISO,"'VPZ",41.4539722222222,87.0070833333333
2,VALPARAISO,"'5IN4",41.4833736111111,86.9500272222222
2,VEEDERSBURG,"'44IN",40.12375,87.2104666666667
2,VEEDERSBURG,"'IN55",40.0792061111111,87.2611211111111
2,VEVAY,"'32II",38.8164494444444,85.1063411111111
2,VEVAY,"'8I1",38.6945063888889,85.1982869444444
2,VINCENNES,"'IN15",38.6047694444445,87.4630752777778
2,WABASH,"'IWH",40.7619722222222,85.79875
2,WAKARUSA,"'II74",41.5597705555556,86.0530566666667
2,WALDRON,"'6IN4",39.4658333333333,85.6986111111111
2,WALDRON,"'6IN2",39.4936111111111,85.6486111111111
2,WALKERTON,"'17II",41.4500441666667,86.5102908333333
2,WALLACE,"'4IN4",39.9752777777778,87.1802777777778
2,WARSAW,"'ASW",41.2746944444444,85.8400833333333
2,WASHINGTON,"'DCY",38.7004233333333,87.1297322222222
2,WATERLOO,"'4C2",41.4311613888889,84.9816316666667
2,"WEST LEBANON","'7IN7",40.2358333333333,87.3508333333333
2,WESTFIELD,"'I72",40.0489263888889,86.1577675
2,WESTFIELD,"'IN60",40.0178152777778,86.1602675
2,WHEATFIELD,"'68IN",41.1214277777778,86.9975222222222
2,WHEATLAND,"'6II8",38.6544916666667,87.2827916666667
2,WINAMAC,"'RWN",41.0922630555556,86.6128711111111
2,WINAMAC,"'0IN3",41.1167072222222,86.6666786111111
2,WINAMAC,"'II79",41.0769847222222,86.7244575
2,WINCHESTER,"'I22",40.1676944444445,84.9293888888889
2,WOLFLAKE,"'5IN9",41.3161586111111,85.4649802777778
2,WOODBURN,"'0IN4",41.1278266666667,84.9471880555555
2,WOODBURN,"'3II3",41.0869933333333,84.8410736111111
2,WOODBURN,"'55IN",41.1447222222222,84.8622222222222
2,WOODBURN,"'53II",41.0731044444444,84.8407958333333
2,YOUNGSTOWN,"'5II9",39.3528163888889,87.3733522222222
2,ABILENE,"'K78",38.9040555555556,97.2358611111111
2,ALTAMONT,"'3KS8",37.2561486111111,95.3340486111111
2,ANDOVER,"'13KS",37.6976986111111,97.1094652777778
2,ANTHONY,"'ANY",37.1585277777778,98.0796388888889
2,ARGONIA,"'2K8",37.2753666666667,97.75875
2,"ARKANSAS CITY","'3KS2",37.0604694444444,96.9987111111111
2,ARMA,"'7KS3",37.5292136111111,94.6960725
2,ASHLAND,"'K58",37.1666936111111,99.7751280555556
2,ATCHISON,"'K59",39.5705247222222,95.1803313888889
2,ATWOOD,"'ADT",39.8403385,101.042482916667
2,AUGUSTA,"'20KS",37.6758513888889,96.88531
2,AUGUSTA,"'3AU",37.6716388888889,97.0778611111111
2,AUGUSTA,"'SN20",37.7194,97.0471
2,AUGUSTA,"'07KS",37.7341838888889,96.9367008333333
2,AUGUSTA,"'77KS",37.6474861111111,96.8414527777778
2,AUGUSTA,"'SN18",37.6657055555556,97.0260472222222
2,"BALDWIN CITY","'SN21",38.8227830555556,95.2877513888889
2,"BALDWIN CITY","'47KS",38.7705555555556,95.2744444444444
2,"BALDWIN CITY","'K64",38.8361305555556,95.1820361111111
2,BASEHOR,"'SN22",39.1122175555556,94.9561523055556
2,BASEHOR,"'8KS1",39.1691972222222,94.9786180555556
2,"BAXTER SPRINGS","'78KS",37.0167325,94.8002280555556
2,BEAUMONT,"'07S",37.6593041666667,96.5276916666667
2,"BELLE PLAINE","'SN10",37.3956708333333,97.2098472222222
2,"BELLE PLAINE","'SN32",37.4255527777778,97.2699555555556
2,BELLEVILLE,"'RPB",39.8177597222222,97.6595863888889
2,BELOIT,"'K61",39.4716016666667,98.1287563888889
2,BENNINGTON,"'08KS",39.0343875,97.5799986111111
2,BENNINGTON,"'00AR",38.9687680555556,97.6023055555555
2,BENTLEY,"'7KS9",37.8489,97.5100444444444
2,BENTLEY,"'SN62",37.8741666666667,97.5125
2,BENTON,"'1K1",37.7744444444444,97.1132222222222
2,BENTON,"'SN46",37.8719055555555,97.0721972222222
2,BEVERLY,"'72KS",39.0271833333333,97.9593555555555
2,"BIRD CITY","'5K0",39.7441388888889,101.556472222222
2,"BIRD CITY","'4KS8",39.5911075,101.592668055556
2,"BONNER SPRINGS","'1KS9",39.0455583333333,94.9489916666667
2,"BONNER SPRINGS","'03PR",39.0659472222222,94.9217027777778
2,BROOKVILLE,"'SN28",38.8686163888889,97.9378236111111
2,BUCKLIN,"'8K0",37.5456944444444,99.6421666666667
2,BUCYRUS,"'SN78",38.6981527777778,94.7193916666667
2,BURDETT,"'SN29",38.1860680555556,99.5355165
2,BURLINGTON,"'UKL",38.3024722222222,95.7249722222222
2,BURRTON,"'SN08",37.9916780555556,97.6564338888889
2,BYERS,"'SN48",37.7882152777778,98.8495222222222
2,CALDWELL,"'01K",37.0366111111111,97.5855555555556
2,CHANUTE,"'CNU",37.6678888888889,95.4867222222222
2,CHAPMAN,"'8KS8",38.9183583333333,97.0099416666667
2,CHENEY,"'SN13",37.6583402777778,97.7745625
2,CHENEY,"'0KS7",37.7001861111111,97.8872194444444
2,CHILES,"'69KS",38.6686972222222,94.7425166666667
2,CIMARRON,"'8K8",37.8328647222222,100.348158333333
2,"CLAY CENTER","'SN33",39.4281888888889,97.1241027777778
2,"CLAY CENTER","'CYW",39.3871388888889,97.1572222222222
2,CLEARWATER,"'SN34",37.5750161111111,97.4919913888889
2,COFFEYVILLE,"'CFV",37.094,95.572
2,COLBY,"'CBK",39.4274444444444,101.046611111111
2,COLDWATER,"'3K8",37.2228611111111,99.3320277777778
2,CONCORDIA,"'CNK",39.5492222222222,97.6523055555556
2,"CONWAY SPRINGS","'SN36",37.4264080555556,97.6378275
2,"COTTONWOOD FALLS","'9K0",38.3586255555556,96.5544516666667
2,"COTTONWOOD FALLS","'62KS",38.3586319444444,96.4909875
2,"COUNCIL GROVE","'K63",38.6764722222222,96.57275
2,"DE SOTO","'4KS2",39.0186147222222,94.9544111111111
2,DERBY,"'SN40",37.5235833333333,97.2021527777778
2,DIGHTON,"'K65",38.4889080833333,100.481671611111
2,"DODGE CITY","'DDC",37.7631111111111,99.9654166666667
2,DORRANCE,"'2KS4",38.8496222222222,98.6682777777778
2,DOUGLAS,"'0KS9",37.5155611111111,96.9216041666667
2,DOUGLASS,"'60KS",37.5139086111111,97.0003141666667
2,DOUGLASS,"'70KS",37.5819444444444,96.9459680555556
2,DOUGLASS,"'SN52",37.4792013888889,97.0126388888889
2,DOWNS,"'65KS",39.50683075,98.5860611388889
2,EASTON,"'1KS2",39.3140222222222,95.0716
2,EFFINGHAM,"'SN43",39.504165,95.4710875
2,"EL DORADO","'EQA",37.7741111111111,96.8177222222222
2,"EL DORADO","'SN58",37.8700197222222,96.6466866666667
2,"EL DORADO","'9K6",37.8004444444444,96.7990277777778
2,"ELK CITY","'05KS",37.2661722222222,95.95915
2,ELKHART,"'EHA",37.0007777777778,101.880027777778
2,ELLINWOOD,"'1K6",38.3728402777778,98.5986430555556
2,ELLSWORTH,"'9K7",38.7505277777778,98.2303611111111
2,ELMDALE,"'SN37",38.3869583333333,96.7297361111111
2,ELMO,"'51KS",38.6369497222222,97.2136338888889
2,EMMETT,"'57KS",39.3150472222222,95.9934666666667
2,EMPORIA,"'EMP",38.3305555555556,96.1899444444444
2,EMPORIA,"'SN04",38.4230555555556,96.3719444444444
2,EMPORIA,"'15KS",38.4305691666667,96.0883266666667
2,ENTERPRISE,"'1KS4",38.8967722222222,97.1135347222222
2,ERIE,"'11KS",37.4611722222222,95.2419444444444
2,ESKRIDGE,"'SN47",38.7666722222222,96.1072152777778
2,EUDORA,"'52KS",38.9027822222222,95.1321922222222
2,EUREKA,"'13K",37.8516111111111,96.2920277777778
2,"FORT LEAVENWORTH","'FLV",39.3675755555556,94.9143397222222
2,"FORT RILEY(JUNCTION CITY)","'FRI",39.0526411111111,96.7644875
2,"FORT SCOTT","'FSK",37.7983611111111,94.7693611111111
2,FOWLER,"'18K",37.3842777777778,100.186194444444
2,FREDONIA,"'1K7",37.5806944444444,95.8371111111111
2,FRIEND,"'SN55",38.2173138888889,101.002725
2,GALESBURG,"'45KS",37.5252472222222,95.3741083333333
2,GALESBURG,"'36KS",37.4753708333333,95.3436444444444
2,"GARDEN CITY","'GCK",37.9275277777778,100.724416666667
2,GARDNER,"'K34",38.8070361111111,94.9563888888889
2,GARDNER,"'00KS",38.7277866666667,94.9305197222222
2,GARNETT,"'K68",38.2773583333333,95.2152305555556
2,GIRARD,"'SN41",37.5041666666667,94.8266666666667
2,GLASCO,"'96KS",39.3685138888889,97.7880555555556
2,GODDARD,"'SN64",37.6966527777778,97.5439305555556
2,GODDARD,"'SN65",37.5940888888889,97.6154944444445
2,GODDARD,"'SN61",37.6572472222222,97.6298722222222
2,GOESSEL,"'38KS",38.2153861111111,97.3521847222222
2,GOODLAND,"'27KS",39.1301861111111,101.713947222222
2,GOODLAND,"'GLD",39.3706275,101.698984722222
2,GOVE,"'86KS",38.7868888888889,100.419844444444
2,GOVE,"'9KS6",38.809375,100.5707
2,"GREAT BEND","'SN67",38.3833452777778,98.7503619444444
2,"GREAT BEND","'GBD",38.34425,98.8591944444444
2,GREENSBURG,"'9KS",37.6227,99.2283777777778
2,HALSTEAD,"'SN05",38.0314,97.5092072222222
2,HAMILTON,"'8KS2",37.938915,96.2308338888889
2,HAMMOND,"'SN69",37.9314263888889,94.6427361111111
2,HARPER,"'5KS3",37.2794638888889,98.0181163888889
2,HARPER,"'8K2",37.2781863888889,98.0434783333333
2,HARPER,"'SN70",37.2514088888889,97.9545036111111
2,HARRIS,"'SN72",38.3000197222222,95.4399805555556
2,HARRIS,"'9KS7",38.2777980555556,95.4433141666667
2,HARTFORD,"'4KS6",38.2416861111111,95.9066555555556
2,HAVILAND,"'SN63",37.6083513888889,99.1156622222222
2,HAYS,"'HYS",38.8422222222222,99.2731666666667
2,HAYS,"'73KS",38.7805675,99.2212108333333
2,HAYS,"'8KS4",38.9050113888889,99.3509375
2,HEALY,"'32KS",38.5930713888889,100.613475833333
2,HERINGTON,"'HRU",38.6947222222222,96.8079722222222
2,HESSTON,"'53KS",38.1109527777778,97.4297111111111
2,HIAWATHA,"'8KS3",39.8527811111111,95.4805363888889
2,HIAWATHA,"'K87",39.87917,95.5252597222222
2,HIGHLAND,"'SN75",39.8661138888889,95.3419583333333
2,"HILL CITY","'HLC",39.3801944444444,99.8314722222222
2,HILLSBORO,"'M66",38.3415708333333,97.2138722222222
2,HORTON,"'7KS4",39.6333333333333,95.4391666666667
2,HORTON,"'K91",39.6791686111111,95.5335913888889
2,HOXIE,"'1F5",39.3650833333333,100.438083333333
2,HUGOTON,"'HQG",37.1630833333333,101.370527777778
2,HUTCHINSON,"'30KS",38.0248375,97.7339222222222
2,HUTCHINSON,"'HUT",38.0661547222222,97.8604897222222
2,HUTCHINSON,"'SN51",37.8803722222222,97.8878055555555
2,INDEPENDENCE,"'16KS",37.2234916666667,95.5983305555555
2,INDEPENDENCE,"'IDP",37.1579263055556,95.77895025
2,INDEPENDENCE,"'66KS",37.1638888888889,95.8722222222222
2,INGALLS,"'30K",37.9068611111111,100.531416666667
2,IOLA,"'K88",37.8682222222222,95.3869444444444
2,IONIA,"'9KS4",39.6362611111111,98.3603277777778
2,JETMORE,"'K79",37.9844444444444,99.8943333333333
2,JOHNSON,"'JHN",37.5853888888889,101.732305555556
2,"JUNCTION CITY","'3JC",39.0433333333333,96.8432777777778
2,KECHI,"'SN16",37.8549458333333,97.2693625
2,KINGMAN,"'9K8",37.6690161111111,98.1238916944445
2,KINSLEY,"'33K",37.9089944444444,99.4031055555556
2,KIOWA,"'42KS",37.0106902777778,98.4545277777778
2,KIOWA,"'4KS",37.0451638888889,98.5701805555556
2,KIRWIN,"'25KS",39.6833438888889,99.1284219444445
2,"LA CROSSE","'K94",38.5468194444444,99.28975
2,LAKIN,"'36K",37.9694444444444,101.255583333333
2,LANSING,"'SN83",39.2272236111111,94.9513536111111
2,LARNED,"'LQR",38.2086040833333,99.0859140833333
2,LAWRENCE,"'LWC",39.0111111111111,95.2164722222222
2,LAWRENCE,"'SN45",38.8313888888889,95.2663888888889
2,LAWRENCE,"'0KS4",38.8072388888889,95.3700555555556
2,LEAVENWORTH,"'SN84",39.2708338888889,94.9877427777778
2,LENORA,"'SN03",39.6294486111111,100.015405555556
2,LEOTI,"'00AA",38.7040222222222,101.473911111111
2,LEOTI,"'3K7",38.4575277777778,101.350863333333
2,LIBERAL,"'LBL",37.0439166666667,100.959972222222
2,LINCOLN,"'K71",39.0580619444444,98.1669972222222
2,LINDSBORG,"'23KS",38.5106833333333,97.5968333333333
2,LOUISBURG,"'SN88",38.5713263888889,94.7166805555556
2,LOUISBURG,"'7KS6",38.6269833333333,94.7677805555556
2,LUCAS,"'38K",39.061955,98.5253441666667
2,LYNDON,"'39K",38.6917222222222,95.6901666666667
2,LYONS,"'LYO",38.3402511111111,98.2285625
2,MACKSVILLE,"'94KS",37.9749347222222,98.9658958333333
2,MADISON,"'SN91",38.1097447222222,96.1155505555556
2,MANHATTAN,"'MHK",39.1412222222222,96.6718055555556
2,MANHATTAN,"'49KS",39.2140904722222,96.6723047777778
2,MANHATTAN,"'43KS",39.1019425,96.4177766666667
2,MANHATTAN,"'SN92",39.33333,96.7002855555556
2,MANHATTAN,"'5KS6",39.2348,96.4736
2,MANKATO,"'TKO",39.80279,98.2211619444444
2,"MAPLE HILL","'95KS",39.0261611111111,96.0150416666667
2,MAPLETON,"'82KS",38.0127444444444,94.8580722222222
2,MARION,"'43K",38.3376111111111,96.98825
2,MARYSVILLE,"'MYZ",39.8564291666667,96.6307125
2,"MC DONALD","'5KS8",39.8180525,101.348495555556
2,"MC LOUTH","'SN90",39.2263886111111,95.1919138888889
2,"MC LOUTH","'5KS1",39.1938333333333,95.2163333333333
2,"MC PHERSON","'MPR",38.3524444444444,97.6913055555556
2,MCDONALD,"'00IG",39.7240277777778,101.395994444444
2,MEADE,"'SN12",37.3639119444444,100.471260555556
2,MEADE,"'MEJ",37.2786750555556,100.356455666667
2,"MEDICINE LODGE","'99KS",37.409325,98.6493916666667
2,"MEDICINE LODGE","'K51",37.2660166111111,98.5480687222222
2,MERIDEN,"'81KS",39.1561666666667,95.5775
2,MINNEAPOLIS,"'45K",39.0943333333333,97.7210555555556
2,MINNEOLA,"'SN94",37.4666886111111,100.0004125
2,MINNEOLA,"'75KS",37.3865583333333,99.8661416666667
2,MINNEOLA,"'04KS",37.3985470555556,100.037094194444
2,MOLINE,"'2K6",37.3809166666667,96.2711111111111
2,MONTEZUMA,"'67KS",37.5875227777778,100.435148611111
2,MONTEZUMA,"'K17",37.5856666666667,100.470138888889
2,MONTEZUMA,"'98KS",37.4495027777778,100.50645
2,MORAN,"'74KS",37.9333686111111,95.2172
2,MOSCOW,"'SN97",37.3264125,101.197660833333
2,MOUNDRIDGE,"'47K",38.2090916666667,97.502725
2,NEODESHA,"'2K7",37.4353644444444,95.6461188888889
2,"NESS CITY","'48K",38.4737569444444,99.9091188888889
2,NEWTON,"'EWK",38.0571013888889,97.2752283333333
2,NORTON,"'NRN",39.8504722222222,99.8946944444445
2,NORWICH,"'49K",37.4555738888889,97.833665
2,OAKLEY,"'OEL",39.1117852777778,100.8166725
2,OBERLIN,"'OIN",39.8348888888889,100.539777777778
2,OBERLIN,"'7KS8",39.8305602777778,100.580980555556
2,OLATHE,"'51K",38.9310944444444,94.8848111111111
2,OLATHE,"'97KS",38.8101444444444,94.7556527777778
2,OLATHE,"'OJC",38.8476019444444,94.7375858333333
2,OLATHE,"'IXD",38.8309166666667,94.8903055555555
2,OLSBURG,"'SN99",39.3999969444444,96.6169516666667
2,ONAGA,"'52K",39.49795,96.1750833333333
2,"OSAGE CITY","'0KS0",38.6333422222222,95.9252669444444
2,"OSAGE CITY","'53K",38.6334375,95.8017916666667
2,OSBORNE,"'K75",39.4332930555556,98.6800180555555
2,OSKALOOSA,"'7KS0",39.2713875,95.3169163888889
2,OSWEGO,"'K67",37.1593888888889,95.0415
2,OTTAWA,"'SN42",38.5610805555556,95.2066597222222
2,OTTAWA,"'OWI",38.53917425,95.2531846111111
2,OVERBROOK,"'7KS2",38.8500036111111,95.4674775
2,OXFORD,"'55K",37.2691083333333,97.0933541666667
2,PAOLA,"'K81",38.5406413888889,94.9202233333333
2,PARKER,"'14KS",38.2691888888889,94.904825
2,PARSONS,"'8KS5",37.3167277777778,95.28025
2,PARSONS,"'50KS",37.3782638888889,95.3397833333333
2,PARSONS,"'39KS",37.2981430555556,95.2629305555556
2,PARSONS,"'0KS8",37.3815722222222,95.3758944444444
2,PARSONS,"'PPF",37.3308136111111,95.506175
2,PHILLIPSBURG,"'PHG",39.7358055555556,99.3171111111111
2,PITTSBURG,"'PTS",37.4500555555556,94.7312222222222
2,PLAINS,"'2KS5",37.270855,100.58793
2,PLEASANTON,"'1KS",38.1734333333333,94.690325
2,"PRAIRIE VIEW","'0P1",39.8316944444444,99.5684444444445
2,PRATT,"'PTT",37.7025277777778,98.747
2,QUINTER,"'1QK",39.03859,100.233888333333
2,QUINTER,"'23JY",38.9958166666667,100.223438888889
2,RANDALL,"'SN49",39.685275,97.9711555555556
2,RANTOUL,"'28KS",38.5425133333333,95.1560816666667
2,RICHMOND,"'1KS1",38.4589666666667,95.2264583333333
2,RILEY,"'1KS3",39.3041630555556,96.7586197222222
2,"ROSE HILL","'4KS7",37.5589077777778,97.0650383333333
2,"ROSE HILL","'K50",37.5655050277778,97.1745978055555
2,RUSSELL,"'RSL",38.8713635833333,98.8116037222222
2,SABETHA,"'K83",39.9041666666667,95.7794325
2,SALINA,"'58KS",38.9183277777778,97.7079222222222
2,SALINA,"'SN00",38.8471222222222,97.5502777777778
2,SALINA,"'SLN",38.7906111111111,97.6522222222222
2,SALINA,"'1KS6",38.8666680555556,97.5364208333333
2,SALINA,"'17KS",38.8455027777778,97.5048805555556
2,SATANTA,"'SN98",37.4208305555556,100.942108333333
2,SATANTA,"'1K9",37.4566666666667,100.984611111111
2,"SCOTT CITY","'1KS8",38.5152969444444,100.994595833333
2,"SCOTT CITY","'TQK",38.4750277777778,100.884444444444
2,SEDAN,"'61K",37.1483852777778,96.1852697222222
2,SEDGWICK,"'12KS",37.9376694444444,97.4939388888889
2,SELDEN,"'6KS2",39.4416555555556,100.627261111111
2,SENECA,"'2KS6",39.7503791666667,96.0267833333333
2,SENECA,"'63KS",39.7793666666667,96.0041277777778
2,SENECA,"'62K",39.8476111111111,96.1169166666667
2,SEVERANCE,"'2KS1",39.7744427777778,95.2510861111111
2,SEVERY,"'2KS2",37.6555858333333,96.2905569444444
2,"SHARON SPRINGS","'6KS4",38.9052861111111,101.783782777778
2,"SMITH CENTER","'K82",39.7626111111111,98.7945
2,"SOUTH HUTCHINSON","'31KS",37.9937722222222,97.9265333333333
2,"SPRING HILL","'41KS",38.7355,94.7973333333333
2,"ST FRANCIS","'SYF",39.7591666666667,101.794665833333
2,"ST MARYS","'02KS",39.2222188888889,96.0552705555556
2,"ST. MARY'S","'91KS",39.2420888888889,96.0331
2,"ST. MARY'S","'84KS",39.2712013888889,96.0615902777778
2,STAFFORD,"'3TA",37.9583483333333,98.6503619444445
2,STILWELL,"'63K",38.82125,94.6095277777778
2,STILWELL,"'8KS7",38.7334611111111,94.6448361111111
2,STOCKTON,"'RCP",39.3465833333333,99.3046388888889
2,SUBLETTE,"'19S",37.4968611111111,100.832916666667
2,"SYLVAN GROVE","'64KS",38.9765583333333,98.4711333333333
2,"SYLVAN GROVE","'2KS8",39.1137222222222,98.4033944444444
2,SYLVIA,"'SN95",37.9775141666667,98.4042391666667
2,SYRACUSE,"'3K3",37.9985830555556,101.747607777778
2,TIPTON,"'55KS",39.3004361111111,98.45835
2,TOPEKA,"'33KS",39.1530544444445,95.6094236111111
2,TOPEKA,"'TOP",39.068823,95.6223759166667
2,TOPEKA,"'2KS9",38.9000025,95.5835908333333
2,TOPEKA,"'90KS",38.9825,95.5949777777778
2,TOPEKA,"'FOE",38.9509491666667,95.6636136111111
2,TRIBUNE,"'5K2",38.4514633333333,101.750079166667
2,TROY,"'61KS",39.7588844444444,95.0958052777778
2,UDALL,"'18KS",37.3708558333333,97.1072613888889
2,UDALL,"'3KS3",37.4031555555555,97.1942777777778
2,ULYSSES,"'3KS4",37.7709111111111,101.434625
2,ULYSSES,"'8KS0",37.8132361111111,101.464888888889
2,ULYSSES,"'3KS9",37.7271138888889,101.195409722222
2,ULYSSES,"'ULS",37.604,101.373555555556
2,"VALLEY CENTER","'3KS7",37.8289138888889,97.3493472222222
2,"VALLEY CENTER","'46KS",37.8334083333333,97.3632666666667
2,"VALLEY CENTER","'3KS5",37.8426430555556,97.3513805555556
2,"VALLEY CENTER","'SN68",37.8791861111111,97.3090111111111
2,VICTORIA,"'4KS9",38.83395,99.062875
2,VIOLA,"'24KS",37.5243277777778,97.6031861111111
2,WAKEENEY,"'0H1",39.0065277777778,99.8929444444444
2,WAMEGO,"'83KS",39.2352694444444,96.2997166666667
2,WAMEGO,"'69K",39.1978583333333,96.2589402777778
2,WASHINGTON,"'K38",39.7351666666667,97.0475833333333
2,WELLINGTON,"'EGT",37.3249957222222,97.3883559722222
2,WELLSVILLE,"'4KS1",38.6852875,95.0330227777778
2,WELLSVILLE,"'09KS",38.7069533333333,95.1383033333333
2,WELLSVILLE,"'9KS1",38.6594444444444,95.0922222222222
2,WELLSVILLE,"'54KS",38.7994263888889,95.1005416666667
2,WICHITA,"'BEC",37.6939166666667,97.2149166666667
2,WICHITA,"'CEA",37.6485983333333,97.2505994444444
2,WICHITA,"'AAO",37.7475833333333,97.2211111111111
2,WICHITA,"'IAB",37.6231159722222,97.2676291666667
2,WICHITA,"'44KS",37.6109675,97.16373375
2,WICHITA,"'71K",37.6476944444444,97.3836944444444
2,WICHITA,"'72K",37.6042222222222,97.3588611111111
2,WICHITA,"'ICT",37.6499444444444,97.4330555555556
2,WICHITA/MAIZE/,"'4KS5",37.7655675,97.4358786111111
2,WILLIAMSBURG,"'40KS",38.5400125,95.4508125
2,WILLIAMSBURG,"'8KS9",38.4444611111111,95.4252555555556
2,WILLIAMSTOWN,"'71KS",39.1041669444444,95.2960833333333
2,WILSON,"'2KS3",38.8382694444444,98.4855333333333
2,WINCHESTER,"'85KS",39.3007444444444,95.2151152777778
2,"WINFIELD/ARKANSAS CITY","'WLD",37.1686111111111,97.0375277777778
2,WINFILED,"'00FD",37.2550111111111,96.9603722222222
2,ANNVILLE,"'1KT9",37.3118333333333,83.9426333333333
2,ASHLAND,"'DWU",38.5544608333333,82.7376619444444
2,AUBURN,"'34KY",36.9113527777778,86.78555
2,BARDSTOWN,"'BRY",37.8143333333333,85.4996388888889
2,BELCHER,"'57KY",37.3694444444444,82.3241666666667
2,BENTON,"'42KY",36.7764433333333,88.2222547222222
2,BEREA,"'05KY",37.5355555555556,84.4072222222222
2,"BOWLING GREEN","'BWG",36.9645277777778,86.4196666666667
2,"BOWLING GREEN","'0KY5",36.8125,86.375
2,"BOWLING GREEN","'2KY3",36.8347222222222,86.4583333333333
2,BROOKS,"'73KY",38.0333055555556,85.8008333333333
2,BURNA,"'23KY",37.2308333333333,88.3186111111111
2,BURNSIDE,"'08KY",36.9730888888889,84.6260361111111
2,CADIZ,"'1M9",36.8178013888889,87.9075166666667
2,CADIZ,"'5KY5",36.8625488888889,87.7902930555556
2,CALHOUN,"'4KY4",37.5925,87.2811111111111
2,CALHOUN,"'96KY",37.5522222222222,87.2713888888889
2,"CALVERT CITY","'M34",37.0097905555556,88.2994028333333
2,CAMPBELLSVILLE,"'AAS",37.3582777777778,85.3094166666667
2,CARROLLTON,"'3KY4",38.6727777777778,85.1827777777778
2,CHAVIES,"'44KY",37.3525925,83.3424016666667
2,CLARKSON,"'66KY",37.5075558333333,86.2055275
2,CLINTON,"'0KY7",36.6361111111111,88.9986111111111
2,COLUMBIA,"'I96",37.0853397222222,85.3471844444445
2,COVINGTON,"'CVG",39.0488366666667,84.6678222222222
2,CRESTWOOD,"'82KY",38.2834033333333,85.4819038888889
2,"CUB RUN","'69KY",37.327,86.1547555555556
2,CUNNINGHAM,"'74KY",36.8986666666667,88.8467238888889
2,CYNTHIANA,"'0I8",38.3661638888889,84.2833444444444
2,DANVILLE,"'99KY",37.6555555555556,84.6902777777778
2,DANVILLE,"'DVK",37.5775751388889,84.7694978333333
2,"DAWSON SPRINGS","'8M7",37.1859166666667,87.675
2,DEATSVILLE,"'59KY",37.8978388888889,85.5552336111111
2,"DRY RIDGE","'19KY",38.7064561111111,84.5999425
2,ELIZABETHTOWN,"'EKX",37.686,85.9250277777778
2,ELIZABETHTOWN,"'2KY4",37.655,85.8136111111111
2,ELKTON,"'5KY4",36.8021333333333,87.1767208333333
2,FALLS-OF-ROUGH,"'2I3",37.6098055555556,86.5071666666667
2,FALMOUTH,"'K62",38.7040833333333,84.3918333333333
2,FINCHVILLE,"'58KY",38.1209,85.3318991666667
2,FLEMINGSBURG,"'FGX",38.5418055555556,83.7433888888889
2,FLORENCE,"'67KY",38.9833941666667,84.6661111111111
2,"FORT CAMPBELL/HOPKINSVILLE","'HOP",36.672956,87.4918195
2,"FORT KNOX","'FTK",37.9070652777778,85.9720361111111
2,"FOUNTAIN RUN","'6KY4",36.7533333333333,85.9538888888889
2,"FOUNTAIN RUN","'2KT4",36.7970277777778,85.9669444444445
2,FRANKFORT,"'FFT",38.1817316944444,84.9067497777778
2,FRANKFORT,"'05KT",38.1882027777778,84.9275027777778
2,FRANKLIN,"'0KY1",36.7657222222222,86.6174361111111
2,FRANKLIN,"'8KY3",36.7280555555556,86.7255555555556
2,FRANKLIN,"'35KY",36.7111525,86.6361069444444
2,FULTON,"'1M7",36.5256388888889,88.9178333333333
2,GEORGETOWN,"'27K",38.2344444444444,84.4346944444444
2,GLASGOW,"'4KY1",36.8943694444445,85.7755194444444
2,GLASGOW,"'GLW",37.0317777777778,85.95375
2,GREENVILLE,"'M21",37.2262222222222,87.1563888888889
2,HARDINSBURG,"'I93",37.7848055555556,86.4412777777778
2,HARLAN,"'I35",36.8593313055556,83.35847425
2,HARTFORD,"'JQD",37.4585555555556,86.8498333333333
2,HAZARD,"'CPF",37.3873611111111,83.2616111111111
2,HENDERSON,"'03KY",37.795904,87.53879
2,HENDERSON,"'EHR",37.8078333333333,87.6856944444445
2,HISEVILLE,"'04KY",37.1350536111111,85.7894155555556
2,HODGENVILLE,"'21KY",37.5375602777778,85.7374605555556
2,HOPKINSVILLE,"'HVC",36.8569722222222,87.4550833333333
2,INDEPENDENCE,"'8KY6",38.9355277777778,84.5682777777778
2,JACKSON,"'JKL",37.5938611111111,83.31725
2,JAMESTOWN,"'K24",37.0096944444444,85.10275
2,LAWRENCEBURG,"'76KY",38.0147975,84.8416155555555
2,LEITCHFIELD,"'M20",37.39975,86.2612777777778
2,LEWISPORT,"'KY8",37.9531944444444,86.8571666666667
2,LEXINGTON,"'LEX",38.03675,84.6086388888889
2,LEXINGTON,"'64KY",38.0122694444444,84.346475
2,LIBERTY,"'53KT",37.3085555555556,85.0591111111111
2,LONDON,"'LOZ",37.0868888888889,84.0773888888889
2,LONDON,"'9KY4",37.0237416666667,84.1220555555556
2,LOUISVILLE,"'07KY",38.0806225,85.6932925
2,LOUISVILLE,"'LOU",38.2279840277778,85.6637490555556
2,LOUISVILLE,"'6KY6",38.3599694444444,85.3636583333333
2,LOUISVILLE,"'SDF",38.1740858333333,85.7364988888889
2,MADISONVILLE,"'2I0",37.3559275,87.3982197222222
2,MARION,"'5M9",37.3362722222222,88.109725
2,MAYFIELD,"'M25",36.7696388888889,88.5846666666667
2,MCDANIELS,"'20KT",37.6806388888889,86.4693194444444
2,MIDDLESBORO,"'1A6",36.61025,83.7373055555556
2,MILLVILLE,"'2KY8",38.1055555555556,84.85
2,MONTICELLO,"'EKQ",36.8552777777778,84.8561388888889
2,MOREHEAD,"'SYM",38.215,83.5876111111111
2,"MOUNT STERLING","'IOB",38.0581388888889,83.9795833333333
2,"MOUNT STERLING/OWINGSVILLE","'77KY",38.1111897222222,83.8735319444445
2,MURRAY,"'28KY",36.5758888888889,88.3133725
2,MURRAY,"'CEY",36.6645811111111,88.3727755555556
2,MURRAY,"'54KY",36.7311111111111,88.2472222222222
2,"NEW CASTLE","'85KY",38.4702777777778,85.1386111111111
2,"NEW CASTLE","'12KY",38.4603441666667,85.1685655555556
2,NICHOLASVILLE,"'79KY",37.8712777777778,84.6105277777778
2,"OLIVE HILL","'2KY5",38.375,83.1547222222222
2,OWENSBORO,"'13KY",37.7056030555556,87.1561086111111
2,OWENSBORO,"'OWB",37.7388341666667,87.1668285555556
2,OWENTON,"'0KY0",38.6227777777778,84.7788888888889
2,OWENTON,"'61KY",38.5500675,84.76328
2,PADUCAH,"'PAH",37.0602883333333,88.7729591666667
2,PAINTSVILLE,"'9KY9",37.7459288888889,82.7790488888889
2,PARIS,"'52KY",38.1181327777778,84.3024325
2,PARIS,"'14KY",38.1736872222222,84.3682683333333
2,PARIS,"'31KY",38.1105555555556,84.3222222222222
2,PARIS,"'50KY",38.1297988888889,84.3302113888889
2,PETERSBURG,"'71KY",39.0347805555556,84.8727280555556
2,PIKEVILLE,"'PBX",37.5618114444444,82.5664319722222
2,"PINE KNOT","'18I",36.6953888888889,84.3915
2,PLEASUREVILLE,"'8KT8",38.3319166666667,85.0779722222222
2,PRESTONSBURG,"'SJS",37.7510197222222,82.6366863888889
2,PRINCETON,"'2M0",37.1151321666667,87.8570821666667
2,PROVIDENCE,"'8M9",37.4241111111111,87.7359722222222
2,RICHMOND,"'RGA",37.6315330277778,84.3324404166667
2,RICHMOND,"'1KY7",37.8325,84.1808333333333
2,RUMSEY,"'94KY",37.5005555555556,87.3294444444444
2,RUSSELLVILLE,"'4M7",36.7996111111111,86.8109166666667
2,SACRAMENTO,"'80KY",37.3961558333333,87.2355525
2,SACRAMENTO,"'17KY",37.3939336111111,87.2588861111111
2,SALVISA,"'5KY8",37.8897222222222,84.9277777777778
2,SHELBYVILLE,"'6KY3",38.3286111111111,85.2141666666667
2,SHELBYVILLE,"'3KY9",38.1219833333333,85.1263722222222
2,SHELBYVILLE,"'40KY",38.2934030555556,85.2049552777778
2,SHEPHERDSVILLE,"'4KY8",37.9458333333333,85.6969444444444
2,SMITHFIELD,"'5KY6",38.4205555555556,85.2577777777778
2,SOMERSET,"'SME",37.0535833333333,84.6156388888889
2,SOMERSET,"'68KY",37.0233333333333,84.7297222222222
2,SPRINGFIELD,"'36KY",37.6556219444444,85.1538483333333
2,SPRINGFIELD,"'6I2",37.6334769444444,85.2418380555556
2,STANFORD,"'00KY",37.4094444444444,84.6197222222222
2,STANTON,"'I50",37.8498104722222,83.8458334166667
2,STURGIS,"'TWT",37.5417777777778,87.9543611111111
2,TAYLORSVILLE,"'7KY3",38.0761111111111,85.2366666666667
2,TAYLORSVILLE,"'3KY3",38.0383333333333,85.3594444444444
2,TOMPKINSVILLE,"'TZV",36.7290277777778,85.6523888888889
2,UTICA,"'33KY",37.6122702777778,87.0569397222222
2,UTICA,"'3KY1",37.6414363888889,87.1316633333333
2,VERONA,"'4KY7",38.8233333333333,84.6847222222222
2,VERONA,"'20KY",38.8169444444444,84.6711111111111
2,"VINE GROVE","'70KY",37.8159005555556,85.9646852777778
2,WARSAW,"'4KT4",38.8264833333333,84.8169555555556
2,"WEST LIBERTY","'9I3",37.9144333333333,83.2519430555556
2,"WEST POINT","'4KY5",38.0286111111111,85.89
2,WILLIAMSBURG,"'72KY",36.7650833333333,84.1993794444444
2,WILLIAMSBURG,"'BYL",36.7949991666667,84.1995175
2,WINCHESTER,"'75KY",37.9441666666667,83.9977777777778
2,WINCHESTER,"'3KY0",38.0522222222222,84.2191666666667
2,ABBEVILLE,"'IYA",29.9757777777778,92.0842222222222
2,ABBEVILLE,"'LS68",29.9346516666667,92.2134611111111
2,ABBEVILLE,"'LA60",29.8168758333333,92.1167927777778
2,ABBEVILLE,"'35LA",29.9744555555556,92.1761277777778
2,ALBANY,"'25LA",30.5460694444444,90.5763333333333
2,ALEXANDRIA,"'AEX",31.3273716666667,92.5485561111111
2,ALEXANDRIA,"'9LA6",31.3068477777778,92.6115319444445
2,ALEXANDRIA,"'ESF",31.3949025,92.2957719444444
2,ALEXANDRIA,"'05LS",31.2522222222222,92.4758333333333
2,ALEXANDRIA,"'LA35",31.1617930555556,92.4216736111111
2,AMA,"'LS40",29.9519444444444,90.2861111111111
2,AMITE,"'9LA9",30.7335188888889,90.4500911111111
2,AMITE,"'LA79",30.7185194444444,90.3578663888889
2,ANGOLA,"'LA67",30.9515677777778,91.5848391666667
2,ARCADIA,"'5F0",32.5320833333333,92.9527777777778
2,ARNAUDVILLE,"'22LS",30.3977777777778,91.9738888888889
2,ARNAUDVILLE,"'LS91",30.4172222222222,91.9736111111111
2,BASILE,"'10LS",30.4918347222222,92.5728458333333
2,BASILE,"'LA01",30.4835341666667,92.5468036111111
2,BASKIN,"'05LA",32.2654208333333,91.6979208333333
2,BASTROP,"'BQP",32.7560833333333,91.8805833333333
2,BASTROP,"'LA63",32.9716666666667,91.8308333333333
2,"BATON ROUGE","'BTR",30.5329166666667,91.1498888888889
2,"BATON ROUGE","'21LA",30.2969444444444,91.215
2,BELCHER,"'0LA3",32.7493194444444,93.8734861111111
2,"BELL CITY","'52LA",30.048375,93.10925
2,"BELL CITY","'7LA9",29.9994944444444,93.138025
2,"BELLE CHASSE","'65LA",29.8660394444444,90.0222927777778
2,BENTON,"'LA81",32.6298472222222,93.6576277777778
2,BOGALUSA,"'BXA",30.8136863888889,89.8649644444444
2,"BOSSIER CITY","'BAD",32.5019333333333,93.6626277777778
2,"BOSSIER CITY","'68LA",32.3305555555556,93.5172222222222
2,BOYCE,"'LA10",31.3588888888889,92.7225
2,"BREAUX BRIDGE","'LS34",30.3108888888889,91.8663055555556
2,"BREAUX BRIDGE","'LA16",30.2460305555556,91.8667805555556
2,"BREAUX BRIDGE","'LA41",30.3106805555556,91.9399263888889
2,"BREAUX BRIDGE","'LA76",30.2293663888889,91.9084505555556
2,BRISTOL,"'7LA4",30.3806208888889,92.1460638888889
2,BUNKIE,"'2LA4",30.9290808333333,92.1792919444444
2,BUNKIE,"'2R6",30.9567472222222,92.2340997222222
2,BUNKIE,"'LA77",30.9632466666667,92.17457
2,BURAS,"'LS84",29.449225,89.6237083333333
2,BURAS,"'LS87",29.3317819444444,89.4765625
2,BUSH,"'2LA8",30.593175,89.8734777777778
2,CANKTON,"'0LS5",30.3041666666667,92.1325
2,CHARENTON,"'2LS2",29.8722222222222,91.5430555555556
2,"CHURCH POINT","'6LA5",30.454775,92.240575
2,"CHURCH POINT","'71LA",30.4212041666667,92.2341986111111
2,CLAYTON,"'37LA",31.727665,91.5828994444445
2,CLINTON,"'LA83",30.8960130555556,91.0459375
2,CLINTON,"'4LA8",30.7076841666667,90.8742672222222
2,COLFAX,"'LA17",31.4821833333333,92.661375
2,COLUMBIA,"'F86",32.1221666666667,92.0545
2,COTTONPORT,"'LA48",30.9938555555556,92.0445666666667
2,COUSHATTA,"'LA51",32.0182172222222,93.4307302777778
2,COUSHATTA,"'0R7",31.9902777777778,93.3076111111111
2,COVINGTON,"'LA87",30.5096358333333,90.1528572222222
2,COVINGTON,"'LS76",30.4626925,90.1700794444445
2,COVINGTON,"'L31",30.4450541666667,89.9888788888889
2,COVINGTON,"'23LA",30.6308194444444,90.0801916666667
2,CROWLEY,"'LS09",30.1427805555556,92.3333277777778
2,CROWLEY,"'20LS",30.2197111111111,92.3197944444444
2,CROWLEY,"'99LA",30.2893694444444,92.3890208333333
2,CROWLEY,"'3R2",30.1617777777778,92.4839722222222
2,CROWLEY,"'LA90",30.4610338888889,92.4262438888889
2,DARNELL,"'9LS1",32.6960916666667,91.3866444444444
2,"DE QUINCY","'5R8",30.4410833333333,93.4736111111111
2,"DE RIDDER","'DRI",30.8317222222222,93.3399166666667
2,"DE RIDDER","'34LA",30.7715847222222,93.2712744444444
2,DELHI,"'0M9",32.4107222222222,91.4985277777778
2,"DRY CREEK","'44LA",30.6474197222222,93.0551552777778
2,DUSON,"'LS21",30.2664444444444,92.1850277777778
2,ELTON,"'98LS",30.4345763888889,92.7215833333333
2,ERWINVILLE,"'66LA",30.5104666666667,91.3923305555556
2,ESTERWOOD,"'00LS",30.1362777777778,92.4293611111111
2,EUNICE,"'4R7",30.4662838888889,92.4237991666667
2,EUNICE,"'LA57",30.3990902777778,92.4090211111111
2,EUNICE,"'91LA",30.5346433333333,92.3673525
2,EUNICE,"'LA03",30.4352777777778,92.3337013888889
2,FARMERVILLE,"'F87",32.7249558333333,92.3371658333333
2,FERRIDAY,"'1LS8",31.6821091666667,91.49873
2,FOLSOM,"'3LS8",30.6516666666667,90.1147222222222
2,FOLSOM,"'LA26",30.6611111111111,90.2333333333333
2,"FOREST HILL","'07LA",31.053,92.632875
2,"FORT POLK","'POE",31.0447823611111,93.1916420833333
2,FRANKLINTON,"'2R7",30.8194444444444,90.1125277777778
2,GALLIANO,"'GAO",29.4411111111111,90.2611111111111
2,GILLIAM,"'LA54",32.8376402777778,93.8376788888889
2,GLENMORA,"'11LS",30.9760222222222,92.5690277777778
2,GONZALES,"'1LS0",30.2240833333333,90.8820416666667
2,GONZALES,"'0LA1",30.2293627777778,90.9734333333333
2,GONZALES,"'REG",30.1713666666667,90.9403861111111
2,"GRAND CHENIER","'3LA4",29.7996805555556,92.8035361111111
2,"GRAND COTEAU","'08LS",30.40925,92.0331666666667
2,GUEYDAN,"'46LS",30.0861111111111,92.5322222222222
2,HAHNVILLE,"'1LA1",29.9835372222222,90.4348047222222
2,HAMMOND,"'HDC",30.5216874166667,90.41838075
2,HAMMOND,"'LS86",30.6819444444444,90.4192563888889
2,HAMMOND,"'LA13",30.5782452777778,90.3159186111111
2,HAYES,"'1LA3",30.030765,92.8334813888889
2,HESSMER,"'LA50",31.0481305555556,92.1382361111111
2,HINESTON,"'70LA",31.1690727777778,92.7562588888889
2,HOMER,"'5F4",32.7885080555556,93.0036608333333
2,HOUMA,"'LS59",29.5888888888889,90.8261111111111
2,HOUMA,"'HUM",29.5665020833333,90.6604266666667
2,HOUMA,"'LA73",29.6085738888889,90.8022588888889
2,INDEPENDENCE,"'14LA",30.6155097222222,90.5360513888889
2,"INTRACOASTAL CITY","'2LA0",29.7896547222222,92.1565161111111
2,IOTA,"'LA52",30.3687083333333,92.5830277777778
2,IOTA,"'2LA5",30.3443583333333,92.4331416666667
2,IOTA,"'LA68",30.3157591666667,92.5198583333333
2,IOWA,"'LS36",30.2502083333333,92.9719833333333
2,IOWA,"'LA71",30.2243738888889,93.00015
2,JACKSON,"'LA3",30.8077777777778,91.2133333333333
2,JACKSON,"'2LA6",30.8335147222222,91.1667738888889
2,JEANERETTE,"'2R1",29.8990694444444,91.666
2,JENA,"'1R1",31.6688147222222,92.1575955555555
2,JENNINGS,"'3R7",30.2426990277778,92.6734992777778
2,JENNINGS,"'LS70",30.3406513888889,92.7368833333333
2,JIGGER,"'LS16",32.0112683333333,91.7551269444444
2,JONESBORO,"'F88",32.202,92.7329444444444
2,JONESVILLE,"'L32",31.620258,91.8342920555556
2,KAPLAN,"'LA61",30.0083722222222,92.2412111111111
2,KAPLAN,"'13LS",29.9938888888889,92.3855555555556
2,KEITHVILLE,"'5F5",32.3446,93.7998972222222
2,KEITHVILLE,"'56LA",32.3451566666667,93.8182363888889
2,KENTWOOD,"'76LS",30.9562083333333,90.546725
2,KENTWOOD,"'86LA",30.97379,90.6656541666667
2,KINDER,"'3LA1",30.5585327777778,92.8043133333333
2,LACASSINE,"'LA31",30.2,92.9333333333333
2,LAFAYETTE,"'LFT",30.2050277777778,91.98775
2,"LAKE ARTHUR","'LA32",30.0946611111111,92.7006944444445
2,"LAKE CHARLES","'CWF",30.2105833333333,93.1431944444444
2,"LAKE CHARLES","'LA21",30.2549280555556,93.1351519444444
2,"LAKE CHARLES","'LCH",30.1260833333333,93.2234166666667
2,"LAKE CHARLES","'3LA6",30.1377080555556,93.0793191666667
2,"LAKE CHARLES","'3LA8",30.1369777777778,93.1425222222222
2,"LAKE PROVIDENCE","'0M8",32.8258791666667,91.187665
2,"LAKE PROVIDENCE","'6LA1",32.9840133333333,91.2059433333333
2,"LAKE PROVIDENCE","'46LA",32.6069861111111,91.3827777777778
2,LEESVILLE,"'L39",31.1681944444444,93.3424722222222
2,LEESVILLE,"'57LS",31.2088888888889,93.2761111111111
2,LEESVILLE,"'19LA",31.1170222222222,93.1543166666667
2,LORANGER,"'LS26",30.6361569444444,90.3076388888889
2,MAMOU,"'LA25",30.6974191666667,92.4140213888889
2,MANSFIELD,"'3F3",32.0727777777778,93.7656111111111
2,MANY,"'3R4",31.5445,93.4859722222222
2,MARINGOUIN,"'7LA0",30.5221070555556,91.53098125
2,MARKSVILLE,"'MKV",31.0946666666667,92.0690555555556
2,MELVILLE,"'2LS3",30.6166265,91.7691672777778
2,"MER ROUGE","'5LS6",32.765135,91.7962366666667
2,MILTON,"'97LA",30.0338138888889,92.0552055555556
2,MINDEN,"'MNE",32.6460277777778,93.2980833333333
2,MINDEN,"'90LA",32.6138888888889,93.3236111111111
2,MONROE,"'LA33",32.5765308333333,92.1137452777778
2,MONROE,"'0LS9",32.5043097222222,91.9820752777778
2,MONROE,"'MLU",32.5108611111111,92.0376666666667
2,MONROE,"'LS20",32.2561055555556,91.7198861111111
2,MONROE,"'LS15",32.2962333333333,91.5400416666667
2,MONROE,"'LA34",32.4052277777778,92.0664388888889
2,MONROE,"'40LA",32.3459811111111,91.9695758333333
2,MOREAUVILLE,"'5LA1",31.0279658333333,91.9812322222222
2,MORROW,"'1LA5",30.8012916666667,92.0631666666667
2,NATCHITOCHES,"'IER",31.73572,93.0991363888889
2,"NEW IBERIA","'ARA",30.0377583333333,91.8838961111111
2,"NEW IBERIA","'LS38",30.0130555555556,91.8691666666667
2,"NEW ORLEANS","'NEW",30.0424166666667,90.02825
2,"NEW ORLEANS","'MSY",29.9932777777778,90.2590277777778
2,"NEW ORLEANS","'NBG",29.8272146388889,90.0265890833333
2,"NEW ROADS","'HZR",30.7183333333333,91.4786666666667
2,"NEW ROADS","'0LS7",30.6127666666667,91.4841722222222
2,NEWELLTON,"'LS83",32.0626547222222,91.2542794444444
2,"OAK GROVE","'2LA7",32.9658541666667,91.4258625
2,"OAK GROVE","'9M6",32.8476486111111,91.4040555555555
2,"OAK RIDGE","'01LA",32.6390269444444,91.7737361111111
2,OAKDALE,"'ACP",30.7504998333333,92.6884914166667
2,OAKDALE,"'6LA4",30.8071388888889,92.5918066666667
2,"OIL CITY","'LA11",32.7914166666667,93.9565416666667
2,OLLA,"'L47",31.8960972222222,92.2178833333333
2,OPELOUSAS,"'OPL",30.5583888888889,92.0993888888889
2,PARKS,"'38LS",30.2366666666667,91.8297222222222
2,PATTERSON,"'PTN",29.7095463888889,91.3389786111111
2,PINEVILLE,"'2L0",31.3421916666667,92.4435777777778
2,POLLOCK,"'L66",31.4774722222222,92.4611666666667
2,PONCHATOULA,"'44LS",30.4721944444444,90.3670555555556
2,PONCHATOULA,"'32LS",30.4196083333333,90.3590333333333
2,"PORT ALLEN","'LA46",30.5064666666667,91.3074861111111
2,"PORT BARRE","'55LA",30.6183055555556,91.9458888888889
2,"PORT BARRE","'17LS",30.6079305555556,91.9752777777778
2,"PORT SULPHUR","'7LA1",29.4582727777778,89.6758969444444
2,PRAIRIEVILLE,"'6LA2",30.3498611111111,90.9219166666667
2,PRAIRIEVILLE,"'16LS",30.3151111111111,90.9079722222222
2,PRIDE,"'LA15",30.6234166666667,91.0323611111111
2,RACELAND,"'LA89",29.7319388888889,90.6392527777778
2,RAGLEY,"'7LA3",30.4829772222222,93.2287694444445
2,RAYNE,"'12LS",30.1786111111111,92.285
2,RAYNE,"'LA30",30.2481944444444,92.2416666666667
2,RAYVILLE,"'M79",32.4854197222222,91.7710663888889
2,RESERVE,"'APS",30.0874722222222,90.5828333333333
2,ROBERT,"'LS92",30.5974113888889,90.3159188888889
2,RUSTON,"'RSN",32.51460175,92.5884433888889
2,SCOTT,"'10LA",30.2474230555556,92.0959558333333
2,SHREVEPORT,"'1LA4",32.3004666666667,93.6365333333333
2,SHREVEPORT,"'LA56",32.3418227777778,93.6585108333333
2,SHREVEPORT,"'DTN",32.5408222222222,93.7438336111111
2,SHREVEPORT,"'SHV",32.4465277777778,93.8260277777778
2,SIMMESPORT,"'22LA",30.9975461111111,91.8810922222222
2,SLAUGHTER,"'LS25",30.7046286111111,91.0606602777778
2,SLAUGHTER,"'01LS",30.7226388888889,91.0773611111111
2,SLAUGHTER,"'LS77",30.7271005555556,91.1485513888889
2,SLIDELL,"'ASD",30.3463333333333,89.8208055555556
2,SPRINGHILL,"'SPH",32.9837222222222,93.4091666666667
2,"ST FRANCISVILLE","'LS35",30.7625277777778,91.27725
2,"ST FRANCISVILLE","'21LS",30.8703888888889,91.4311111111111
2,"ST JOSEPH","'L33",31.9732194444444,91.2387333333333
2,"ST. JOSEPH","'LA53",31.9775,91.2638888888889
2,"ST. MARTIN","'87LA",30.2208611111111,91.8864444444445
2,SULPHUR,"'12LA",30.2759166666667,93.3574166666667
2,SULPHUR,"'UXL",30.1314444444444,93.3761666666667
2,SUNSET,"'LA92",30.3894527777778,92.1473833333333
2,SUNSET,"'51LS",30.4380527777778,92.1166527777778
2,SUNSET,"'5LA9",30.4355555555556,92.1183333333333
2,TALLULAH,"'60LA",32.3391555555556,90.9768777777778
2,TALLULAH,"'9LS5",32.3038888888889,91.1286111111111
2,TALLULAH,"'M80",32.4163083333333,91.1488583333333
2,TALLULAH,"'TVR",32.3516111111111,91.0276887222222
2,TENDAL,"'9LS9",32.405,91.3430555555556
2,THIBODAUX,"'0LS0",29.7497222222222,90.7358333333333
2,THIBODAUX,"'L83",29.7477919444444,90.8328988888889
2,THORNWELL,"'LS14",30.0710422222222,92.8251472222222
2,TRANSYLVANIA,"'82LS",32.6917083333333,91.109325
2,VIDALIA,"'0R4",31.562,91.5064722222222
2,VIDALIA,"'LA40",31.3438888888889,91.5927777777778
2,"VILLE PLATTE","'38LA",30.7843619444444,92.1823455555556
2,VIVIAN,"'3F4",32.8613333333333,94.0101536111111
2,WALKER,"'0LA9",30.5862972222222,90.8614861111111
2,WASHINGTON,"'8TA9",30.6438166666667,92.0586611111111
2,WATERPROOF,"'68LS",31.8150712777778,91.37064025
2,WATSON,"'LS39",30.5733006111111,90.9796289444444
2,WELSH,"'LS18",30.2210402777778,92.7748663888889
2,WELSH,"'6R1",30.2419065833333,92.8307466111111
2,WESTLAKE,"'LS10",30.2721486111111,93.3118222222222
2,WILSON,"'58LA",30.9196236111111,91.1667738888889
2,WINNFIELD,"'0R5",31.9636622222222,92.6602605555556
2,WINNSBORO,"'6LA6",32.2182069444444,91.8681847222222
2,WINNSBORO,"'F89",32.1530069444444,91.6985569444444
2,WOODWORTH,"'1R4",31.1263527777778,92.5012888888889
2,YOUNGSVILLE,"'33LA",30.0696475,91.9862316666667
2,ZWOLLE,"'5LS9",31.5313458333333,93.7074152777778
2,AMESBURY,"'6MA2",42.8600894444444,70.9965555555556
2,"BARRE/BARRE PLAINS","'8B5",42.3563888888889,72.1300833333333
2,BEDFORD,"'BED",42.4699444444444,71.289
2,BELCHERTOWN,"'31MA",42.2619444444444,72.4086111111111
2,BERKLEY,"'1M8",41.8390555555556,71.0264722222222
2,BEVERLY,"'BVY",42.5841388888889,70.9161388888889
2,BOSTON,"'BOS",42.3629444444444,71.0063888888889
2,CHARLTON,"'MA30",42.100095,71.9661847222222
2,CHATHAM,"'CQX",41.6883041666667,69.9896519444444
2,EDGARTOWN,"'1B2",41.3584505555556,70.5244705555556
2,FALMOUTH,"'FMH",41.6591388888889,70.5228055555556
2,FALMOUTH,"'5B6",41.5855833333333,70.5403611111111
2,FITCHBURG,"'FIT",42.5541111111111,71.7589722222222
2,GARDNER,"'GDM",42.5498888888889,72.0160277777778
2,GOSNOLD,"'15MA",41.42233,70.9094788888889
2,GRANVILLE,"'MA43",42.0723155555556,72.9001
2,"GREAT BARRINGTON","'GBR",42.1842141666667,73.4032405555556
2,HADLEY,"'03MA",42.3931447222222,72.5520322222222
2,HANSON,"'28M",42.0251388888889,70.8381111111111
2,HAVERHILL,"'04MA",42.8098113888889,71.1392252777778
2,HOLDEN,"'MA16",42.3634252777778,71.8217386111111
2,HOPEDALE,"'1B6",42.1064858333333,71.51009
2,HYANNIS,"'HYA",41.6693333333333,70.2803611111111
2,IPSWICH,"'MA36",42.6664825,70.8529666666667
2,LAWRENCE,"'LWM",42.7170422222222,71.1235333333333
2,MANSFIELD,"'1B9",42.0009056944444,71.19822
2,MARSHFIELD,"'GHG",42.0974988333333,70.6730198611111
2,"MARSTON MILLS","'2B1",41.6852777777778,70.40225
2,MAYNARD,"'MA52",42.4380583333333,71.4701333333333
2,MIDDLEFIELD,"'3MA2",42.3161986111111,73.0320461111111
2,MONTAGUE,"'0B5",42.5916111111111,72.523
2,"MUSKEGET ISLAND","'MA55",41.3348436111111,70.2994644444444
2,NANTUCKET,"'ACK",41.2529750555556,70.0599114166667
2,"NEW BEDFORD","'EWB",41.676566,70.957836
2,"NEW BRAINTREE","'MA89",42.3461111111111,72.1038888888889
2,NEWBURYPORT,"'2B2",42.7953611111111,70.8394444444444
2,"NORTH ADAMS","'AQW",42.6962538055556,73.1705530555555
2,NORTHAMPTON,"'7B2",42.3280097222222,72.6112402777778
2,NORWOOD,"'OWD",42.1905277777778,71.1729444444444
2,"OAK BLUFFS","'MA44",41.4417794444444,70.5703055555556
2,ORANGE,"'ORE",42.5699975,72.2884977777778
2,PEMBROKE,"'MA64",42.0753794444444,70.8153186111111
2,PEMBROKE,"'MA63",42.0739905555556,70.7980961111111
2,PEPPERELL,"'26MA",42.6961944444444,71.5500555555556
2,PITTSFIELD,"'PSF",42.4276201111111,73.2908398055555
2,PLYMOUTH,"'PYM",41.9086175,70.727685
2,PROVINCETOWN,"'PVC",42.0722777777778,70.2207222222222
2,SHEFFIELD,"'MA18",42.0791083333333,73.3071805555555
2,SOUTHBOROUGH,"'1MA5",42.2789833333333,71.5478425
2,SOUTHBRIDGE,"'3B0",42.1011111111111,72.0388333333333
2,SOUTHWICK,"'28MA",42.0798055555556,72.8181388888889
2,SPENCER,"'60M",42.2905,71.9646944444444
2,SPRINGFIELD/CHICOPEE,"'CEF",42.1940149722222,72.5347843055555
2,STERLING,"'3B3",42.4259166666667,71.7928611111111
2,STOW,"'8MA4",42.4172222222222,71.4944444444444
2,STOW,"'6B6",42.4603854166667,71.5180118888889
2,SUDBURY,"'MA70",42.3509280555555,71.4297836111111
2,SUTTON,"'MA97",42.1250958333333,71.7397913888889
2,TAUNTON,"'TAN",41.8744673888889,71.0163165
2,"VINEYARD HAVEN","'MVY",41.3934175,70.6138744444444
2,WARE,"'MA53",42.2820363888889,72.2148016666667
2,WAREHAM,"'11MA",41.8073252777778,70.75837
2,WASHINGTON,"'MA77",42.3750861111111,73.1476033333333
2,"WEST BROOKFIELD","'5MA3",42.1875930555556,72.1431330555556
2,WESTFIELD,"'MA80",42.1198147222222,72.8142627777778
2,WESTFIELD/SPRINGFIELD,"'BAF",42.1579444444444,72.7158611111111
2,WESTPORT,"'3MA5",41.5431594444444,71.0353180555555
2,WINDSOR,"'MA86",42.5056405555556,73.0598222222222
2,WORCESTER,"'ORH",42.2671388888889,71.8756111111111
2,WORTHINGTON,"'MA88",42.3900869444444,72.9309311111111
2,"ABERDEEN PROVING GROUNDS(ABERDEEN)","'APG",39.465465,76.1682922222222
2,ANNAPOLIS,"'3MD4",38.9776111111111,76.6394097222222
2,ANNAPOLIS,"'ANP",38.9428777777778,76.5683991666667
2,BALTIMORE,"'BWI",39.1757283333333,76.6689911111111
2,BALTIMORE,"'W48",39.2624166666667,76.432125
2,BALTIMORE,"'MTN",39.3256666666667,76.4137777777778
2,BENEDICT,"'MD14",38.5242886111111,76.6835733333333
2,BERLIN,"'4MD1",38.3681705555556,75.2307447222222
2,BISHOPVILLE,"'4MD3",38.4397222222222,75.1594444444444
2,BOWIE,"'W00",38.9413519444444,76.7723830555556
2,BOYDS,"'2MD3",39.229,77.3453333333333
2,BRANDYWINE,"'02MD",38.6725444444444,76.7097388888889
2,CAMBRIDGE,"'1MD1",38.5690094444444,76.2863355555556
2,CAMBRIDGE,"'CGE",38.5393333333333,76.0303888888889
2,CAMBRIDGE,"'3MD8",38.6123413888889,76.1710544444444
2,CAMBRIDGE,"'MD82",38.5398433333333,76.2755013888889
2,CAMBRIDGE,"'MD04",38.5688888888889,76.2358333333333
2,"CAMP SPRINGS","'ADW",38.8108255555556,76.8670463888889
2,CECILTON,"'MD93",39.3751122222222,75.9066072222222
2,CENTREVILLE,"'MD21",39.1180555555556,76.0963888888889
2,CHESTERTOWN,"'05MD",39.2442188055556,76.1986714444444
2,CHESTERTOWN,"'MD63",39.2748319444444,76.0099441666667
2,CHESTERTOWN,"'MD19",39.2031652777778,76.0249438888889
2,CHESTERTOWN,"'0MD4",39.2667755555556,76.1871741666667
2,CHESTERTOWN,"'MD11",39.2770538888889,76.0627241666667
2,"CHURCH HILL","'MD23",39.1448325,76.0404994444444
2,"CHURCH HILL","'27MD",39.098375,75.8952152777778
2,"CHURCH HILL","'MD91",39.1523325,76.0185541666667
2,CHURCHVILLE,"'0W3",39.5682030555555,76.2029563888889
2,CLEMENTS,"'4MD4",38.3405555555556,76.7372222222222
2,CLEMENTS,"'2MD1",38.3084583333333,76.7246861111111
2,CLINTON,"'W32",38.7482613888889,76.9328169444444
2,"COBB ISLAND","'0MD2",38.2879061111111,76.8674697222222
2,"COLLEGE PARK","'CGS",38.9805833333333,76.9223055555556
2,CONOWINGO,"'6MD4",39.7194416666667,76.2084138888889
2,CRISFIELD,"'W41",38.0181666666667,75.8268611111111
2,CUMBERLAND,"'CBE",39.6153058333333,78.7614783333333
2,CUMBERLAND,"'1W3",39.60525,78.7608888888889
2,DAMERON,"'MD01",38.1434586111111,76.3566147222222
2,DAYTON,"'MD46",39.2695494444444,77.0052555555556
2,DEALE,"'MD22",38.7834494444444,76.5646808333333
2,DENTON,"'6MD1",38.8363888888889,75.9063888888889
2,DENTON,"'9MD9",38.85195,75.6892833333333
2,DRAYDEN,"'3MD6",38.1890147222222,76.4468961111111
2,DUBLIN,"'4MD6",39.625,76.2625
2,EASTON,"'ESN",38.8041666666667,76.069
2,EASTON,"'MD28",38.8092811111111,75.9921608333333
2,ELDERSBURG,"'2MD5",39.4079444444444,76.9275555555556
2,ELKTON,"'58M",39.5741666666667,75.8697777777778
2,ELKTON,"'93MD",39.5618333333333,75.8348333333333
2,EMMITTSBURG,"'MD12",39.6363888888889,77.2927777777778
2,FALLSTON,"'W42",39.5013236111111,76.4113347222222
2,FEDERALSBURG,"'7MD1",38.7034480555556,75.8510455555556
2,FEDERALSBURG,"'5MD4",38.6565486111111,75.7214597222222
2,FEDERALSBURG,"'00MD",38.7570577777778,75.7538208333333
2,FINKSBURG,"'MD95",39.4820477777778,76.881645
2,"FOREST HILL","'MD31",39.5794,76.3740138888889
2,"FORT MEADE(ODENTON)","'FME",39.0853866666667,76.7594144444444
2,FREDERICK,"'3MD0",39.3481586111111,77.3360955555556
2,FREDERICK,"'FDK",39.4175683333333,77.3742972222222
2,FREDERICK,"'4MD8",39.3583333333333,77.3397222222222
2,FRIENDLY,"'VKX",38.7486416666667,76.9559222222222
2,GAITHERSBURG,"'GAI",39.1683333333333,77.166
2,GALENA,"'29MD",39.3627777777778,75.8127777777778
2,GOLTS,"'6MD7",39.3391666666667,75.7666666666667
2,GREENSBORO,"'8MD4",38.9805555555556,75.7777777777778
2,HAGERSTOWN,"'HGR",39.7085,77.7265
2,HAGERSTOWN,"'22MD",39.5869444444444,77.645
2,HEBRON,"'MD35",38.4348391666667,75.6513163888889
2,HURLOCK,"'3MD5",38.6212266666667,75.8413233333333
2,"INDIAN HEAD","'MD39",38.5209538888889,77.251925
2,"INDIAN HEAD","'2W5",38.5970486111111,77.0724583333333
2,KEYMAR,"'MD42",39.6195438888889,77.2274833333333
2,"LA PLATA","'5MD8",38.4909552777778,77.0116411111111
2,"LA PLATA","'MD97",38.4615116666667,77.0463641666667
2,"LA PLATA","'MD83",38.5208333333333,77.0680555555556
2,LAKESHORE,"'MD43",39.1184427777778,76.4966280555555
2,LAYTONSVILLE,"'W50",39.2435444444444,77.1498736111111
2,LEONARDTOWN,"'8MD7",38.2386111111111,76.6597222222222
2,LEONARDTOWN,"'MD45",38.2306833333333,76.6288491666667
2,LEONARDTOWN,"'2W6",38.3153611111111,76.5501111111111
2,"LEXINGTON PARK","'2MD6",38.1440155555556,76.472175
2,LIBERTYTOWN,"'8MD5",39.4983333333333,77.2216666666667
2,LISBON,"'MD47",39.3328819444444,77.096925
2,"LONG GREEN","'MD48",39.47344,76.5002427777778
2,LUSBY,"'MD50",38.3612347222222,76.4052277777778
2,LUSBY,"'4MD0",38.3742905555556,76.4830080555556
2,"MARDELA SPRINGS","'MD80",38.4553833333333,75.7971666666667
2,MARION,"'2MD0",38.0487341666667,75.70354
2,MARYDEL,"'7MD0",39.0666666666667,75.7333333333333
2,MASSEY,"'MD1",39.2993611111111,75.7993888888889
2,"MOUNT AIRY","'0MD6",39.3812144444444,77.1058141666667
2,NANJEMOY,"'MD55",38.3976244444444,77.1860894444444
2,"NEW WINDSOR","'MD56",39.5689894444444,77.1213711111111
2,"NORTH EAST","'16MD",39.6686111111111,75.9602777777778
2,OAKLAND,"'2G4",39.5808055555556,79.3359444444445
2,OAKLAND,"'2MD8",39.3334344444444,79.4414372222222
2,OAKLAND,"'42MD",39.4682666666667,79.4252833333333
2,OAKLAND,"'4MD2",39.4298175,79.453935
2,"OCEAN CITY","'OXB",38.3104444444444,75.1239722222222
2,"OWINGS MILLS","'4MD9",39.4805555555556,76.7605555555556
2,"PATUXENT RIVER","'NHK",38.2863315833333,76.409958
2,PITTSVILLE,"'6MD8",38.4420888888889,75.4029583333333
2,POCOMOKE,"'7MD7",38.0004,75.5829805555556
2,"POCOMOKE CITY","'MD57",38.0070672222222,75.6174269444444
2,"POCOMOKE CITY","'MD00",38.0462330555556,75.5532583333333
2,"PRINCE FREDERICK","'62MD",38.4888055555556,76.6436333333333
2,"PRINCESS ANNE","'5MD5",38.1961111111111,75.7094444444444
2,"PRINCESS ANNE","'48MD",38.1491666666667,75.6622222222222
2,PYLESVILLE,"'MD88",39.6800166666667,76.4527694444444
2,RIDGE,"'3MD9",38.1181816666667,76.3913383333333
2,RIDGELY,"'MD85",38.9328911111111,75.8902138888889
2,RIDGELY,"'21MD",38.995,75.8844444444444
2,RIDGELY,"'RJD",38.9701133333333,75.8663244444444
2,"RISING SUN","'MD61",39.7245527777778,76.0705044444444
2,RIVERSIDE,"'8MD6",38.3970688888889,77.1469216666667
2,SALISBURY,"'1N5",38.4127693333333,75.6169307777778
2,SALISBURY,"'2MD4",38.3945613888889,75.5574233333333
2,SALISBURY,"'SBY",38.3401894444444,75.5094780555555
2,SALISBURY,"'11MD",38.4333333333333,75.6277777777778
2,"ST INIGOES","'NUI",38.146,76.4284722222222
2,"ST MICHAELS","'MD64",38.7995613888889,76.2724494444444
2,STEVENSVILLE,"'W29",38.9764554444444,76.3299691111111
2,STEVENSVILLE,"'7MD8",38.8565041666667,76.36162
2,STEVENSVILLE,"'3W3",38.9181111111111,76.3588333333333
2,"STILL POND","'MD69",39.3334438888889,76.0830036111111
2,SUDLERSVILLE,"'MD70",39.1812216666667,75.9088275
2,SUDLERSVILLE,"'32MD",39.1894444444444,75.8768333333333
2,SUDLERSVILLE,"'0MD1",39.1873333333333,75.7927116666667
2,SUDLERSVILLE,"'25MD",39.1675388888889,75.8402111111111
2,TANEYTOWN,"'33MD",39.6799166666667,77.1136111111111
2,TANEYTOWN,"'MD20",39.6362111111111,77.1227605555556
2,THURMONT,"'4MD7",39.6463888888889,77.3666666666667
2,TILGHMAN,"'7MD9",38.7361111111111,76.3166666666667
2,TOMPKINSVILLE,"'MD06",38.3354047222222,76.8785811111111
2,UNIONVILLE,"'MD74",39.4742683333333,77.1952597222222
2,UNIONVILLE,"'MD73",39.4584352777778,77.1480372222222
2,URBANA,"'MD75",39.34177,77.303595
2,WELCOME,"'MD05",38.5075,77.1216166666667
2,WESTMINSTER,"'07MD",39.6094472222222,77.0481194444444
2,WESTMINSTER,"'DMW",39.6082777777778,77.0076666666667
2,WESTMINSTER,"'2W2",39.4670277777778,77.0174444444444
2,"WESTMINSTER/SILVER RUN","'1MD8",39.6828775,77.0972047222222
2,WOLFSVILLE,"'6MD3",39.5969444444444,77.5466666666667
2,WOODBINE,"'8MD0",39.3833333333333,77.0175
2,WOODBINE,"'MD78",39.3834363888889,77.0702583333333
2,ACTON,"'ME89",43.6084119444444,70.96812
2,ACTON,"'02ME",43.5373,70.9293666666667
2,AUBURN/LEWISTON,"'LEW",44.0484727777778,70.2835075
2,AUGUSTA,"'AUG",44.3206497222222,69.7973180555556
2,AVON,"'08ME",44.8142238888889,70.3453436111111
2,BANGOR,"'BGR",44.8074444444444,68.8281388888889
2,"BAR HARBOR","'BHB",44.4497052777778,68.3614897222222
2,BELFAST,"'BST",44.4093888888889,69.0118333333333
2,BELGRADE,"'ME60",44.4683997222222,69.8178263888889
2,BERWICK,"'09ME",43.3408333333333,70.8547222222222
2,BERWICK,"'ME61",43.2945269444444,70.899505
2,BETHEL,"'0B1",44.4251666666667,70.8099166666667
2,BIDDEFORD,"'B19",43.4641111111111,70.4723888888889
2,BINGHAM,"'ME08",45.0403338888889,69.8689472222222
2,BOWDOINHAM,"'08B",44.0,69.8871388888889
2,BREWER,"'0B2",44.7638333333333,68.7678611111111
2,BRISTOL,"'18ME",43.8935972222222,69.4954055555555
2,BROWNVILLE,"'ME03",45.3361619444444,69.0508744444444
2,BRUNSWICK,"'BXM",43.8923551111111,69.9388296944445
2,CAMBRIDGE,"'ME70",45.0375558333333,69.4792147222222
2,CAMDEN,"'ME14",44.2306336111111,69.1230944444444
2,CARIBOU,"'CAR",46.8716388888889,68.0181944444444
2,CARMEL,"'14ME",44.7925683333333,69.0703208333333
2,CARRABASSETT,"'B21",45.0854388888889,70.2164208333333
2,CHARLESTON,"'2ME3",45.04135,68.9900222222222
2,CHARLOTTE,"'ME06",45.0278541666667,67.3094344444444
2,"CLAYTON LAKE","'ME19",46.6161419444444,69.5222780555556
2,CUTLER,"'ME2",44.68,67.2643611111111
2,DEBLOIS,"'43B",44.726875,67.9913611111111
2,DEXTER,"'1B0",45.0045075,69.2374366666667
2,DIXFIELD,"'3S2",44.5141388888889,70.4068055555556
2,DOVER/FOXCROFT,"'44B",45.1774722222222,69.2446666666667
2,DURHAM,"'ME75",43.9539661111111,70.1414411111111
2,"EAST SUMNER","'6ME6",44.3533333333333,70.395
2,EASTPORT,"'EPM",44.9101111111111,67.0126944444444
2,ELIOT,"'3B4",43.1431343055556,70.7734361111111
2,ELLSWORTH,"'72ME",44.6352777777778,68.6325
2,FAIRFIELD,"'ME20",44.5992319444444,69.623935
2,FALMOUTH,"'78ME",43.7530555555556,70.2591666666667
2,"FOREST TOWNSHIP","'84ME",45.5528888888889,67.7460416666667
2,"FORT FAIRFIELD","'ME00",46.7657055555556,67.8473916666667
2,"FORT KENT","'ME25",47.1661511111111,68.3919861111111
2,FRENCHVILLE,"'FVE",47.2855,68.3127222222222
2,FRYEBURG,"'57ME",43.9177777777778,70.8544444444444
2,FRYEBURG,"'IZG",43.9911388888889,70.9478888888889
2,FRYEBURG,"'40ME",44.1058916666667,70.9559777777778
2,GORHAM,"'21ME",43.6772055555556,70.4226166666667
2,GORHAM,"'ME91",43.6750797222222,70.4956083333333
2,GREENE,"'ME39",44.2353611111111,70.1325555555556
2,GREENVILLE,"'3B1",45.4628333333333,69.55165
2,GREENVILLE,"'ME26",46.0195861111111,69.5338194444444
2,HARPSWELL,"'ME33",43.7786936111111,70.0131033333333
2,HARRISON,"'03ME",44.0842372222222,70.6272827777778
2,HARTLAND,"'ME47",44.8545055555556,69.4564363888889
2,HOULTON,"'HUL",46.1246069444444,67.7923602777778
2,ISLESBORO,"'57B",44.3024722222222,68.9105833333333
2,JACKMAN,"'59B",45.6327538611111,70.2487923055556
2,JAY,"'ME92",44.5167302777778,70.2222819444444
2,JEFFERSON,"'ME34",44.1736875,69.4286558333333
2,JONESBORO,"'05ME",44.6570216666667,67.55916
2,KENNEBUNKPORT,"'ME46",43.4123075,70.4467172222222
2,KENNEBUNKPORT,"'ME45",43.4056411111111,70.4322725
2,LEVANT,"'PG1",44.8677222222222,68.9771055555556
2,LEVANT,"'ME35",44.9314566666667,69.0072613888889
2,LIMESTONE,"'ME16",46.9504277777778,67.8858611111111
2,LIMINGTON,"'63B",43.7630277777778,70.6724722222222
2,LINCOLN,"'LRG",45.3621608333333,68.5347469444444
2,"LIVERMORE FALLS","'B10",44.41,70.1460833333333
2,LUBEC,"'65B",44.8365555555556,67.0269722222222
2,MACHIAS,"'MVM",44.7030955555556,67.4785902777778
2,"MARS HILL","'ME40",46.5288888888889,67.8766666666667
2,"MATINICUS ISLAND","'35ME",43.8714333333333,68.8935555555556
2,MEDDYBEMPS,"'66B",45.0296222222222,67.3659666666667
2,MERCER,"'04ME",44.6667286111111,69.8939441666667
2,MILLINOCKET,"'MLT",45.6478333333333,68.6855555555556
2,NAPLES,"'71ME",43.9669444444444,70.6011111111111
2,"NEW GLOUCESTER","'54ME",43.9494444444444,70.3202777777778
2,NEWBURGH,"'ME74",44.7513888888889,68.9827777777778
2,NEWPORT,"'ME68",44.8200652777778,69.2383808333333
2,NORRIDGEWOCK,"'OWK",44.7155,69.8664722222222
2,"NORTH HAVEN","'ME41",44.15258,68.8764208333333
2,"NORTH YARMOUTH","'15ME",43.8152777777778,70.2291666666667
2,"OLD TOWN","'OLD",44.952335,68.6744955555556
2,OTIS,"'0ME4",44.7424694444444,68.4744027777778
2,OXFORD,"'81B",44.1574444444444,70.4812777777778
2,PASSADUMKEAG,"'92ME",45.2195833333333,68.6390833333333
2,PERRY,"'ME88",44.9917447222222,67.0744252777778
2,PITTSFIELD,"'2B7",44.7685277777778,69.3744166666667
2,PITTSFIELD,"'ME62",44.8093861111111,69.4703888888889
2,PORTAGE,"'ME05",46.7500411111111,68.4711541666667
2,PORTLAND,"'PWM",43.6456435,70.3086163611111
2,"PRESQUE ISLE","'PQI",46.6889638888889,68.0447913888889
2,PRINCETON,"'PNN",45.2006597222222,67.5643988888889
2,RANGELEY,"'8B0",44.9918888888889,70.6646111111111
2,ROCKLAND,"'RKD",44.0601422222222,69.0996697222222
2,ROCKWOOD,"'ME22",45.6711666666667,69.8067777777778
2,ROCKWOOD,"'13ME",45.7763730555556,69.8093402777778
2,ROXBURY,"'ME17",44.6602333333333,70.588
2,RUMFORD,"'90ME",44.5230555555556,70.5455555555556
2,SABATTUS,"'ME69",44.0689641666667,70.0644969444444
2,SACO,"'98M",43.5757166666667,70.5188583333333
2,SANFORD,"'SFM",43.3938055555556,70.708
2,SANGERVILLE,"'ME32",45.0903333333333,69.2586555555556
2,SCARBOROUGH,"'80ME",43.5463916666667,70.3743972222222
2,SEARSMONT,"'55ME",44.3180555555556,69.1383333333333
2,SEARSMONT,"'12ME",44.3223277777778,69.20725
2,STONINGTON,"'93B",44.1732222222222,68.68025
2,"SWANS ISLAND","'ME5",44.1653888888889,68.4281666666667
2,TURNER,"'3B5",44.1889444444444,70.2328611111111
2,"VAN BUREN","'17ME",47.2025,67.9916666666667
2,"VAN BUREN","'ME67",47.1275427777778,67.9658580555556
2,VASSALBORO,"'89ME",44.4058095833333,69.6596739444444
2,VINALHAVEN,"'ME55",44.0727777777778,68.8196388888889
2,WALES,"'ME6",44.1745277777778,70.0189444444444
2,WATERVILLE,"'WVL",44.53325,69.6755277777778
2,"WEST LEBANON","'ME64",43.3750813888889,70.9292286111111
2,WILLIMANTIC,"'ME79",45.3056058333333,69.3467147222222
2,WINDHAM,"'24ME",43.8222222222222,70.4427777777778
2,WISCASSET,"'IWI",43.9614166666667,69.7125555555556
2,ADA,"'2MI5",42.9416963888889,85.4864113888889
2,ADRIAN,"'ADG",41.8676738888889,84.0773058333333
2,ALBA,"'MI30",44.9580388888889,84.9589083333333
2,ALLEGAN,"'38MI",42.4669444444444,85.9791666666667
2,ALLEGAN,"'35D",42.5304365277778,85.823779
2,ALMA,"'AMN",43.3221388888889,84.6879444444444
2,ALPENA,"'APN",45.0780833333333,83.5603055555555
2,"ANN ARBOR","'ARB",42.2229275555556,83.7457088333333
2,ATLANTA,"'Y93",44.9968948888889,84.1272343611111
2,AVOCA,"'39G",43.0304777777778,82.6694638888889
2,AVOCA,"'MI01",43.057805,82.6768694444444
2,"BAD AXE","'E53",43.8462333333333,83.0467916666667
2,"BAD AXE","'BAX",43.7802222222222,82.9854166666667
2,BAILEY,"'MI67",43.2891888888889,85.7811572222222
2,BALDWIN,"'7D3",43.8755356388889,85.8420825
2,BANNISTER,"'4M4",43.1285847222222,84.3812930555556
2,BARODA,"'MI68",41.9375438888889,86.5014083333333
2,BATH,"'41G",42.8409986111111,84.4790472222222
2,"BATTLE CREEK","'BTL",42.3064728055556,85.2500889444444
2,"BAY CITY","'3CM",43.5469444444444,83.8954722222222
2,"BEAVER ISLAND","'SJX",45.6922222222222,85.5666111111111
2,"BEAVER ISLAND","'6Y8",45.7212908611111,85.5197424722222
2,BELDING,"'MI56",43.0756805555556,85.2685236111111
2,BELLAIRE,"'ACB",44.9885772222222,85.1983463888889
2,BELLEVILLE,"'43G",42.1772668055556,83.5453625833333
2,BELLEVILLE,"'71MI",42.0844444444444,83.5172222222222
2,"BENTON HARBOR","'BEH",42.1283808333333,86.4248811111111
2,"BERRIEN SPRINGS","'C20",41.9510555555556,86.3680833333333
2,"BIG RAPIDS","'RQB",43.7226388888889,85.5040555555556
2,BLISSFIELD,"'44G",41.8550375,83.8707694444444
2,"BOIS BLANC ISLAND","'6Y1",45.7662976666667,84.5038139444444
2,"BOYNE CITY","'N98",45.2088134444444,84.9898855555555
2,"BOYNE FALLS","'BFA",45.1658415277778,84.9241138888889
2,BRIDGEPORT,"'MI23",43.3469444444444,83.8666666666667
2,BRIDGMAN,"'MI25",41.9222652777778,86.5455763888889
2,BRIGHTON,"'45G",42.5698138888889,83.7785277777778
2,BROOKLYN,"'6G8",42.0942152777778,84.2409513888889
2,BRYON,"'54MI",42.8102777777778,84.0830555555556
2,BUCHANAN,"'6MI6",41.8528230555556,86.4361277777778
2,BUCHANAN,"'MI72",41.8500458333333,86.3500138888889
2,BUCHANAN,"'30MI",41.8592127777778,86.3277911111111
2,BURNIPS,"'MI88",42.7322494444444,85.9053108333333
2,CADILLAC,"'CAD",44.2753333333333,85.4189166666667
2,CALEDONIA,"'MI93",42.7430972222222,85.6111666666667
2,CARLETON,"'W87",42.0174352222222,83.3736086388889
2,CARO,"'CFS",43.4588619444444,83.4454457222222
2,CASSOPOLIS,"'MI95",41.8466666666667,85.895
2,CEDAR,"'28MI",44.8744433333333,85.7925847222222
2,"CEDAR SPRINGS","'77MI",43.1987,85.5939551388889
2,"CEDAR SPRINGS","'5MI1",43.2513888888889,85.5427777777778
2,CHARLEVOIX,"'CVX",45.3048611111111,85.2753055555555
2,CHARLOTTE,"'MI11",42.5342036111111,84.801375
2,CHARLOTTE,"'FPK",42.5740888888889,84.8120972222222
2,CHARLOTTE,"'49G",42.57795,84.9090125
2,CHEBOYGAN,"'SLH",45.6537396388889,84.5193031666667
2,CHEBOYGAN,"'2M7",45.5316166666667,84.3080444444444
2,CHELSEA,"'8MI9",42.305,84.1066666666667
2,CHESANING,"'50G",43.1810227222222,84.1324455
2,CHESANING,"'MI83",43.1377222222222,84.0455888888889
2,CLARE,"'48D",43.8344444444444,84.7402222222222
2,CLARE,"'MI1",43.7538645833333,84.8109414722222
2,CLINTON,"'7N4",42.07775,83.9860236111111
2,CLIO,"'51G",43.1434023333333,83.79698125
2,CLIO,"'MI05",43.1666927777778,83.7874622222222
2,COLDWATER,"'OEB",41.9334888888889,85.0523083333333
2,COOPER,"'7MI7",42.3805936111111,85.5775097222222
2,CORUNNA,"'56M",42.963025,84.0445722222222
2,CROSWELL,"'55G",43.2978,82.6078638888889
2,CROSWELL,"'4MI8",43.2416666666667,82.5827777777778
2,"CRYSTAL FALLS","'39MI",46.1688361111111,88.1723575
2,"CRYSTAL FALLS","'50D",46.0090796666667,88.2740256388889
2,CUSTER,"'MI19",43.93,86.1655555555556
2,DAVISON,"'12MI",43.0516933333333,83.4918944444444
2,DETROIT,"'DET",42.4093270833333,83.0101821388889
2,DETROIT,"'DTW",42.2124444444444,83.3533888888889
2,DETROIT,"'YIP",42.2400277777778,83.5308888888889
2,"DETROIT/GROSSE ILE","'ONZ",42.0990786111111,83.1614686111111
2,DEWITT,"'MI10",42.8658888888889,84.7053986111111
2,DEWITT,"'92MI",42.8616666666667,84.6191666666667
2,DEXTER,"'2E8",42.425125,83.8685416666667
2,DOWAGIAC,"'C91",41.9929166666667,86.1282777777778
2,"DRUMMOND ISLAND","'DRM",46.0093113888889,83.7439341666667
2,DURAND,"'29M",42.8907194444444,83.9321944444444
2,DUTTON,"'14MI",42.8508633333333,85.5669677777778
2,"EAST JORDAN","'MI24",45.1416744444444,85.0067183333333
2,"EAST JORDAN","'Y94",45.1301839166667,85.106815
2,"EAST TAWAS","'6D9",44.3128333333333,83.4223055555556
2,EASTPORT,"'59M",45.0548686388889,85.3568966388889
2,"EATON RAPIDS","'04MI",42.5344811111111,84.6283130555556
2,"EATON RAPIDS","'60G",42.5838083333333,84.6514805555556
2,"ELK RAPIDS","'34U",44.8388911111111,85.4311813888889
2,ELWELL,"'68R",43.3994861111111,84.8012430555555
2,EMMETT,"'2E2",42.9516083333333,82.7758652777778
2,EMPIRE,"'Y87",44.7905163888889,86.0027698055555
2,ESCANABA,"'ESC",45.722675,87.0937166666667
2,EVART,"'9C8",43.8948611111111,85.28475
2,"FAIR HAVEN","'MI15",42.7291986111111,82.6651941666667
2,FARWELL,"'4MI7",43.8133588888889,84.8216861111111
2,FENNVILLE,"'MI76",42.5500269444444,86.2167008333333
2,"FIFE LAKE","'MI60",44.5913888888889,85.3108333333333
2,FLINT,"'FNT",42.9654722222222,83.74475
2,FLUSHING,"'MI18",43.0930827777778,83.8360733333333
2,FLUSHING,"'3DA",43.0525024166667,83.8048997777778
2,FOWLERVILLE,"'65G",42.7180582222222,84.0606802777778
2,FRANKENMUTH,"'66G",43.3143583333333,83.7100638888889
2,FRANKFORT,"'FKS",44.6252194444444,86.2008083333333
2,FREMONT,"'FFX",43.4393055555556,85.9948888888889
2,FRUITPORT,"'39Z",43.1051138888889,86.1212694444445
2,GAINES,"'16MI",42.8891666666667,83.8666241666667
2,GAYLORD,"'GLR",45.0130277777778,84.7034444444445
2,GAYLORD,"'4Y4",44.9118055555556,84.8753388888889
2,GLADSTONE,"'43MI",45.8591311111111,87.1168038888889
2,GLADWIN,"'GDW",43.9705894444444,84.4750197222222
2,GLADWIN,"'5M6",44.1403708333333,84.436975
2,"GRAND HAVEN","'3GM",43.0340555555556,86.1981666666667
2,"GRAND LEDGE","'4D0",42.7748821111111,84.7331384722222
2,"GRAND MARAIS","'Y98",46.6203647222222,85.9200836388889
2,"GRAND RAPIDS","'GRR",42.8808333333333,85.5228055555555
2,GRANDVILLE,"'MI78",42.9166925,85.7833672222222
2,GRAYLING,"'GOV",44.6803333333333,84.7288611111111
2,GRAYLING,"'6MI0",44.6147333333333,84.9519833333333
2,GREENVILLE,"'02MI",43.1570027777778,85.1489277777778
2,GREENVILLE,"'6D6",43.1421388888889,85.2538611111111
2,GREENVILLE,"'MI80",43.1283627777778,85.3991916666667
2,GREGORY,"'69G",42.4417016666667,84.0666186111111
2,GWINN,"'0MI4",46.2702227777778,87.3865283333333
2,HALE,"'H80",44.3646916666667,83.7628236111111
2,HANCOCK,"'CMX",47.1684172222222,88.4890608333333
2,"HARBOR SPRINGS","'MGN",45.4254722222222,84.9134722222222
2,HARRIETTA,"'4Y9",44.3077486111111,85.7720416666667
2,HARRISON,"'80D",44.0522751944444,84.81314175
2,HARRISVILLE,"'5Y0",44.6682222222222,83.3051111111111
2,"HARSENS ISLAND","'Z92",42.5894583333333,82.5756861111111
2,HART/SHELBY,"'C04",43.6416347222222,86.3290654166667
2,HASTINGS,"'9D9",42.6633061111111,85.3457533333333
2,HEMLOCK,"'1MI4",43.4219166666667,84.1947666666667
2,HESSEL,"'5Y1",46.0354291666667,84.4177027777778
2,HILLMAN,"'Y95",45.0832195,83.9384945
2,HILLSDALE,"'JYM",41.9213027777778,84.5866986111111
2,HOLLAND,"'BIV",42.7427777777778,86.1078333333333
2,"HOUGHTON LAKE","'HTL",44.3598690277778,84.6694830277778
2,"HOUGHTON LAKE HEIGHTS","'5Y2",44.3291827777778,84.7916952777778
2,HOWELL,"'MI27",42.6125319444444,83.854115
2,HOWELL,"'OZW",42.6294277777778,83.9821930555556
2,HOWELL,"'1MI5",42.6030555555556,83.8597222222222
2,HOWELL,"'4Y1",42.5652513888889,83.8563055555556
2,HUBBARD,"'1MI8",44.8466777777778,83.636925
2,HUDSONVILLE,"'MI82",42.8764133333333,85.955595
2,HUDSONVILLE,"'MI39",42.8522361111111,85.8391083333333
2,HULBERT,"'0MI6",46.3875113888889,85.1839813888889
2,IDA,"'MI12",41.90555,83.6320111111111
2,"INDIAN RIVER","'Y65",45.408345,84.6000355555556
2,INTERLOCHEN,"'Y88",44.6057041388889,85.7567901111111
2,IONIA,"'Y70",42.9379278611111,85.0605730277778
2,"IRON MOUNTAIN","'MI92",45.9327305555556,88.0981861111111
2,"IRON MOUNTAIN KINGSFORD","'IMT",45.8183611111111,88.1145555555556
2,"IRON RIVER","'Y73",46.0788194444444,88.6355
2,IRONWOOD,"'IWD",46.5274722222222,90.1313888888889
2,ISHPEMING,"'M61",46.3452186111111,87.7884680555556
2,JACKSON,"'JXN",42.2604430555556,84.4621386111111
2,JACKSON,"'5MI7",42.3610694444444,84.4248194444444
2,JENISON,"'08C",42.9367226388889,85.8057526388889
2,JEROME,"'79MI",41.9979416666667,84.4763888888889
2,KALAMAZOO,"'66MI",42.2283766666667,85.484445
2,KALAMAZOO,"'AZO",42.2343888888889,85.5515555555556
2,KALAMAZOO,"'4N0",42.2889263888889,85.7500105555556
2,KALKASKA,"'Y89",44.7251833333333,85.203125
2,"KENT CITY","'24M",43.2447463888889,85.7117088888889
2,LAINGSBURG,"'15W",42.8944166666667,84.3922222222222
2,LAKE,"'07MI",43.8641891666667,85.0239188888889
2,"LAKE CITY","'Y91",44.3201376388889,85.1701974166667
2,"LAKE GEORGE","'3MI0",43.9369647222222,85.0219755555556
2,"LAKE ISABELLA","'D15",43.6444727777778,84.9819683333333
2,LAKEVIEW,"'13C",43.45225,85.2646388888889
2,LAMBERTVILLE,"'DUH",41.735875,83.6557638888889
2,LANSING,"'LAN",42.7786388888889,84.5861944444444
2,LAPEER,"'D95",43.0664722222222,83.2715555555556
2,LEWISTON,"'8M8",44.8065277777778,84.2761944444444
2,LEXINGTON,"'7MI",43.3417430555556,82.5482847222222
2,LINCOLN,"'3L7",44.7383455555556,83.3796922222222
2,LINDEN,"'9G2",42.8076111111111,83.7689722222222
2,LITCHFIELD,"'MI35",42.0778230555556,84.8291344444444
2,LOWELL,"'24C",42.9546583333333,85.3456166666667
2,LOWELL,"'26MI",42.92392,85.3780730555556
2,LUDINGTON,"'LDM",43.9625277777778,86.4079166666667
2,LUTHER,"'95MI",44.0870258333333,85.7307415277778
2,LUZERNE,"'5Y4",44.6600147222222,84.2375119444444
2,"MACKINAC ISLAND","'MCD",45.8649833333333,84.6370944444444
2,MACON,"'MI70",42.0711536111111,83.8835525
2,MANCELONA,"'D90",44.9236606388889,85.0676484722222
2,MANCHESTER,"'75G",42.1950972222222,84.0308611111111
2,MANISTEE,"'MBL",44.2724722222222,86.2468888888889
2,MANISTIQUE,"'ISQ",45.9746388888889,86.1718333333333
2,"MAPLE CITY","'MI02",44.8910583333333,85.8892472222222
2,MARCELLUS,"'67MI",41.997875,85.8534833333333
2,"MARINE CITY","'76G",42.7213791666667,82.5962541666667
2,"MARINE CITY","'MI37",42.7555880555556,82.5582469444444
2,MARLETTE,"'77G",43.3118330555556,83.0909202777778
2,MARQUETTE,"'SAW",46.3491583333333,87.3963716666667
2,MARQUETTE,"'1MI9",46.4721583333333,87.3501388888889
2,MARSHALL,"'RMY",42.2511931666667,84.9554443055556
2,MASON,"'MI38",42.6022577777778,84.4263619444444
2,MASON,"'TEW",42.5657777777778,84.4231944444444
2,MASON,"'29MI",42.6000358333333,84.4499736111111
2,MATTAWAN,"'8MI3",42.1972666666667,85.8061861111111
2,MAYBEE,"'60MI",42.0414305555556,83.5668777777778
2,MEARS,"'MI71",43.6444511111111,86.4528552777778
2,MECOSTA,"'0C5",43.5770111111111,85.284
2,MECOSTA,"'2MI9",43.6241930555556,85.3178155555556
2,MECOSTA,"'27C",43.6300463055556,85.2614893611111
2,MENOMINEE,"'MNM",45.1266880555556,87.6385429444444
2,MIDLAND,"'IKW",43.6629166666667,84.2613055555556
2,MILAN,"'MI09",42.0500430555556,83.7402169444445
2,MILAN,"'1MI6",42.087925,83.7655194444444
2,MILLINGTON,"'9MI5",43.2378025,83.5243986111111
2,MILLINGTON,"'6MI1",43.26308,83.563845
2,MIO,"'51M",44.6748333333333,84.1220416666667
2,MONROE,"'TTF",41.9398888888889,83.4346666666667
2,MOORESTOWN,"'6Y0",44.4629777777778,84.9966194444444
2,"MOUNT CLEMENS","'MTC",42.6138936111111,82.8369097222222
2,"MOUNT PLEASANT","'MI44",43.6722511111111,84.73668
2,"MOUNT PLEASANT","'MOP",43.6216388888889,84.7373055555556
2,MULLIKEN,"'44MI",42.7736455555556,84.8999930555556
2,MUNISING,"'5Y7",46.3541166666667,86.6209902777778
2,MUSKEGON,"'MKG",43.1676717222222,86.2354387222222
2,NAPOLEON,"'3NP",42.1710038055556,84.2593087222222
2,NAPOLEON,"'6H4",42.1557638888889,84.3343194444444
2,NAPOLEON,"'26W",42.2097222222222,84.2316666666667
2,"NEW HUDSON","'Y47",42.5031238888889,83.6237013888889
2,NEWBERRY,"'ERY",46.311,85.4571666666667
2,NEWBERRY,"'6Y5",46.6933458333333,85.4220958333333
2,NEWPORT,"'MI53",42.0092113888889,83.2582627777778
2,NEWPORT,"'9MI2",41.98785,83.307625
2,NILES,"'MI22",41.8736577777778,86.2027880555556
2,NILES,"'3TR",41.8358888888889,86.2251666666667
2,"NORTH FOX ISLAND","'6Y3",45.4820972222222,85.7808291666667
2,"NORTH MUSKEGON","'MI86",43.3425,86.1869444444444
2,NORTHPORT,"'3MI2",45.3991611111111,85.8300805555556
2,NORTHPORT,"'5D5",45.1643468611111,85.5754781111111
2,NUNICA,"'5N7",43.0971905555556,86.0946186111111
2,NUNICA,"'33C",43.0822416666667,86.0947722222222
2,OAKLEY,"'7MI6",43.1103044444444,84.1263611111111
2,ONAWAY,"'1MI3",45.1958455555556,84.3216816666667
2,ONTONAGON,"'OGM",46.8454722222222,89.3670833333333
2,ORTONVILLE,"'MI45",42.8080841666667,83.4518880555556
2,ORTONVILLE,"'3MI7",42.8291958333333,83.3685533333333
2,OSCODA,"'OSC",44.4515277777778,83.3941666666667
2,OWOSSO,"'RNP",42.9929722222222,84.1385
2,OXFORD,"'37MI",42.8528075,83.2277172222222
2,PARCHMENT,"'2H4",42.3654009166667,85.5558388333333
2,"PARKERS CORNERS","'MI26",42.5515,84.0982888888889
2,"PAW PAW","'2C5",42.2529847222222,85.8516541666667
2,PELLSTON,"'PLN",45.5709166666667,84.7967222222222
2,PETERSBURG,"'4MI1",41.8306033333333,83.6874375
2,PETERSBURG,"'88G",41.9197683333333,83.7349386111111
2,PETERSBURG,"'MI48",41.8333811111111,83.6832708333333
2,PETERSBURG,"'7MI5",41.8875466666667,83.6766041666667
2,PINCONNING,"'52I",43.8468388888889,84.0127944444444
2,PLAINWELL,"'61D",42.4677931388889,85.6480460833333
2,PLYMOUTH,"'1D2",42.3478055555556,83.4563333333333
2,PONTIAC,"'PTK",42.6656361944444,83.4205056388889
2,"PORT AUSTIN","'29C",44.0467777777778,82.9144166666667
2,"PORT HURON","'PHN",42.9109722222222,82.5288611111111
2,POSEN,"'49MI",45.1606833333333,83.74095
2,PULLMAN,"'M86",42.4709722222222,86.1256388888889
2,RAY,"'57D",42.7367515555555,82.8888375555556
2,"REED CITY","'RCT",43.9000163888889,85.5167172222222
2,RICHMOND,"'MI99",42.8006902777778,82.6599861111111
2,RILEY,"'75MI",42.9713888888889,82.8477777777778
2,ROCK,"'6Y4",46.0520625,87.2582902777778
2,ROCKFORD,"'35C",43.1286333333333,85.5051861111111
2,"ROGERS CITY","'PZQ",45.4070833333333,83.8128611111111
2,ROMEO,"'D98",42.7963341666667,82.97426
2,ROSCOMMON,"'3RC",44.4736962777778,84.5636741666667
2,SAGINAW,"'MBS",43.5329269444444,84.0796358333333
2,SAGINAW,"'HYX",43.4333611111111,83.8623055555556
2,SALINE,"'68MI",42.1463888888889,83.7919444444444
2,SANDUSKY,"'96G",43.3757222222222,82.8188333333333
2,SANDUSKY,"'Y83",43.4556356111111,82.8417811944445
2,"SAULT STE MARIE","'CIU",46.2507511111111,84.4723847222222
2,"SAULT STE MARIE","'ANJ",46.4792222222222,84.3683888888889
2,SAWYER,"'7MI2",41.8908333333333,86.5883611111111
2,SCHOOLCRAFT,"'MI89",42.1486538888889,85.6527794444444
2,SCHOOLCRAFT,"'P97",42.12375,85.7102777777778
2,SEBEWAING,"'98G",43.7295092222222,83.4636168888889
2,SHERIDAN,"'MI13",43.1616666666667,85.0616666666667
2,SIDNAW,"'6Y9",46.5086527777778,88.7058472222222
2,"SOUTH HAVEN","'LWA",42.3513330833333,86.2557436111111
2,"SOUTH ROCKWOOD","'78MI",42.0405994444444,83.3035413888889
2,SPARTA,"'8D4",43.1274375555556,85.6791295833333
2,"SPRING LAKE","'34MI",43.100295,86.2233875
2,"ST CLAIR","'5Y5",42.7977777777778,82.5364722222222
2,"ST HELEN","'6Y6",44.3680034722222,84.4021555555556
2,"ST IGNACE","'83D",45.8914444444444,84.7381388888889
2,"ST JOHNS","'MI28",42.9069763888889,84.4722013888889
2,"ST JOHNS","'97G",43.0000319444444,84.5958202777778
2,"ST JOHNS","'3S5",43.0358627777778,84.43387
2,"ST JOHNS","'M99",43.0612,84.5483888888889
2,"ST JOHNS","'39T",43.0647527777778,84.4891516666667
2,"ST. CLAIR","'MI41",42.8316980555556,82.5346372222222
2,"ST. JOHNS","'25MI",42.9385277777778,84.5771833333333
2,STANWOOD,"'38C",43.5984722222222,85.4924722222222
2,STEUBEN,"'8MI7",46.1619061111111,86.4843191666667
2,STURGIS,"'IRS",41.8132876111111,85.4389607222222
2,SUNFIELD,"'C43",42.7700319444444,84.9649575
2,TECUMSEH,"'3TE",42.0251108333333,83.9392969444444
2,TECUMSEH,"'34G",41.975045,83.9252191666667
2,TECUMSEH,"'22T",42.0338486388889,83.8783535277778
2,THOMPSONVILLE,"'7Y2",44.5177946111111,85.9705678333333
2,"THREE OAKS","'4MI6",41.8578202777778,86.6144672222222
2,"THREE RIVERS","'HAI",41.95975,85.5930555555556
2,TOPINABEE,"'Y30",45.5311219444444,84.5569816666667
2,"TRAVERSE CITY","'TVC",44.7415833333333,85.5818611111111
2,"TRAVERSE CITY","'4M0",44.6961527777778,85.9140486111111
2,TROY,"'VLL",42.5429444444444,83.1778888888889
2,VASSAR,"'7MI8",43.3391666666667,83.4761111111111
2,VASSAR,"'27MI",43.3728008333333,83.4866213888889
2,VASSAR,"'2MI8",43.3433566666667,83.5352338888889
2,VERMONTVILLE,"'35MI",42.6339244444444,84.9858272222222
2,VICKSBURG,"'7MI3",42.1167125,85.5166630555556
2,WATERSMEET,"'72MI",46.2862222222222,89.2780833333333
2,WATERVLIET,"'40C",42.2007217222222,86.2493655555556
2,WAYLAND,"'41C",42.6916983333333,85.6458552777778
2,WEBBERVILLE,"'46MI",42.5461111111111,84.1277777777778
2,WEIDMAN,"'D11",43.7206486111111,85.0022430555556
2,"WEST BRANCH","'Y31",44.2448169444444,84.1798086111111
2,WESTPHALIA,"'3F5",42.9113990277778,84.6748665277778
2,"WHITE CLOUD","'42C",43.5598472222222,85.7741527777778
2,"WHITMORE LAKE","'MI29",42.3764247222222,83.79272
2,WHITTEMORE,"'2MI6",44.2874305555556,83.7609138888889
2,WILLIAMSTON,"'89Y",42.7338611111111,84.3221111111111
2,WILLIS,"'86MI",42.1528186111111,83.5674366666667
2,WINN,"'53W",43.5546027777778,84.9789638888889
2,YALE,"'48G",43.1034444444444,82.8902222222222
2,YALE,"'4Y8",43.2022444444444,82.7538888888889
2,YALE,"'D20",43.1110513888889,82.7867180555556
2,ZEELAND,"'6MI3",42.7630811111111,85.982815
2,ZEELAND,"'85MI",42.9323333333333,86.0138333333333
2,ZEELAND,"'6MI7",42.8061361111111,85.9342027777778
2,ZEELAND,"'Z98",42.8171763888889,85.9279166666667
2,ADA,"'MN01",47.2833013888889,96.6170166666667
2,"ADA/TWIN VALLEY","'D00",47.2604675,96.4002638888889
2,AFTON,"'MY35",44.9311055555556,92.8125222222222
2,AITKIN,"'AIT",46.5484619444444,93.6766321666667
2,AKELEY,"'1MN2",46.9383333333333,94.7570333333333
2,"ALBERT LEA","'AEL",43.68131425,93.3681483611111
2,ALEXANDRIA,"'AXN",45.8663055555556,95.3946666666667
2,AMBOY,"'2MY2",43.9074166666667,94.2746666666667
2,ANGUS,"'MN06",48.0499747222222,96.7836766666667
2,APPLETON,"'AQP",45.22750175,96.0045294166667
2,ARGYLE,"'7MN6",48.3427566666667,96.8808969444444
2,ASHBY,"'13MN",46.1007936111111,95.8314388888889
2,ATWATER,"'67MN",45.2019077777778,94.8011138888889
2,ATWATER,"'68MN",45.0485972222222,94.8366680555556
2,AUSTIN,"'AUM",43.6626388888889,92.9329166666667
2,BACKUS,"'7Y3",46.827175,94.5067861111111
2,BAGLEY,"'7Y4",47.52403125,95.3637125
2,BAGLEY,"'5MN2",47.3957902777778,95.3675183333333
2,BARNESVILLE,"'94MN",46.5766269444444,96.512015
2,BARNESVILLE,"'9MN3",46.6652377777778,96.4411794444444
2,BARNESVILLE,"'9MN5",46.7119036111111,96.3514547222222
2,BARNSVILLE,"'4MN2",46.6638475,96.2417572222222
2,"BATTLE LAKE","'00MN",46.2999602777778,95.7003241666667
2,BAUDETTE,"'BDE",48.73025,94.6110555555556
2,BELVIEW,"'MN98",44.6473125,95.3049166666667
2,BEMIDJI,"'BJI",47.5107222222222,94.9347222222222
2,BEMIDJI,"'38MN",47.4110641666667,94.7724941666667
2,BEMIDJI,"'MY54",47.4382858333333,94.8122177777778
2,BEMIDJI,"'MN13",47.4960627777778,94.9527808333333
2,BEMIDJI,"'98MN",47.2964222222222,94.8847305555556
2,BENSON,"'BBB",45.3319166666667,95.6505833333333
2,BENSON,"'MN11",45.29996,95.5450322222222
2,"BIG FALLS","'7Y9",48.2005156666667,93.7623763333333
2,BIGFORK,"'FOZ",47.7839340277778,93.6509936944445
2,"BINGHAM LAKE","'40MN",43.8666236111111,95.0141561111111
2,"BLUE EARTH","'SBU",43.5953611111111,94.0928611111111
2,"BLUE EARTH","'2MN4",43.59845,94.2529
2,BOWSTRING,"'9Y0",47.5582444444444,93.8700638888889
2,BRAINERD,"'MN18",46.1781588888889,94.0886016666667
2,BRAINERD,"'BRD",46.4042222222222,94.1338055555556
2,BRAINERD,"'MN17",46.2721888888889,94.2394416666667
2,BRECKENRIDGE,"'69MN",46.2777372222222,96.4295133333333
2,"BREEZY POINT","'8MN3",46.5958333333333,94.22
2,BROOTEN,"'6D1",45.4970486111111,95.1042097222222
2,BUCKMAN,"'55MN",45.863075,94.1339216666667
2,BUFFALO,"'CFE",45.1588333333333,93.8433055555556
2,CALEDONIA,"'CHU",43.5963586111111,91.5039463888889
2,CAMBRIDGE,"'CBG",45.5574947222222,93.2641844444445
2,CAMBRIDGE,"'9MN1",45.6116288888889,93.1974455555556
2,"CAMP RIPLEY","'RYM",46.0899783333333,94.3598638888889
2,CANBY,"'CNB",44.7295,96.2660277777778
2,"CEDAR MILLS","'MN20",44.9105175,94.5713788888889
2,CEYLON,"'MY80",43.5221780555555,94.5824780555556
2,"CLARA CITY","'66MN",44.9771809722222,95.4227958333333
2,CLARISSA,"'8Y5",46.1130194444444,94.9066897222222
2,"CLEAR LAKE","'8Y6",45.44441,93.9710916666667
2,"CLEAR LAKE","'2MY4",45.4338694444444,93.9487138888889
2,CLEARWATER,"'5MN4",45.4125208333333,94.0766505555555
2,CLOQUET,"'COQ",46.7011111111111,92.5035555555556
2,CLOQUET,"'MY94",46.7525,92.4191666666667
2,COATES,"'MY52",44.7185775,93.0441022222222
2,COOK,"'CQM",47.8222816944444,92.689525
2,CORCORAN,"'42MN",45.0841302777778,93.5644027777778
2,COSMOS,"'MN28",44.9830175,94.7480519444445
2,CROOKSTON,"'CKN",47.8416569444444,96.6214536111111
2,CROWN,"'MY95",45.4463888888889,93.3827777777778
2,DEERWOOD,"'5MN7",46.3871838888889,93.9319269444444
2,DELANO,"'MN19",45.0473222222222,93.8363555555556
2,"DETROIT LAKES","'DTL",46.8251388888889,95.8855
2,DEXTER,"'7MY9",43.7467166666667,92.7245
2,"DODGE CENTER","'TOB",44.0179956388889,92.8316200555556
2,DULUTH,"'DLH",46.84206975,92.1932372222222
2,DULUTH,"'DYT",46.7221227777778,92.0443866666667
2,"EAGLE LAKE","'MN08",44.1264944444444,93.8717583333333
2,"EAST GRAND FORKS","'MN81",47.9888686111111,97.0311858333333
2,"EAST GRAND FORKS","'2MN0",48.082115,97.0162475
2,"EAST GULL LAKE","'9Y2",46.3838555555556,94.3736138888889
2,"ELBOW LAKE","'Y63",45.9861666666667,95.98575
2,"ELK RIVER","'MN40",45.362465,93.5885725
2,ELKO,"'MN15",44.6233388888889,93.4020527777778
2,ELY,"'ELO",47.8240130833333,91.8293205833333
2,ELYSIAN,"'75MN",44.1866333333333,93.7141166666667
2,ERSKINE,"'76MN",47.5963511111111,96.0217061111111
2,ERSKINE,"'MN42",47.6585725,95.9461452777778
2,EUCLID,"'MY59",47.9016388888889,96.612285
2,EUCLID,"'45MN",47.9260833333333,96.6142291666667
2,EUCLID,"'8MN1",47.9666666666667,96.6402083333333
2,EVELETH,"'EVM",47.4241666666667,92.4965555555555
2,EYOTA,"'MY37",43.981725,92.2458833333333
2,FAIRMONT,"'FRM",43.6439444444445,94.4156111111111
2,FARIBAULT,"'FBL",44.3289693888889,93.3130736388889
2,FARMINGTON,"'69MY",44.6610769444444,93.100215
2,FARMINGTON,"'MN45",44.5702777777778,93.1321597222222
2,FARMINGTON,"'MY97",44.5980194444444,93.1268805555556
2,"FERGUS FALLS","'FFM",46.2843888888889,96.1566944444444
2,FERTILE,"'D14",47.5518577777778,96.2921552777778
2,"FOREST LAKE","'25D",45.2474097222222,92.9928541666667
2,FOSSTON,"'FSE",47.5928202777778,95.7734988888889
2,FRONTENAC,"'MY50",44.5027452777778,92.3612927777778
2,"GARDEN CITY","'24MN",44.0041294444444,94.1780130555556
2,GARFIELD,"'MN44",45.9361305555556,95.5255180555556
2,GARRISON,"'7MN4",46.3194038888889,93.8308105555556
2,GATZKE,"'MN50",48.3702452777778,95.8069491666667
2,GATZKE,"'78MN",48.3788566666667,95.8116711111111
2,GATZKE,"'77MN",48.3713561111111,95.7880591666667
2,GATZKE,"'79MN",48.3777447222222,95.7544458333333
2,GLENCOE,"'GYL",44.7560058333333,94.0814605555556
2,GLENWOOD,"'MN71",45.4798902777778,95.3377097222222
2,GLENWOOD,"'GHW",45.6438301388889,95.3204489166667
2,GLUEK,"'2MN1",45.0460697222222,95.4644658333333
2,GONVICK,"'MY42",47.8638458333333,95.5269555555555
2,GOODHUE,"'6MN7",44.4010416666667,92.6876
2,GRACEVILLE,"'4MN5",45.5505186111111,96.45145
2,"GRAND MARAIS","'CKC",47.8384316666667,90.3845780555556
2,"GRAND RAPIDS","'GPZ",47.2092838888889,93.5099447222222
2,"GRANITE FALLS","'GDB",44.7524592222222,95.5555300833333
2,GRYGLA,"'3G2",48.2940833333333,95.6259722222222
2,HACKENSACK,"'MN00",46.9605,94.425
2,HALLOCK,"'HCO",48.7527313888889,96.9430030555556
2,HALSTAD,"'8MN2",47.3355861111111,96.7489333333333
2,HALSTAD,"'26MN",47.3299713888889,96.7836888888889
2,"HAM LAKE","'MN87",45.2436111111111,93.2216666666667
2,HASTINGS,"'MN55",44.705245,92.8118694444444
2,HASTINGS,"'MN58",44.697745,92.8640941666667
2,HASTINGS,"'49MN",44.6719116666667,92.8263144444444
2,HAWLEY,"'04Y",46.8837777777778,96.3506111111111
2,HAWLEY,"'MY99",46.8574583333333,96.2352
2,HECTOR,"'1D6",44.7311659444444,94.7137364722222
2,HENNING,"'05Y",46.3039888888889,95.4422583333333
2,HERMAN,"'06Y",45.8299605555556,96.1606144444444
2,HIBBING,"'MN52",47.2285,93.0911111111111
2,HIBBING,"'HIB",47.3865833333333,92.8389722222222
2,HIBBING,"'MY56",47.2524361111111,92.8593605555556
2,"HILL CITY","'07Y",46.955895,93.5974427777778
2,HINCKLEY,"'MN57",46.0360722222222,92.9882527777778
2,HINCKLEY,"'04W",46.0228681111111,92.8951744166667
2,HINKLEY,"'33MN",45.9888388888889,92.9016
2,HOLDINGFORD,"'MY57",45.7632983333333,94.4575033333333
2,HUTCHINSON,"'HCD",44.8598888888889,94.3825
2,HUTCHINSON,"'MN36",44.9485722222222,94.2601694444444
2,HUTCHINSON,"'MN62",44.8499622222222,94.3502602777778
2,"INTERNATIONAL FALLS","'INL",48.5655833333333,93.4021666666667
2,"INVER GROVE HEIGHTS","'35MN",44.8155219444444,93.0135469444444
2,ISLE,"'MY72",46.1596769444444,93.4613475
2,IVANHOE,"'4MN4",44.4557980555556,96.2305952777778
2,JACKSON,"'MJQ",43.6501388888889,94.9865833333333
2,JACOBSON,"'2MN2",46.9403611111111,93.2979388888889
2,JACOBSON,"'8MN8",47.0127244444444,93.39383
2,JEFFERS,"'81MN",44.0305125,95.1955486111111
2,JORDAN,"'9MN6",44.6434352777778,93.6996813888889
2,JORDAN,"'MN63",44.6832961111111,93.6369016666667
2,KARLSTAD,"'23D",48.5776013888889,96.5412680555556
2,KELLIHER,"'04MN",47.9857922222222,94.6869177777778
2,KENNEDY,"'52MN",48.6430347222222,96.8072766666667
2,"LAKE BRONSON","'27MN",48.7374783333333,96.6544877777778
2,"LAKE PARK","'MY29",46.7968944444444,96.0996111111111
2,LAKEFIELD,"'03MN",43.6252383333333,95.2247222222222
2,LAPORTE,"'MN12",47.1988888888889,94.7522222222222
2,"LE SUEUR","'12Y",44.4408880833333,93.9158472777778
2,LINDSTROM,"'5MN5",45.4363516666667,92.8349363888889
2,"LINO LAKES","'MY18",45.1871883333333,93.1305008333333
2,"LINO LAKES","'MN24",45.1617166666667,93.1208333333333
2,LITCHFIELD,"'MN31",45.0621844444444,94.5791591666667
2,LITCHFIELD,"'LJF",45.0971388888889,94.50725
2,"LITTLE FALLS","'LXL",45.9494166666667,94.3470555555556
2,LITTLEFORK,"'13Y",48.4082777777778,93.579425
2,LITTLEFORK,"'MN23",48.4536111111111,93.6011111111111
2,"LONG PRAIRIE","'14Y",45.8975941666667,94.8736227777778
2,LONGVILLE,"'XVG",46.9899075,94.2036319444445
2,LORETTO,"'MN66",45.0631388888889,93.6523333333333
2,LUVERNE,"'LYV",43.61676925,96.2177363888889
2,LYDIA,"'MN67",44.659685,93.5182861111111
2,LYLE,"'53MN",43.545935,93.0266394444444
2,MADISON,"'DXX",44.9864352777778,96.1778595
2,MAHNOMEN,"'3N8",47.2605051666667,95.9280868333333
2,MANKATO,"'93MN",44.0321029722222,93.9483695277778
2,MANKATO,"'MKT",44.2227777777778,93.9193055555556
2,"MAPLE LAKE","'MGG",45.2359927777778,93.9855888888889
2,"MAPLE PLAIN","'MN69",45.0027405555556,93.6719061111111
2,MARSHALL,"'MML",44.4517222222222,95.8244166666667
2,"MC GREGOR","'HZX",46.6187972222222,93.3098111111111
2,MEDFORD,"'6MN8",44.1527408333333,93.2724355555555
2,"MIDDLE RIVER","'5MN9",48.4235830555556,96.1289094444444
2,MILACA,"'18Y",45.7724647222222,93.6321844444444
2,MINNEAPOLIS,"'LVN",44.6278611111111,93.2280833333333
2,MINNEAPOLIS,"'ANE",45.1448888888889,93.2101944444445
2,MINNEAPOLIS,"'MIC",45.0619802777778,93.3538916666667
2,MINNEAPOLIS,"'FCM",44.8275,93.4585833333333
2,MINNEAPOLIS,"'MSP",44.8819722222222,93.2217777777778
2,"MINNESOTA LAKE","'MN74",43.8305138888889,93.8405061111111
2,MONTEVIDEO,"'MVE",44.9691944444444,95.7103888888889
2,MONTGOMERY,"'MN49",44.4238519444444,93.4843930555556
2,MOORHEAD,"'MN77",46.9235736111111,96.7156336111111
2,MOORHEAD,"'JKJ",46.8392777777778,96.6640277777778
2,"MOOSE LAKE","'MZH",46.4186111111111,92.8047777777778
2,MORA,"'JMR",45.8918983333333,93.2729491666667
2,MORRIS,"'MOX",45.5659955555556,95.9671933333333
2,MORTON,"'56MN",44.6455163888889,94.9613847222222
2,MOTLEY,"'18MN",46.2371877777778,94.5930686111111
2,NARY,"'5MN1",47.3753888888889,94.79875
2,"NEW TRIER","'36MN",44.5830555555556,92.9438888888889
2,"NEW ULM","'ULM",44.3183866666667,94.5016433333333
2,"NEW YORK MILLS","'4MN1",46.6509805555556,95.354875
2,NICOLLET,"'MY46",44.2791666666667,94.2133333333333
2,NIELSVILLE,"'84MN",47.5333069444444,96.8309125
2,"NORTH BRANCH","'MY90",45.4821852777778,92.9885511111111
2,"NORTH MANKATO","'MN46",44.2185833333333,94.1371527777778
2,"NORTH PRAIRIE","'2MN7",45.7916305555556,94.3408305555556
2,NORTHOME,"'43Y",47.8879937777778,94.2581291666667
2,NORWOOD,"'47MN",44.705326,93.854373
2,OLIVIA,"'OVL",44.7785719444444,95.0327783333333
2,ONAMIA,"'MY66",46.0705175,93.8471988888889
2,ONAMIA,"'MN85",46.0332930555556,93.6613558333333
2,ORONOCO,"'MN32",44.1913547222222,92.4526805555556
2,ORR,"'ORB",48.0159166666667,92.8560555555556
2,ORTONVILLE,"'VVV",45.3041294444444,96.4246088888889
2,OSTER,"'3MN9",44.9844127777778,93.9360802777778
2,OWATONNA,"'OWA",44.1229518055556,93.2588264166667
2,"PARK RAPIDS","'MY24",46.8621811111111,95.0522436111111
2,"PARK RAPIDS","'PKD",46.9012038055556,95.07310625
2,"PARK RAPIDS","'MN86",47.0457922222222,95.1225208333333
2,PAYNESVILLE,"'PEX",45.3720635277778,94.7447263055556
2,"PELICAN RAPIDS","'47Y",46.6413291666667,96.1041444444444
2,PERHAM,"'MN89",46.6166261111111,95.6503213888889
2,PERHAM,"'16D",46.6109722222222,95.6061111111111
2,PIERZ,"'MY15",45.9557980555556,93.9894283333333
2,"PINE RIVER","'PWC",46.7247875,94.3817
2,PINECREEK,"'48Y",48.9989749444444,95.9820861388889
2,PIPESTONE,"'PQN",43.98213175,96.3004077777778
2,PLAINVIEW,"'85MN",44.1585766666667,92.2021133333333
2,PONSFORD,"'6MN0",47.0555555555556,95.4230555555555
2,PRESTON,"'FKA",43.67675,92.17975
2,PRESTON,"'23MN",43.6410758333333,92.0221030555556
2,PRINCETON,"'90MN",45.677,93.5395
2,PRINCETON,"'MN47",45.5496861111111,93.4697555555556
2,PRINCETON,"'8MN6",45.5836,93.741275
2,PRINCETON,"'MN68",45.656818,93.482312
2,PRINCETON,"'PNM",45.5598611111111,93.6082222222222
2,PRINCETON,"'MN91",45.5374644444444,93.5141241666667
2,PROCTOR,"'MN92",46.7499422222222,92.3001911111111
2,"RED LAKE FALLS","'D81",47.8265152777778,96.2597791666667
2,"RED WING","'RGK",44.5893611111111,92.4849722222222
2,"REDWOOD FALLS","'RWF",44.5468888888889,95.082
2,REMER,"'52Y",47.0680091666667,93.9141236111111
2,ROCHESTER,"'2MN8",43.996075,92.3357252777778
2,ROCHESTER,"'RST",43.9082777777778,92.5000277777778
2,ROOSEVELT,"'59MN",48.5994230555556,95.1869052777778
2,ROOSEVELT,"'87MN",48.8102622222222,95.2016205555556
2,ROSEAU,"'ROX",48.85625,95.6969444444444
2,ROTHSAY,"'MN95",46.5110702777778,96.1920047222222
2,"RUSH CITY","'ROS",45.6971541666667,92.9521755555556
2,RUSHFORD,"'55Y",43.815825,91.830095
2,SABIN,"'3MN7",46.8005166666667,96.595
2,SAGINAW,"'43MN",46.9340305555556,92.412775
2,"SAUK CENTRE","'D39",45.7066026666667,94.9332464722222
2,SEAFORTH,"'60MN",44.4680133333333,95.2836125
2,SEARLES,"'MN88",44.2288888888889,94.4152777777778
2,"SILVER BAY","'BFW",47.2490277777778,91.4155833333333
2,"SILVER LAKE","'MN41",44.9734276388889,94.21418625
2,SLAYTON,"'DVP",43.9867916666667,95.7826111111111
2,"SLEEPY EYE","'Y58",44.2496395833333,94.710425
2,"SOUTH ST PAUL","'SGS",44.8571388888889,93.0328611111111
2,"SPRING GROVE","'MY10",43.5610791666667,91.6815355555556
2,"SPRING VALLEY","'7MN3",43.7052408333333,92.4607275
2,SPRINGFIELD,"'D42",44.2310555555555,94.9989166666667
2,"ST CHARLES","'2MN6",44.0471858333333,92.09294
2,"ST CLOUD","'STC",45.5462222222222,94.0593888888889
2,"ST FRANCIS","'MY43",45.4027422222222,93.3893983333333
2,"ST JAMES","'JYG",43.9863538888889,94.5579741666667
2,"ST PAUL","'21D",44.9974924722222,92.8556813611111
2,"ST PAUL","'STP",44.9346225,93.0603424444444
2,STACY,"'MN51",45.4535747222222,92.9747222222222
2,STANTON,"'SYN",44.4755222222222,93.0163216666667
2,STAPLES,"'SAZ",46.3808794444444,94.8066016666667
2,STARBUCK,"'D32",45.5991625,95.5361541666667
2,STEPHEN,"'D41",48.4583122222222,96.8628388888889
2,TAUNTON,"'MY04",44.6599611111111,96.0372558333333
2,"TAYLORS FALLS","'62MN",45.3813513888889,92.6824302777778
2,TENNEY,"'1MN0",46.0435702777778,96.5461811111111
2,"THIEF RIVER FALLS","'TVF",48.0656772222222,96.1849952777778
2,"THIEF RIVER FALLS","'7MN8",48.0697222222222,96.2794444444445
2,TINTAH,"'29MN",46.0282930555556,96.3628427777778
2,TOWER,"'12D",47.8181555555555,92.2860666666667
2,TRACY,"'TKC",44.2492366666667,95.6074086111111
2,TROSKY,"'MY12",43.8808030555556,96.2530866666667
2,TRUMAN,"'MY00",43.8941236111111,94.4938569444444
2,"TWO HARBORS","'39MN",47.0368775,91.7104538888889
2,"TWO HARBORS","'TWM",47.0491388888889,91.7452222222222
2,"TWO HARBORS","'63MN",47.0943744444444,91.6001752777778
2,TYLER,"'63Y",44.2882902777778,96.1509555555556
2,VESTA,"'8MN4",44.4846833333333,95.5091944444444
2,WACONIA,"'1MN5",44.8435733333333,93.7399625
2,WADENA,"'ADC",46.449945,95.2108320277778
2,WALKER,"'Y49",47.1594806666667,94.6453466944445
2,WARREN,"'MY01",48.1458077777778,96.7525625
2,WARREN,"'D37",48.1911666666667,96.7113055555556
2,WARROAD,"'RRT",48.9414722222222,95.3484722222222
2,WASECA,"'ACQ",44.0734722222222,93.5529441666667
2,WASKISH,"'VWU",48.1484555555556,94.5169152777778
2,WATKINS,"'32MN",45.3674638888889,94.3994372222222
2,WATKINS,"'15MN",45.2622111111111,94.5106583333333
2,WEBSTER,"'1MN8",44.5257388888889,93.3274583333333
2,WELCH,"'28MN",44.5681,92.7570166666667
2,WELLS,"'68Y",43.7412208333333,93.777175
2,WENDELL,"'92MN",46.0144041666667,96.1017241666667
2,WENDELL,"'1MY1",45.9852777777778,96.1944444444444
2,WENDELL,"'65MN",45.9641266666667,96.1497808333333
2,WESTBROOK,"'3MN4",43.9508444444444,95.3853277777778
2,WHEATON,"'MY68",45.7771830555556,96.3914525
2,WHEATON,"'ETH",45.7805060833333,96.5437979722222
2,"WHITE BEAR TOWNSHIP","'6MN9",45.1166333333333,92.9960505555556
2,WILLMAR,"'BDH",45.1170277777778,95.1293333333333
2,WINDOM,"'MWM",43.9134116666667,95.1094
2,WINONA,"'ONA",44.0796098888889,91.7116298888889
2,WINSTED,"'10D",44.9499627777778,94.0669175
2,WOLVERTON,"'MY07",46.5832941666667,96.6064630555556
2,WORTHINGTON,"'OTG",43.6550555555556,95.5791944444444
2,"YOUNG AMERICA","'88MN",44.8016666666667,93.9502777777778
2,ADRIAN,"'MU07",38.3947402777778,94.3102258333333
2,ALBA,"'00MO",37.2028347222222,94.4124477777778
2,ALBANY,"'K19",40.2621944444444,94.3390277777778
2,ANDERSON,"'MO13",36.6404333333333,94.4893472222222
2,ANNADA,"'38MO",39.2556025,90.855685
2,ARCHIE,"'03MU",38.4919444444444,94.4123555555555
2,ARKOE,"'MU35",40.2674905555556,94.7866347222222
2,ATHERTON,"'4MO8",39.2066666666667,94.2697222222222
2,ATLANTA,"'MU06",39.9317472222222,92.5751555555556
2,AURORA,"'2H2",36.9623055555556,93.6953333333333
2,AVA,"'MO77",36.9750544444444,92.5426661111111
2,AVA,"'AOV",36.9718872222222,92.6819458333333
2,AVILLA,"'0MU1",37.2466666666667,94.1738888888889
2,"BATES CITY","'2M1",39.0196388888889,94.0865
2,BAY,"'MU21",38.5236577777778,91.5176627777778
2,BEAUFORT,"'16MO",38.4056061111111,91.1573694444445
2,BELLE,"'MU14",38.2995722222222,91.6896138888889
2,BELLE,"'MO78",38.3167111111111,91.7835
2,BELLFLOWER,"'MO86",38.9597222222222,91.3038888888889
2,BELTON,"'MU26",38.7708472222222,94.5589944444445
2,BETHANY,"'75K",40.2768333333333,94.0074166666667
2,BETHANY,"'MO53",40.2333369444444,93.9335613888889
2,BISMARCK,"'H57",37.7588055555556,90.6168055555556
2,BISMARCK,"'MO81",37.6708833333333,90.6148458333333
2,BOLCKOW,"'31MO",40.1055477777778,94.7432994444444
2,BOLIVAR,"'M17",37.5961069444444,93.3476986111111
2,BOLIVAR,"'MU19",37.5491694444444,93.3997472222222
2,"BONNE TERRE","'1BT",37.9189805555555,90.5752027777778
2,BOONVILLE,"'VER",38.9467222222222,92.6826666666667
2,"BOWLING GREEN","'H19",39.3699166666667,91.2192777777778
2,BRANSON,"'BBG",36.5320825,93.2005444444444
2,BRANSON,"'PLK",36.6259281388889,93.2289228888889
2,"BRANSON WEST","'FWB",36.6985,93.40225
2,BROOKFIELD,"'MO8",39.7713611111111,93.0127777777778
2,BROOKFIELD,"'MU03",39.7146,93.1401652777778
2,BRUNSWICK,"'23MO",39.4704888888889,93.0899319444444
2,BUFFALO,"'H17",37.6540833333333,93.087
2,BUFFALO,"'97MO",37.7567047222222,93.0162977777778
2,"BURLINGTON JUNCTION","'MU09",40.4666577777778,95.0210855555556
2,BUTLER,"'BUM",38.2897777777778,94.3401388888889
2,CABOOL,"'TVB",37.1324444444444,92.0839722222222
2,CALIFORNIA,"'MO23",38.6408333333333,92.5291666666667
2,CAMDENTON,"'OZS",37.9739722222222,92.6911944444444
2,CAMDENTON,"'24MO",38.1327,92.8304611111111
2,CAMERON,"'EZZ",39.7275555555556,94.2763888888889
2,CAMERON,"'MO27",39.7352805555556,94.1927222222222
2,CAMPBELL,"'34M",36.4860555555556,90.0156944444444
2,"CAPE GIRARDEAU","'CGI",37.2253055555556,89.57075
2,"CARL JUNCTION","'25MO",37.1858333333333,94.5511111111111
2,"CARL JUNCTION","'MO22",37.1916666666667,94.5497222222222
2,CARROLLTON,"'K26",39.3121666666667,93.5065555555556
2,CARTHAGE,"'MO33",37.1292262222222,94.2538313888889
2,CARTHAGE,"'2MO8",37.1350591666667,94.3641119444444
2,CARTHAGE,"'2MO6",37.2315166666667,94.3112805555556
2,CARTHAGE,"'3MO5",37.1281147222222,94.2161111111111
2,CARTHAGE,"'27MO",37.1938888888889,94.2241666666667
2,CARTHAGE,"'80MO",37.2765361111111,94.3518972222222
2,CARUTHERSVILLE,"'M05",36.1691111111111,89.6764722222222
2,CASSVILLE,"'94K",36.6974166666667,93.9005277777778
2,CEDARCREEK,"'MU24",36.5717305555556,93.0368430555556
2,CENTERVIEW,"'2MO0",38.7863888888889,93.8672222222222
2,CENTERVILLE,"'MO96",37.4161586111111,90.9634572222222
2,CHARLESTON,"'CHQ",36.8421372222222,89.3596577777778
2,CHILLICOTHE,"'CHT",39.7820154444444,93.4962360833333
2,CLEVELAND,"'MO98",38.7130652777778,94.5849544444444
2,"CLIMAX SPRINGS","'MU11",38.2208613888889,93.0154736111111
2,"CLIMAX SPRINGS","'MO99",38.1164188888889,93.0771394444444
2,CLINTON,"'GLY",38.3547002777778,93.6791869444444
2,CLINTON,"'0MO0",38.4102975,93.8502152777778
2,COLUMBIA,"'MO74",38.9191333333333,92.1634277777778
2,COLUMBIA,"'COU",38.8173333333333,92.2180277777778
2,COLUMBIA,"'MU32",38.9511477777778,92.4474063888889
2,COLUMBIA,"'MU23",39.0305941666667,92.3918488888889
2,CONWAY,"'MU57",37.5185736111111,92.8169263888889
2,CRAIG,"'MO24",40.142775,95.3883111111111
2,CREIGHTON,"'0MO1",38.5444586111111,94.0946647222222
2,CUBA,"'UBX",38.068773,91.4288585
2,DEARBORN,"'0C1",39.48775,94.7811388888889
2,DEXTER,"'DXE",36.7754166666667,89.94125
2,DONIPHAN,"'X33",36.6938611111111,90.7844722222222
2,DREXEL,"'MU62",38.5633458333333,94.5910658333333
2,DUDLEY,"'MO54",36.7819983333333,90.0889855555556
2,"EAGLE ROCK","'MU98",36.5180555555556,93.6842222222222
2,"EAST LYNNE","'87MO",38.6961219444444,94.2580013888889
2,"EAST PRAIRIE","'MO57",36.7070013888889,89.4667422222222
2,EDINA,"'0MO5",40.1333725,92.1001786111111
2,"EL DORADO SPRINGS","'87K",37.8571388888889,93.9976388888889
2,ELDON,"'H79",38.3615838055556,92.5713176111111
2,ELKLAND,"'MU63",37.4350438888889,93.0668494444444
2,ELLINGTON,"'93MO",37.2032805555556,91.1233125
2,ELSBERRY,"'0MO8",39.1406041666667,90.7367911111111
2,EOLIA,"'MO35",39.2128246944444,90.9173547777778
2,EVERTON,"'MO34",37.3597222222222,93.6625
2,"EXCELSIOR SPRINGS","'3EX",39.3372777777778,94.1974166666667
2,"FAIR GROVE","'MO68",37.4053222222222,93.0996277777778
2,"FAIR GROVE","'MO14",37.4227777777778,93.2086111111111
2,"FAIR GROVE","'0MU9",37.3377888888889,93.1640777777778
2,FAIRDEALING,"'MO58",36.65839,90.6403947222222
2,FAIRFAX,"'24MU",40.3627766666667,95.4385925
2,FARMINGTON,"'FAM",37.7610277777778,90.4286111111111
2,FARMINGTON,"'MU65",37.7694955555556,90.4656788888889
2,FAUCETT,"'61MU",39.5881905555556,94.7838227777778
2,FAUCETT,"'9MO3",39.6416619444444,94.8135738888889
2,FAYETTE,"'MU77",39.1291972222222,92.7307388888889
2,FESTUS,"'42MO",38.1231091666667,90.3890105555556
2,FESTUS,"'FES",38.1949430555556,90.3854263888889
2,FORISTELL,"'66MO",38.8334555555556,90.951425
2,FORISTELL,"'98MO",38.7861613888889,90.94236
2,"FORT LEONARD WOOD","'TBN",37.7416388888889,92.1407222222222
2,FREDERICKTOWN,"'H88",37.6056388888889,90.2874722222222
2,FREDERICKTOWN,"'MU22",37.6886777777778,90.1942666666667
2,FREDERICKTOWN,"'32MO",37.57672,90.2259502777778
2,FREEMAN,"'0MO3",38.624925,94.5216583333333
2,FULTON,"'FTT",38.8381111111111,92.0025833333333
2,FULTON,"'73MU",38.8855819444444,91.9690855555556
2,GAINESVILLE,"'H27",36.6138277777778,92.3995972222222
2,GAINESVILLE,"'11MU",36.6579163888889,92.4655789722222
2,GAINESVILLE,"'MU48",36.6483947222222,92.2204352777778
2,GALLATIN,"'1MO3",39.9333375,94.0738361111111
2,GALLATIN,"'1MO4",39.8916758333333,93.8641086111111
2,GIDEON,"'M85",36.4437558333333,89.9038383333333
2,GOLDEN,"'MO04",36.5618138888889,93.6392638888889
2,GOLDEN,"'MO32",36.5294111111111,93.6769694444445
2,"GOLDEN CITY","'7MO7",37.3997416666667,94.2095944444444
2,GORIN,"'1MO7",40.3639266666667,91.9751741666667
2,GORIN,"'MO82",40.408925,92.0568438888889
2,"GRAIN VALLEY","'3GV",39.0146411944444,94.2148584444444
2,"GRAIN VALLEY","'62MO",39.0605619444444,94.20328
2,GRAINVILLE,"'61MO",39.5486488888889,92.0987844444444
2,GRANBY,"'44MU",36.9080555555556,94.31
2,GRANDIN,"'1MO6",36.836165,90.7223422222222
2,"GRAVOIS MILLS","'MO30",38.2698523055556,92.8114818333333
2,"GRAVOIS MILLS","'1MO8",38.2528072222222,92.8029680555556
2,"GREEN CITY","'MO83",40.2530766666667,92.9549277777778
2,HANNIBAL,"'HAE",39.7251666666667,91.4438611111111
2,HARRISONVILLE,"'LRY",38.6101944444444,94.3435277777778
2,HARRISONVILLE,"'MO37",38.7230666666667,94.3818944444444
2,"HAWK POINT","'MO93",39.0448194444444,91.1480944444445
2,"HAWK POINT","'74MU",39.0400444444444,91.1304241666667
2,"HAWK POINT","'2MU9",38.9652111111111,91.1181388888889
2,HAYTI,"'M28",36.22425,89.7288333333333
2,HERMANN,"'MU68",38.6689336111111,91.5359988888889
2,HERMANN,"'63M",38.7051680555556,91.4905541666667
2,HIGBEE,"'69MO",39.3083702777778,92.4540686111111
2,HIGGINSVILLE,"'HIG",39.0724444444444,93.6773611111111
2,HOLT,"'MO71",39.4630555555556,94.4183333333333
2,HOLT,"'2MO2",39.4641697222222,94.3080005555556
2,HORNERSVILLE,"'37M",36.0419974166667,90.1491343888889
2,HOUSTON,"'6MO3",37.3491666666667,92.1283333333333
2,HOUSTON,"'M48",37.3302222222222,91.9731666666667
2,HOUSTON,"'MU25",37.4378230555556,91.9493222222222
2,HURDLAND,"'MU33",40.0769816666667,92.3199083333333
2,JACKSON,"'1MU7",37.4653275,89.6120408333333
2,JAMESPORT,"'MU16",40.0002880555556,93.7899427777778
2,JASPER,"'78MU",37.2964427777778,94.1952211111111
2,JASPER,"'08MO",37.3956055555556,94.2838361111111
2,"JEFFERSON CITY","'JEF",38.5911736111111,92.1561447222222
2,JONESBURG,"'MO07",38.8725436111111,91.3001555555555
2,JONESBURG,"'55MO",38.8716055555556,91.2602055555556
2,JOPLIN,"'MO49",36.9702777777778,94.5766666666667
2,JOPLIN,"'JLN",37.1531683333333,94.4988077777778
2,KAHOKA,"'0H7",40.4217222222222,91.7066666666667
2,"KAISER/LAKE OZARK","'AIZ",38.0960277777778,92.5494722222222
2,"KANSAS CITY","'MKC",39.1229444444444,94.5928333333333
2,"KANSAS CITY","'MCI",39.2976111111111,94.7138888888889
2,"KANSAS CITY","'2MO9",38.9500066666667,94.4502297222222
2,KEARNEY,"'3MO6",39.3355566666667,94.4835630555555
2,KEARNEY,"'MO26",39.3938911111111,94.3530030555555
2,KENNETT,"'TKX",36.2258619444444,90.0366411111111
2,KEYTESVILLE,"'MO36",39.409625,92.8942916666667
2,"KIMBERLING CITY","'MO64",36.6097855555556,93.4446311111111
2,KIRBYVILLE,"'MO65",36.5833966666667,93.1029558333333
2,KIRKSVILLE,"'IRK",40.0934722222222,92.5449166666667
2,"KNOB NOSTER","'SZL",38.7303055555556,93.5478638888889
2,"LA PLATA","'4MO3",39.9917019444444,92.491855
2,LADDONIA,"'95MO",39.2594841666667,91.6501602777778
2,LAMAR,"'LLU",37.4859722222222,94.312
2,LANCASTER,"'4MO2",40.5583622222222,92.4418530555556
2,LAURIE,"'MO89",38.1741972222222,92.8585238888889
2,LEBANON,"'LBO",37.6483333333333,92.6524444444444
2,LEBANON,"'30MO",37.6458758333333,92.4946147222222
2,"LEE'S SUMMIT","'LXT",38.9590977777778,94.371895
2,LENOX,"'13MO",37.6764313888889,91.7065408333333
2,LESLIE,"'72MO",38.4259722222222,91.2452777777778
2,LEWISTOWN,"'MO09",40.0236533333333,91.87378
2,LEXINGTON,"'4K3",39.2098888888889,93.9277222222222
2,LIBERTY,"'4MO4",39.2166702777778,94.3335597222222
2,LIBERTY,"'0N0",39.2898333333333,94.4424444444444
2,LICKING,"'6MU9",37.5347666666667,91.9651583333333
2,LINCOLN,"'0R2",38.4023333333333,93.33225
2,LINN,"'1H3",38.4716111111111,91.8172222222222
2,LOCKWOOD,"'MO95",37.3939486111111,93.9599680555556
2,LOCKWOOD,"'MU27",37.4681013888889,93.9293816666667
2,"LONE JACK","'4MO9",38.8925083333333,94.1085561111111
2,"LONE JACK","'0MU7",38.8750086111111,94.1396672222222
2,"LONE JACK","'MU84",38.8994525,94.2293908333333
2,LOUISANA,"'MO46",39.5203238611111,91.1718078888889
2,LOUISIANA,"'4MO6",39.4389347222222,91.118195
2,LYNCHBURG,"'78MO",37.4565569444445,92.4041305555556
2,MACON,"'K89",39.7298055555556,92.4567222222222
2,MALDEN,"'MU04",36.58978,89.9200888888889
2,MALDEN,"'MAW",36.5982049166667,89.9925483333333
2,MANSFIELD,"'03B",37.1267777777778,92.6216111111111
2,MARCELINE,"'0MU4",39.6150027777778,92.8655833333333
2,MARSHALL,"'MHL",39.0955,93.2028055555555
2,MARSHFIELD,"'MO85",37.2517155555556,92.8337841666667
2,MARYVILLE,"'EVU",40.3532912222222,94.9166354166667
2,MARYVILLE,"'78Y",40.3316944444444,94.8346944444445
2,MATTHEWS,"'65MO",36.732825,89.5821277777778
2,MAYSVILLE,"'8MO5",39.8227766666667,94.3841180555556
2,MEMPHIS,"'03D",40.44725,92.2269444444444
2,MEXICO,"'6MU4",39.0378166666667,91.7254444444444
2,MEXICO,"'MYJ",39.1575116666667,91.8182638888889
2,MILAN,"'MU38",40.1788055555556,93.1316777777778
2,MILLER,"'MO9",37.2298125,93.9302083333333
2,MILLERSVILLE,"'0MU8",37.4386622222222,89.7589861111111
2,MOBERLY,"'5MO1",39.3842033333333,92.3762905555556
2,MOBERLY,"'MBY",39.4634166666667,92.4263888888889
2,MONETT,"'56MO",36.9708933333333,93.9240966666667
2,MONETT,"'HFJ",36.9062222222222,94.01275
2,"MONROE CITY","'K52",39.6344108333333,91.7269944444444
2,"MONTGOMERY CITY","'17MO",38.9850402777778,91.534885
2,"MONTGOMERY CITY","'MO45",38.8922222222222,91.5659972222222
2,"MONTGOMERY CITY","'4MO1",39.0126388888889,91.4194722222222
2,"MONTGOMERY CITY","'MO43",38.9685166666667,91.4434833333333
2,MONTICELLO,"'6M6",40.1291763888889,91.6782694444445
2,MONTROSE,"'MO75",38.3050225,94.0532761111111
2,MOSBY,"'GPH",39.3325077777778,94.3096480555556
2,"MOSCOW MILLS","'M71",38.901775,90.9603055555555
2,"MOUND CITY","'4MO7",40.1413888888889,95.2408333333333
2,"MOUNT VERNON","'2MO",37.0683902777778,93.8849302777778
2,"MOUNT VERNON","'77MO",37.0903330555556,93.7693716666667
2,"MOUNTAIN GROVE","'1MO",37.1208614166667,92.3101066666667
2,"MOUNTAIN GROVE","'MO80",37.1606072222222,92.3234955555556
2,"MOUNTAIN VIEW","'MNF",36.9928333333333,91.7144722222222
2,NEOSHO,"'EOS",36.8108055555556,94.3916944444444
2,NEVADA,"'NVD",37.8524766944444,94.30460775
2,"NEW BOSTON","'5MO9",39.9825,92.8644444444444
2,"NEW HAVEN","'MU83",38.5058333333333,91.2486111111111
2,"NEW MADRID","'EIW",36.5353055555556,89.5997222222222
2,"OAK GROVE","'MO87",38.9458411111111,94.1618905555555
2,"OAK GROVE","'MU85",38.9550077777778,94.1274458333333
2,ODESSA,"'MU20",38.9455641666667,93.9646661111111
2,"OLD MONROE","'6MO0",38.9556052777778,90.8148516666667
2,"OSAGE BEACH","'K15",38.1104444444444,92.6805555555556
2,OSBORN,"'17MU",39.6827916666667,94.3720972222222
2,OSBORN,"'MU31",39.7935416666667,94.4363611111111
2,OSBORN,"'MO25",39.6937611111111,94.4063861111111
2,OSCEOLA,"'23MU",38.0185833333333,93.6932222222222
2,OSCEOLA,"'6MO4",38.0416966666667,93.783545
2,OWENSVILLE,"'MO48",38.3373083333333,91.4213861111111
2,OZARK,"'18MO",36.9625544444444,93.1707369444444
2,OZARK,"'MO66",37.0589888888889,93.1452972222222
2,OZARK,"'6MO7",37.0292194444444,93.1668483333333
2,OZARK,"'MU70",36.9950536111111,93.1387916666667
2,PARIS,"'MU40",39.4605944444444,92.0104483333333
2,PARIS,"'MU00",39.4444836111111,91.9518352777778
2,PARNELL,"'MU13",40.4691319444444,94.7164652777778
2,PERRY,"'MO11",39.4004577777778,91.582935
2,PERRY,"'7MO1",39.4722627777778,91.7112711111111
2,PERRYVILLE,"'PCD",37.8686666666667,89.8621388888889
2,PIEDMONT,"'PYN",37.1261375,90.7135286111111
2,"PILOT GROVE","'OMU9",38.8841869444444,92.9854730555555
2,PINEVILLE,"'7MO3",36.6000727777778,94.3502130555556
2,PITTSBURG,"'67MO",37.8108691666667,93.36992
2,"PLATTE CITY","'7MO4",39.4319425,94.8030166666667
2,PLATTSBURG,"'51MO",39.5945833333333,94.4614166666667
2,"PLEASANT HILL","'MO29",38.7718555555556,94.3337
2,"PLEASANT HILL","'43MO",38.7833444444444,94.3700833333333
2,POLO,"'37MO",39.5661277777778,94.1846916666667
2,"POPLAR BLUFF","'MO67",36.7111666666667,90.3139952777778
2,"POPLAR BLUFF","'POF",36.7739444444444,90.3248611111111
2,"POPLAR BLUFF","'MU88",36.858,90.3997583333333
2,PORTAGEVILLE,"'3MO4",36.4506186111111,89.6281347222222
2,POTOSI,"'8WC",37.92919525,90.7314840277778
2,PURDY,"'MU41",36.7952,93.8995166666667
2,"QUEEN CITY","'15MO",40.3919458333333,92.5647708333333
2,REPUBLIC,"'1MU0",37.1667186111111,93.5626977777778
2,RICHLAND,"'MO1",37.8748888888889,92.4080555555555
2,RICHMOND,"'8MO3",39.3247336111111,93.9416080555555
2,RICHMOND,"'03MO",39.2888305555556,93.9924222222222
2,RIDGELY,"'1MU2",39.4474,94.6672333333333
2,ROCKVILLE,"'2MO4",38.1144444444444,94.1766666666667
2,ROGERSVILLE,"'MO18",37.1227541666667,93.0921319444444
2,ROGERSVILLE,"'MO31",37.0500055555556,93.0728555555556
2,ROLLA,"'36MO",37.8528194444444,91.6468194444444
2,ROLLA,"'K07",37.9356522222222,91.8135475
2,ROLLA/VICHY,"'VIH",38.1274166666667,91.7695
2,ROSCOE,"'28MO",37.9739205555556,93.8188236111111
2,"ROUND SPRING","'MU34",37.3362125,91.3937402777778
2,RUSHVILLE,"'8MO7",39.4916625,95.0066313888889
2,RUSHVILLE,"'1MU8",39.5541666666667,94.9986111111111
2,SALEM,"'K33",37.6152222222222,91.6044444444444
2,SAVANNAH,"'9MO4",39.9791605555556,94.8738580555556
2,SEDALIA,"'MO08",38.6627941666667,93.3327077777778
2,SEDALIA,"'DMO",38.7074166666667,93.1759166666667
2,SEYMOUR,"'H58",37.18405,92.7370527777778
2,SHELBYVILLE,"'6K2",39.8125666666667,92.0502166666667
2,"SHELL KNOB","'MO06",36.6223777777778,93.5399416666667
2,"SHELL KNOB","'21MU",36.564925,93.5096333333333
2,"SHELL KNOB","'MO00",36.5922180555555,93.6638152777778
2,SHERIDAN,"'MO62",40.5102672222222,94.5816294444444
2,SIKESTON,"'SIK",36.8988888888889,89.56175
2,SILEX,"'MO39",39.1115861111111,91.0415055555555
2,SILEX,"'54MO",39.1426166666667,90.9588
2,SMITHVILLE,"'79MU",39.3302786111111,94.5566208333333
2,SMITHVILLE,"'92MU",39.4091194444444,94.6062277777778
2,SMITHVILLE,"'29MO",39.3515333333333,94.5177333333333
2,SPARTA,"'9MO5",37.0625,93.0984027777778
2,SPRINGFIELD,"'MU12",37.1403275,93.2154619444444
2,SPRINGFIELD,"'3DW",37.2227055555555,93.2483486111111
2,SPRINGFIELD,"'MO2",37.17515,93.1289333333333
2,SPRINGFIELD,"'39MO",37.1186613888889,93.2049058333333
2,SPRINGFIELD,"'SGF",37.2456666666667,93.3886388888889
2,"ST CHARLES","'SET",38.9296944444444,90.4299722222222
2,"ST JOSEPH","'64MO",39.6652722222222,95.0133016666667
2,"ST JOSEPH","'44MO",39.7097169444444,94.8021855555556
2,"ST JOSEPH","'STJ",39.7719444444444,94.9097055555556
2,"ST LOUIS","'1H0",38.7273333333333,90.5084166666667
2,"ST LOUIS","'SUS",38.6621111111111,90.6520555555556
2,"ST LOUIS","'STL",38.7486972222222,90.3700288888889
2,"ST PETERS","'45MO",38.8472733333333,90.6390119444444
2,"ST. JAMES","'96MU",37.9434111111111,91.6021333333333
2,"STE GENEVIEVE","'6MO2",37.9861636111111,90.033445
2,STEELE,"'M12",36.0956111111111,89.8594722222222
2,STOCKTON,"'MO3",37.6602777777778,93.8168333333333
2,STOVER,"'9MO6",38.1930844444444,92.9924169444444
2,STRAFFORD,"'MO01",37.2500472222222,93.1060144444444
2,SULLIVAN,"'UUV",38.2334722222222,91.1642777777778
2,SUMNER,"'9MO9",39.5500236111111,93.2502058333333
2,TARKIO,"'K57",40.445935,95.3673013888889
2,THAYER,"'42M",36.5223263888889,91.5725194444445
2,THEODOSIA,"'MO56",36.5142313888889,92.6401658333333
2,THEODOSIA,"'26MO",36.6133944444444,92.7846138888889
2,TRENTON,"'TRX",40.0835277777778,93.5906388888889
2,TRIMBLE,"'MO94",39.4999977777778,94.5802319444444
2,TROY,"'02MO",39.0462611111111,91.0282194444444
2,TROY,"'MU89",38.911925,91.0361944444444
2,UNIONVILLE,"'K43",40.5402222222222,93.0255277777778
2,"VAN BUREN","'MO5",37.0093888888889,91.0068888888889
2,"VAN BUREN","'MO72",37.038975,90.8585666666667
2,VERSAILLES,"'3VS",38.4282722222222,92.8752638888889
2,VIBURNUM,"'MO84",37.7167127777778,91.1334672222222
2,WAKENDA,"'71MO",39.2919658333333,93.3840975
2,WALDRON,"'06MO",39.2305575,94.8044058333333
2,WARRENSBURG,"'07MO",38.6500147222222,93.6168794444445
2,WARRENSBURG,"'1MU4",38.6516802777778,93.7788269444444
2,WARRENSBURG,"'RCM",38.7841666666667,93.8028611111111
2,WARRENTON,"'MU02",38.80977,91.1034797222222
2,WARRENTON,"'2MO7",38.8666666666667,91.0861111111111
2,WARRENTON,"'MU18",38.7810388888889,91.1645027777778
2,WARSAW,"'RAW",38.3478472222222,93.3453875
2,WASHINGTON,"'FYG",38.5875833333333,90.9938055555556
2,WATSON,"'MO17",40.4791686111111,95.6461013888889
2,WAYNESVILLE,"'MU78",37.8479638888889,92.1889333333333
2,"WEST PLAINS","'88MO",36.7017266666667,91.8026475
2,"WEST PLAINS","'94MO",36.8053361111111,91.8812605555556
2,"WEST PLAINS","'UNO",36.8784230555556,91.9026744444445
2,WESTLINE,"'89MO",38.5833452777778,94.5796766666667
2,WESTON,"'MO51",39.4236091666667,94.8477397222222
2,WESTON,"'MU71",39.3492138888889,94.8578861111111
2,WILLARD,"'2MO1",37.3200463888889,93.4199158333333
2,WILLARD,"'09MO",37.3783777777778,93.3632480555556
2,WILLARD,"'41MO",37.3608788888889,93.4957527777778
2,WILLIAMSBURG,"'10MO",38.918175,91.6831
2,WILLIAMSBURG,"'11MO",38.9017075,91.6351677777778
2,WILLIAMSVILLE,"'79MO",36.9866666666667,90.5433333333333
2,WILLIAMSVILLE,"'MO73",36.9875519444444,90.5584488888889
2,"WILLOW SPRINGS","'1H5",36.9896180555556,91.9540763888889
2,WINDSOR,"'12MO",38.5805719444444,93.5946561111111
2,WINDSOR,"'1MO2",38.5456666666667,93.5076111111111
2,"MIDWAY ATOLL","'MDY",28.2014833333333,177.381308333333
2,"PALMYRA ISLAND ATOLL","'P16",5.88333333333333,162.066666666667
2,ABERDEEN/AMORY,"'M40",33.87375,88.4896666666667
2,ACKERMAN,"'9M4",33.3034575,89.2284002777778
2,ALLIGATOR,"'MS09",34.1017755555556,90.7012116666667
2,ASHLAND,"'MS14",34.8138888888889,89.1996166666667
2,BARLOW,"'20MS",31.8285,90.6528333333333
2,BATESVILLE,"'PMU",34.3635,89.8928888888889
2,"BAY SPRINGS","'00M",31.95375,89.2353333333333
2,"BAY ST LOUIS","'HSA",30.3678055555556,89.4546111111111
2,BELMONT,"'01M",34.4918176111111,88.2012103333333
2,BELZONI,"'1M2",33.1451805555556,90.5152847222222
2,BENOIT,"'0MS8",33.6992761111111,91.1651116666667
2,BENOIT,"'MS37",33.6534458333333,90.9889944444444
2,BILOXI,"'BIX",30.4104266666667,88.9244352777778
2,BOLTON,"'7MS7",32.373825,90.43695
2,BOONEVILLE/BALDWYN,"'8M1",34.5918611111111,88.6485
2,BRANDON,"'5MS6",32.4235166666667,90.0075861111111
2,BRANDON,"'6MS6",32.4014611111111,89.8970819444444
2,BRANDON,"'MS20",32.4544444444444,89.9044444444445
2,BRANDON,"'MS11",32.2084819444444,89.9417475
2,BRANDON,"'6MS1",32.4558333333333,89.9697222222222
2,BROOKHAVEN,"'1R7",31.6058333333333,90.4093055555556
2,BROOKHAVEN,"'38MS",31.5490666666667,90.3090666666667
2,BRUCE,"'MS80",34.0019055555556,89.3150944444445
2,BYHALIA,"'7MS3",34.7108888888889,89.7191944444444
2,CALEDONIA,"'2MS3",33.6129166666667,88.3686111111111
2,"CALHOUN CITY","'MS76",33.7748694444444,89.244775
2,"CAMP SHELBY","'SH1",31.2054699166667,89.1760435277778
2,CANTON,"'7MS4",32.6037083333333,90.1927888888889
2,CANTON,"'7MS1",32.6069444444444,89.9833333333333
2,CANTON,"'MS29",32.6019444444444,89.8638888888889
2,CANTON,"'4MS9",32.6659722222222,90.0676388888889
2,CANTON,"'MS36",32.65,89.9708333333333
2,CARRIERE,"'13MS",30.6333333333333,89.6638888888889
2,CARTHAGE,"'08M",32.7615833333333,89.5303888888889
2,CHARLESTON,"'MS33",33.9806305555556,90.1669083333333
2,CHARLESTON,"'09M",33.9913611111111,90.0785555555556
2,CLARKSDALE,"'CKM",34.2997222222222,90.5123055555556
2,CLARKSDALE,"'02CD",34.1296055555556,90.524025
2,CLEVELAND,"'RNV",33.7625277777778,90.7579444444444
2,COLDWATER,"'08MS",34.6622222222222,89.8683333333333
2,COLUMBIA,"'9MS9",31.2025444444444,89.7497555555556
2,COLUMBIA,"'0R0",31.297,89.8128333333333
2,COLUMBIA,"'5MS3",31.175,89.8030555555556
2,COLUMBUS,"'CBM",33.645175,88.4459194444444
2,COLUMBUS,"'UBS",33.4653333333333,88.38075
2,"COLUMBUS/W POINT/STARKVILLE","'GTR",33.4482777777778,88.5913888888889
2,CORINTH,"'CRX",34.9149677777778,88.6034836111111
2,CROSBY,"'C71",31.2964013888889,91.0525375
2,"CRYSTAL SPRINGS","'M11",31.9024444444444,90.36675
2,"CRYSTAL SPRINGS","'6MS2",31.9838611111111,90.3353611111111
2,DIAMONDHEAD,"'66Y",30.3629794444444,89.3876541666667
2,DREW,"'M37",33.7763916666667,90.5250083333333
2,EDWARDS,"'MS24",32.2468155555556,90.5823211111111
2,EUPORA,"'06M",33.5348333333333,89.3131111111111
2,FLORA,"'3MS6",32.5543063888889,90.3028680555556
2,FLORA,"'3MS3",32.5158611111111,90.3511666666667
2,FLORENCE,"'MS58",32.1654275,90.0439725
2,FLOWOOD,"'MS90",32.3155555555556,90.1436111111111
2,FOREST,"'2M4",32.3549444444444,89.4881666666667
2,FOXWORTH,"'32MS",31.1941666666667,89.9525
2,FOXWORTH,"'46MS",31.295,89.985
2,FULTON,"'8MS2",34.2338888888889,88.5072222222222
2,GAUTIER,"'34MS",30.4738333333333,88.6961944444444
2,"GLEN ALLAN","'MS13",33.0756788888889,90.9534361111111
2,"GLEN ALLAN","'MS75",33.0140130555556,91.0389941666667
2,GOODMAN,"'1MS2",32.9429589444444,89.92990225
2,GREENVILLE,"'MS30",33.3021166666667,90.9900611111111
2,GREENVILLE,"'GLH",33.4828811111111,90.9856138888889
2,GREENWOOD,"'GWO",33.4933089444444,90.0866774166667
2,GREENWOOD,"'8MS1",33.5850444444444,90.0977361111111
2,GRENADA,"'GNF",33.8324444444444,89.7981666666667
2,GRENADA,"'2MS8",33.7895620555556,89.8741936388889
2,GULFPORT,"'GPT",30.4072691666667,89.0700958333333
2,GULFPORT,"'MS82",30.5104722222222,89.1472641666667
2,HATTIESBURG,"'HBG",31.2649444444444,89.2528888888889
2,HATTIESBURG-LAUREL,"'PIB",31.4671388888889,89.3370555555556
2,HERMANVILLE,"'MS59",31.997,90.8421666666667
2,HERNANDO,"'MS9",34.7964305555556,89.9132222222222
2,HERNANDO,"'H75",34.7981544444444,90.0370358333333
2,HERNANDO,"'MS64",34.8483416666667,89.8779916666667
2,HICKORY,"'14MS",32.3452777777778,89.0341666666667
2,HOLLANDALE,"'14M",33.1825148888889,90.8304934722222
2,HOLLANDALE,"'90MS",33.1433333333333,91.06
2,"HOLLY SPRINGS","'M41",34.8043611111111,89.5211111111111
2,"HOLLY SPRINGS","'19MS",34.8374166666667,89.2613333333333
2,"HOLLY SPRINGS","'3MS1",34.8069444444444,89.4616666666667
2,HOUSTON,"'M44",33.8864930555556,89.0229805555555
2,HOUSTON,"'2MS9",33.8329355555556,88.9226791111111
2,HOUSTON,"'0MS9",33.8006708333333,89.0272830555556
2,INDIANOLA,"'IDL",33.4857222222222,90.6788888888889
2,INVERNESS,"'MS77",33.3317869444444,90.6431477777778
2,INVERNESS,"'MS21",33.332065,90.582035
2,IUKA,"'15M",34.7733333333333,88.1660833333333
2,JACKSON,"'HKS",32.3347777777778,90.2225277777778
2,JACKSON,"'JAN",32.3111666666667,90.0758888888889
2,KOSCIUSKO,"'OSX",33.09025,89.5420277777778
2,LAKESHORE,"'5MS2",30.2508055555556,89.451
2,LAUREL,"'LUL",31.6730277777778,89.1728055555556
2,LEXINGTON,"'19M",33.1254611111111,90.0255569444444
2,LIBERTY,"'MS49",31.1629530555556,90.8173241666667
2,LINWOOD,"'MS06",32.7904116666667,90.1381419444444
2,LOUISVILLE,"'LMS",33.1461944444444,89.0625
2,LUCEDALE,"'4MS5",31.0014277777778,88.516975
2,LUCEDALE,"'MS26",30.8022222222222,88.5475
2,LUCEDALE,"'22MS",30.8402777777778,88.5747222222222
2,LUMBERTON,"'4R1",31.0153333333333,89.4825555555556
2,MACON,"'20M",33.1337222222222,88.536
2,MADISON,"'MBO",32.4386666666667,90.1031111111111
2,MAGEE,"'17M",31.8627694444444,89.8006208333333
2,MARKS,"'MMS",34.2314444444444,90.2895555555556
2,"MC COMB","'MCB",31.1784444444444,90.4718611111111
2,"MC NEIL","'MS93",30.7265775,89.7317363888889
2,MERIDIAN,"'NJW",32.7989266666667,88.8345263888889
2,MERIDIAN,"'MEI",32.3326111111111,88.7518611111111
2,MERIDIAN,"'NMM",32.5534805555556,88.5552638888889
2,MERIDIAN,"'0MS0",32.4751916666667,88.6169430555556
2,MERIGOLD,"'MS95",33.8473341666667,90.7250975
2,MONTICELLO,"'MS50",31.5793355555556,90.1111966666667
2,NATCHEZ,"'HEZ",31.6136611111111,91.2973355555555
2,"NEW ALBANY","'M72",34.5490097222222,89.0244361111111
2,NEWTON,"'M23",32.3120069444444,89.13565
2,"OCEAN SPRINGS","'5R2",30.3894444444444,88.7534444444445
2,OKOLONA,"'5MS8",33.8730555555556,88.7238888888889
2,OKOLONA,"'5A4",34.0158055555556,88.7261944444444
2,"OLIVE BRANCH","'OLV",34.97875,89.7868611111111
2,OXFORD,"'UOX",34.3843333333333,89.5368055555556
2,PASCAGOULA,"'PQL",30.4627811111111,88.5292277777778
2,"PASS CHRISTIAN","'0MS7",30.4021277777778,89.3253583333333
2,PELAHATCHIE,"'4MS0",32.3004236111111,89.8589672222222
2,PHILADELPHIA,"'MS96",32.7668005555556,89.10006
2,PHILADELPHIA,"'MS70",32.7354119444444,88.9258875
2,PHILADELPHIA,"'MPE",32.7992120277778,89.1259971944445
2,PICAYUNE,"'MS61",30.6303805555556,89.7326166666667
2,PICAYUNE,"'MS48",30.62189,89.6969997222222
2,PICAYUNE,"'5MS5",30.5451252222222,89.4630650833333
2,PICAYUNE,"'MJD",30.4874722222222,89.6511944444444
2,PISGAH,"'MS08",32.4738888888889,89.8517777777778
2,PITTSBORO,"'04M",33.9300833333333,89.3432777777778
2,POCAHONTAS,"'MS71",32.4951411111111,90.2928680555556
2,PONTOTOC,"'22M",34.2755555555556,89.0380277777778
2,POPLARVILLE,"'MS88",30.77755,89.7261235
2,POPLARVILLE,"'M13",30.7865805555556,89.5045361111111
2,PRENTISS,"'M43",31.5953055555556,89.9064444444444
2,PURVIS,"'33MS",31.1005555555556,89.4177777777778
2,QUITMAN,"'23M",32.0859545,88.7390251944445
2,RAYMOND,"'4MS2",32.2120555555556,90.4502777777778
2,RAYMOND,"'JVW",32.3044722222222,90.4105277777778
2,"RED BANKS","'MS55",34.8109297222222,89.5784144444444
2,RICHTON,"'M59",31.3170319444444,88.9348625
2,RIPLEY,"'25M",34.7227222222222,89.0146944444444
2,ROCHDALE,"'02MS",34.1001069444444,90.8467713888889
2,"ROLLING FORK","'04MS",32.9395716666667,90.8373219444444
2,"ROLLING FORK","'5MS1",32.9542933333333,90.8459330555555
2,"ROLLING FORK","'MS35",32.9812363888889,90.9653811111111
2,SCOOBA,"'3MS8",32.9421944444444,88.3634722222222
2,SEMINARY,"'0MS2",31.5418336111111,89.3917302777778
2,SHANNON,"'4MS4",34.1576944444444,88.7602222222222
2,SHAW,"'1MS0",33.5998366666667,90.7812075
2,SHELBY,"'MS03",33.9242772222222,90.787045
2,SHELBY,"'93MS",33.9716111111111,90.7679722222222
2,SHUQUALAK,"'1MS8",32.9401288888889,88.5792097222222
2,SLADEN,"'4MS3",34.9560277777778,89.3940277777778
2,SMITHVILLE,"'MS63",34.0542738888889,88.3711533333333
2,STAR,"'MS69",32.1087625,90.0464722222222
2,STARKVILLE,"'STF",33.4331111111111,88.8486111111111
2,STARKVILLE,"'M51",33.4976788611111,88.6814219166667
2,TAYLORSVILLE,"'MS39",31.8209930555556,89.4583991666667
2,TCHULA,"'MS40",33.2255555555556,90.2466666666667
2,TUNICA,"'30M",34.6590833333333,90.3762222222222
2,TUNICA,"'UTA",34.6850555555556,90.3477777777778
2,TUPELO,"'TUP",34.269,88.7698888888889
2,TUTWILER,"'MS41",34.0030251388889,90.4258811944444
2,TYLERTOWN,"'T36",31.1460111111111,90.168145
2,UNION,"'3MS9",32.5809916666667,89.1366
2,VAIDEN,"'3MS5",33.3018333333333,89.8143333333333
2,VICKSBURG,"'VKS",32.2391388888889,90.9281944444444
2,VICKSBURG,"'MS43",32.5518052777778,90.83038
2,WALLS,"'MS65",34.9404908333333,90.2015568333333
2,"WATER VALLEY","'33M",34.1678611111111,89.6848888888889
2,WAYNESBORO,"'2R0",31.6435538888889,88.635095
2,"WEST POINT","'M83",33.5840277777778,88.6666944444444
2,WIGGINS,"'M24",30.843,89.1615
2,WINONA,"'5A6",33.4649877777778,89.7302175
2,WOODVILLE,"'MS57",31.2206361111111,91.2456
2,"YAZOO CITY","'99MS",32.7124083333333,90.2948722222222
2,"YAZOO CITY","'87I",32.8835,90.464
2,YOKENA,"'MS45",32.1562630555556,91.1245538888889
2,ALBERTON,"'MT81",46.9094847222222,114.465373611111
2,ALZADA,"'MT50",45.0877636111111,104.819415
2,ANACONDA,"'3U3",46.1534145,112.867734555556
2,ASHLAND,"'3U4",45.6065555555556,106.27425
2,ASHLAND,"'1M6",45.2880429166667,106.145295583333
2,AUGUSTA,"'3U5",47.4634166666667,112.380111111111
2,AUGUSTA,"'3U7",47.4820277777778,112.872305555556
2,AUGUSTA,"'0MT1",47.4975,112.390833333333
2,BABB,"'49S",48.8482222222222,113.429277777778
2,BAKER,"'BHK",46.3466111111111,104.258111111111
2,BASIN,"'MT43",46.3463186111111,112.343626388889
2,BELGRADE,"'05MT",45.8166277777778,111.152141666667
2,BELGRADE,"'4MT1",45.8206888888889,111.145180555556
2,BELGRADE,"'9MT9",45.7908333333333,111.124722222222
2,"BIG SANDY","'3U8",48.1634358611111,110.114283861111
2,"BIG SKY","'MT94",45.246595,111.328567777778
2,"BIG TIMBER","'6S0",45.80647725,109.978256583333
2,BIGFORK,"'53U",48.0604722222222,114.001166666667
2,BIGFORK,"'93MT",48.1008333333333,114.089166666667
2,BILLINGS,"'63MT",45.7151388888889,108.575416666667
2,BILLINGS,"'BIL",45.8078491388889,108.543543555556
2,BILLINGS,"'35MT",45.8618333333333,108.646833333333
2,BILLINGS,"'MT40",45.7877777777778,108.727222222222
2,BILLINGS,"'MT57",45.7335958333333,108.674158333333
2,BILLINGS,"'MT13",45.6760208333333,108.570634722222
2,BILLINGS,"'1MT9",45.7891666666667,108.684444444444
2,BOULDER,"'3U9",46.2116666666667,112.107611111111
2,BOZEMAN,"'BZN",45.7772357777778,111.150260277778
2,BOZEMAN,"'2MT5",45.5941388888889,111.152222222222
2,BOZEMAN,"'MT71",45.7240969444444,111.043002777778
2,BOZEMAN,"'24MT",45.6193666666667,111.092194444444
2,BOZEMAN,"'21MT",45.7480611111111,111.06985
2,BOZEMAN,"'3MT6",45.6342722222222,111.114330555556
2,BOZEMAN,"'23MT",45.6572333333333,111.040333333333
2,BRIDGER,"'6S1",45.2916138888889,108.925698888889
2,BROADUS,"'00F",45.4704722222222,105.457138888889
2,BROWNING,"'8S0",48.601,113.115305555556
2,BUTTE,"'BTM",45.9548055555556,112.497472222222
2,CARDWELL,"'2MT8",45.8151,111.9259
2,CASCADE,"'3MT7",47.2666666666667,111.7175
2,CHESTER,"'LTY",48.5107222222222,110.990863888889
2,CHINOOK,"'S71",48.5921111111111,109.250611111111
2,CHINOOK,"'3MT4",48.5135,109.064666666667
2,CHOTEAU,"'CII",47.8283333333333,112.168333333333
2,CIRCLE,"'4U6",47.4183333333333,105.560888888889
2,CLINTON,"'RC0",46.7271491666667,113.657593333333
2,COHAGEN,"'04MT",47.1374977777778,106.488095
2,COLSTRIP,"'M46",45.8528333333333,106.709277777778
2,"COLUMBIA FALLS","'MT18",48.28995,114.182866666667
2,COLUMBUS,"'44MT",45.6401833333333,109.31215
2,COLUMBUS,"'6S3",45.6305238888889,109.239215
2,CONDON,"'S04",47.5388258333333,113.720368333333
2,CONNER,"'92MT",45.9348638888889,114.123083333333
2,CONNER,"'MT30",45.9401977777778,114.137029166667
2,CONNER,"'4U7",45.86225,114.21775
2,CONRAD,"'S01",48.1682777777778,111.976444444444
2,CORVALLIS,"'MT72",46.3460330555556,114.176209444444
2,CULBERTSON,"'S85",48.1535597222222,104.504055555556
2,CULBERTSON,"'02MT",47.9804277777778,104.708936111111
2,CUSTER,"'MT34",46.1333194444444,107.550630555556
2,"CUT BANK","'CTB",48.60835475,112.376150777778
2,DARBY,"'4MT9",46.0302763888889,114.184994444444
2,"DEER LODGE","'38S",46.3878333333333,112.764944444444
2,DELL,"'4U9",44.73575,112.719694444444
2,DENTON,"'5U0",47.3208611111111,109.941916666667
2,DEVON,"'MT02",48.5383216666667,111.497500833333
2,DILLON,"'DLN",45.2553611111111,112.5525
2,DRUMMOND,"'M26",46.6207625,113.205066111111
2,DRUMMOND,"'2MT9",46.5231388888889,112.989833333333
2,DUTTON,"'5U1",47.8471944444444,111.698277777778
2,"EAST HELENA","'MT46",46.5472916666667,111.889722222222
2,EKALAKA,"'MT45",45.9088869444444,104.576064444444
2,EKALAKA,"'97M",45.8765111111111,104.537630555556
2,EKALAKA,"'MT05",45.6680508333333,104.703292777778
2,EKALAKA,"'MT74",46.106945,104.415223888889
2,ELLISTON,"'1MT3",46.5580555555556,112.4125
2,ENNIS,"'EKS",45.2743611111111,111.648861111111
2,ETHRIDGE,"'06MT",48.5583172222222,112.109203611111
2,EUREKA,"'88M",48.9684166666667,115.079416666667
2,FAIRFIELD,"'5U5",47.6338333333333,111.981194444444
2,FAIRVIEW,"'5U6",47.8625277777778,104.071416666667
2,FORSYTH,"'1S3",46.2711507777778,106.623902111111
2,"FORT BENTON","'79S",47.8441888888889,110.636861111111
2,"FORT PECK","'37S",48.0048333333333,106.477888888889
2,"FORT SMITH","'5U7",45.3207925,107.931221944444
2,"FORT SMITH","'9MT0",45.4029194444444,107.7742125
2,FORTINE,"'01MT",48.7891319444444,114.880436388889
2,FRAZER,"'MT51",48.2769658333333,105.961680277778
2,"GALLATIN GATEWAY","'1MT0",45.0674277777778,111.297176666667
2,GARDINER,"'29S",45.0499355555556,110.746600833333
2,GERALDINE,"'5U8",47.5965277777778,110.266138888889
2,GERALDINE,"'MT01",47.6166916666667,110.092533333333
2,GILDFORD,"'14MT",48.6178985,110.327060694444
2,GLASGOW,"'25MT",48.4222222222222,106.253333333333
2,GLASGOW,"'07MT",48.4210950833333,106.527715888889
2,GLASGOW,"'GGW",48.2124444444444,106.614805555556
2,GLENDIVE,"'GDV",47.1387222222222,104.807222222222
2,"GRASS RANGE","'36MT",46.7986944444444,108.809888888889
2,"GRASS RANGE","'08MT",47.0638627777778,108.817369166667
2,"GRASS RANGE","'19MT",46.8380699722222,108.936834194444
2,"GREAT FALLS","'GTF",47.4822992777778,111.370279416667
2,"GREAT FALLS","'31MT",47.23645,111.302316666667
2,"GREAT FALLS","'MT76",47.3996775,111.470026388889
2,HAMILTON,"'MT11",46.2022222222222,114.11
2,HAMILTON,"'99MT",46.0975,114.178333333333
2,HAMILTON,"'0MT4",46.2786111111111,114.141111111111
2,HAMILTON,"'6S5",46.2514944444444,114.125540277778
2,HARDIN,"'00U",45.7443888888889,107.660444444444
2,HARLEM,"'U09",48.4811077777778,108.769045833333
2,HARLEM,"'48S",48.5662945555556,108.774036194444
2,HARLOWTON,"'HWQ",46.4486111111111,109.852777777778
2,HAVRE,"'HVR",48.5429722222222,109.762333333333
2,HAXBY,"'10MT",47.833345,106.483928888889
2,"HAXBY / FORT PECK","'MT58",47.7666752777778,106.188078611111
2,HELENA,"'MT86",47.16905,112.085380555556
2,HELENA,"'MT06",46.5702113888889,112.175006666667
2,HELENA,"'MT15",46.62475,112.110880555556
2,HELENA,"'HLN",46.6067222222222,111.983277777778
2,HELENA,"'30MT",46.5709277777778,112.237941666667
2,HELENA,"'40MT",46.7055555555556,112.069444444444
2,HELENA,"'MT83",46.5716002777778,112.18084
2,HERON,"'41MT",48.08715,116.046266666667
2,HIGHWOOD,"'MT77",47.6083008333333,110.905509444444
2,HINGHAM,"'26MT",48.8356333333333,110.442016666667
2,HINGHAM,"'12MT",48.7741655555556,110.441612222222
2,HINGHAM,"'45MT",48.6283333333333,110.469666666667
2,HINSDALE,"'6U5",48.3880205555556,107.083288944444
2,HOGELAND,"'6U6",48.8601388888889,108.660944444444
2,"HOT SPRINGS","'S09",47.6124372222222,114.613462777778
2,HUSON,"'MT52",47.0777005555556,114.412620555556
2,HYSHAM,"'6U7",46.2934722222222,107.193305555556
2,JACKSON,"'18MT",45.2159611111111,113.499275
2,JORDAN,"'JDN",47.32875,106.952688888889
2,KALISPELL,"'17MT",48.1070555555556,114.17725
2,KALISPELL,"'2MT0",48.3,114.413611111111
2,KALISPELL,"'2MT2",48.2000166666667,114.258347222222
2,KALISPELL,"'MT53",48.0946744444444,114.851527777778
2,KALISPELL,"'MT95",48.1168997222222,114.185955277778
2,KALISPELL,"'GPI",48.3105,114.256
2,KALISPELL,"'S27",48.1785694444444,114.303740833333
2,KALISPELL,"'27MT",48.3219166666667,114.327472222222
2,KALISPELL,"'MT37",48.1246777777778,114.240403055556
2,KALISPELL,"'MT54",48.2438505555556,114.244294722222
2,KALISPELL,"'22MT",48.1194444444444,114.17
2,KREMLIN,"'13MT",48.5208258333333,110.113266666667
2,LAKESIDE,"'MT03",47.9934083333333,114.224305555556
2,LAKEVIEW,"'MT47",44.6868597222222,111.893587222222
2,LAMBERT,"'69MT",47.7807333333333,104.527116666667
2,LAMBERT,"'20MT",47.6916666666667,104.588055555556
2,LAUREL,"'0MT5",45.6341666666667,108.848888888889
2,LAUREL,"'50MT",45.6286111111111,108.828333333333
2,LAUREL,"'6S8",45.7051472222222,108.760788888889
2,LAVINA,"'80S",46.3072777777778,108.954805555556
2,LEWISTOWN,"'LWT",47.04925,109.466694444444
2,LEWISTOWN,"'MT65",47.1169444444444,109.376388888889
2,LIBBY,"'S59",48.2838333333333,115.490222222222
2,LINCOLN,"'28MT",46.9535555555556,112.748083333333
2,LINCOLN,"'MT21",47.0536111111111,112.546111111111
2,LINCOLN,"'S69",46.9547027777778,112.650216666667
2,LIVINGSTON,"'MT48",45.4346583333333,110.644375555556
2,LIVINGSTON,"'LVM",45.6994166666667,110.448027777778
2,LUSTRE,"'MT04",48.40419,106.008903888889
2,LUSTRE,"'15MT",48.5004166666667,105.909722222222
2,MALTA,"'M75",48.3669444444444,107.919333333333
2,MARION,"'97MT",48.0739388888889,114.677844444444
2,MARION,"'MT88",48.0043913888889,114.999033888889
2,MARION,"'0MT6",48.0376875,114.674619444444
2,"MEADOW CREEK","'0S1",47.8493651666667,113.417419388889
2,"MILES CITY","'MLS",46.4279722222222,105.886222222222
2,"MILES CITY","'MT29",46.4788919444444,105.858338333333
2,MISSOULA,"'MSO",46.9163055555556,114.090555555556
2,OPHEIM,"'MT09",48.8458569444444,106.608927777778
2,OPHEIM,"'S00",48.8666916666667,106.417254166667
2,PHILIPSBURG,"'1MT6",46.3569444444444,113.510277777778
2,PHILIPSBURG,"'U05",46.3193697222222,113.305064166667
2,PHILIPSBURG,"'MT22",46.3450208333333,113.620534722222
2,PHILIPSBURG,"'3MT9",46.4715625,113.492461111111
2,PLAINS,"'S34",47.4735555555555,114.907083333333
2,PLENTYWOOD,"'PWD",48.789,104.522972222222
2,POLEBRIDGE,"'MT60",48.8144152777778,114.354029444444
2,POLEBRIDGE,"'86MT",48.9977777777778,114.474722222222
2,POLSON,"'8S1",47.6954444444444,114.185277777778
2,POPLAR,"'PO1",48.1344166666667,105.162138888889
2,POPLAR,"'MT38",48.4033547222222,105.156647222222
2,"PORT OF DEL BONITA","'H28",48.9999897222222,112.792580833333
2,"RED LODGE","'RED",45.1848333333333,109.257709722222
2,RICHEY,"'7U8",47.6264166666667,105.079583333333
2,ROBERTS,"'16MT",45.4052230555556,109.129876111111
2,RONAN,"'MT19",47.5910472222222,114.052331666667
2,RONAN,"'7S0",47.5671666666667,114.101083333333
2,ROUNDUP,"'RPX",46.475,108.543416666667
2,ROY,"'MT79",47.5841552777778,108.709040833333
2,"RUSSIAN FLAT","'M42",46.7243111111111,110.417827777778
2,RYEGATE,"'8U0",46.2904722222222,109.247694444444
2,RYEGATE,"'3MT3",46.1255555555556,109.365
2,"SAND COULEE","'1MT7",47.4210694444444,111.158577777778
2,"SAND SPRINGS","'8U1",47.1041388888889,107.502916666667
2,SCHAFER,"'8U2",48.0796111111111,113.245
2,SCOBEY,"'9S2",48.8077222222222,105.439472222222
2,SCOBEY,"'8U3",48.9995277777778,105.40025
2,"SEELEY LAKE","'MT39",47.1060472222222,113.3175
2,"SEELEY LAKE","'23S",47.1819444444444,113.445222222222
2,SHAWMUT,"'11MT",46.4627777777778,109.490555555556
2,SHELBY,"'SBX",48.5406944444444,111.87125
2,SIDNEY,"'SDY",47.7068611111111,104.192555555556
2,SOMERS,"'MT61",48.0928236111111,114.157961111111
2,"SPOTTED BEAR","'8U4",47.9616666666667,113.559472222222
2,"ST IGNATIUS","'52S",47.325,114.080833333333
2,STANFORD,"'S64",47.14671775,110.229766472222
2,STEVENSVILLE,"'4MT8",46.4738888888889,114.054666666667
2,STEVENSVILLE,"'MT32",46.5388113888889,114.039825555556
2,STEVENSVILLE,"'98MT",46.4428138888889,114.003183333333
2,STEVENSVILLE,"'32S",46.5251111111111,114.052805555556
2,SUPERIOR,"'9S4",47.1682594444444,114.853741111111
2,SWEETGRASS,"'7S8",48.9985555555556,111.978222222222
2,TERRY,"'8U6",46.7771388888889,105.313111111111
2,"THOMPSON FALLS","'MT69",47.727725,115.464613888889
2,"THOMPSON FALLS","'0MT7",47.6607777777778,115.404055555556
2,"THOMPSON FALLS","'THM",47.5734972222222,115.280655555556
2,"THREE FORKS","'MT42",45.9104836111111,111.513857777778
2,"THREE FORKS","'MT36",45.8189291666667,111.695886111111
2,"THREE FORKS","'9S5",45.8781111111111,111.569444444444
2,"TIBER DAM","'B70",48.3138708333333,111.109141111111
2,TOWNSEND,"'8U9",46.4188211111111,111.577193888889
2,TOWNSEND,"'MT24",46.3707166666667,111.285455555556
2,TOWNSEND,"'8MT4",46.5358333333333,111.498888888889
2,TOWNSEND,"'8U8",46.3312319444444,111.482586111111
2,"TROUT CREEK","'29MT",47.7388888888889,115.502777777778
2,TROY,"'57S",48.4802205555556,115.903506666667
2,TURNER,"'9U0",48.8503194444444,108.403752777778
2,"TWIN BRIDGES","'MT62",45.6089806944444,112.328004166667
2,"TWIN BRIDGES","'7S1",45.5354166666667,112.302277777778
2,ULM,"'MT33",47.4094,111.487470555556
2,VALIER,"'7S7",48.3001486111111,112.251141472222
2,"WEST GLACIER","'2MT1",48.4830555555556,113.959444444444
2,"WEST YELLOWSTONE","'WYS",44.6883888888889,111.117638888889
2,"WHITE SULPHUR SPRINGS","'58MT",46.5441666666667,111.07
2,"WHITE SULPHUR SPRINGS","'7S6",46.4956308888889,110.911859444444
2,WHITEFISH,"'0MT9",48.4833333333333,114.4925
2,WHITEFISH,"'58S",48.40802,114.299576111111
2,WHITEHALL,"'MT41",45.8782597222222,112.1172175
2,WILSALL,"'9U1",46.0495458333333,110.684954166667
2,WINIFRED,"'BB0",47.8455555555556,109.186944444444
2,WINIFRED,"'BW8",47.8477777777778,109.099444444444
2,WINIFRED,"'CW0",47.9475,109.008055555556
2,WINIFRED,"'L51",47.7263333333333,108.875041666667
2,WINIFRED,"'MT3",47.6166666666667,108.848055555556
2,WINIFRED,"'LC0",47.8852777777778,109.022777777778
2,WINIFRED,"'9S7",47.5553888888889,109.386709722222
2,WINIFRED,"'WH0",47.7794444444444,109.078611111111
2,WINNETT,"'7S2",46.9766666666667,108.365
2,WISDOM,"'7S4",45.5915897222222,113.459225555556
2,"WISE RIVER","'02T",45.7700277777778,112.980472222222
2,"WOLF POINT","'OLF",48.0945,105.575055555556
2,"WOLF POINT","'5MT5",48.4488888888889,105.835833333333
2,"WOLF POINT","'MT80",48.0430727777778,105.608888333333
2,ZORTMAN,"'MT08",47.9083333333333,108.500277777778
2,ADVANCE,"'6NC8",35.9381925,80.3844986111111
2,ADVANCE,"'30NC",36.0486111111111,80.4569444444444
2,AHOSKIE,"'15NC",36.2397222222222,76.9738888888889
2,AHOSKIE,"'ASJ",36.2975277777778,77.1708611111111
2,ALBEMARLE,"'VUJ",35.4166938888889,80.1507911111111
2,AMMON,"'17NR",34.7837694444444,78.5769555555555
2,ANDREWS,"'RHP",35.1952297222222,83.8630386111111
2,ANGIER,"'NC44",35.4669444444444,78.6838888888889
2,ANGIER,"'27NR",35.4694444444444,78.6544444444445
2,ANGIER,"'4NC2",35.5452777777778,78.5927777777778
2,APEX,"'NC81",35.7518177777778,78.8597294444445
2,APEX,"'NC11",35.7415397222222,78.9247308333333
2,ASHEBORO,"'HBI",35.6545277777778,79.89475
2,ASHEBORO,"'1NC0",35.7220808333333,79.9414280555556
2,ASHEBORO,"'25NC",35.6333333333333,79.71
2,ASHEBORO,"'7NC9",35.7273586111111,79.9111486111111
2,ASHEVILLE,"'AVL",35.4344444444444,82.5427288888889
2,ASHEVILLE,"'NC67",35.4677777777778,82.4525
2,ATKINSON,"'NC65",34.5596127777778,78.2680538888889
2,ATLANTIC,"'12NC",34.8833333333333,76.35
2,ATLANTIC,"'NC54",34.8776638888889,76.3565825
2,AURORA,"'NC12",35.3896116666667,76.7846561111111
2,"BANNER ELK","'NC06",36.1604033333333,81.8967802777778
2,BEAUFORT,"'05NC",34.7594444444444,76.6447222222222
2,BEAUFORT,"'MRH",34.7337586111111,76.6603547222222
2,BETHEL,"'NR40",35.8208333333333,77.3788888888889
2,BLADENBORO,"'3W6",34.5428611111111,78.7781666666667
2,BOONE,"'NC14",36.1967952777778,81.6395502777778
2,BOONVILLE,"'26NC",36.2229136111111,80.7156211111111
2,BOONVILLE,"'3NC1",36.2054144444444,80.6583966666667
2,BREVARD,"'NC16",35.2226141666667,82.7267919444444
2,BREVARD,"'3NR3",35.2702777777778,82.6441666666667
2,BROADWAY,"'09NC",35.329325,79.030025
2,"BRYSON CITY","'57NC",35.4264844444444,83.4582147222222
2,BUNN,"'7NC5",35.9311833333333,78.2447527777778
2,BUNN,"'1NC5",35.9331944444444,78.3485833333333
2,BURGAW,"'7NC1",34.5279447222222,77.8502613888889
2,BURLINGTON,"'BUY",36.0497277777778,79.4730080555556
2,BURNSVILLE,"'2NC0",35.8687244444444,82.3417941666667
2,CAMERON,"'8NC1",35.3762661111111,79.2408572222222
2,CAMERON,"'84NC",35.2733333333333,79.2486111111111
2,"CAMP MACKALL","'HFF",35.0363016666667,79.4975130555556
2,"CAPE CARTERET","'60NC",34.7051616666667,77.0510583333333
2,"CAPE CARTERET","'4NC5",34.7304391666667,77.0505030555556
2,CAROLEEN,"'8NC2",35.2892894444444,81.7851005555556
2,"CAROLINA BEACH","'03NC",34.1043383333333,77.9041666666667
2,CARTHAGE,"'BQ1",35.3416666666667,79.4369444444444
2,CARTHAGE,"'NR88",35.2808333333333,79.3877777777778
2,CATAWBA,"'NC26",35.6607416666667,80.9733388888889
2,"CEDAR ISLAND","'NC17",34.9801647222222,76.3079691666667
2,"CHAPEL HILL","'NC34",35.9789218333333,79.126861
2,"CHAPEL HILL","'5NC5",35.9815280555556,79.2730719444445
2,"CHAPEL HILL","'3NC9",35.8751444444444,79.0872338888889
2,CHARLOTTE,"'CLT",35.21375,80.9490555555555
2,"CHERRY POINT","'NKT",34.9031685555556,76.8807733888889
2,CHERRYVILLE,"'NR42",35.4522222222222,81.4590611111111
2,"CHINA GROVE","'NC29",35.6201391666667,80.5975647222222
2,CLARKTON,"'2NR2",34.4577777777778,78.6183333333333
2,CLEMMONS,"'NC32",36.0258333333333,80.4363888888889
2,CLEVELAND,"'0NC8",35.7556952777778,80.7353466666667
2,CLINTON,"'CTZ",34.9749388888889,78.3656291666667
2,CLINTON,"'NC69",34.8710036111111,78.4741719444444
2,CONCORD,"'4NC8",35.4223622222222,80.6206230555556
2,CONCORD,"'NC77",35.4556952777778,80.5756216666667
2,CONCORD,"'JQF",35.3877702777778,80.7091325
2,CONCORD,"'NC19",35.3918075,80.5756219444444
2,CONCORD,"'NC35",35.4029180555556,80.6220119444445
2,COROLLA,"'7NC2",36.2534952777778,75.7885236111111
2,CURRITUCK,"'ONX",36.3999444444444,76.0154444444444
2,DENVER,"'6NC1",35.5918002777778,81.0795225
2,DOVER,"'66NC",35.1744444444444,77.4836111111111
2,DUBLIN,"'NC82",34.6696138888889,78.7025166666667
2,DUNN,"'NC22",35.2275333333333,78.5551833333333
2,DURHAM,"'8NC8",36.060145,78.7833386111111
2,EDENTON,"'16NC",36.1961111111111,76.6652777777778
2,EDENTON,"'EDE",36.0277344722222,76.5670922222222
2,EFLAND,"'29NC",36.0905827777778,79.1708027777778
2,"ELIZABETH CITY","'3NR4",36.2808333333333,76.3366666666667
2,"ELIZABETH CITY","'ECG",36.2605833333333,76.1745555555556
2,"ELIZABETH CITY","'1NC3",36.1807141666667,76.1490955555556
2,"ELIZABETH CITY","'NC28",36.2001580555556,76.2357666666667
2,ELIZABETHTOWN,"'EYF",34.6018041666667,78.5792708333333
2,ELIZABETHTOWN,"'17NC",34.4662797222222,78.3286125
2,ELKIN,"'ZEF",36.28,80.7860555555555
2,ELON,"'0NC1",36.2581166666667,79.4857444444444
2,"ELON COLLEGE","'71NC",36.2633333333333,79.4497222222222
2,ENFIELD,"'76NC",36.1598758333333,77.6246963888889
2,ENFIELD,"'NC45",36.2172222222222,77.6375
2,ENGELHARD,"'7W6",35.5620416666667,75.9556555555556
2,ERWIN,"'HRJ",35.3801563611111,78.7322358333333
2,"FAIR BLUFF","'89NC",34.2663888888889,79.0236111111111
2,FAIRFIELD,"'23NR",35.5605555555556,76.2347222222222
2,FAIRMONT,"'NC70",34.5048863888889,79.1025347222222
2,FARMVILLE,"'N08",35.5566666666667,77.5605555555556
2,FAYETTEVILLE,"'6NC3",35.0863888888889,78.7722222222222
2,FAYETTEVILLE,"'FAY",34.9912222222222,78.8802777777778
2,FAYETTEVILLE,"'2GC",34.8936916666667,78.8435305555556
2,FAYETTEVILLE,"'POB",35.1708888888889,79.0144958333333
2,FAYETTEVILLE,"'47NC",35.1380555555556,78.8227777777778
2,FLETCHER,"'4NC6",35.44456,82.4795641666667
2,"FOREST CITY","'69NC",35.4340127777778,81.8512119444444
2,"FORT BRAGG","'FBG",35.1320694444444,78.9362069444444
2,FRANKLIN,"'1A5",35.2223121944444,83.4199966111111
2,FUQUAY/VARINA,"'78NC",35.5443255555556,78.7475133333333
2,GARNER,"'NC99",35.6743208333333,78.6072272222222
2,GARNER,"'4NC7",35.6962644444444,78.5375030555556
2,GASTONIA,"'AKH",35.2026230555556,81.1498758333333
2,GATES,"'9NC4",36.5094444444444,76.6641666666667
2,GIBSONVILLE,"'59NC",36.0973575,79.5553019444444
2,"GOLD HILL","'NC25",35.5090286111111,80.3111683333333
2,"GOLD HILL","'1NC8",35.5158333333333,80.2580555555556
2,"GOLD HILL","'4NC9",35.4485,80.3425833333333
2,GOLDSBORO,"'2NC4",35.3379405555556,78.1547158333333
2,GOLDSBORO,"'GSB",35.3393847222222,77.9605944444445
2,GOLDSBORO,"'GWW",35.4605555555556,77.9649166666667
2,GRANDY,"'NC36",36.2088888888889,75.8644444444444
2,GRANTHAM,"'6NC0",35.2890638888889,78.1795944444444
2,GREENSBORO,"'W88",36.1736111111111,79.8030555555556
2,GREENSBORO,"'80NC",35.9989686111111,79.6892763888889
2,GREENSBORO,"'9NC9",36.2101355555556,79.8950358333333
2,GREENSBORO,"'GSO",36.1013258611111,79.9411234444444
2,GREENSBORO,"'3A4",35.9419444444444,79.6855
2,GREENVILLE,"'PGV",35.6356944444444,77.3840833333333
2,GRIMESLAND,"'NC49",35.528425,77.198175
2,HAMPTONVILLE,"'75NR",36.0920138888889,80.788975
2,HARMONY,"'NC75",35.8983333333333,80.7202777777778
2,HARRIS,"'NC02",35.2126205555556,81.8664927777778
2,HARRISBURG,"'3NC6",35.3118083333333,80.6442347222222
2,HATTERAS,"'HSE",35.2328055555556,75.6178055555555
2,HAVELOCK,"'NC87",34.8818266666667,76.9427211111111
2,HAVELOCK,"'62NC",34.9368263888889,76.9446655555555
2,HAYESVILLE,"'NC08",35.0853686111111,83.7362819444444
2,HENDERSONVILLE,"'0A7",35.3076166666667,82.4331741666667
2,HENDERSONVILLE,"'8NC9",35.3072222222222,82.4336111111111
2,HERTFORD,"'86NC",36.2625166666667,76.4914416666667
2,HERTFORD,"'NC01",36.0962222222222,76.3270555555556
2,HICKORY,"'HKY",35.7411455555556,81.3895505555555
2,HICKORY,"'E40",35.6520766666667,81.3578638888889
2,"HIGH POINT","'NC03",35.9068944444444,79.9898194444444
2,HOBGOOD,"'NC84",36.04256,77.37722
2,"HOLLY RIDGE","'14NC",34.5166666666667,77.55
2,"HOLLY RIDGE","'N21",34.4904918055556,77.532125
2,"HOLLY RIDGE","'01NC",34.4752777777778,77.5813888888889
2,HOOKERTON,"'58NR",35.4253055555556,77.5973333333333
2,HUNTERSVILLE,"'NC05",35.40875,80.7942380555556
2,"HURDLE MILLS","'4W4",36.2834727777778,79.0789013888889
2,"INDIAN TRAIL","'28A",35.1209794444444,80.5872894444445
2,JACKSON,"'10NC",36.3430555555556,77.5094444444444
2,JACKSONVILLE,"'OAJ",34.8291666666667,77.6121388888889
2,JACKSONVILLE,"'52NC",34.8445638888889,77.2662
2,JACKSONVILLE,"'NCA",34.7084333333333,77.4396611111111
2,JACKSONVILLE,"'N22",34.7108527777778,77.5849861111111
2,JEFFERSON,"'GEV",36.4324722222222,81.4185
2,JEFFERSON,"'NC50",36.4601261111111,81.3614872222222
2,JONESVILLE,"'78A",36.2023563888889,80.8681272222222
2,JULIAN,"'N88",35.926525,79.627525
2,KANNAPOLIS,"'NC64",35.5277777777778,80.6966666666667
2,KANNAPOLIS,"'NC39",35.5243052777778,80.6478455555556
2,KANNAPOLIS,"'50NC",35.545,80.6686111111111
2,KANNAPOLIS,"'2NC8",35.5254163888889,80.6397897222222
2,KANNAPOLIS,"'41NC",35.5218055555556,80.522
2,KANNAPOLIS,"'6NC2",35.5112502777778,80.5581205555556
2,KENANSVILLE,"'DPL",35.0000277777778,77.9816666666667
2,KENLY,"'7NC3",35.5963888888889,78.0986111111111
2,"KILL DEVIL HILLS","'FFA",36.0175833333333,75.6715833333333
2,KINSTON,"'ISO",35.3314444444444,77.6088333333333
2,KINSTON,"'6NC9",35.2021075,77.7505316666667
2,KITTRELL,"'NC56",36.2047222222222,78.4688888888889
2,KNIGHTDALE,"'W17",35.7977222222222,78.4370097222222
2,LANDIS,"'44NC",35.5433333333333,80.6519444444444
2,LAWSONVILLE,"'NR94",36.5230666666667,80.277625
2,LEASBURG,"'68NC",36.3995841666667,79.1280697222222
2,LENOIR,"'18NC",35.8890188888889,81.6137091666667
2,LENOIR,"'NC27",35.944575,81.4900944444445
2,LEWISVILLE,"'08NC",36.0676369444444,80.4656119444444
2,LEXINGTON,"'EXX",35.7811405555556,80.3037741666667
2,LEXINGTON,"'2NC6",35.7995825,80.3961661111111
2,LEXINGTON,"'48NC",35.7811055555556,80.4171277777778
2,LIBERTY,"'2A5",35.9117855555556,79.6176455555556
2,LIBERTY,"'N61",35.8737480555556,79.5275222222222
2,LILLINGTON,"'NR77",35.4861111111111,78.8502777777778
2,LINCOLNTON,"'IPJ",35.4831416666667,81.1615055555556
2,LINDEN,"'9NC2",35.2182183333333,78.7964122222222
2,LINDEN,"'4NC3",35.2275138888889,78.8172605555555
2,LOCUST,"'5NC3",35.2993861111111,80.4578333333333
2,LOCUST,"'3NC3",35.2469444444444,80.4075
2,LOUISBURG,"'79NC",36.1343163888889,78.2819386111111
2,LOUISBURG,"'00NC",36.0851502777778,78.3713855555556
2,LOUISBURG,"'LHZ",36.0233486111111,78.3302630555555
2,LUMBERTON,"'LBT",34.6098055555556,79.0595555555556
2,LUMBERTON,"'53NC",34.3787555555556,79.0792861111111
2,MACON,"'NC10",36.5418130555556,78.0580483333333
2,MADISON,"'0NC7",36.3572222222222,79.9975
2,MAIDEN,"'N92",35.5743002777778,81.1173011111111
2,MANTEO,"'MQI",35.9189826666667,75.69553575
2,MARION,"'9A9",35.7206797222222,82.0098308333333
2,"MARS HILL","'33NR",35.9391666666667,82.5147222222222
2,MARSHVILLE,"'46NC",34.8927777777778,80.3733333333333
2,MARSHVILLE,"'3NC4",35.0534830555556,80.4089533333333
2,MAXTON,"'MEB",34.7921722222222,79.3658961111111
2,MAYSVILLE,"'8NC7",34.9354305555556,77.2734222222222
2,MIDDLESEX,"'75NC",35.8493213888889,78.1836047222222
2,MOCKSVILLE,"'4NC0",35.89905,80.6176555555556
2,MOCKSVILLE,"'5NC2",35.9848611111111,80.5114166666667
2,MOCKSVILLE,"'5NC1",35.7931941666667,80.5122811111111
2,MOCKSVILLE,"'8A7",35.914915,80.4568063888889
2,MONROE,"'EQY",35.0174161111111,80.6220558333333
2,MONROE,"'9NC3",35.0708333333333,80.5663888888889
2,MONROE,"'24NC",35.1272222222222,80.475
2,MOORESVILLE,"'1NC2",35.6547222222222,80.7894444444444
2,MOORESVILLE,"'35NC",35.5383333333333,80.7513888888889
2,MOORESVILLE,"'14A",35.6138694444444,80.8994305555556
2,MOORESVILLE,"'NC30",35.6140275,80.7414591666667
2,MORGANTON,"'3NC0",35.6904061111111,81.7123191666667
2,MORGANTON,"'MRN",35.8202222222222,81.6114166666667
2,MORGANTON,"'NC52",35.7284619444444,81.7289863888889
2,"MOUNT AIRY","'MWK",36.4613616666667,80.5532102777778
2,"MOUNT GILEAD","'NR02",35.2377777777778,79.9955555555556
2,"MOUNT OLIVE","'W40",35.2214541666667,78.0386166666667
2,"MOUNT PLEASANT","'NC79",35.4070858333333,80.3575605555556
2,"MOUNT PLEASANT","'62NR",35.4294444444444,80.4502777777778
2,MOYOCK,"'NC61",36.4594444444444,76.2108333333333
2,"MT PLEASANT","'9NC7",35.3697222222222,80.44
2,"MT. PLEASANT","'9NR4",35.355,80.4313888888889
2,NEBO,"'6NR6",35.6622222222222,81.8727777777778
2,"NEW BERN","'NC20",35.0898611111111,77.1708333333333
2,"NEW BERN","'EWN",35.0728525277778,77.0430200833333
2,NEWPORT,"'6NC7",34.7513888888889,76.9061111111111
2,"NEWTON GROVE","'63NC",35.2751452777778,78.433865
2,"NEWTON GROVE","'NC76",35.3160888888889,78.3861861111111
2,"NEWTON GROVE","'70NR",35.2194666666667,78.3668611111111
2,"NORTH WILKESBORO","'UKF",36.2236021111111,81.0986063055555
2,"OAK ISLAND","'SUT",33.9308055555556,78.0733611111111
2,"OAK RIDGE","'N83",36.1951361111111,80.0053169444444
2,"OCEAN ISLE BEACH","'60J",33.9085055555556,78.4366722222222
2,OCRACOKE,"'W95",35.1011666666667,75.9659722222222
2,OXFORD,"'HNZ",36.3611388888889,78.5298333333333
2,PARKTON,"'NC71",34.9179416666667,79.0525311111111
2,PARKTON,"'32NC",34.8963888888889,79.0430555555556
2,PARKTON,"'61NC",34.871275,78.9655844444444
2,PASCHALL,"'70NC",36.5445894444444,78.1480497222222
2,PINEHURST,"'N26",35.1338888888889,79.63
2,"PINEHURST/SOUTHERN PINES","'SOP",35.2374225,79.3890336111111
2,"PINK HILL","'NR10",35.0507191666667,77.7360869444444
2,PITTSBORO,"'8NC4",35.729865,79.3127952777778
2,PITTSBORO,"'9NC8",35.6868888888889,79.2188055555556
2,"PLEASANT GARDEN","'64NC",35.9019444444444,79.7725
2,PLYMOUTH,"'7NC",35.7316892777778,76.6712590833333
2,PLYMOUTH,"'PMZ",35.8107777777778,76.7583611111111
2,POLLOCKSVILLE,"'1NC4",34.9954355555556,77.2577333333333
2,POLLOCKSVILLE,"'13NC",35.0334916666667,77.2496775
2,PRINCETON,"'NC72",35.451025,78.1594277777778
2,RAEFORD,"'5W4",35.0198597222222,79.1910038888889
2,RAEFORD,"'NR20",35.0305555555556,79.2366666666667
2,RAEFORD,"'94NC",35.0096105555556,79.2600333333333
2,RALEIGH,"'5W5",35.6203888888889,78.7002777777778
2,RALEIGH/DURHAM,"'RDU",35.8776388888889,78.7874722222222
2,RAMSEUR,"'09NR",35.65,79.65
2,RAMSEUR,"'NC13",35.7537722222222,79.667825
2,"RED OAK","'19NC",36.0648747222222,77.9230388888889
2,"RED SPRINGS","'9NR8",34.7921638888889,79.1978944444444
2,REIDSVILLE,"'NC37",36.3401363888889,79.8411469444444
2,REIDSVILLE,"'SIF",36.4372222222222,79.851
2,REIDSVILLE,"'6A5",36.324,79.7093333333333
2,"ROANOKE RAPIDS","'IXA",36.3297916666667,77.6352308333333
2,ROCKINGHAM,"'RCZ",34.8913033333333,79.7595977777778
2,"ROCKY MOUNT","'RWI",35.8562527777778,77.8919333333333
2,ROSEBORO,"'87NC",34.9161111111111,78.6002777777778
2,ROWLAND,"'8NC",34.5761166666667,79.2488166666667
2,ROXBORO,"'NC40",36.4997222222222,79.1186111111111
2,ROXBORO,"'TDF",36.2846111111111,78.9846388888889
2,RUFFIN,"'38NC",36.4760149444444,79.5954322777778
2,RUTHERFORDTON,"'28NR",35.3475,81.995
2,RUTHERFORDTON,"'58NC",35.3467852777778,82.0551083333333
2,RUTHERFORDTON,"'FQD",35.4282222222222,81.9350777777778
2,SALEMBURG,"'9NR7",35.0183333333333,78.5658333333333
2,SALISBURY,"'88NC",35.6325,80.6852777777778
2,SALISBURY,"'RUQ",35.6458833333333,80.5202916666667
2,SALISBURY,"'NC93",35.7777777777778,80.5013888888889
2,SANFORD,"'NC00",35.56,79.1936111111111
2,SANFORD,"'82NC",35.3080555555556,79.0733333333333
2,SANFORD,"'TTA",35.5824394444444,79.1013377777778
2,"SCOTLAND NECK","'2NC7",36.1679333333333,77.3988583333333
2,"SCOTLAND NECK","'NC66",36.1312672222222,77.2957994444445
2,SEABOARD,"'45NC",36.5280555555556,77.4547222222222
2,SHELBY,"'NC97",35.3687444444444,81.5235888888889
2,SHELBY,"'EHO",35.25575,81.60075
2,"SHERRILLS FORD","'20NC",35.5923561111111,81.0559111111111
2,"SILER CITY","'8NC6",35.6937333333333,79.4109583333333
2,"SILER CITY","'22NC",35.8211111111111,79.4683333333333
2,"SILER CITY","'SCR",35.7042745,79.5042975833333
2,SLADESVILLE,"'NC73",35.4387775,76.4493688888889
2,SMITHFIELD,"'JNX",35.5409380555556,78.3903255555556
2,SPARTA,"'3NC7",36.5192952777778,81.1367533333333
2,"SPRING HOPE","'42NC",35.9577777777778,78.1705555555556
2,"SPRUCE PINE","'7A8",35.9453611111111,81.9962222222222
2,"ST. PAULS","'06NC",34.8275,78.9302777777778
2,STAR,"'43A",35.3846544444444,79.7902620833333
2,STATESVILLE,"'NC15",35.9570775,80.978965
2,STATESVILLE,"'SVH",35.765,80.9538888888889
2,STATESVILLE,"'NC09",35.8842416666667,80.7727638888889
2,"STONY POINT","'3NC5",35.8133694444444,81.0692416666667
2,SUPPLY,"'NC43",34.12517,78.3380580555556
2,SWANSBORO,"'NJM",34.6901333333333,77.0290305555556
2,SYLVA,"'24A",35.3172110833333,83.2097038055555
2,"TABOR CITY","'81NC",34.0408333333333,78.74
2,TARBORO,"'ETC",35.9372630555556,77.5464802777778
2,TAYLORSVILLE,"'NC59",35.8506880555556,81.1439702777778
2,TAYLORSVILLE,"'6NC4",35.9056877777778,81.1395258333333
2,TAYLORSVILLE,"'NC58",35.9209655555556,81.1200808333333
2,TAYLORSVILLE,"'NR04",35.9602777777778,81.1730555555555
2,TAYLORSVILLE,"'NC2",35.9308333333333,81.1966666666667
2,THOMASVILLE,"'N97",35.8301366666667,80.1075447222222
2,THOMASVILLE,"'NC31",35.7648583333333,80.0242086111111
2,TRENTON,"'NR37",35.0572222222222,77.4619444444444
2,TRYON,"'56NC",35.2066666666667,82.0319444444444
2,WADESBORO,"'AFP",35.02063775,80.0771180833333
2,WALLACE,"'ACZ",34.7178611111111,78.0038888888889
2,WALLACE,"'NC48",34.7501083333333,78.0615194444444
2,"WALNUT COVE","'13NR",36.2975,80.1616666666667
2,"WALNUT COVE","'7NC7",36.3468041666667,80.1736586111111
2,"WALNUT COVE","'N63",36.3015261111111,80.1483791666667
2,WASHINGTON,"'OCW",35.5704722222222,77.0498055555556
2,WAXHAW,"'2NC1",34.9974388888889,80.8016416666667
2,WAXHAW,"'07NC",34.8332041666667,80.7511783333333
2,WAXHAW,"'N52",34.8638166666667,80.7479833333333
2,WEDDINGTON,"'NC21",34.9918158333333,80.7484027777778
2,WHARTONVILLE,"'74NC",35.0963888888889,76.6297222222222
2,WHITAKERS,"'6NC5",36.0249722222222,77.6593944444444
2,"WHITE OAK","'NC86",34.7336111111111,78.7530555555556
2,WHITEVILLE,"'NR82",34.0972222222222,78.7197222222222
2,WHITEVILLE,"'CPC",34.2728611111111,78.715
2,WILLIAMSTON,"'MCZ",35.8621930555556,77.1782027777778
2,WILMINGTON,"'33NC",34.4269444444444,78.0894444444444
2,WILMINGTON,"'ILM",34.2711388888889,77.9028888888889
2,WILSON,"'W03",35.7704069444444,77.9697913888889
2,WINFALL,"'54NC",36.2394444444444,76.4172222222222
2,WINGATE,"'1NC6",35.0559822222222,80.4500652777778
2,WINNABOW,"'77NC",34.1521147222222,78.1055494444444
2,"WINSTON SALEM","'NC63",36.1351369444444,80.1847688888889
2,"WINSTON SALEM","'INT",36.1337138055556,80.2219877222222
2,WINTERVILLE,"'05N",35.4821847222222,77.3557743055555
2,YADKINVILLE,"'80C",36.0605144444444,80.6901
2,YADKINVILLE,"'NC42",36.0673611111111,80.7011111111111
2,YANCEYVILLE,"'6W4",36.3997777777778,79.3926944444444
2,ZEBULON,"'51NC",35.8601666666667,78.3453333333333
2,ZIRCONIA,"'08NR",35.2177777777778,82.4261111111111
2,ABSARAKA,"'ND07",47.0032888888889,97.4066416666667
2,ALAMO,"'27ND",48.5786305555556,103.465977777778
2,ALEXANDER,"'ND26",47.89965,103.662868055556
2,AMENIA,"'ND01",47.0430916666667,97.1861916666667
2,AMENIA,"'ND73",47.0483091666667,97.2556433333333
2,AMENIA,"'ND74",47.0166405555556,97.1628644444444
2,ANAMOOSE,"'ND75",47.7199977777778,100.26902
2,ANETA,"'ND02",47.8111038888889,97.9600952777778
2,ANTLER,"'4NA3",48.8572427777778,101.302103611111
2,ARGUSVILLE,"'6ND3",47.0696933333333,96.9406386111111
2,ARGUSVILLE,"'1ND4",47.0583061111111,97.0170294444444
2,ARTHUR,"'1A2",47.1126361111111,97.2081472222222
2,ARVILLA,"'ND60",47.9588777777778,97.4798072222222
2,ASHLEY,"'ASY",46.0230958333333,99.3526472222222
2,AYR,"'ND53",47.0463888888889,97.3880555555556
2,AYR,"'ND78",47.0399783333333,97.5370363888889
2,BALDWIN,"'ND80",47.0816586111111,100.725129444444
2,BARNEY,"'0NA1",46.245515,97.0375855555556
2,BARNEY,"'NA55",46.2660708333333,97.0161961111111
2,BARNEY,"'NA56",46.3021822222222,96.9914736111111
2,BATHGATE,"'5ND3",48.8555436111111,97.3220172222222
2,BEACH,"'20U",46.9251666666667,103.982055555556
2,BELFIELD,"'ND29",46.6666780555556,103.233788055556
2,BERTHOLD,"'4NA5",48.2883463888889,101.828219166667
2,BERTHOLD,"'6ND9",48.3927936111111,101.764051111111
2,BEULAH,"'95D",47.2512138888889,101.815043055556
2,BISMARCK,"'BIS",46.7727222222222,100.74575
2,BISMARCK,"'16ND",46.696775,100.596788888889
2,BISMARK,"'ND96",46.8007111111111,100.678644444444
2,BOTTINEAU,"'D09",48.8304722222222,100.417305555556
2,BOWBELLS,"'5B4",48.8097494444444,102.245445
2,BOWDON,"'7ND5",47.3597188888889,99.6226161111111
2,BOWMAN,"'BWW",46.1655193055556,103.30074275
2,BRADDOCK,"'1NA8",46.6905416666667,100.095385833333
2,BREMEN,"'NA75",47.6763897222222,99.3903997222222
2,BUFFALO,"'ND59",46.9874766666667,97.5295363888889
2,BUFORD,"'5ND0",48.07641,104.032433055556
2,BURLINGTON,"'NA30",48.2706756944444,101.399054166667
2,BURLINGTON,"'12ND",48.2955027777778,101.427490277778
2,BUXTON,"'NA81",47.6283122222222,97.0864738888889
2,CANDO,"'9D7",48.4800277777778,99.2363888888889
2,CARRINGTON,"'46D",47.4511111111111,99.1513333333333
2,CASSELTON,"'5N8",46.8539444444444,97.2078611111111
2,CAVALIER,"'2C8",48.7837222222222,97.6319722222222
2,CAVALIER,"'9ND8",48.7855486111111,97.6723116666667
2,CHAFFEE,"'8ND5",46.7638633333333,97.4053708333333
2,CHAFFEE,"'8ND6",46.7127508333333,97.3909261111111
2,CLEMENTSVILLE,"'ND89",47.0558236111111,98.5070386111111
2,CLIFFORD,"'3NA0",47.4166538888889,97.5114791666667
2,COGSWELL/BRAMPTON/,"'ND90",45.9666308333333,97.7337122222222
2,COLUMBUS,"'D49",48.8994125,102.792290277778
2,COLUMBUS,"'6NA0",48.9930883333333,102.737950555556
2,COOPERSTOWN,"'S32",47.4227736111111,98.1058713888889
2,COURTENAY,"'8ND7",47.1206638888889,98.6578333333333
2,CROSBY,"'D50",48.9282992777778,103.297580916667
2,CROSBY,"'80ND",48.8786438888889,103.370466666667
2,DAVENPORT,"'34ND",46.7058036111111,97.1564788888889
2,DAZEY,"'ND09",47.18865,98.165575
2,DEERING,"'81ND",48.3886272222222,101.044874722222
2,"DEVILS LAKE","'DVL",48.1165833333333,98.91
2,DICKINSON,"'DIK",46.7973333333333,102.801861111111
2,DICKINSON,"'ND10",46.9913083333333,102.795222222222
2,DICKINSON,"'7ND1",47.0373388888889,102.760947222222
2,DRAYTON,"'D29",48.6185138888889,97.1758972222222
2,"DUNN CENTER","'37ND",47.2319561111111,102.5090725
2,DUNSEITH,"'S28",48.9973055555555,100.043694444444
2,EDGELEY,"'51D",46.3496944444444,98.735
2,EDINBURG,"'03ND",48.6263827777778,97.8289833333333
2,ELDRIDGE,"'NA32",46.8985986111111,98.8587177777778
2,ELDRIDGE,"'NA84",46.8005394444444,99.0051097222222
2,ELGIN,"'Y71",46.3827541666667,101.844902777778
2,ELLENDALE,"'4E7",46.0163333333333,98.5156944444444
2,ENDERLIN,"'ND47",46.6408055555556,97.5511222222222
2,ENDERLIN,"'5N4",46.626862,97.6202321944444
2,ERIE,"'38ND",47.0980347222222,97.4011997222222
2,ESMOND,"'NA33",48.0011158333333,99.9259638888889
2,FARGO,"'FAR",46.9206388888889,96.81575
2,FARGO,"'D54",46.9003805555556,96.9185222222222
2,FESSENDEN,"'D24",47.6597238888889,99.6609555555556
2,FLORA,"'0ND0",47.9291713888889,99.4004097222222
2,FORDVILLE,"'ND14",48.2362022222222,97.79918125
2,"FORT YATES","'Y27",46.0668847222222,100.632777777778
2,FULLERTON,"'6ND2",46.2588558333333,98.3878769444444
2,GACKLE,"'9G9",46.6215638888889,99.1644638888889
2,GARRISON,"'ND22",47.6833347222222,101.600442222222
2,GARRISON,"'D05",47.6560435833333,101.436801611111
2,"GLEN ULLIN","'D57",46.8143055555556,101.865194444444
2,GLENBURN,"'ND18",48.5064075,101.216824722222
2,"GOLDEN VALLEY","'08ND",47.3230638888889,102.097673055556
2,GOLVA,"'0NA9",46.7500127777778,103.8010325
2,GRAFTON,"'GAF",48.4047155555556,97.3709566666667
2,"GRAND FORKS","'2ND3",48.0008138888889,97.1224361111111
2,"GRAND FORKS","'RDR",47.9612805555556,97.4008111111111
2,"GRAND FORKS","'GFK",47.9472777777778,97.1737777777778
2,GRANDIN,"'NA60",47.2349783333333,97.0384180555556
2,GRENDRA,"'ND86",48.5638888888889,103.963055555556
2,GRENORA,"'4NA6",48.4550252777778,103.879651111111
2,GRENORA,"'NA63",48.6666952777778,103.856316111111
2,GWINNER,"'GWR",46.2182777777778,97.6433611111111
2,HAGUE,"'0ND6",46.0549855555556,99.9170583333333
2,HALLIDAY,"'44ND",47.5277836111111,102.241285833333
2,HALLIDAY,"'ND16",47.4416733333333,102.242120555556
2,HALLIDAY,"'10ND",47.18751,102.361568055556
2,HAMBERG,"'3NA6",47.7705591666667,99.4617922222222
2,HARVEY,"'5H4",47.7912222222222,99.93175
2,HARVEY,"'ND72",47.6844427777778,100.084849722222
2,HATTON,"'ND20",47.7041505555556,97.3500872222222
2,HAZELTON,"'6H8",46.4822166666667,100.263733333333
2,HAZELTON,"'ND85",46.4930555555556,100.178888888889
2,HAZELTON,"'0ND7",46.465265,100.104554166667
2,HAZELTON,"'48ND",46.5124938888889,100.5503975
2,HAZELTON,"'ND12",46.5865277777778,100.472222222222
2,HAZEN,"'HZE",47.2899444444444,101.580972222222
2,HEBRON,"'6NA5",46.9127847222222,102.009051111111
2,HETTINGER,"'HEI",46.0148888888889,102.656
2,HICKSON,"'ND99",46.7202416666667,96.8095277777778
2,HILLSBORO,"'5ND9",47.4847019444444,97.0748091666667
2,HILLSBORO,"'3H4",47.3594077777778,97.0604163888889
2,HOOPLE,"'NA65",48.5313808333333,97.6281419444444
2,HOPE,"'8NA9",47.3280433333333,97.6789844444444
2,HUNTER,"'52ND",47.1894241666667,97.2895325
2,INKSTER,"'ND24",48.1402694444444,97.6725863888889
2,JAMESTOWN,"'JMS",46.9297222222222,98.6781944444444
2,KENMARE,"'9NA4",48.6661338888889,101.890718055556
2,KENMARE,"'7K5",48.6676125,102.048002777778
2,KILLDEER,"'9Y1",47.3913319444444,102.7718125
2,KILLDEER,"'55ND",47.3555688888889,102.710741111111
2,KINDRED,"'57ND",46.6082997222222,97.0595325
2,KINDRED,"'K74",46.64873075,96.9990096111111
2,KULM,"'D03",46.3067638888889,98.9388333333333
2,"LA MOURE","'4F9",46.3472805555556,98.2814861111111
2,LAKOTA,"'5L0",48.0289166666667,98.32575
2,LANGDON,"'7ND8",48.8522280555556,98.7481822222222
2,LANGDON,"'D55",48.7531306388889,98.3937691666667
2,LANSFORD,"'7NA2",48.6877986111111,101.350437777778
2,LARIMORE,"'61ND",47.9474908333333,97.6620319444445
2,LARIMORE,"'2L1",47.9067138888889,97.6409722222222
2,LARIMORE,"'62ND",47.7791572222222,97.7595319444444
2,LEEDS,"'D31",48.2850069444444,99.4021972222222
2,LIDGERWOOD,"'4N4",46.0891833333333,97.1661347222222
2,LINCOLN,"'ND98",46.7608333333333,100.655277777778
2,LINTON,"'7L2",46.2206408888889,100.245623861111
2,LISBON,"'6L3",46.4469731944444,97.7282158888889
2,LUCCA,"'ND35",46.699975,97.7003797222222
2,LUVERNE,"'NA86",47.3333230555556,97.9009308333333
2,MADDOCK,"'6D3",47.9802625,99.5269597222222
2,MADDOCK,"'ND38",47.9583416666667,99.5365213888889
2,MADDOCK,"'NA38",47.9505616666667,99.4295772222222
2,MADDOCK,"'0NA5",48.0011202777778,99.5629113888889
2,MANDAN,"'25ND",46.8665888888889,100.986447222222
2,MANDAN,"'Y19",46.7679722222222,100.894361111111
2,MANDAN,"'64ND",46.8508275,101.075415
2,MANVEL,"'8ND4",48.073595,97.1861875
2,MAPLETON,"'2ND0",46.8144141666667,97.0498102777778
2,MARION,"'67ND",46.5433091666667,98.3823169444445
2,MAX,"'5NA0",47.7736111111111,101.275381944444
2,MAXBASS,"'69ND",48.7433583333333,101.042011111111
2,MAYVILLE,"'7NA4",47.5172072222222,97.3337016666667
2,MAYVILLE,"'D56",47.4768416666667,97.3280819444444
2,"MC CANNA","'84ND",48.0008255555556,97.7570336111111
2,"MC CLUSKY","'7G2",47.4620472222222,100.487229166667
2,"MC VILLE","'8M6",47.7703166666667,98.1849138888889
2,MEDINA,"'ND40",46.8166508333333,99.2503888888889
2,MENOKEN,"'18ND",46.7790944444444,100.514855555556
2,MERCER,"'2ND2",47.5669433333333,100.721247777778
2,MERCER,"'2ND1",47.4924980555556,100.699856666667
2,MILNOR,"'4R6",46.2582941666667,97.4378686111111
2,MILTON,"'88ND",48.7088825,97.9939897222222
2,MINOT,"'ND43",48.2041458333333,101.404515277778
2,MINOT,"'41ND",48.1405111111111,101.147366666667
2,MINOT,"'MIB",48.4157666666667,101.358041666667
2,MINOT,"'MOT",48.2576388888889,101.278027777778
2,MINOT,"'89ND",47.9110777777778,101.249459722222
2,MINOT,"'ND36",48.1911666666667,101.202508333333
2,MINTO,"'D06",48.2926027777778,97.3940222222222
2,MOHALL,"'HBC",48.7683833333333,101.536995277778
2,MONTPELIER,"'8NA5",46.6630358333333,98.6303752777778
2,MOTT,"'3P3",46.3591619444444,102.328244166667
2,NAPOLEON,"'5B5",46.4942124444444,99.7593698611111
2,"NEW ROCKFORD","'8J7",47.6963872222222,99.1312286111111
2,"NEW TOWN","'05D",47.9678541666667,102.478116388889
2,NEWBURG,"'2ND7",48.7516813888889,100.814037222222
2,NEWBURG,"'6NA6",48.6195138888889,100.980038888889
2,NORMA,"'2ND9",48.8166883333333,101.917108055556
2,NORTHWOOD,"'72ND",47.6610991666667,97.5920330555556
2,NORTHWOOD,"'4V4",47.7248875,97.5898111111111
2,OAKES,"'2D5",46.1732961111111,98.0800386111111
2,ORISKA,"'3ND5",47.0610911111111,97.7712133333333
2,PAGE,"'64G",47.1701944444444,97.4819166666667
2,"PARK RIVER","'Y37",48.3940830555556,97.7807702777778
2,"PARK RIVER","'97ND",48.4308261111111,97.7081433333333
2,PARSHALL,"'Y74",47.9356833333333,102.142138888889
2,PEMBINA,"'PMB",48.9424166666667,97.2406666666667
2,PISEK,"'98ND",48.2633247222222,97.6223058333333
2,PLAZA,"'Y99",48.0305680555556,101.9532225
2,PORTLAND,"'6ND6",47.5166544444444,97.5503688888889
2,PORTLAND,"'5NA2",47.5377630555556,97.3637013888889
2,RAY,"'ND82",48.3113027777778,103.148025
2,REEDER,"'14ND",46.207785,102.908495555556
2,REGAN,"'NA88",47.2238822222222,100.423453055556
2,REYNOLDS,"'NA02",47.7049777777778,97.0548052777778
2,RHAME,"'NA22",46.0125022222222,103.796313611111
2,RICHARDTON,"'4E8",46.8958166666667,102.356744444444
2,RIVERDALE,"'37N",47.4827277777778,101.408148611111
2,ROBINSON,"'ND54",47.1291569444444,99.7303872222222
2,ROGERS,"'23ND",47.0714666666667,98.223875
2,ROLETTE,"'2H9",48.6668625,99.8531611111111
2,ROLLA,"'06D",48.8844172222222,99.6209266666667
2,RUGBY,"'NA49",48.4177755555556,100.05458
2,RUGBY,"'RUG",48.3903611111111,100.024277777778
2,SARLES,"'8ND0",48.9013955555556,99.0167961111111
2,SAWYER,"'70ND",47.9331361111111,101.148177777778
2,SAWYER,"'ND42",48.1030555555556,101.078472222222
2,SCRANTON,"'NA98",46.3025083333333,103.170172777778
2,SHELDON,"'NA05",46.6121930555556,97.4356480555555
2,SHEYENNE,"'NA06",47.8627755555556,98.9726175
2,SHEYENNE,"'NA70",47.7738861111111,98.9884483333333
2,SOURIS,"'NA07",48.8866166666667,100.694719444444
2,SOURIS,"'7NA9",48.9283483333333,100.577927777778
2,"ST THOMAS","'4S5",48.6264375,97.4390555555556
2,STANLEY,"'08D",48.3007986111111,102.406351388889
2,STARKWEATHER,"'NA10",48.3805588888889,99.0337444444444
2,STRASBURG,"'ND41",46.1347111111111,100.113169722222
2,STREETER,"'1NA5",46.6249786111111,99.4503872222222
2,SUTTON,"'ND19",47.4336111111111,98.4177777777778
2,TAPPEN,"'NA71",46.9958202777778,99.6712177777778
2,TAPPEN,"'8NA0",46.8810958333333,99.6309408333333
2,TAYLOR,"'ND62",46.8483397222222,102.457955833333
2,THOMPSON,"'4ND1",47.7927575,97.1536938888889
2,TIOGA,"'D60",48.3802777777778,102.897361111111
2,TOLNA,"'19ND",47.7333308333333,98.4887119444444
2,TOWNER,"'D61",48.3591946944444,100.395612333333
2,"TURTLE LAKE","'2ND5",47.6419916666667,100.821241666667
2,"TURTLE LAKE","'NA12",47.4316633333333,100.841528055556
2,"TURTLE LAKE","'NA79",47.4041625,100.8823625
2,"TURTLE LAKE","'91N",47.5096069444444,100.9166
2,UNDERWOOD,"'NA90",47.4666638888889,101.222654444444
2,UNDERWOOD,"'ND44",47.4666666666667,101.133888888889
2,UPHAM,"'21ND",48.5822819444444,100.854847222222
2,UPHAM,"'NA73",48.5639086111111,101.000430555556
2,"VALLEY CITY","'BAC",46.9412041666667,98.0180136111111
2,VELVA,"'NA13",48.1220819444444,100.940441666667
2,WAHPETON,"'BWP",46.2442937777778,96.6071559444444
2,WALCOTT,"'NA99",46.5505205555556,97.0320313888889
2,WALHALLA,"'96D",48.9405731944444,97.9027776388889
2,WASHBURN,"'3NA2",47.3027716666667,101.067092222222
2,WASHBURN,"'5C8",47.3511488888889,101.025896111111
2,"WATFORD CITY","'ND25",48.06455,102.909591666667
2,"WATFORD CITY","'S25",47.7965833333333,103.255194444444
2,"WEST FARGO","'NA17",46.9427461111111,96.9289727777778
2,"WEST FARGO","'ND52",46.8027777777778,97.0122222222222
2,WESTFIELD,"'NA54",45.9549952777778,100.442071666667
2,WESTHOPE,"'D64",48.9130763888889,101.033722222222
2,WHEATLAND,"'ND68",46.9558080555556,97.3012
2,WILLISTON,"'NA18",48.4133583333333,103.83576
2,WILLISTON,"'4NA0",48.0083580555556,103.590753055556
2,WILLISTON,"'4NA1",48.2427777777778,103.686388888889
2,WILLISTON,"'XWA",48.2608638888889,103.751138888889
2,WILTON,"'2NA0",47.2566602777778,100.796245277778
2,WISHEK,"'6L5",46.2496291666667,99.5396583333333
2,WYNDMERE,"'ND49",46.2235711111111,97.1303652777778
2,WYNDMERE,"'4ND8",46.3541286111111,97.1170319444444
2,WYNDMERE,"'NA21",46.2282938888889,97.2362008333333
2,YPSILANTI,"'ND55",46.7881111111111,98.5369666666667
2,AINSWORTH,"'ANW",42.5792222222222,99.9929722222222
2,ALBION,"'BVN",41.7285769444444,98.0557597222222
2,ALLIANCE,"'AIA",42.0532222222222,102.80375
2,ALMA,"'4D9",40.1124722222222,99.3464166666667
2,ANSELMO,"'NE36",41.54925,100.048966666667
2,ANSLEY,"'NE45",41.2931416666667,99.3746583333333
2,ARAPAHOE,"'37V",40.3415833333333,99.9078055555556
2,ARCADIA,"'96NE",41.4006777777778,99.0972777777778
2,ASHBY,"'0NE0",41.8499833333333,101.950460277778
2,ASHBY,"'0NE1",42.4072102777778,101.931563888889
2,ASHLAND,"'53NE",41.0813875,96.4033477777778
2,ASHLAND,"'NE26",41.0223194444444,96.4345583333333
2,ATKINSON,"'8V2",42.5626988888889,99.0388102777778
2,AUBURN,"'K01",40.3866666666667,95.788
2,AURORA,"'AUH",40.8941388888889,97.9945555555556
2,BARTLETT,"'40NE",41.9750069444444,98.5159111111111
2,BARTLEY,"'6NE7",40.24445,100.337921388889
2,BASSETT,"'RBE",42.5711257777778,99.5695201944444
2,"BATTLE CREEK","'NE31",42.0144491666667,97.5864444444445
2,BEATRICE,"'BIE",40.3012777777778,96.7541111111111
2,BENKELMAN,"'6NE8",40.0869386111111,101.568778333333
2,BENKELMAN,"'42V",40.05805,101.546833611111
2,BENNINGTON,"'09NE",41.3333308333333,96.1936316666667
2,BLAIR,"'BTA",41.4148055555556,96.1089722222222
2,BLAIR,"'86NE",41.5416611111111,96.2739694444444
2,BLOOMFIELD,"'84Y",42.5797244444444,97.6736752777778
2,BRAINARD,"'78NE",41.1661219444444,97.0314208333333
2,BROADWATER,"'NE19",41.5958102777778,102.817146944444
2,"BROKEN BOW","'BBW",41.4364444444444,99.6421666666667
2,BROWNLEE,"'1NE0",42.316665,100.417078055556
2,BRULE,"'9NE1",41.1444352777778,101.926567777778
2,BURR,"'37NE",40.6077780555555,96.3077883333333
2,BURWELL,"'BUB",41.7775766666667,99.1502116666667
2,CALLAWAY,"'1NE1",41.2833383333333,100.050402777778
2,CALLAWAY,"'1NE2",41.3250055555555,99.9170658333333
2,CAMBRIDGE,"'CSB",40.3065819444444,100.162072222222
2,CAMPBELL,"'30NE",40.3557486111111,98.6858166666667
2,CARLETON,"'9NE2",40.2916716666667,97.7225413888889
2,"CENTRAL CITY","'07K",41.1115613055556,98.0513356111111
2,CHADRON,"'CDR",42.8375576944444,103.095401916667
2,CHAMPION,"'8NE3",40.4819394444444,101.812953055556
2,CHAPPELL,"'CNP",41.0774722222222,102.464055555556
2,CHESTER,"'NE35",40.0583386111111,97.5411530555556
2,COLUMBUS,"'OLU",41.4487222222222,97.3409444444444
2,COLUMBUS,"'NE37",41.4725105555556,97.2714272222222
2,COZAD,"'CZD",40.86959225,100.004251527778
2,CREIGHTON,"'6K3",42.4712777777778,97.88475
2,CRETE,"'CEK",40.6183767222222,96.9257086944444
2,CULBERTSON,"'NE95",40.2293361111111,100.856841666667
2,CULBERTSON,"'13NE",40.3166691666667,100.808767222222
2,CURTIS,"'47V",40.63875,100.473416666667
2,"DAKOTA CITY","'NE75",42.4003416666667,96.4306777777778
2,DALTON,"'1NE6",41.3408152777778,102.777698611111
2,DAVEY,"'68NE",40.9913886111111,96.6197333333333
2,"DAVID CITY","'93Y",41.2303611111111,97.1225
2,DENTON,"'NE40",40.7158369444444,96.8678019444444
2,DUNNING,"'32NE",41.7211108333333,100.087632777778
2,ELGIN,"'NE44",41.9833411111111,98.0836772222222
2,ELMWOOD,"'8NE4",40.8677777777778,96.2847222222222
2,ELWOOD,"'2NE0",40.6966730555556,99.8342858333333
2,ERICSON,"'8NE5",41.7905636111111,98.7298047222222
2,FAIRBURY,"'FBY",40.1819722222222,97.1678888888889
2,FAIRMONT,"'FMZ",40.5860975833333,97.5731365555555
2,"FALLS CITY","'FNB",40.0787777777778,95.592
2,"FORT CALHOUN","'75NE",41.4458277777778,95.9566788888889
2,FRANKLIN,"'NE12",40.0984944444444,98.9777277777778
2,FRANKLIN,"'8NE6",40.1293125,98.9432791666667
2,FREMONT,"'FET",41.4499444444444,96.5211944444444
2,FULLERTON,"'8NE9",41.3902916666667,97.9645030555556
2,GENOA,"'97Y",41.40418,97.7086627777778
2,GORDON,"'GRN",42.8059722222222,102.17525
2,GORDON,"'2NE4",42.4499902777778,102.133795
2,GOTHENBURG,"'2NE5",40.9000069444444,100.094846944444
2,GOTHENBURG,"'GTE",40.9254833333333,100.146569444444
2,GRAINTON,"'2NE6",40.9208308333333,101.2973825
2,"GRAND ISLAND","'GRI",40.9675425,98.3096388888889
2,GRANT,"'GGF",40.8706633611111,101.733879416667
2,GRANT,"'27NE",40.7227722222222,101.795727777778
2,GRANT,"'2NE7",40.8513847222222,101.942679444444
2,GREELEY,"'NE46",41.5574916666667,98.5460611111111
2,GRETNA,"'NE49",41.0666652777778,96.2502941666667
2,"GUIDE ROCK","'NE01",40.194735,98.3519969444445
2,HARDY,"'85NE",40.0208458333333,97.9419872222222
2,HARRISON,"'11NE",42.4424636111111,103.916326944444
2,HARTINGTON,"'0B4",42.6030833333333,97.2535
2,HARVARD,"'08K",40.6513333333333,98.0798888888889
2,HASTINGS,"'HSI",40.60525,98.4278888888889
2,"HAY SPRINGS","'4V6",42.6822030277778,102.701205333333
2,"HAY SPRINGS","'33NE",42.3860788888889,102.575476666667
2,HEBRON,"'HJH",40.1519444444444,97.5845277777778
2,HEMINGFORD,"'3NE2",42.3277394444444,103.193535833333
2,HENDERSON,"'38NE",40.7536216666667,97.8514386111111
2,HENDERSON,"'NE83",40.7530861111111,97.8540277777778
2,HERSHEY,"'34NE",41.2238847222222,100.934595833333
2,HERSHEY,"'NE64",41.1624347222222,100.978451388889
2,HICKMAN,"'2NE3",40.6063305555556,96.6213138888889
2,HICKMAN,"'2NE8",40.6287027777778,96.5629444444444
2,HILDRETH,"'81NE",40.2736236111111,99.0078616666667
2,HOLDREGE,"'HDE",40.4518,99.3360083333333
2,HOLDREGE,"'NE30",40.5735583333333,99.4202569444444
2,HOLDREGE,"'3NE3",40.5000111111111,99.3170416666667
2,HOSKINS,"'NE67",42.1076569444444,97.3413138888889
2,HYANNIS,"'9NE3",42.1874847222222,101.789341388889
2,HYANNIS,"'1V2",42.0099944444444,101.770063888889
2,IMPERIAL,"'IML",40.5103262222222,101.620146027778
2,JAMISON,"'3NE6",42.9666666666667,99.2670455555556
2,JOHNSON,"'88NE",40.4038891666667,96.0172261111111
2,KEARNEY,"'EAR",40.7270405555556,99.00677
2,KIMBALL,"'IBM",41.1880555555556,103.677388888889
2,LAKESIDE,"'24NE",42.3838625,102.438808333333
2,LAKESIDE,"'3NE7",41.8291463888889,102.342692222222
2,LAMAR,"'NE08",40.5477722222222,101.978236111111
2,LAUREL,"'08NE",42.4316669444444,97.0794922222222
2,LEXINGTON,"'LXN",40.7904236111111,99.7759141666667
2,LIBERTY,"'NE57",40.0922233333333,96.4780736111111
2,LINCOLN,"'NE42",40.9333347222222,96.7005702777778
2,LINCOLN,"'LNK",40.8508888888889,96.7591111111111
2,LINCOLN,"'NE59",40.8333330555556,96.5669561111111
2,LINDSAY,"'9NE4",41.7033433333333,97.7444980555556
2,"LOUP CITY","'0F4",41.2863611111111,98.9900277777778
2,LYNCH,"'NE06",42.8249983333333,98.4253591666667
2,MADRID,"'66NE",40.9291105,101.604372777778
2,MADRID,"'46NE",40.8963847222222,101.505445
2,MADRID,"'4NE0",40.9155763888889,101.559809722222
2,MAYWOOD,"'NE15",40.6170444444444,100.726408333333
2,"MC COOK","'MCK",40.2062777777778,100.592083333333
2,"MC COOK/CULBERTSON","'19NE",40.1083352777778,100.808766111111
2,MELBETA,"'25NE",41.7241366666667,103.511329166667
2,MERRIMAN,"'57NE",42.9241672222222,101.693758611111
2,MILBURN,"'4NE1",41.7541688888889,99.7545658333333
2,MILFORD,"'NE65",40.7669508333333,97.0778125
2,MINDEN,"'NE29",40.5139027777778,99.0120288888889
2,MINDEN,"'0V3",40.5149166666667,98.9456388888889
2,"MORSE BLUFF","'NE43",41.439725,96.7541944444444
2,MULLEN,"'84NE",42.0421638888889,101.059661111111
2,MURRAY,"'NE82",40.9324997222222,95.9994552777778
2,"NEBRASKA CITY","'AFK",40.6065277777778,95.8666666666667
2,NELIGH,"'4V9",42.11225,98.0397777777778
2,NORFOLK,"'NE78",42.0747222222222,97.3190277777778
2,NORFOLK,"'OFK",41.9854602777778,97.4351136111111
2,NORFOLK,"'NE09",41.9633383333333,97.4672738888889
2,"NORTH PLATTE","'LBF",41.1262222222222,100.683666666667
2,"NORTH PLATTE","'NE25",41.1819416666667,100.859869444444
2,"O'NEILL","'NE89",42.7598541666667,98.6020194444445
2,"O'NEILL","'ONL",42.4693611111111,98.6877777777778
2,OGALLALA,"'OGA",41.1194722222222,101.769694444444
2,OGALLALA,"'35NE",41.0499936111111,101.804620277778
2,OMAHA,"'9NE6",41.3387277777778,96.0885402777778
2,OMAHA,"'OMA",41.3031666666667,95.8940555555556
2,OMAHA,"'MLE",41.1959861111111,96.1122647222222
2,OMAHA,"'3NO",41.3692888888889,96.0224944444444
2,OMAHA,"'OFF",41.1193277777778,95.9085194444444
2,ORD,"'ODX",41.6236944444444,98.9518611111111
2,OSHKOSH,"'OKS",41.4019110833333,102.356351555556
2,OXFORD,"'NE21",40.2920166666667,99.5934666666667
2,PALISADE,"'4NE8",40.3827763888889,101.151549722222
2,PANAMA,"'16NE",40.5599994444444,96.4916816666667
2,"PAWNEE CITY","'50K",40.1161666666667,96.1948611111111
2,PAXTON,"'4NE9",40.9991613888889,101.446555
2,PAXTON,"'7NE5",41.0666611111111,101.367664166667
2,PENDER,"'0C4",42.1134181111111,96.7278133888889
2,PLATTSMOUTH,"'PMV",40.9483694444444,95.9173541666667
2,PROSSER,"'NE38",40.7094580555556,98.5600677777778
2,RAVENNA,"'56NE",41.0327902777778,98.8120236111111
2,"RED CLOUD","'7V7",40.0821666666667,98.5413611111111
2,RIVERDALE,"'43NE",40.775,99.1547222222222
2,ROCA,"'NE80",40.6730666666667,96.6378138888889
2,ROCA,"'NE79",40.6527786111111,96.6211277777778
2,ROYAL,"'NE51",42.3048569444444,98.1248972222222
2,RUSHVILLE,"'9V5",42.7365754722222,102.444360138889
2,SARBEN,"'04NE",41.1599933333333,101.2990525
2,SARGENT,"'09K",41.6349166666667,99.3421388888889
2,SCOTTSBLUFF,"'12NE",41.9066330555556,103.699666944444
2,SCOTTSBLUFF,"'BFF",41.8740277777778,103.595638888889
2,SCRIBNER,"'SCB",41.6103333333333,96.6298611111111
2,SEWARD,"'NE18",40.914175,97.0805880555556
2,SEWARD,"'SWT",40.8647222222222,97.1092222222222
2,SHUBERT,"'5NE2",40.1958338888889,95.6294308333333
2,SIDNEY,"'NE34",41.0388752777778,102.952698055556
2,SIDNEY,"'SNY",41.0997608333333,102.984993055556
2,"SO SIOUX CITY","'7K8",42.4541611111111,96.4725311111111
2,SPALDING,"'05NE",41.7222330555556,98.3089583333333
2,SPENCER,"'NE81",42.8827777777778,98.6559722222222
2,SPRINGFIELD,"'72NE",41.0791652777778,96.1530711111111
2,STAPLETON,"'9NE8",41.4016652777778,100.478750277778
2,STAPLETON,"'5NE3",41.4874977777778,100.487918888889
2,STEINAUER,"'NE20",40.1861111111111,96.2113977777778
2,SUPERIOR,"'NE87",40.0972344444444,98.0647655555556
2,SUPERIOR,"'12K",40.0461998611111,98.0612554444444
2,SUTHERLAND,"'5NE4",41.5722155555556,101.172385555556
2,SUTHERLAND,"'5NE5",41.2066608333333,101.1434925
2,TECUMSEH,"'0G3",40.4009444444444,96.1704444444444
2,TEKAMAH,"'TQE",41.7635370555556,96.177939
2,THEDFORD,"'TIF",41.9627083333333,100.570305555556
2,UPLAND,"'15NE",40.291125,98.8234091666667
2,UTICA,"'0J9",40.8677638888889,97.3538486111111
2,VALENTINE,"'VTN",42.8566944444444,100.548972222222
2,VALLEY,"'NE56",41.3413888888889,96.395
2,VENANGO,"'5NE9",40.7333297222222,102.050460555556
2,VERDIGRE,"'95NE",42.6697694444444,98.2241111111111
2,WAHOO,"'AHQ",41.2406080555556,96.594555
2,WALLACE,"'6NE0",40.7869477777778,101.165711666667
2,WALLACE,"'64V",40.8322244444444,101.164044722222
2,WASHINGTON,"'1NE5",41.4061111111111,96.2855555555556
2,WAUSA,"'36NE",42.5141691666667,97.5808963888889
2,WAYNE,"'LCG",42.24160575,96.982271
2,"WEEPING WATER","'NE69",40.8675005555556,96.11001
2,WELLFLEET,"'01NE",40.8436166666667,100.652643611111
2,WYMORE,"'NE92",40.0494463888889,96.6661338888889
2,YORK,"'87NE",40.8091772222222,97.5878280555555
2,YORK,"'JYR",40.8964163888889,97.6240724444445
2,ALBANY,"'NH38",43.9725711111111,71.1697925
2,ANDOVER,"'94NH",43.4764361111111,71.7474277777778
2,AUBURN,"'29NH",42.9986111111111,71.3352777777778
2,BARNSTEAD,"'NH15",43.3867466666667,71.2333997222222
2,BERLIN,"'BML",44.5753611111111,71.1759166666667
2,BRENTWOOD,"'NH67",42.9784208333333,71.0095022222222
2,BRISTOL,"'2N2",43.5920180555556,71.7514680555556
2,BROOKLINE,"'NH16",42.7417541666667,71.7075725
2,CANAAN,"'01NH",43.6445166666667,72.0870305555556
2,"CENTER OSSIPEE","'NH18",43.7334097222222,71.1511791666667
2,CHESTER,"'NH61",42.967475,71.1811719444444
2,CLAREMONT,"'CNH",43.3705043055556,72.3682074166667
2,COLEBROOK,"'4C4",44.8875236111111,71.5077245
2,CONCORD,"'CON",43.2027222222222,71.5022777777778
2,ERROL,"'ERR",44.7921666666667,71.16452525
2,FRANCONIA,"'1B5",44.1959503611111,71.7507032777778
2,FRANCONIA,"'25NH",44.2324166666667,71.7163055555556
2,GOFFSTOWN,"'NH88",43.0673044444444,71.6111830555556
2,GORHAM,"'2G8",44.3935819444444,71.1980888888889
2,HAMPTON,"'7B3",42.9612680555556,70.8301541666667
2,HAVERHILL,"'5B9",44.0801728333333,72.0077599166667
2,HENNIKER,"'NH86",43.1750805555556,71.7873
2,HILLSBORO,"'8B1",43.0612777777778,71.9053611111111
2,JAFFREY,"'AFN",42.8051341666667,72.0030219444444
2,KEENE,"'EEN",42.8983888888889,72.2707777777778
2,KENSINGTON,"'06NH",42.9284222222222,70.9731111111111
2,KENSINGTON,"'21NH",42.9169444444444,70.9352777777778
2,LACONIA,"'LCI",43.5730416666667,71.4178416666667
2,LEBANON,"'LEB",43.6261111111111,72.3041944444444
2,LOUDON,"'NH07",43.2803611111111,71.4566111111111
2,MANCHESTER,"'MHT",42.9328055555556,71.43575
2,MASON,"'NH76",42.728975,71.7842388888889
2,MASON,"'NH17",42.7275666666667,71.7176111111111
2,MIDDLETON,"'56NH",43.4811111111111,71.0568611111111
2,MOULTONBORO,"'53NH",43.7674570277778,71.3876261666667
2,NASHUA,"'ASH",42.7824138888889,71.5140944444444
2,"NEW BOSTON","'NH60",42.9606394444444,71.6534055555556
2,"NEW LONDON","'NH40",43.4046583333333,71.9503605555556
2,NEWPORT,"'2B3",43.3870685833333,72.1876105
2,NORTHWOOD,"'NH84",43.2075888888889,71.2211555555556
2,NOTTINGHAM,"'NH43",43.1795272222222,71.1370075
2,PELHAM,"'NH78",42.7471725,71.36923
2,PLYMOUTH,"'1P1",43.7782541666667,71.75385
2,PORTSMOUTH,"'PSM",43.0779444444444,70.8232777777778
2,ROCHESTER,"'DAW",43.2842348333333,70.9295495
2,SANBORNTON,"'12NH",43.4952777777778,71.6544444444445
2,SANBORNTON,"'NH20",43.4922980555556,71.64591
2,"TWIN MOUNTAIN","'8B2",44.2640640833333,71.5467486944444
2,WALPOLE,"'NH39",43.0334130555556,72.42981
2,WENTWORTH,"'NH96",43.8734444444444,71.9047222222222
2,"WEST OSSIPEE","'NH69",43.8262555555556,71.1848277777778
2,WESTMORELAND,"'2NH5",42.9902777777778,72.4016666666667
2,WHITEFIELD,"'HIE",44.3675555555556,71.5458055555556
2,WINDSOR,"'23NH",43.1302777777778,72.015
2,WOLFEBORO,"'NH31",43.6500775,71.1495119444444
2,WOODSTOCK,"'NH49",43.9703458333333,71.6795241666667
2,ALLAMUCHY,"'JY24",40.9237138888889,74.8704472222222
2,ANDOVER,"'12N",41.0086197222222,74.7380338888889
2,ANDOVER,"'13N",40.9660555555555,74.7816666666667
2,ASBURY,"'70NJ",40.6770447222222,75.0246158333333
2,"ATLANTIC CITY","'ACY",39.4575833333333,74.5771666666667
2,BELMAR/FARMINGDALE,"'BLM",40.1867777777778,74.1245555555556
2,BELVIDERE,"'NJ09",40.7917647222222,75.0704516666667
2,BERLIN,"'19N",39.7784444444444,74.9478055555555
2,BLAIRSTOWN,"'1N7",40.9711331388889,74.9975040555556
2,BRIDGEPORT,"'6NJ9",39.7917797222222,75.3746352777778
2,BRIDGETON,"'34NJ",39.5030555555556,75.1722222222222
2,BRIDGETON,"'00N",39.4730277777778,75.1844166666667
2,BRIDGETON,"'NJ84",39.4330555555556,75.3966666666667
2,BRIDGETON,"'JY31",39.4467805555556,75.3132472222222
2,"BURLINGTON COUNTY","'NJ24",39.7133333333333,74.4
2,CALDWELL,"'CDW",40.8752222222222,74.2813611111111
2,CANTON,"'7NJ2",39.4813333333333,75.4053333333333
2,CEDARVILLE,"'7NJ9",39.31817,75.2062983333333
2,CHATSWORTH,"'NJ20",39.8126183333333,74.4245930555555
2,CLARKSBORO,"'NJ25",39.7896833333333,75.2283472222222
2,"CROSS KEYS","'17N",39.7054758333333,75.0330030555556
2,ELMER,"'7NJ7",39.5605555555556,75.2186111111111
2,ELMER,"'04NJ",39.5967811111111,75.2335188888889
2,ENGLISHTOWN,"'NJ46",40.2764988888889,74.3884825
2,FAIRTON,"'9NJ6",39.3663888888889,75.2683333333333
2,FLEMINGTON,"'NJ50",40.4806594444444,74.9618347222222
2,FREEHOLD,"'NJ60",40.1870569444444,74.26709
2,FREEHOLD,"'NJ59",40.1828905555556,74.2787569444445
2,FRENCHTOWN,"'NJ63",40.4678813888889,75.0504480555556
2,FRENCHTOWN,"'NJ61",40.541375,75.0242472222222
2,GLASSBORO,"'61NJ",39.6915030555556,75.1432333333333
2,"GREAT MEADOWS","'NJ65",40.8534319444444,74.9296144444445
2,"GREEN CREEK","'JY04",39.0651130555556,74.9096161111111
2,HACKETTSTOWN,"'N05",40.8200991666667,74.8551672222222
2,HAINESBURG,"'67NJ",40.9698186111111,75.0668425
2,HAMMONTON,"'N81",39.6674722222222,74.7577222222222
2,HAMMONTON,"'NJ69",39.65845,74.8023847222222
2,HARRISONVILLE,"'9NJ5",39.6801136111111,75.2524077777778
2,HOLMDEL,"'NJ72",40.3512202777778,74.1812541666667
2,HOPE,"'9NJ8",40.8959313888889,74.9996172222222
2,JOBSTOWN,"'2N6",40.0270833333333,74.6908888888889
2,"KINGWOOD TOWNSHIP","'92NJ",40.4684372222222,75.0023913888889
2,LAKEHURST,"'NEL",40.0357808611111,74.35137025
2,LAKEWOOD,"'N12",40.0668888888889,74.1775555555556
2,LAMBERTVILLE,"'NJ79",40.351495,74.9093325
2,"LINCOLN PARK","'N07",40.9475244444444,74.3145013888889
2,LINDEN,"'LDJ",40.6174494444444,74.2445941666667
2,LINWOOD,"'0NJ6",39.3167822222222,74.6329358333333
2,LUMBERTON,"'N14",39.9342777777778,74.8072222222222
2,MANVILLE,"'47N",40.5244444444444,74.5983055555556
2,"MAYS LANDING","'89NJ",39.4891666666667,74.7236111111111
2,MILFORD,"'NJ95",40.5556575,75.0723938888889
2,MILLVILLE,"'MIV",39.3678055555556,75.0722222222222
2,MORRISTOWN,"'MMU",40.7993333333333,74.4148888888889
2,"MOUNT HOLLY","'VAY",39.9428888888889,74.84575
2,NEWARK,"'EWR",40.6924798333333,74.1686867777778
2,"OCEAN CITY","'26N",39.2634791666667,74.6074763888889
2,"OLD BRIDGE","'3N6",40.3298866666667,74.3467869444444
2,PATTENBURG,"'2NJ1",40.6335555555556,75.0300833333333
2,PEDRICKTOWN,"'7N7",39.7355633333333,75.3977211111111
2,PEMBERTON,"'3NJ1",39.9821777777778,74.694975
2,PENNINGTON,"'2NJ3",40.3403844444444,74.8543308333333
2,PHILLIPSBURG,"'2NJ6",40.7737086111111,75.1593425
2,PHILLIPSBURG,"'2NJ5",40.6520438888889,75.1860086111111
2,PITTSGROVE,"'23NJ",39.5047222222222,75.0930555555556
2,PITTSTOWN,"'N85",40.5875738888889,75.0194205555556
2,PITTSTOWN,"'N40",40.5658822222222,74.9793080555556
2,"PRINCETON/ROCKY HILL","'39N",40.3990888888889,74.6590063888889
2,RANCOCAS,"'3NJ6",40.0154722222222,74.8413333333333
2,READINGTON,"'N51",40.5827444444444,74.7367166666667
2,ROBBINSVILLE,"'N87",40.2139444444445,74.6017777777778
2,ROSEMONT,"'4NJ0",40.4492708333333,75.0176694444444
2,SALEM,"'JY39",39.6611111111111,75.4652777777778
2,SALEM,"'NJ74",39.5626127777778,75.4496413888889
2,SALEM,"'24NJ",39.4905972222222,75.4332694444444
2,SHILOH,"'NJ06",39.4576144444444,75.273245
2,SHILOH,"'JY17",39.4722222222222,75.2775
2,SOMERVILLE,"'4NJ8",40.6001022222222,74.7329394444444
2,SOMERVILLE,"'SMQ",40.6259806388889,74.6700316111111
2,STANTON,"'5NJ2",40.5917688888889,74.8412761111111
2,SUSSEX,"'FWN",41.2002138888889,74.6230352777778
2,TETERBORO,"'TEB",40.8501111111111,74.0608333333333
2,"TOMS RIVER","'MJX",39.9260416666667,74.2955347222222
2,TRENTON,"'TTN",40.2766944444444,74.8134722222222
2,VINCENTOWN,"'3NJ9",39.9410194444444,74.771
2,VINCENTOWN,"'JY73",39.9041516666667,74.7495491666667
2,VINELAND,"'29N",39.5240041666667,75.0463427777778
2,VINELAND,"'28N",39.5395833333333,74.9676666666667
2,WASHINGTON,"'6NJ1",40.7403772222222,74.9568366666667
2,"WEST CREEK","'31E",39.6654541666667,74.3080444444444
2,"WEST MILFORD","'4N1",41.1283888888889,74.3465277777778
2,"WEST MILFORD","'JY43",41.0832222222222,74.3385555555556
2,WILDWOOD,"'WWD",39.0083694444444,74.9085111111111
2,WILLIAMSTOWN,"'C01",39.6555555555556,75.0144444444445
2,WOODBINE,"'OBI",39.2191388888889,74.79475
2,WOODSTOWN,"'JY08",39.6501138888889,75.2840763888889
2,WRIGHTSTOWN,"'WRI",40.0155835277778,74.5916991388889
2,ALAMOGORDO,"'ALM",32.8394166666667,105.991138888889
2,ALAMOGORDO,"'HMN",32.8518582222222,106.108537583333
2,ALAMOGORDO,"'7NM1",32.9352777777778,106.045277777778
2,ALAMOGORDO,"'52NM",32.6340694444444,105.68745
2,ALBERT,"'NM10",35.8792027777778,103.813019444444
2,ALBUQUERQUE,"'ABQ",35.0389315555556,106.608262166667
2,ALBUQUERQUE,"'AEG",35.1449094444444,106.795173888889
2,"ANGEL FIRE","'AXX",36.4220002777778,105.289905
2,ANIMAS,"'NM64",31.4587055555556,108.862558333333
2,ANIMAS,"'NM12",31.9176444444444,108.780719444444
2,"ANTON CHICO","'NM76",35.2608333333333,104.918888888889
2,"APACHE CREEK","'13Q",34.0043055555556,108.679777777778
2,ARTESIA,"'NM47",32.7801133333333,104.381350555556
2,ARTESIA,"'ATS",32.8519444444444,104.467583333333
2,ARTESIA,"'01NM",33.0086111111111,104.540277777778
2,AZTEC,"'N19",36.8369486111111,108.028655555556
2,BELEN,"'BRG",34.6458616388889,106.836340083333
2,BELEN,"'55NM",34.4833972222222,106.613076944444
2,"BELL RANCH","'NM33",35.5475447222222,104.0838625
2,"BELL RANCH","'NM32",35.7021041666667,104.062236111111
2,BOSQUE,"'NM40",34.5401722222222,106.7779
2,BOSQUE,"'NM88",34.54325,106.759888888889
2,CAPITAN,"'4AZ2",33.7020261111111,105.383873333333
2,CAPITAN,"'NM84",33.5445272222222,105.375538888889
2,CARLSBAD,"'CNM",32.3374444444444,104.263361111111
2,CARLSBAD,"'62NM",32.5987247222222,104.42635
2,CARRIZOZO,"'F37",33.6489027777778,105.89622
2,CHAMA,"'NM16",36.8666791666667,106.567257222222
2,CHAMA,"'NM24",36.9216786111111,106.560312222222
2,CHLORIDE,"'NM51",33.3284166666667,107.661888888889
2,CLAUNCH,"'57NM",34.0886791666667,106.119166944444
2,CLAYTON,"'CAO",36.4462777777778,103.149944444444
2,CLAYTON,"'NM14",36.9791388888889,103.1985
2,CLOVIS,"'NM42",34.4158333333333,103.147777777778
2,CLOVIS,"'CVS",34.3827745555556,103.322149527778
2,CLOVIS,"'CVN",34.42659025,103.077580027778
2,COLUMBUS,"'0NM0",31.8237113888889,107.626967222222
2,COLUMBUS,"'NM09",31.8673211111111,107.635856944444
2,COLUMBUS,"'NM78",31.8778763888889,107.645579166667
2,"CONCHAS DAM","'E89",35.3678388888889,104.180508333333
2,CORONA,"'2NM9",34.1991666666667,105.164166666667
2,CORONA,"'NM25",34.1242386111111,105.671383055556
2,CROWNPOINT,"'0E8",35.7176588888889,108.201596111111
2,CUBA,"'NM2",35.9517722222222,106.957525
2,CUBERO,"'NM74",35.0875411111111,107.563106111111
2,DEMING,"'DMN",32.2623888888889,107.719
2,DEMING,"'NM26",32.1000913888889,107.8228075
2,DEMING,"'NM08",32.2625888888889,107.403908888889
2,DULCE,"'24N",36.828535,106.884191388889
2,EDGEWOOD,"'1N1",35.0946111111111,106.164555555556
2,ENSENADA,"'NM48",36.7305694444444,106.4950325
2,ESPANOLA,"'E14",36.0261190277778,106.045414583333
2,ESTANCIA,"'E92",34.7633933333333,106.041405555556
2,FARMINGTON,"'FMN",36.74125,108.229944444444
2,"FENCE LAKE","'NM91",34.6223333333333,108.790194444444
2,FORREST,"'65NM",34.7267330555556,103.609682222222
2,"FORT SUMNER","'NM38",34.1173005555556,104.427196388889
2,"FORT SUMNER","'FSU",34.4877708333333,104.216947777778
2,GALLUP,"'GUP",35.5110583333333,108.789309444444
2,GALLUP,"'NM27",36.4225030555556,108.86148
2,GAVILAN,"'NM99",36.4271305555556,107.000825
2,GLENWOOD,"'E94",33.3528397222222,108.867285833333
2,GLENWOOD,"'NM55",33.3627777777778,108.863611111111
2,GRANTS,"'GNT",35.1672777777778,107.902055555556
2,HATCH,"'E05",32.660292,107.195408916667
2,HOBBS,"'NM83",32.7667811111111,103.208821388889
2,HOBBS,"'HOB",32.6875,103.217333333333
2,HOPE,"'68NM",33.0287088888889,105.126924166667
2,JAL,"'E26",32.1310783333333,103.154850555556
2,"LA LUZ","'72NM",32.9584205555556,105.963044166667
2,"LAS CRUCES","'LRU",32.2894166666667,106.921972222222
2,"LAS VEGAS","'LVS",35.6542222222222,105.142388888889
2,"LAS VEGAS","'NM53",35.5127777777778,104.581666666667
2,LINDRITH,"'E32",36.2914063888889,107.056154444444
2,LORDSBURG,"'LSB",32.3334638888889,108.691738888889
2,"LOS ALAMOS","'LAM",35.8796861111111,106.268686111111
2,"LOS LUNAS","'NM89",34.77575,106.521130555556
2,"LOS LUNAS","'E98",34.7610083333333,106.744944444444
2,LOVINGTON,"'E06",32.9539444444444,103.408777777778
2,MAGDALENA,"'N29",34.0941513888889,107.297169444444
2,MAGDALENA,"'NM01",34.0975,107.2975
2,"MC ALISTER","'NM73",34.7722861111111,103.8560775
2,MIMBRES,"'NM69",32.8141638888889,107.939997222222
2,MORIARTY,"'NM02",34.9222738888889,106.167245555556
2,MORIARTY,"'0E0",34.9781666666667,106.000027777778
2,MOUNTAINAIR,"'M10",34.5333333333333,106.223888888889
2,"NARA VISA","'NM52",35.5747222222222,103.287222222222
2,"NAVAJO DAM","'1V0",36.8082905555556,107.652614166667
2,PICACHO,"'82NM",33.1700963888889,105.133868611111
2,"PIE TOWN","'25NM",34.4769444444444,108.031111111111
2,"PIE TOWN","'NM41",34.0611672222222,108.096446111111
2,"PIE TOWN","'NM66",34.4151833333333,108.077
2,"PIE TOWN","'NM30",34.5130555555556,108.036111111111
2,PLAYAS,"'NM86",31.9367591666667,108.536715277778
2,PORTALES,"'PRZ",34.1454722222222,103.410333333333
2,QUEMADO,"'NM80",34.3403269444444,108.514509444444
2,QUESTA,"'N24",36.8003055555556,105.5975
2,RAMAH,"'NM56",35.1653102777778,108.458962222222
2,RATON,"'RTN",36.7424391666667,104.501726388889
2,RESERVE,"'0NM7",33.5208944444444,108.542836666667
2,RESERVE,"'T16",33.6943388888889,108.849975
2,RODEO,"'NM90",31.903025,109.025475
2,RODEO,"'NM70",31.95,109.041666666667
2,ROSEBUD,"'NM29",35.8342044444444,103.436620555556
2,ROSWELL,"'NM20",33.2520483333333,104.442465833333
2,ROSWELL,"'NM87",33.2382777777778,104.470555555556
2,ROSWELL,"'ROW",33.2998696666667,104.529397638889
2,ROWE,"'NM92",35.2957666666667,105.6115
2,ROY,"'NM17",35.9305911111111,104.183865833333
2,RUIDOSO,"'SRR",33.4609444444444,105.530138888889
2,"SANTA FE","'SAF",35.6171111111111,106.089416666667
2,"SANTA ROSA","'SXU",34.9356720833333,104.64256375
2,"SANTA TERESA","'NM05",31.90927,106.641103333333
2,"SANTA TERESA","'DNA",31.8804444444444,106.70325
2,SHIPROCK,"'5V5",36.697665,108.700972777778
2,"SILVER CITY","'13NM",33.4195102777778,108.139494166667
2,"SILVER CITY","'SVC",32.6365469444444,108.156385277778
2,"SILVER CITY","'1NM0",33.2120152777778,108.025598611111
2,"SILVER CITY","'94E",32.7620197222222,108.208379722222
2,SOCORRO,"'ONM",34.0224722222222,106.903138888889
2,SOCORRO,"'95E",33.8189563888889,106.645014166667
2,SPRINGER,"'S42",36.3315222222222,104.617851388889
2,TAOS,"'NM03",36.6621388888889,105.720208333333
2,TAOS,"'SKX",36.4516944444444,105.673083333333
2,TATUM,"'18T",33.2608055555556,103.278486111111
2,"TRUTH OR CONSEQUENCES","'NM37",33.5764533333333,107.900045277778
2,"TRUTH OR CONSEQUENCES","'9NM9",32.9895472222222,106.969468055556
2,"TRUTH OR CONSEQUENCES","'TCS",33.2353611111111,107.269888888889
2,TUCUMCARI,"'TCC",35.1827780555556,103.603194444444
2,TULAROSA,"'NM28",33.0570277777778,106.025266666667
2,VAUGHN,"'N17",34.6045802777778,105.191821944444
2,WILLARD,"'NM49",34.5814525,106.075291944444
2,ZUNI,"'XNI",35.060675,108.9376
2,ALAMO,"'L92",37.3634338888889,115.195489444444
2,AUSTIN,"'TMT",39.4679433333333,117.197453888889
2,AUSTIN,"'NV35",39.544365,117.750671111111
2,AUSTIN,"'NV02",39.0665944444444,117.421762777778
2,BAKER,"'05NV",39.0258333333333,114.095
2,BAKER,"'07NV",39.1022222222222,114.053333333333
2,BAKER,"'06NV",39.0983333333333,114.150277777778
2,"BATTLE MOUNTAIN","'BAM",40.5990555555556,116.874333333333
2,"BATTLE MOUNTAIN","'NV64",40.00825,117.392050833333
2,BEATTY,"'BTY",36.8611388888889,116.786388888889
2,"BOULDER CITY","'BVU",35.9473080555556,114.861084166667
2,"CAL NEV ARI","'1L4",35.3055494444444,114.882752777778
2,"CARSON CITY","'CXP",39.1923055555555,119.732583333333
2,"CARSON CITY","'25NV",39.2015783888889,119.683440861111
2,"CRESCENT VALLEY","'U74",40.4159444444444,116.5635
2,"CRESCENT VALLEY","'NV89",40.5023333333333,116.546769444444
2,CURRANT,"'9U7",38.7360458333333,115.480305277778
2,"DAYTON/CARSON CITY","'A34",39.2384166666667,119.555444444444
2,DEETH,"'NV04",41.3163061111111,115.250058333333
2,DENIO,"'E85",41.9540625,118.631006388889
2,DUCKWATER,"'01U",38.85325,115.634666666667
2,DYER,"'NV27",37.7165966666667,118.084271944444
2,DYER,"'2Q9",37.6096536111111,118.006488888889
2,ELKO,"'EKO",40.825,115.791333333333
2,ELKO,"'NV22",40.3127036111111,115.89673
2,ELY,"'ELY",39.2996883333333,114.841878055556
2,ELY,"'NV99",39.0367583888889,114.829940861111
2,ELY/PIOCHE,"'7NV8",38.6641166666667,114.632224722222
2,EMPIRE,"'18NV",40.5785555555556,119.351444444444
2,EUREKA,"'05U",39.60375,116.003611111111
2,FALLON,"'26NV",39.4526555555556,118.866294444444
2,FALLON,"'NV30",39.9665816666667,117.827625
2,FALLON,"'FLX",39.4991694444444,118.748792222222
2,FALLON,"'NFL",39.4178305555556,118.698588333333
2,FALLON,"'1NV1",39.4152777777778,118.836666666667
2,FERNLEY,"'N58",39.5597940833333,119.2426565
2,GABBS,"'GAB",38.9222638888889,117.958561111111
2,GARDNERVILLE,"'NV55",38.8988666666667,119.649416666667
2,GERLACH,"'88NV",40.757481,119.215922444444
2,GERLACH,"'NV06",41.3826758333333,119.169077777778
2,GERLACH,"'NV05",41.1235091666667,119.138514444444
2,GOLDFIELD,"'NV50",37.7220586111111,117.236365833333
2,GOLDFIELD,"'0L4",37.4918888888889,117.188416666667
2,HAWTHORNE,"'HTH",38.5450769444444,118.632403055556
2,"INDIAN SPRINGS","'INS",36.5863437777778,115.677370555556
2,JACKPOT,"'06U",41.9758293333333,114.65801575
2,JEAN,"'NV42",35.7758088888889,115.631394444444
2,JEAN,"'0L7",35.7682643611111,115.329621972222
2,KINGSTON,"'N15",39.20266525,117.068934361111
2,"LAS VEGAS","'HND",35.9728611111111,115.134444444444
2,"LAS VEGAS","'LAS",36.0800438888889,115.152234722222
2,"LAS VEGAS","'LSV",36.2362,115.034255555556
2,"LAS VEGAS","'VGT",36.2107030555556,115.194442777778
2,"LEMMON VALLEY","'NV17",39.6732425,119.812969166667
2,LOVELOCK,"'LOL",40.0664674722222,118.565086111111
2,MERCURY,"'NV65",36.6199444444444,116.032284722222
2,MERCURY,"'L23",37.1027272222222,116.313381666667
2,MERCURY,"'NV11",36.9457861111111,116.037811666667
2,MESQUITE,"'67L",36.8331388888889,114.055888888889
2,MINA,"'3Q0",38.3798611111111,118.09675
2,MINDEN,"'MEV",39.0005,119.751111111111
2,MONTELLO,"'NV14",41.3554780555556,114.230018055556
2,MONTELLO,"'NV67",41.1157583333333,114.113624444444
2,"MOUNTAIN CITY","'NV08",41.7379566666667,116.216208333333
2,"NORTH FORK","'08U",41.5157512222222,115.859920694444
2,OVERTON,"'0L9",36.3110277777778,114.463888888889
2,OVERTON,"'U08",36.5681111111111,114.443333333333
2,OWYHEE,"'10U",41.9536283333333,116.18207
2,PAHRUMP,"'NV98",36.1502777777778,115.899722222222
2,PAHRUMP,"'74P",36.27205925,115.995259305556
2,PAHRUMP,"'NV00",36.2555166666667,115.992527777778
2,PANACA,"'1L1",37.7874166666667,114.419888888889
2,RENO,"'77NV",39.8466666666667,119.686666666667
2,RENO,"'NV09",39.7243527777778,119.899361111111
2,RENO,"'RTS",39.6681769444444,119.876439638889
2,RENO,"'RNO",39.4991111111111,119.768111111111
2,RENO,"'N86",39.6711805555556,119.725166666667
2,"ROUND MOUNTAIN","'NV31",38.8057638888889,117.031195277778
2,"ROUND MOUNTAIN","'NV83",38.6940983333333,117.146752222222
2,"RUBY VALLEY","'03NV",40.5844444444444,115.297777777778
2,"SANDY VALLEY","'04NV",35.7555313888889,115.664728055556
2,"SANDY VALLEY","'3L2",35.7929444444444,115.626416666667
2,SEARCHLIGHT,"'1L3",35.4445555555556,114.909361111111
2,"SILVER SPRINGS","'SPZ",39.4030555555556,119.251194444444
2,SMITH,"'N59",38.8393569444444,119.338214444444
2,"SMITH VALLEY","'NV33",38.8332444444444,119.395994722222
2,SPARKS,"'2NV2",39.8347222222222,119.674722222222
2,SPARKS,"'NV96",39.8252777777778,119.654444444444
2,TONOPAH,"'TPH",38.0601944444444,117.086805555556
2,TONOPAH,"'TNX",37.7988675833333,116.780754083333
2,TUSCARORA,"'NV12",41.5637902777778,116.409265833333
2,WELLINGTON,"'NV97",38.6841666666667,119.322222222222
2,WELLINGTON,"'NV72",38.515,119.213611111111
2,WELLINGTON,"'43NV",38.7293724166667,119.465827444444
2,WELLS,"'NV07",40.8855194444444,114.981402777778
2,WELLS,"'LWL",41.1171111111111,114.922138888889
2,WINNEMUCCA,"'02NV",41.3005555555556,118.928333333333
2,WINNEMUCCA,"'WMC",40.8966111111111,117.805888888889
2,YERINGTON,"'01NV",38.7638888888889,119.027222222222
2,YERINGTON,"'O43",39.0054166666667,119.156527777778
2,ADDISON,"'2NY7",42.1214625,77.2113644444444
2,AFTON,"'8NY3",42.2686777777778,75.5597222222222
2,AKRON,"'9G3",43.0210962222222,78.4826331944444
2,ALBANY,"'ALB",42.7491161111111,73.80198
2,ALBANY,"'NK43",42.7584102777778,73.9245680555556
2,ALBION,"'NK31",43.2695030555556,78.1452972222222
2,ALBION,"'NY06",43.2964469444444,78.2139102777778
2,ALBION,"'9G6",43.1735308333333,78.2746325
2,"ALEXANDRIA BAY","'89NY",44.3167172222222,75.8996733333333
2,ALPINE,"'2NY9",42.3700733333333,76.7224508333333
2,AMSTERDAM,"'7NY8",42.9637763888889,74.1255597222222
2,ARCADE,"'D23",42.5667286111111,78.4261294444444
2,ARGYLE,"'1C3",43.2545277777778,73.4701944444444
2,ATTICA,"'49NK",42.7933055555556,78.2921666666667
2,AUBURN,"'06NY",42.8427777777778,76.4452777777778
2,AURORA,"'NK74",42.7445147222222,76.6635575
2,AVA,"'NY59",43.3872916666667,75.4862880555555
2,BATAVIA,"'GVQ",43.03175,78.1696666666667
2,BATH,"'23NY",42.2797947222222,77.3399802777778
2,BAYPORT,"'23N",40.7575961111111,73.0526897222222
2,BEEKMANTOWN,"'4NY0",44.6689319444444,73.5462477777778
2,BEEKMANTOWN,"'NY60",44.7625405555556,73.5593041666667
2,"BETHANY CENTER","'8NK4",42.9433333333333,78.1383333333333
2,BINGHAMTON,"'1NK8",42.1917425,75.841305
2,BINGHAMTON,"'BGM",42.2084444444444,75.9796111111111
2,BINGHAMTON,"'3NY5",42.0236863888889,75.9571413888889
2,BLISS,"'NY79",42.5967283333333,78.3402936111111
2,BLOOMFIELD,"'48NY",42.8956472222222,77.3969611111111
2,BOONVILLE,"'1NK7",43.4675,75.2538888888889
2,BORDEN,"'47NY",42.045,77.35
2,BROADALBIN,"'NY65",43.137295,74.1162411111111
2,BROADALBIN,"'NY66",43.1334061111111,74.1162411111111
2,BROADALBIN,"'NY64",43.1028508333333,74.1551308333333
2,BROCKPORT,"'7G0",43.1811944444444,77.9155
2,BROCKPORT,"'3NK0",43.2031158333333,77.9025116666667
2,BUFFALO,"'9G0",42.8619938888889,78.7165844444445
2,BUFFALO,"'BUF",42.9404166666667,78.7305833333333
2,BUFFALO,"'D51",43.0667244444444,78.6830858333333
2,BURDETT,"'NK09",42.4056283333333,76.8205113888889
2,BYRON,"'2NY4",43.07375,78.05
2,CAIRO,"'74NK",42.3272222222222,74.0630555555556
2,CALVERTON,"'3C8",40.9150983333333,72.7919063888889
2,CAMBRIDGE,"'1B8",43.0526944444444,73.3631388888889
2,CAMERON,"'NY34",42.162225,77.4275166666667
2,CAMILLUS,"'NY25",43.0852777777778,76.2927222222222
2,CANADICE,"'30NY",42.7500644444444,77.5580491666667
2,CANAJOHARIE,"'NY51",42.8700736111111,74.4993044444444
2,CANANDAIGUA,"'IUA",42.9089018888889,77.3252262777778
2,CANANDAIGUA,"'90NY",42.9195083333333,77.2427777777778
2,CANASTOTA,"'3NY1",43.1551944444444,75.7858666666667
2,CANTON,"'NY07",44.5458333333333,75.1611111111111
2,"CAPE VINCENT","'NY69",44.1200516666667,76.3013294444444
2,CARTHAGE,"'NK01",43.9995122222222,75.604915
2,CASSADAGA,"'28NY",42.3083333333333,79.225
2,CATTARAUGUS,"'0NK0",42.3339513888889,78.7908655555556
2,CATTARAUGUS,"'NY76",42.3156666666667,78.8953333333333
2,"CENTRAL SQUARE","'19NK",43.2438888888889,76.1527777777778
2,CHARLESTON,"'3NY0",42.8272963888889,74.4040233333333
2,CHARLTON,"'0NK2",42.9834083333333,74.0162377777778
2,CHESTER,"'4NY1",41.3278716666667,74.3245963888889
2,CHITTENANGO,"'NK51",43.0292336111111,75.8454677777778
2,"CLARENCE CENTER","'NK87",43.0667247222222,78.5997497222222
2,"CLARENCE CENTER","'NK19",43.0611688888889,78.6614186111111
2,CLAY,"'1H1",43.2058888888889,76.1793055555556
2,CLAYTON,"'28NK",44.1869444444444,76.0763888888889
2,COLDEN,"'3NY9",42.6644444444444,78.6730555555555
2,CONSTANTIA,"'NK82",43.3159025,76.0149194444444
2,CONSTANTIA,"'NK04",43.2500688888889,75.9996405555556
2,COOPERSTOWN,"'K23",42.6292425,74.8909877777778
2,COPAKE,"'3NK8",42.1405555555556,73.6119444444444
2,CORNING,"'7N1",42.1801002777778,77.1217019444444
2,CORNING,"'6NY1",42.1128516666667,77.0894141666667
2,CORTLAND,"'N03",42.5926388888889,76.2148888888889
2,COVENTRYVILLE,"'NY73",42.3181325,75.5990744444444
2,COXSACKIE,"'NY74",42.3236961111111,73.8731833333333
2,DANBY,"'NK05",42.3547955555556,76.5160527777778
2,DANSVILLE,"'DSV",42.5705313888889,77.7132727777778
2,DAVENPORT,"'NY02",42.4877583333333,74.7791638888889
2,DEGRASSE,"'1E8",44.3879166666667,75.0663333333333
2,DELMAR,"'4NY4",42.5595247222222,73.7720661111111
2,DUANESBURG,"'4B1",42.7598611111111,74.1346388888889
2,DUANESBURG,"'8NY5",42.8203527777778,74.1481833333333
2,DUANESBURG,"'3NY6",42.8411833333333,74.1787388888889
2,DUNDEE,"'38NY",42.5486819444444,76.9580188888889
2,DUNKIRK,"'DKK",42.4939444444444,79.2711111111111
2,"EAST HAMPTON","'HTO",40.9594166666667,72.2516666666667
2,"EAST HOMER","'42NY",42.669,76.0561666666667
2,"EAST MORICHES","'49N",40.8248208333333,72.7509330555555
2,"EAST MORICHES","'1N2",40.8278763888889,72.7487108333333
2,"EAST PALMYRA","'NY16",43.0983966666667,77.1819236111111
2,"EAST SCHODACK","'NY82",42.5806358333333,73.6162272222222
2,EDINBURG,"'1F2",43.2255519444444,74.1144501944444
2,ELBRIDGE,"'NY19",43.043955,76.4618808333333
2,ELLENVILLE,"'N89",41.7278711111111,74.3773758333333
2,ELMIRA/CORNING,"'ELM",42.1598561388889,76.8917456666667
2,ENDICOTT,"'CZG",42.0785277777778,76.0963333333333
2,EPHRATAH,"'3NY7",42.9843944444444,74.5194333333333
2,ERIN,"'NK54",42.1767411111111,76.6410588888889
2,ESPERANCE,"'7NY1",42.7634080555556,74.2784627777778
2,ESPERANCE,"'NY05",42.7814633333333,74.3256869444444
2,ESSEX,"'41NY",44.3123888888889,73.3848888888889
2,EVANS,"'4NK3",42.6725,78.9669805555556
2,FABIUS,"'4NK4",42.8272222222222,76.0258333333333
2,FARMINGDALE,"'FRG",40.7287777777778,73.4134166666667
2,FARMINGTON,"'74NY",43.0056166666667,77.2913777777778
2,"FISHERS ISLAND","'0B8",41.2521388888889,72.0316388888889
2,"FORT ANN","'83K",43.4097638888889,73.5326541666667
2,"FORT DRUM","'GTB",44.0556111111111,75.7198944444444
2,"FORT EDWARD","'16NY",43.2519486111111,73.5631958333333
2,"FORT JOHNSON","'NY87",42.9625738888889,74.2537430555555
2,"FORT PLAIN","'NY88",42.8834061111111,74.6912555555556
2,"FORT PLAIN","'11NK",42.9138888888889,74.6116666666667
2,"FORT PLAIN","'NY20",42.9584052777778,74.6787555555556
2,"FORT PLAIN","'44NY",42.934265,74.6523833333333
2,FREEHOLD,"'1I5",42.364,74.0650277777778
2,FULTON,"'FZY",43.3507777777778,76.3880555555556
2,GALLATIN,"'82NY",42.0013888888889,73.6711111111111
2,GALLUPVILLE,"'N25",42.6972977777778,74.1995741666667
2,GALWAY,"'NY37",43.0092416666667,74.0912388888889
2,GANSEVOORT,"'NK17",43.2093611111111,73.5817111111111
2,GANSEVOORT,"'K30",43.1834072222222,73.6331722222222
2,GARDINER,"'5NY5",41.66676,74.1495897222222
2,GASPORT,"'9G5",43.1820022222222,78.5578052777778
2,GENESEO,"'D52",42.7986736111111,77.8425033333333
2,GENEVA,"'NK76",42.8825,77.0516666666667
2,GHENT,"'NY1",42.350085,73.6370630555556
2,"GLENS FALLS","'GFL",43.3412222222222,73.6103055555556
2,GORHAM,"'92G",42.8142222222222,77.2029166666667
2,GOUVERNEUR,"'NK16",44.3681169444444,75.4024361111111
2,GOWANDA,"'D59",42.5039497222222,78.95059
2,GRANVILLE,"'01NK",43.425,73.2619444444444
2,"GREAT VALLEY","'N56",42.2050638888889,78.6472505555556
2,GREENE,"'4N7",42.3042413888889,75.7871372222222
2,GREENVILLE,"'1H4",42.4197027777778,74.0068916666667
2,GREENWICH,"'NY63",43.0533333333333,73.4783333333333
2,GREENWICH,"'4NK2",43.1452333333333,73.41965
2,GROVELAND,"'0NK3",42.6958969444444,77.7922222222222
2,HAGAMAN,"'38NK",42.9917333333333,74.1531944444444
2,HAMBURG,"'4G2",42.7008925,78.9147569444444
2,HAMILTON,"'VGC",42.8434444444444,75.5611944444444
2,HAMMONDSPORT,"'25NK",42.4361805555556,77.1321916666667
2,HANCOCK,"'NK68",42.05142,75.3166
2,HEMLOCK,"'50NY",42.8145083333333,77.5733283333333
2,HERKIMER,"'NY26",42.9834041666667,74.8995966666667
2,"HIGH FALLS","'NK08",41.8319138888889,74.1298888888889
2,HILTON,"'34NY",43.2900861111111,77.8273222222222
2,HOLCOMB,"'NY95",42.9152722222222,77.3847013888889
2,HOLLAND,"'NY40",42.6106166666667,78.5955794444445
2,"HONEOYE FALLS","'52NY",42.9306186111111,77.6441661111111
2,"HONEOYE FALLS","'53NY",42.9583963888889,77.6158322222222
2,HORNELL,"'HTF",42.3821388888889,77.6821111111111
2,HORSEHEADS,"'6NY2",42.2320191666667,76.8469019444444
2,HUDSON,"'1B1",42.2913055555556,73.7103333333333
2,HUDSON,"'04NY",42.2623091666667,73.6962330555556
2,INTERLAKEN,"'6NY3",42.6426194444444,76.7288444444444
2,ITHACA,"'NY55",42.4472947222222,76.5968894444445
2,ITHACA,"'NK72",42.3761841666667,76.5324422222222
2,ITHACA,"'ITH",42.4913611111111,76.4587222222222
2,ITHACA,"'NY18",42.4486836111111,76.6168902777778
2,JAMESTOWN,"'JHW",42.1533938888889,79.2580230555556
2,JAMESTOWN,"'NY89",42.0800566666667,79.3914380555556
2,JAMESTOWN,"'3NK4",42.0278358333333,79.1942144444445
2,JAMESTOWN,"'55NY",42.0820016666667,79.3122711111111
2,JOHNSONVILLE,"'7NY6",42.8936886111111,73.5078922222222
2,JOHNSTOWN,"'NY0",42.9981944444444,74.3295547222222
2,JORDAN,"'NY28",43.0797222222222,76.4102777777778
2,KEENE,"'1I1",44.2208555555556,73.7880111111111
2,KENDALL,"'56NY",43.3253363888889,78.0497391666667
2,KENNEDY,"'9NY4",42.1008333333333,79.0818166666667
2,KERHONKSON,"'6NY7",41.8653705555556,74.3329283333333
2,KINGSBURY,"'14NK",43.34,73.479
2,KINGSTON,"'20N",41.98525,73.9643333333333
2,KNOWLESVILLE,"'NY01",43.2208916666667,78.3150227777778
2,KNOX,"'6NY4",42.7003536111111,74.1551288888889
2,"LAKE HUNTINGTON","'7NY0",41.6834216666667,75.0162777777778
2,"LAKE PLACID","'LKP",44.2644777777778,73.9618694444444
2,LAKEVILLE,"'NY15",42.8264519444445,77.7144444444444
2,LANCASTER,"'BQR",42.9220555555556,78.6119722222222
2,"LE ROY","'5G0",42.9812813888889,77.9352480555555
2,LEXINGTON/PRATTSVILLE,"'NY98",42.2723077777778,74.3940366666667
2,LIVINGSTON,"'1A1",42.1494444444444,73.7504722222222
2,LOCKPORT,"'59NY",43.2306122222222,78.6900325
2,LOCKPORT,"'0G0",43.1031838888889,78.7033458333333
2,LYNDONVILLE,"'35NK",43.3708833333333,78.4144166666667
2,LYONS,"'NY13",43.0894527777778,76.9885861111111
2,MACEDON,"'4NK5",43.1206222222222,77.3656472222222
2,MACEDON,"'NY11",43.0353408333333,77.3080411111111
2,MACEDON,"'23NK",43.1125,77.3125
2,MALONE,"'MAL",44.8536666666667,74.3289444444444
2,MANLIUS,"'NY72",43.0722891666667,75.9385277777778
2,MARATHON,"'NY92",42.4384166666667,76.0888055555556
2,MARCELLUS,"'NK71",43.0105555555556,76.3527777777778
2,MASONVILLE,"'73NY",42.2657666666667,75.3100333333333
2,MASSENA,"'MSS",44.9362411111111,74.8451197222222
2,MATTITUCK,"'21N",40.9869444444444,72.5191388888889
2,MAYVILLE,"'65NY",42.2839466666667,79.4439352777778
2,MAYVILLE,"'D79",42.2681133333333,79.4817133333333
2,MECKLENBURG,"'7NY4",42.4250725,76.7149502777778
2,MEDINA,"'66NY",43.2028361111111,78.3539122222222
2,MERIDALE,"'5NY1",42.3998030555556,74.9062702777778
2,MEXICO,"'NY96",43.4267358333333,76.1938158333333
2,MIDDLEBURGH,"'7NK0",42.647575,74.3873583333333
2,MIDDLESEX,"'4N2",42.7139444444445,77.2720555555556
2,MIDDLETOWN,"'08NY",41.3672606111111,74.5189344166667
2,MIDDLETOWN,"'06N",41.4319119444444,74.3915608333333
2,MILLBROOK,"'11NY",41.8191888888889,73.643225
2,MILLBROOK,"'44N",41.7074166666667,73.7380277777778
2,MODENA,"'2NK9",41.6572222222222,74.0772222222222
2,MOHAWK,"'NY23",42.9875708333333,74.9665436111111
2,MONTAUK,"'MTP",41.0766666666667,71.9204722222222
2,MONTGOMERY,"'MGJ",41.5118116666667,74.2635391666667
2,MONTICELLO,"'MSV",41.7016388888889,74.7950277777778
2,"MONTOUR FALLS","'NK24",42.3472955555556,76.8788477777778
2,MORAVIA,"'92NK",42.7366097222222,76.4864458333333
2,MORRIS,"'21NK",42.5527777777778,75.1911111111111
2,MORRISONVILLE,"'NY97",44.6667097222222,73.5662483333333
2,MORRISTOWN,"'68NK",44.5673833333333,75.6383333333333
2,"MOUNT MORRIS","'68NY",42.7500630555556,77.7838897222222
2,"MOUNT MORRIS","'NY70",42.6488888888889,77.9202777777778
2,"NEW BREMEN","'NY10",43.8425688888889,75.4307402777778
2,"NEW PALTZ","'NY35",41.7500933333333,74.116255
2,"NEW YORK","'JFK",40.6399277777778,73.7786925
2,"NEW YORK","'LGA",40.77725,73.8726111111111
2,"NEW YORK","'ISP",40.7961356944444,73.1006650555556
2,"NEW YORK","'SWF",41.5041111111111,74.1048333333333
2,NEWARK,"'5NK1",43.111175,77.0538583333333
2,NEWFANE,"'85N",43.2667227777778,78.7678136111111
2,"NIAGARA FALLS","'NY24",43.1278333333333,78.9700419444444
2,"NIAGARA FALLS","'NY49",42.9927777777778,78.9863888888889
2,"NIAGARA FALLS","'IAG",43.1075573611111,78.9458466666667
2,"NORTH COLLINS","'6NK4",42.5977777777778,78.9688888888889
2,"NORTH CREEK","'0NY0",43.7000647222222,73.98291
2,"NORTH EAST","'41NK",41.9477777777778,73.5180555555555
2,NORTHUMBERLAND,"'0NY1",43.1392411111111,73.6531727777778
2,NORWICH,"'OIC",42.5665555555556,75.5241111111111
2,OGDENSBURG,"'OGS",44.68225,75.46325
2,OHIO,"'0NY3",43.3139575,74.9321011111111
2,OLCOTT,"'D80",43.3208891666667,78.7289238888889
2,"OLD FORGE","'NK26",43.7251833333333,74.9762166666667
2,OLEAN,"'OLE",42.2411944444444,78.3713611111111
2,OLEAN,"'8G3",42.0676111111111,78.4055277777778
2,OLEAN,"'75NY",42.1167325,78.3155711111111
2,ONEIDA,"'6NK8",43.0097861111111,76.6405
2,ONEIDA,"'8NY7",43.1690555555556,75.7057222222222
2,ONEONTA,"'N66",42.5247777777778,75.0644722222222
2,ORIENT,"'2NK3",41.1516861111111,72.2665638888889
2,OVID,"'D82",42.6547927777778,76.7963427777778
2,PALMYRA,"'NY33",43.1093337222222,77.2391769166667
2,PENDLETON,"'78NY",43.0813888888889,78.7794444444445
2,PENDLETON,"'79NY",43.0870011111111,78.8114241666667
2,"PENN YAN","'PEO",42.6370833333333,77.0528611111111
2,PERRY,"'01G",42.7413611111111,78.0521388888889
2,PERTH,"'9NY7",43.0328516666667,74.1509636111111
2,PERTH,"'NY50",42.9916666666667,74.1361111111111
2,PERTH,"'0NY7",43.0375736111111,74.1842977777778
2,PERTH,"'0NY8",42.9972961111111,74.24541
2,PETERBORO,"'NY91",42.9940277777778,75.7027777777778
2,PHOENIX,"'NY31",43.2236791666667,76.3688222222222
2,PISECO,"'K09",43.4532777777778,74.515
2,PLATTSBURGH,"'NY17",44.6092111111111,73.8579194444444
2,PLATTSBURGH,"'PBG",44.6509444444444,73.4681388888889
2,PLATTSBURGH,"'3NK5",44.6166666666667,73.4652777777778
2,POTSDAM,"'PTD",44.6766666666667,74.9484444444444
2,POUGHKEEPSIE,"'POU",41.6265833333333,73.8841944444444
2,POUGHKEEPSIE,"'1NY5",41.6389825,73.7429080555555
2,"QUAKER STREET","'65NK",42.72952,74.1640169444444
2,"QUAKER STREET","'NK83",42.7100752777778,74.2237408333333
2,RANDOLPH,"'85NK",42.1542277777778,79.0164305555556
2,READING,"'19NY",42.4061775,77.9608361111111
2,"READING CENTER","'17NK",42.4569444444444,76.9508333333333
2,"RED CREEK","'NY42",43.2200666666667,76.6899502777778
2,"RED HOOK","'9NK4",42.0243194444444,73.8562916666667
2,"RED HOOK","'46N",41.9846753333333,73.8359655833333
2,REMSEN,"'NY57",43.3600688888889,75.1846097222222
2,RENSSELAERVILLE,"'NY86",42.5125777777778,74.1148566666667
2,RHINEBECK,"'NY94",41.9698333333333,73.8645555555556
2,"RICHARD SPRINGS","'12NY",42.8839027777778,74.9313444444444
2,"RICHFIELD SPRINGS","'NY68",42.8611833333333,74.9454316666667
2,RICHLAND,"'1NY3",43.5728402777778,76.040475
2,RIVERHEAD,"'03NY",40.9584316666667,72.716765
2,ROCHESTER,"'ROC",43.1191436111111,77.6718688888889
2,ROME,"'K16",43.2508472222222,75.6043611111111
2,ROME,"'RME",43.2338055555556,75.4070277777778
2,ROME,"'NY53",43.1837916666667,75.4012722222222
2,ROME,"'5NY4",43.1575694444444,75.4307288888889
2,"ROUND LAKE","'W57",42.9311819444444,73.7708763888889
2,ROXBURY,"'1NK0",42.2973066666667,74.5482072222222
2,RUSH,"'84NY",42.9861738888889,77.6124994444445
2,SAGAPONACK,"'80NY",40.9230555555556,72.2783333333333
2,SARANAC,"'1NY4",44.6175447222222,73.9109775
2,"SARANAC LAKE","'SLK",44.3853080555556,74.2061813888889
2,"SARATOGA SPRINGS","'5B2",43.0507222222222,73.8616388888889
2,SARDINIA,"'NY00",42.5667283333333,78.5561336111111
2,SARDINIA,"'85NY",42.578395,78.5200213888889
2,SAVANNAH,"'46NY",43.0188,76.761
2,SCHENECTADY,"'SCH",42.8525555555556,73.9289722222222
2,SCHENEVUS,"'6NK0",42.5958333333333,74.8205555555556
2,"SCHROON LAKE","'4B7",43.8625795,73.7405472222222
2,SCHUYLERVILLE,"'B04",43.0676430555556,73.5838402777778
2,SCHYLER,"'27NK",43.1133166666667,75.0444666666667
2,"SENECA FALLS","'0G7",42.8835555555556,76.7811666666667
2,"SHARON SPRINGS","'NK91",42.8161847222222,74.6245861111111
2,"SHARON SPRINGS","'K31",42.7784075,74.57764
2,SHELBY,"'88NY",43.1578363888889,78.3583558333333
2,"SHELTER ISLAND","'NY03",41.0710083333333,72.3270194444444
2,"SHELTER ISLAND","'49NY",41.0556722222222,72.3604861111111
2,SHERBURNE,"'7NK7",42.7052777777778,75.5319444444444
2,SHERMAN,"'D88",42.1500563888889,79.6858811111111
2,SHIRLEY,"'HWV",40.8219541666667,72.8669072222222
2,SIDNEY,"'N23",42.3025833333333,75.4159722222222
2,SKANEATELES,"'6B9",42.9139597222222,76.4407641666667
2,"SLATE HILL","'NK79",41.4066666666667,74.5330555555555
2,"SOUTH BETHLEHEM","'4B0",42.5607222222222,73.8339444444444
2,"SOUTH CAIRO","'2NY0",42.2806419444444,73.9529086111111
2,"SOUTH CAIRO","'4NY7",42.3291666666667,73.9608333333333
2,"SOUTH DAYTON","'NY27",42.3708938888889,79.0094825
2,"SOUTH KORTRIGHT","'NY48",42.3381380555556,74.7490444444445
2,SPENCEPORT,"'7NK4",43.2225583333333,77.8105638888889
2,SPENCERPORT,"'91NY",43.1956169444444,77.7480619444444
2,SPENCERPORT,"'D91",43.1695055555556,77.8183416666667
2,SPRINGFIELD,"'3NY3",42.859795,74.8243158333333
2,SPRINGVILLE,"'NK27",42.4889511111111,78.6347472222222
2,STAATSBURG,"'09N",41.8326388888889,73.8761666666667
2,STAFFORD,"'20NY",43.0088888888889,78.0430555555556
2,STORMVILLE,"'N69",41.5769708333333,73.7323513888889
2,STRYKERSVILLE,"'92NY",42.7520044444444,78.4614091666667
2,SULLIVANVILLE,"'NK53",42.2056302777778,76.7705091666667
2,SYRACUSE,"'SYR",43.1111944444444,76.1063055555556
2,TICONDEROGA,"'4B6",43.8772777777778,73.4131388888889
2,TREADWELL,"'7NK6",42.2916666666667,75.0666666666667
2,TREADWELL,"'9NY6",42.3248052777778,74.9862733333333
2,TROY,"'5B7",42.6916388888889,73.5799722222222
2,TUSCARORA,"'3NK6",42.6370080555556,77.8838905555556
2,"UNION SPRINGS","'94NY",42.8250686111111,76.6913372222222
2,UTICA,"'8NY8",43.0486111111111,75.2922222222222
2,UTICA/FRANKFORT,"'6B4",43.0161069444444,75.1695416666667
2,VERONA,"'NY62",43.1458333333333,75.5419444444444
2,WALES,"'5NK9",42.7616666666667,78.4961111111111
2,"WALES CENTER/COWLESVILLE/","'95NY",42.7892266666667,78.47641
2,WALLKILL,"'N45",41.6241666666667,74.1416666666667
2,WARSAW,"'5R5",42.7208333333333,78.1847222222222
2,WARWICK,"'N72",41.2875936111111,74.2870947222222
2,WATERTOWN,"'ART",43.9918333333333,76.0194166666667
2,"WATKINS GLEN","'NY29",42.4520163888889,76.9116272222222
2,WEEDSPORT,"'B16",43.0806173611111,76.5382110555555
2,WELLSVILLE,"'ELZ",42.1095277777778,77.9899722222222
2,"WEST BLOOMFIELD","'98NY",42.8833972222222,77.5330502777778
2,"WEST BLOOMFIELD","'00NY",42.8958611111111,77.4951611111111
2,"WEST BURLINGTON","'8NK6",42.7130555555556,75.1683333333333
2,"WEST COXSACKIE","'33NY",42.3995275,73.8662377777778
2,"WESTHAMPTON BEACH","'FOK",40.8436666666667,72.6317777777778
2,WESTPORT,"'12NK",44.1583861111111,73.4329044444444
2,"WHITE CREEK","'6NK2",42.9505555555556,73.3347222222222
2,"WHITE PLAINS","'HPN",41.0669530555556,73.7075661111111
2,WILLIAMSON/SODUS,"'SDC",43.2345975,77.1194638888889
2,WILMINGTON,"'1NK6",44.4236577777778,73.749585
2,WILSON,"'99NY",43.2333894444444,78.7872583333333
2,WOODSTOCK,"'18NY",42.0164805555556,74.0490283333333
2,WURTSBORO,"'N82",41.5971388888889,74.4583055555556
2,YOUNGSTOWN,"'63NY",43.2593055555556,78.9656111111111
2,ADA,"'0D7",40.7906080555556,83.8291038888889
2,"ADAMS MILLS","'OH82",40.1534030555556,81.9734680555556
2,AKRON,"'AKR",41.0375,81.4669166666667
2,AKRON,"'CAK",40.9150555555556,81.4436388888889
2,AKRON,"'1D4",40.9925563888889,81.4317791666667
2,ALLIANCE,"'OH48",40.9056138888889,81.0650952777778
2,ALLIANCE,"'2D1",40.96997075,81.0986669722222
2,ALLIANCE,"'OH32",40.8547194444444,81.1223583333333
2,ALLIANCE,"'4G3",40.98175,81.0421388888889
2,AMANDA,"'OH61",39.6353411111111,82.7379475
2,ANDOVER,"'3OH4",41.6039433333333,80.5897966666667
2,ANNA,"'OA11",40.3761111111111,84.255
2,ANSONIA,"'OH34",40.2058808333333,84.6616241666667
2,ARCADIA,"'OA04",41.0975536111111,83.5027052777778
2,ARCANUM,"'OA23",39.9686666666667,84.539
2,ARCHBOLD,"'4OH8",41.5000511111111,84.24995
2,ASHLAND,"'3G4",40.9029722222222,82.2556388888889
2,ASHTABULA,"'HZY",41.7777777777778,80.6967777777778
2,ATHENS/ALBANY,"'UNI",39.2118928333333,82.2292554166667
2,AVON,"'4OI7",41.4536547222222,81.9701413888889
2,AYERSVILLE,"'7OI1",41.2072702777778,84.2696675
2,BAINBRIDGE,"'17OI",39.2267322222222,83.3176897222222
2,BALTIMORE,"'38OH",39.8447861111111,82.5796061111111
2,BALTIMORE,"'7B4",39.8845080555556,82.5890511111111
2,BARLOW,"'OH55",39.3927222222222,81.67205
2,BARNESVILLE,"'6G5",40.0024166666667,81.1918333333333
2,BATAVIA,"'I69",39.0783888888889,84.2102222222222
2,"BEACH CITY","'2D7",40.6463513888889,81.5559
2,BELLEFONTAINE,"'EDJ",40.3722777777778,83.81925
2,BELLEVUE,"'OH86",41.34525,82.8286777777778
2,BELLEVUE,"'1OH2",41.244,82.8662777777778
2,BELLEVUE,"'6OH1",41.2861644444444,82.8665769444444
2,BELLVILLE,"'9OA9",40.6214475,82.5337786111111
2,BELPRE,"'OH38",39.3145191666667,81.6165158333333
2,"BERLIN CENTER","'89OI",41.0389466666667,80.98398
2,BETHEL,"'59OH",38.9752777777778,84.0341666666667
2,BETHEL,"'86OH",38.9047222222222,84.1008333333333
2,BLAKESLEE,"'OI72",41.5222222222222,84.7208333333333
2,BLANCHESTER,"'1OA3",39.333395,83.8554827777778
2,BLUFFTON,"'5G7",40.8854444444444,83.8686388888889
2,"BOWLING GREEN","'6OH4",41.3583855555556,83.5582641666667
2,"BOWLING GREEN","'3D8",41.336,83.7231944444444
2,"BOWLING GREEN","'OH45",41.4542188888889,83.5863216666667
2,"BOWLING GREEN","'6OH7",41.4125522222222,83.6796572222222
2,"BOWLING GREEN","'6OH6",41.3644966666667,83.5474308333333
2,"BOWLING GREEN","'1G0",41.391,83.6301388888889
2,BREMEN,"'11OA",39.6431211111111,82.4668227777778
2,BREMEN,"'62OH",39.6844027777778,82.46675
2,BRISTOLVILLE,"'2OA1",41.4150555555556,80.8842544444444
2,BRISTOLVILLE,"'20OH",41.3937444444445,80.813375
2,BROOKVILLE,"'12OH",39.8347775,84.3346677777778
2,BROOKVILLE,"'OH46",39.8598388888889,84.4351916666667
2,BRYAN,"'0G6",41.4673055555556,84.5067777777778
2,BUCYRUS,"'17G",40.7815833333333,82.9748055555555
2,BUTLER,"'0OH5",40.5968305555556,82.4317305555555
2,BUTLER,"'OH42",40.5400611111111,82.3937738888889
2,CADIZ,"'8G6",40.2383702777778,81.0128838888889
2,CALDWELL,"'I10",39.8009708333333,81.5363244444444
2,CAMBRIDGE,"'CDI",39.9750277777778,81.5775833333333
2,CAMBRIDGE,"'2OA6",40.0864833333333,81.5881777777778
2,CAMBRIDGE,"'OA00",40.1170155555556,81.5712319444444
2,CAMBRIDGE,"'OI98",40.0648097222222,81.6222722222222
2,CAMDEN,"'90OI",39.60422,84.635
2,CAMDEN,"'OI89",39.6494972222222,84.6299516666667
2,"CANAL FULTON","'7OH2",40.9003341666667,81.5337302777778
2,"CANAL FULTON","'51OI",40.8550563888889,81.5990122222222
2,CANFIELD,"'4OI8",41.0578358333333,80.7545230555556
2,CANFIELD,"'7OH5",41.034225,80.7817463888889
2,CANTON,"'OI58",40.8417244444444,81.4378933333333
2,CARDINGTON,"'3OH7",40.4786666666667,82.944
2,CAREY,"'95OH",40.9708877777778,83.4582588888889
2,CARROLLTON,"'TSO",40.5616666666667,81.0780833333333
2,CARROLLTON,"'OI11",40.6372833333333,81.1125991666667
2,CARROLLTON,"'5D6",40.6481166666667,81.0687072222222
2,CASTALIA,"'1OH3",41.3892188888889,82.7626852777778
2,CECIL,"'OH99",41.2045166666667,84.4961583333333
2,CEDARVILLE,"'OI73",39.71256,83.8038147222222
2,CELINA,"'CQA",40.4842777777778,84.5581944444444
2,CENTERBURG,"'6CM",40.29545,82.7299722222222
2,CENTERBURG,"'OH87",40.3389625,82.7723125
2,CHARDON,"'7OH8",41.6377777777778,81.1013888888889
2,CHATFIELD,"'69OI",40.9500563888889,82.9249083333333
2,"CHATHAM TOWNSHIP","'33OI",41.0828327777778,82.0432025
2,"CHESAPEAKE/HUNTINGTON WVA","'HTW",38.4191111111111,82.4948333333333
2,CHESTER,"'OI59",39.1317436111111,81.9318041666667
2,CHILLICOTHE,"'RZT",39.4404166666667,83.0230555555556
2,CINCINNATI,"'LUK",39.1033333333333,84.4186111111111
2,CIRCLEVILLE,"'OH50",39.6875619444444,83.0968530555555
2,CIRCLEVILLE,"'CYO",39.516,82.9821388888889
2,CLEVELAND,"'BKL",41.5178611111111,81.6826388888889
2,CLEVELAND,"'CLE",41.4094166666667,81.8546944444444
2,CLEVELAND,"'CGF",41.5645833333333,81.4872222222222
2,CLYDE,"'5D9",41.2239430555556,82.9576905555556
2,COALTON,"'4OI9",39.1022222222222,82.6107188888889
2,COITSVILLE,"'8OH3",41.11728,80.5225702777778
2,COLLINSVILLE,"'2OH7",39.5214944444444,84.6281861111111
2,"COLUMBIA STATION","'4G8",41.3186801944444,81.9604418333333
2,"COLUMBIA STATION","'9OA8",41.2822744444444,81.9490275
2,"COLUMBIA STATION","'05OI",41.2883852777778,81.9626394444444
2,COLUMBIANA,"'8OH4",40.8439488888889,80.7025752777778
2,COLUMBUS,"'TZR",39.9011666666667,83.1369166666667
2,COLUMBUS,"'04I",39.9111733333333,83.1888013888889
2,COLUMBUS,"'75OA",39.9419722222222,83.2049
2,COLUMBUS,"'CMH",39.9969466666667,82.8921591666667
2,COLUMBUS,"'OSU",40.0795155555556,83.0732127777778
2,COLUMBUS,"'LCK",39.8137777777778,82.9278055555556
2,CONESVILLE,"'36OH",40.1903480555556,81.9740238888889
2,CORTLAND,"'8OI3",41.3733888888889,80.6689663888889
2,CORTLAND,"'OH33",41.4427333333333,80.69205
2,CORTLAND,"'81OH",41.324025,80.7920777777778
2,CORTLAND,"'8OH5",41.3820002777778,80.7123016666667
2,COSHOCTON,"'I40",40.3101666666667,81.8524166666667
2,COVINGTON,"'6OH9",40.1058836111111,84.3999488888889
2,DARBYVILLE,"'38OI",39.6850622222222,83.0718519444444
2,DARBYVILLE,"'63OH",39.7028397222222,83.0938888888889
2,DAYTON,"'I44",39.7658897222222,84.3432783333333
2,DAYTON,"'3I7",39.9132777777778,84.4004125
2,DAYTON,"'MGY",39.5889722222222,84.2248611111111
2,DAYTON,"'I19",39.6907222222222,83.9927777777778
2,DAYTON,"'DAY",39.90225,84.2194166666667
2,DAYTON,"'I73",39.6821097222222,84.2399916666667
2,DAYTON,"'FFO",39.8259705277778,84.0461028333333
2,DEFIANCE,"'DFI",41.3375,84.4288055555556
2,DELAWARE,"'OH57",40.2589505555556,83.0118511111111
2,DELAWARE,"'63OI",40.3350608333333,83.1360233333333
2,DELAWARE,"'DLZ",40.2795421388889,83.1133836111111
2,DELAWARE,"'7OH3",40.3528386111111,83.05102
2,DELPHOS,"'3OH6",40.7833333333333,84.3677777777778
2,DENNISON,"'OA14",40.4222222222222,81.3180555555556
2,DERBY,"'2OH8",39.7953388888889,83.2232444444444
2,DESHLER,"'6D7",41.2154444444444,83.8708694444445
2,DONNELLSVILLE,"'2OA4",39.9318,83.9075
2,DORSET,"'8OH8",41.6681105555556,80.685635
2,DRESDEN,"'OA85",40.1364580555556,81.9937466666667
2,"EAST LIBERTY","'OI38",40.3086669444444,83.6152069444444
2,"EAST LIBERTY","'9OI5",40.3081125,83.5417325
2,"EAST LIVERPOOL","'02G",40.6733055555556,80.6414166666667
2,"EAST PALESTINE","'55OI",40.8586727777778,80.5353466666667
2,ELMORE,"'9OH1",41.4542177777778,83.2652019444444
2,ELYRIA,"'1G1",41.3315277777778,82.10025
2,FARMERSVILLE,"'OH59",39.6958880555555,84.4485583333333
2,FELICITY,"'2OA7",38.8506111111111,84.107375
2,FINDLAY,"'OH98",41.0325,83.6880555555556
2,FINDLAY,"'9OH8",40.9764425,83.6415980555556
2,FINDLAY,"'FDY",41.0120277777778,83.6686111111111
2,FINDLAY,"'9OH7",40.9617205555556,83.5952075
2,FINDLAY,"'27OH",40.9467194444444,83.6799333333333
2,FINDLAY,"'72OI",41.0736638888889,83.6846552777778
2,"FORT JENNINGS","'OH60",40.9536613888889,84.2735588888889
2,FOSTORIA,"'FZI",41.1908333333333,83.3930833333333
2,FOSTORIA,"'OI77",41.2158858333333,83.5579852777778
2,FREMONT,"'14G",41.3330833333333,83.1611944444444
2,FREMONT,"'03OH",41.4183852777778,83.0174161111111
2,FREMONT,"'S24",41.29575,83.0372222222222
2,GALENA,"'OH44",40.2206177777778,82.9462927777778
2,GALION,"'GQQ",40.7533888888889,82.7238055555556
2,GALION,"'OH21",40.7361686111111,82.7526791666667
2,GALLIPOLIS,"'GAS",38.8341115277778,82.1634298333333
2,GARRETTSVILLE,"'7D8",41.3511658333333,81.0995413888889
2,GENEVA,"'7D9",41.7778322222222,80.9039797222222
2,GENEVA,"'OH12",41.8219027777778,80.9500111111111
2,GENEVA,"'98OH",41.8250536111111,80.8831458333333
2,GENOA,"'9OH2",41.5156061111111,83.3057588888889
2,GEORGETOWN,"'GEO",38.8819455833333,83.8827366666667
2,GERMANTOWN,"'OH64",39.5931133333333,84.3438313888889
2,GERMANTOWN,"'OH63",39.6000563888889,84.4166113888889
2,GNADENHUTTEN,"'3OH8",40.3608333333333,81.4233333333333
2,GOSHEN,"'OH65",39.2394444444444,84.1002777777778
2,GOSHEN,"'OI40",39.2025613888889,84.1046558333333
2,GOSHEN,"'OH66",39.2391694444444,84.1743833333333
2,GRAFTON,"'1OA2",41.2617197222222,81.9906955555556
2,GRATIS,"'OI36",39.6225,84.4830555555556
2,GRAYTOWN,"'7OI5",41.5206055555556,83.2752027777778
2,GREENFIELD,"'OI25",39.3653416666667,83.3543586111111
2,GREENVILLE,"'83OA",40.1586111111111,84.5941666666667
2,GREENVILLE,"'16OI",40.1252777777778,84.5825
2,HALLSVILLE,"'OH35",39.4283969444444,82.8226733333333
2,HAMERSVILLE,"'OI57",38.9270119444444,83.9885419444444
2,HAMILTON,"'HAO",39.36375,84.5219444444444
2,HARRISON,"'I67",39.2592686111111,84.7743055555556
2,HARRISON,"'OH68",39.300055,84.7499497222222
2,HARTFORD,"'08OH",41.2917222222222,80.5636838888889
2,HEBRON,"'9OA5",39.9617025,82.5406591666667
2,HILLSBORO,"'HOC",39.1887613333333,83.5387915277778
2,HIRAM,"'OI41",41.294,81.1561944444444
2,HOPEWELL,"'OH92",39.9542336111111,82.1831988888889
2,HURON,"'88D",41.4044944444444,82.6031472222222
2,HURON,"'10OH",41.4028277777778,82.6290663888889
2,IDAHO,"'8OI9",39.0992352777778,83.1165705555556
2,JACKSON,"'I43",38.9813601666667,82.5778502777778
2,JACKSON,"'OI82",38.9121577777778,82.7248894444444
2,JAMESTOWN,"'50OH",39.6803527777778,83.7446722222222
2,JAMESTOWN,"'OI52",39.6250605555556,83.7832583333333
2,JEROME,"'33OH",40.1851,83.1727222222222
2,JOHNSTOWN,"'5OI8",40.1903408333333,82.6546130555556
2,"KELLEYS ISLAND","'89D",41.6031819444444,82.6850541666667
2,KENT,"'1G3",41.1513888888889,81.4151111111111
2,KENTON,"'I95",40.6100925,83.6442592777778
2,KENTON,"'14OH",40.6689444444444,83.443535
2,KIDRON,"'OH22",40.7611666666667,81.7790222222222
2,KILBOURNE,"'2OH0",40.3455,82.9405
2,KINGSVILLE,"'0OI6",41.83811,80.6436894444444
2,KIPTON,"'56OI",41.2056080555556,82.3312744444444
2,KIPTON,"'17OH",41.2425519444444,82.2701602777778
2,KIRKERSVILLE,"'OI56",39.9531666666667,82.6406666666667
2,LAGRANGE,"'18OH",41.2561633333333,82.1437622222222
2,LANCASTER,"'LHQ",39.7556384166667,82.6570960277778
2,LAURA,"'OH78",39.9675522222222,84.4088375
2,LAWRENCEVILLE,"'57OI",39.9967263888889,83.8546527777778
2,LEBANON,"'I68",39.4621730555556,84.2518471388889
2,LEESBURG,"'OH28",39.3666666666667,83.6
2,LEIPSIC,"'R47",41.1031063888889,84.0518886111111
2,LEROY,"'OI31",41.7097716666667,81.1248205555556
2,LEWISBURG,"'9OA4",39.83033,84.5096725
2,LIMA,"'AOH",40.7074779722222,84.0270780555556
2,LODI,"'40OI",41.0616666666667,81.9836111111111
2,LOGAN,"'OI01",39.5136777777778,82.4490441666667
2,LONDON,"'UYF",39.9327222222222,83.462
2,LORAIN/ELYRIA,"'LPR",41.3442777777778,82.1776388888889
2,LORDSTOWN,"'22OI",41.1489461111111,80.8400836111111
2,LOUDENVILLE,"'9OI6",40.6328380555556,82.1768225
2,LOUDONVILLE,"'7OH7",40.6224666666667,82.2525194444444
2,LOUISVILLE,"'25OH",40.9131136111111,81.2598280555556
2,LOUISVILLE,"'24OH",40.8806136111111,81.2914969444444
2,LOVELAND,"'5OI0",39.2842258333333,84.2113247222222
2,LUCASVILLE,"'0OI9",38.8945172222222,83.1135127777778
2,LYONS,"'28OH",41.7033844444444,84.0027225
2,MADISON,"'4OH1",41.7169947222222,81.1067644444445
2,MADISON,"'OH03",41.7922733333333,81.0581525
2,MAGNOLIA,"'29OH",40.6864491666667,81.3026105555555
2,MALVERN,"'5OH9",40.6971944444444,81.1791666666667
2,MANSFIELD,"'OI60",40.7547791666667,82.3915530555556
2,MANSFIELD,"'MFD",40.8214166666667,82.5166388888889
2,MANSFIELD,"'32OH",40.7611680555556,82.4179430555556
2,MANTUA,"'OH97",41.3591666666667,81.2177777777778
2,MARION,"'MNN",40.61625,83.0634722222222
2,MARION,"'75OI",40.5036708333333,83.0901888888889
2,"MARK CENTER","'34OH",41.2569944444444,84.6416208333333
2,MARLBORO,"'OH07",40.9439469444444,81.2389930555556
2,MARYSVILLE,"'2OA5",40.1825,83.3509444444445
2,MARYSVILLE,"'MRT",40.2244997222222,83.3516330555556
2,"MC ARTHUR","'22I",39.328125,82.4418216666667
2,"MC CONNELSVILLE","'I71",39.6542383333333,81.8031891666667
2,MEDINA,"'1G5",41.1314444444444,81.7648888888889
2,"MIDDLE BASS ISLAND","'3T7",41.6883888888889,82.8081666666667
2,"MIDDLE BASS ISLAND","'3W9",41.6944444444444,82.7965555555555
2,MIDDLEFIELD,"'7G8",41.4495955555556,81.0629344444445
2,MIDDLETOWN,"'MWO",39.53175,84.3964444444444
2,MIDLAND,"'2OA2",39.2480555555556,83.915
2,MILAN,"'60OI",41.3567175,82.6248997222222
2,"MILFORD CENTER","'OH93",40.1403377777778,83.3901983333333
2,MILLERSBURG,"'10G",40.53670125,81.9559411666667
2,MINERVA,"'OH13",40.767875,81.0586958333333
2,MINERVA,"'39OH",40.8122808333333,81.0550947222222
2,MINERVA,"'OH15",40.7458925,81.1442677777778
2,MONTVILLE,"'73OI",41.5744975,81.0756525
2,MORROW,"'OA12",39.3344444444444,84.07
2,MORROW,"'OH95",39.3842263888889,84.1682688888889
2,"MOUNT GILEAD","'OI28",40.5839480555556,82.6793402777778
2,"MOUNT GILEAD","'4I9",40.5245277777778,82.8500555555556
2,"MOUNT ORAB","'OH96",39.0336111111111,83.8861111111111
2,"MOUNT ORAB","'OA10",39.0086111111111,83.9091666666667
2,"MOUNT VERNON","'4I3",40.3289166666667,82.5260833333333
2,"MOUNT VERNON","'6G4",40.3650622222222,82.4957180555556
2,"MOUNT VICTORY","'O74",40.5247222222222,83.5116666666667
2,NAPOLEON,"'7OI0",41.3342161111111,84.1635569444444
2,NAPOLEON,"'7W5",41.3742777777778,84.0678611111111
2,NASHPORT,"'7OI9",40.0689563888889,82.1359744444444
2,"NEW CARLISLE","'3OH0",39.9308922222222,84.0135461111111
2,"NEW LEBANON","'06OI",39.7347780555556,84.3822222222222
2,"NEW LEBANON","'1OI6",39.7700547222222,84.4166138888889
2,"NEW LEXINGTON","'I86",39.6915966666667,82.1977858333333
2,"NEW LONDON","'OI42",41.1328313888889,82.4607247222222
2,"NEW PHILADELPHIA","'PHD",40.4701666666667,81.4199444444444
2,"NEW RICHMOND","'45OH",38.9759944444444,84.2195111111111
2,NEWARK,"'OH20",40.1540666666667,82.3069069444444
2,NEWARK,"'VTA",40.0246666666667,82.4618055555556
2,NEWBURY,"'8OI0",41.4542188888889,81.2453808333333
2,NEWBURY,"'40OH",41.4511636111111,81.234825
2,"NEWTON FALLS","'41N",41.2111675,80.9692572222222
2,"NEWTON FALLS","'42OH",41.15589,81.0039813888889
2,"NORTH BALTIMORE","'43OI",41.1986630555556,83.7007675
2,"NORTH BASS ISLAND","'3X5",41.718,82.8211111111111
2,"NORTH BEND","'OA16",39.1561111111111,84.7816666666667
2,"NORTH CANTON","'OA19",40.8988888888889,81.3
2,"NORTH CREEK","'OH19",41.1550488888889,84.2149452777778
2,"NORTH JACKSON","'46OH",41.1036688888889,80.8264716666667
2,"NORTH LIMA","'4OH3",40.9830555555556,80.7011111111111
2,NORWALK,"'87OI",41.2722747222222,82.6229555555556
2,NORWALK,"'5A1",41.24475,82.5512222222222
2,"OLD WASHINGTON","'OH94",40.0217916666667,81.4823763888889
2,ORIENT,"'4OH4",39.7927777777778,83.1172222222222
2,ORRVILLE,"'OH24",40.8756944444444,81.7664972222222
2,OTTAWA,"'51OH",41.0703286111111,84.0863333333333
2,OTTAWA,"'OWX",41.0355833333333,83.9819166666667
2,OWENSVILLE,"'21OI",39.1281183333333,84.0927113888889
2,OXFORD,"'OXD",39.50225,84.7843611111111
2,PAINESVILLE,"'OI69",41.7783797222222,81.1670441666667
2,PAINESVILLE,"'2G1",41.6670435,81.1971833611111
2,PAULDING,"'54OH",41.1233825,84.6177319444444
2,PAULDING,"'53OH",41.1344936111111,84.4507819444444
2,PEEBLES,"'1OH9",38.9350705555556,83.3993563888889
2,PETERSBURG,"'OH29",40.9006163888889,80.5553477777778
2,PIQUA,"'0OH7",40.1433333333333,84.1719444444444
2,PIQUA,"'4OA8",40.1086111111111,84.2997222222222
2,PIQUA,"'0OH8",40.1883830555556,84.2560561111111
2,PIQUA,"'I17",40.1646944444444,84.3084166666667
2,"PLAIN CITY","'6OI5",40.1372838888889,83.2179702777778
2,"PLEASANT HILL","'83OH",40.0622733333333,84.3793927777778
2,"PLEASANT HILL","'1OA1",40.045885,84.3343913888889
2,"PORT CLINTON","'PCW",41.5162777777778,82.8695
2,PORTSMOUTH,"'PMH",38.8404722222222,82.8473055555556
2,"PUT IN BAY","'3W2",41.6366666666667,82.8283333333333
2,"PUT IN BAY","'58OH",41.6792152777778,82.8471327777778
2,QUINCY,"'1OH1",40.3014402777778,83.9760494444444
2,RADNOR,"'5E9",40.4079763888889,83.21936
2,RAVENNA,"'61OH",41.1981116666667,81.2095455555556
2,RAVENNA,"'POV",41.2101821944444,81.2516251388889
2,RAVENNA,"'OI32",41.1681119444444,81.2878825
2,RAYMOND,"'5OH6",40.3538555555556,83.5239
2,"ROCK CREEK","'OA07",41.7013888888889,80.8602777777778
2,RUSSELL,"'OI62",41.4764411111111,81.3170525
2,SALEM,"'8G8",40.8833922222222,80.8831402777778
2,SALEM,"'38D",40.9480808333333,80.8620819444444
2,SANDUSKY,"'0OI3",41.3821,82.7161111111111
2,SEBRING,"'3G6",40.906,81.0000277777778
2,SEVILLE,"'8OA9",41.0444988888889,81.81569
2,"SHARON CENTER","'65OH",41.0717208333333,81.7512416666667
2,SHAUCK,"'2OH4",40.6245030555556,82.63545
2,SHELBY,"'12G",40.8728611111111,82.6973888888889
2,SHERWOOD,"'5OI9",41.3278280555556,84.5577283333333
2,SHREVE,"'34OI",40.6945033333333,82.1179305555555
2,SIDNEY,"'SCA",40.2412777777778,84.1478611111111
2,SOLON,"'67OH",41.4139427777778,81.4526158333333
2,"SOUTH CHARLESTON","'1OH8",39.8667266666667,83.6332563888889
2,"SPRING VALLEY","'0OH6",39.6006155555555,84.019655
2,SPRINGFIELD,"'1OA4",39.9236388888889,83.6616666666667
2,SPRINGFIELD,"'SGH",39.8402777777778,83.8401666666667
2,"ST CLAIRSVILLE","'2P7",40.0568630833333,80.9631879444444
2,"ST PARIS","'24OI",40.0778352777778,83.8971552777778
2,STAUNTON,"'2OH2",39.4720072222222,83.4899183333333
2,STEUBENVILLE,"'2G2",40.3606111111111,80.7016944444444
2,STOCKPORT,"'8OA7",39.5564611111111,81.7809672222222
2,STRASBURG,"'45OI",40.5611738888889,81.5456758333333
2,SWANTON,"'72OH",41.6044961111111,83.8677191666667
2,SYCAMORE,"'OH18",40.9325,83.1402777777778
2,THOMPSON,"'OH26",41.65644,81.1062088888889
2,THOMPSON,"'OI64",41.6806091666667,81.0302347222222
2,THOMPSON,"'73OH",41.6469988888889,81.0087061111111
2,THORNVILLE,"'8OI5",39.8817319444444,82.4145980555556
2,TIFFIN,"'16G",41.0940555555556,83.2125
2,TOLEDO,"'TOL",41.5868055555556,83.8078333333333
2,TOLEDO,"'TDZ",41.5649444444444,83.4822222222222
2,TORONTO,"'1G8",40.4758994444445,80.6281291666667
2,"TREMONT CITY","'I54",40.0200591666667,83.8285411111111
2,TROY,"'2OH6",40.0119972222222,84.2813347222222
2,TROY,"'OH71",39.9908866666667,84.2705011111111
2,TROY,"'1WF",40.0147638888889,84.1980555555556
2,"UPPER SANDUSKY","'56D",40.8833685833333,83.3145315555555
2,URBANA,"'I74",40.1323718611111,83.7540627222222
2,URBANA,"'38I",40.0911694444444,83.6893722222222
2,"VALLEY CITY","'7OH1",41.21,81.9736111111111
2,"VALLEY CITY","'78OH",41.2569977777778,81.9706947222222
2,"VAN WERT","'VNW",40.8638294722222,84.606358
2,VERSAILLES,"'VES",40.2044108333333,84.5324227777778
2,VICKERY,"'18OI",41.4197402777778,82.9713027777778
2,VICKERY,"'8OA6",41.3861633333333,82.8971341666667
2,VIENNA,"'79OH",41.2097791666667,80.6831325
2,WADSWORTH,"'3G3",41.0030611111111,81.7565219444444
2,WADSWORTH,"'15G",41.0281847222222,81.7981472222222
2,WAKEMAN,"'I64",41.2934916666667,82.3723611111111
2,WAKEMAN,"'26OH",41.2098055555556,82.3561166666667
2,WAPAKONETA,"'AXV",40.4935555555556,84.2980833333333
2,WARREN,"'80OH",41.2667236111111,80.7664697222222
2,WARREN,"'62D",41.2670277777778,80.9273611111111
2,"WASHINGTON COURT HOUSE","'I23",39.5704040277778,83.4205161666667
2,WAUSEON,"'USE",41.6097785833333,84.1271885555556
2,WAVERLY,"'EOP",39.1669722222222,82.9283333333333
2,WAYNESVILLE,"'2OI2",39.5611111111111,84.0519444444444
2,WAYNESVILLE,"'43OA",39.5814222222222,84.0927833333333
2,WAYNESVILLE,"'40I",39.5053377777778,84.1218791666667
2,"WEST ALEXANDRIA","'3OH1",39.6972755555556,84.5427277777778
2,"WEST JEFFERSON","'49OH",39.9354513888889,83.2363986111111
2,"WEST LAFAYETTE","'80G",40.2478597222222,81.7360694444444
2,"WEST MILTON","'OI06",39.9914419444444,84.2916125
2,"WEST UNION","'AMT",38.8516725,83.5660072222222
2,"WESTFIELD CENTER","'2OI4",41.0453327777778,81.9365305555556
2,WILLARD,"'8G1",41.0387504444444,82.7245648055555
2,WILLIAMSBURG,"'66OH",39.0275041666667,84.0468347222222
2,WILLIAMSFIELD,"'06OH",41.5097761111111,80.5911858333333
2,WILLISTON,"'88OH",41.6000486111111,83.3165941666667
2,WILLOUGHBY,"'LNN",41.6840277777778,81.38975
2,WILLSHIRE,"'5OI5",40.6933802777778,84.7805180555555
2,WILMINGTON,"'I66",39.5024722222222,83.8633055555556
2,WILMINGTON,"'2B6",39.4375619444444,83.7082561111111
2,WILMINGTON,"'OH77",39.5531163888889,83.8549272222222
2,WILMINGTON,"'3OH9",39.5616583333333,83.8576944444444
2,WILMINGTON,"'ILN",39.4279166666667,83.7921111111111
2,WOODSFIELD,"'4G5",39.7790510277778,81.1027801111111
2,WOOSTER,"'66OI",40.7814458333333,82.055705
2,WOOSTER,"'OI55",40.7508902777778,82.0043136111111
2,WOOSTER,"'91OH",40.7333902777778,81.8929180555556
2,WOOSTER,"'BJJ",40.8748333333333,81.88825
2,XENIA,"'7OA7",39.6792266666667,83.8707613888889
2,"YELLOW SPRINGS","'OI91",39.7797222222222,83.9091666666667
2,YOUNGSTOWN,"'04G",41.1304722222222,80.6195833333333
2,YOUNGSTOWN,"'4G4",40.9617952777778,80.6773263888889
2,YOUNGSTOWN/WARREN,"'YNG",41.2615833333333,80.6803611111111
2,ZANESVILLE,"'9OI3",39.8986111111111,82.1102777777778
2,ZANESVILLE,"'42I",40.0070116666667,82.0123580555556
2,ZANESVILLE,"'OH36",39.9861786111111,81.9837461111111
2,ZANESVILLE,"'ZZV",39.9444444444444,81.8920833333333
2,ADA,"'ADH",34.8042619722222,96.67119975
2,ADA,"'OK80",34.7286994444444,96.6011194444444
2,ADA,"'3OK0",34.705,96.5766666666667
2,ADAIR,"'OK18",36.4234166666667,95.1710666666667
2,AFTON,"'3O9",36.5775775,94.8619002777778
2,ALEX,"'00AS",34.9428027777778,97.8180194444444
2,ALTUS,"'LTS",34.6679753611111,99.2677496111111
2,ALTUS,"'AXS",34.6988055555556,99.3384722222222
2,ALTUS,"'OK82",34.6917341666667,99.3448086111111
2,ALTUS,"'OK83",34.5683333333333,99.3516666666667
2,ALTUS,"'91OK",34.6420136111111,99.3711983333333
2,ALVA,"'AVK",36.7733673333333,98.6701871388889
2,ALVA,"'OK43",36.5305888888889,98.6367502777778
2,ALVA,"'OK54",36.9966963888889,99.0048227777778
2,ALVA,"'OK14",36.8352222222222,98.6577222222222
2,AMBER,"'8OK7",35.1747222222222,97.7480555555556
2,ANADARKO,"'F68",35.0521944444444,98.2640555555555
2,ANTLERS,"'80F",34.1935680555556,95.6498636111111
2,ARDMORE,"'1F0",34.1469722222222,97.1226666666667
2,ARDMORE,"'ADM",34.3038734444444,97.0205973888889
2,ARDMORE,"'OK17",34.21825,97.0525666666667
2,ARDMORE,"'OK85",34.3000927777778,96.916955
2,ARDMORE,"'OK62",34.2487027777778,97.2091805555555
2,ARDMORE,"'OK23",34.1983,97.2311666666667
2,ASHLAND,"'OK74",34.8295380555556,96.034165
2,ATOKA,"'AQR",34.3983388888889,96.1480597222222
2,ATOKA,"'6OK7",34.5959222222222,95.8630416666667
2,AVANT,"'98OK",36.4891666666667,96.0527777777778
2,BARTLESVILLE,"'BVO",36.7633611111111,96.0111944444444
2,BARTLESVILLE,"'9OK3",36.7037005555555,95.8405383333333
2,BARTLESVILLE,"'0OK2",36.6105555555556,96.0980555555556
2,BEAVER,"'K44",36.7979485,100.52691375
2,BEAVER,"'3OK6",36.7366666666667,100.588888888889
2,BEGGS,"'51OK",35.7936111111111,96.0297222222222
2,BEGGS,"'OK50",35.7516666666667,96.15375
2,BLACKWELL,"'BKN",36.7451111111111,97.3495833333333
2,BLACKWELL,"'6OK6",36.7958652777778,97.3169880555556
2,BLANCHARD,"'2OK3",35.0980555555556,97.7425
2,BLANCHARD,"'8OK1",35.1683333333333,97.7108333333333
2,"BOISE CITY","'17K",36.7743055555556,102.510444444444
2,BOKCHITO,"'OK68",33.8787805555556,96.0825277777778
2,BOSWELL,"'OL26",33.9055555555556,95.8361111111111
2,BRAY,"'1OK3",34.5760777777778,97.8141444444444
2,BRISTOW,"'3F7",35.8070486111111,96.4211352777778
2,BRISTOW,"'OK69",35.7962638888889,96.4281472222222
2,BRISTOW,"'1OK0",35.8945275,96.2794483333333
2,"BROKEN BOW","'90F",34.0131666666667,94.7583333333333
2,BUFFALO,"'BFK",36.8633013888889,99.6187305555556
2,BUFFALO,"'96OK",36.8488888888889,99.4566666666667
2,BURNEYVILLE,"'37K",33.9259722222222,97.2963611111111
2,"BURNS FLAT","'CSM",35.3398391666667,99.2004994444444
2,"BURNS FLAT","'OK98",35.3666916666667,99.2223944444444
2,CADDO,"'9OK4",34.115975,96.311025
2,CALERA,"'OK90",33.9020441666667,96.4722138888889
2,CALUMET,"'47OK",35.5836608333333,98.0400522222222
2,CANADIAN,"'91F",35.15635,95.6212527777778
2,CARNEGIE,"'86F",35.1237222222222,98.57525
2,CARRIER,"'8OK4",36.4422222222222,98.1038888888889
2,CARRIER,"'OK71",36.5037444444445,98.0088388888889
2,CASHION,"'4OK6",35.8401666666667,97.671225
2,CASHION,"'85OK",35.8181388888889,97.6628333333333
2,CASHION,"'56OK",35.8036083333333,97.5798777777778
2,CHANDLER,"'CQB",35.7240833333333,96.8202777777778
2,CHANDLER,"'8OK6",35.8150486111111,96.8738888888889
2,CHATTANOOGA,"'92F",34.3688611111111,98.6821388888889
2,CHELSEA,"'OK78",36.5591069444444,95.4316944444444
2,CHEROKEE,"'4O5",36.7883083333333,98.3584305555555
2,CHEROKEE,"'CKA",36.7356902777778,98.1236097222222
2,CHESTER,"'OK72",36.2127166666667,98.9032916666667
2,CHEYENNE,"'93F",35.6032347222222,99.7030125
2,CHICKASHA,"'CHK",35.0973611111111,97.9676944444444
2,CHICKASHA,"'OK60",34.9874166666667,97.8107833333333
2,CHICKASHA,"'17OK",35.1003444444444,97.786225
2,CHICKASHA,"'6OK2",35.0628430555556,97.8953208333333
2,CLAREMORE,"'95OK",36.2675944444444,95.6307
2,CLAREMORE,"'GCM",36.2927222222222,95.4796111111111
2,CLAREMORE,"'OK20",36.3834027777778,95.6495
2,CLAREMORE,"'K11",36.2181666666667,95.6518888888889
2,"CLEO SPRINGS","'OL25",36.4027777777778,98.4525
2,CLEVELAND,"'95F",36.2841666666667,96.4633333333333
2,CLINTON,"'CLK",35.5382725555556,98.9327885555555
2,"COAL GATE","'0OK4",34.6606480555556,96.2536125
2,COALGATE,"'08F",34.5317588888889,96.2330538888889
2,COLLINSVILLE,"'OK93",36.3334266666667,95.8836013888889
2,COLLINSVILLE,"'OK58",36.3973147222222,95.9049902777778
2,COLLINSVILLE,"'09OK",36.3545388888889,95.8638833333333
2,COLLINSVILLE,"'OK94",36.3545763888889,95.8032222222222
2,COMANCHE,"'OK11",34.3141361111111,98.0105222222222
2,COMANCHE,"'25OK",34.3144444444444,97.9955555555556
2,COOKSON,"'OK06",35.6477777777778,94.95
2,COOKSON,"'44M",35.7049722222222,94.9361388888889
2,COOPERTON,"'OL09",34.8833952777778,98.7503447222222
2,CORDELL,"'F36",35.29629925,98.9677156388889
2,COWETA,"'93OK",35.9345444444444,95.5913666666667
2,COWETA,"'OL31",35.9403569444444,95.7276069444444
2,CUSHING,"'CUH",35.9500277777778,96.7734166666667
2,DAVIS,"'97F",34.5464752777778,97.1083527777778
2,DISNEY,"'OK95",36.4889708333333,94.9582925
2,DOVER,"'35OK",36.0539972222222,97.8423583333333
2,DRUMMOND,"'OK99",36.2882777777778,98.0231111111111
2,DUNCAN,"'DUC",34.4713055555556,97.9598611111111
2,DUNCAN,"'OK97",34.5334141666667,97.7669769444445
2,DUNCAN,"'OK67",34.5470944444444,97.9096166666667
2,DURANT,"'DUA",33.9396979444444,96.3950586388889
2,DURANT,"'66OK",34.0889841666667,96.4216597222222
2,EAKLY,"'6OK8",35.3594988888889,98.5711761111111
2,EDMOND,"'1OK8",35.7297727777778,97.5414308333333
2,EDMOND,"'7OK1",35.7421388888889,97.3613583333333
2,EDMOND,"'33OK",35.7500525,97.4003163888889
2,"EL RENO","'8OK2",35.4750527777778,97.9288805555556
2,"EL RENO","'99F",35.5167186111111,97.9794941666667
2,"EL RENO","'RQO",35.4727222222222,98.00575
2,"EL RENO","'28OK",35.5028297222222,98.0406069444444
2,ELGIN,"'OL29",34.7625555555556,98.4468333333333
2,ELGIN,"'OK03",34.7785027777778,98.2731444444444
2,"ELK CITY","'ELK",35.4307777777778,99.3942777777778
2,"ELMORE CITY","'0OK1",34.657025,97.4016919444445
2,ENID,"'WDG",36.3759444444444,97.7894166666667
2,ENID,"'END",36.3398058333333,97.9172394444444
2,ERICK,"'O13",35.20075,99.8810555555555
2,EUFAULA,"'OK04",35.3094444444444,95.8083333333333
2,EUFAULA,"'F08",35.2983041666667,95.6273708333333
2,EUFAULA,"'0F7",35.3886666666667,95.6002777777778
2,FAIRLAND,"'69OK",36.7286838888889,94.8505122222222
2,FAIRMONT,"'1OK",36.3652361111111,97.6678416666667
2,FAIRVIEW,"'6K4",36.2911944444444,98.4758055555556
2,FORGAN,"'OK39",36.9666944444444,100.317089444444
2,"FORT SILL","'FSI",34.6498265,98.4021849166667
2,FREDERICK,"'FDR",34.3520958055556,98.9839090833333
2,FREEDOM,"'K77",36.7584944444444,99.1020111111111
2,GAGE,"'GAG",36.2959722222222,99.7757347222222
2,GEARY,"'OL28",35.5838777777778,98.3041013888889
2,GEARY,"'0OK3",35.6194938888889,98.5225705555556
2,GOLDSBY,"'1K4",35.1550675,97.4703938888889
2,GOLDSBY,"'OK02",35.1108333333333,97.4816666666667
2,GOLDSBY,"'5OK4",35.1170130555556,97.4505872222222
2,GOLDSBY,"'39OK",35.1114833333333,97.4792527777778
2,GRANDFIELD,"'1O1",34.2375894444444,98.7420091666667
2,GRANITE,"'81OK",35.0263888888889,99.3394444444444
2,GROVE,"'GMJ",36.6067777777778,94.7385555555555
2,GUTHRIE,"'0OK5",35.8889372222222,97.4003177777778
2,GUTHRIE,"'0OK6",35.8017177777778,97.3861497222222
2,GUTHRIE,"'GOK",35.8515227222222,97.4161775555556
2,GUTHRIE,"'55OL",35.7804305555556,97.5683916666667
2,GUTHRIE,"'74OK",35.9477248333333,97.4892848333333
2,GUYMON,"'GUY",36.6841554722222,101.506968638889
2,HARRAH,"'1OL2",35.4889525,97.1919747222222
2,HASKELL,"'OK25",35.8133333333333,95.7533333333333
2,HASKELL,"'2K9",35.8328611111111,95.6674166666667
2,HEALDTON,"'F32",34.2548944444444,97.4729277777778
2,HENESSEY,"'9OK8",36.075609,97.9061668333333
2,HENNESSEY,"'4OK0",36.1615444444444,97.8619486111111
2,HENNESSEY,"'OK51",36.1042044444444,97.9370016666667
2,HENNESSEY,"'34OK",36.0469916666667,97.8749027777778
2,HENNESSEY,"'OK56",36.0681027777778,97.8497138888889
2,HENNESSEY,"'OK48",36.1553638888889,97.8483444444444
2,HENRYETTA,"'F10",35.4068797222222,96.0158327777778
2,HINTON,"'OK61",35.51835,98.4665527777778
2,HINTON,"'OK10",35.5393777777778,98.4301888888889
2,HINTON,"'2O8",35.5072222222222,98.3425555555556
2,HINTON,"'OK70",35.4305722222222,98.2576805555556
2,HINTON,"'46OK",35.4751444444444,98.4516277777778
2,HINTON,"'29OK",35.4685222222222,98.486925
2,HOBART,"'HBR",34.9899166666667,99.0530586111111
2,HOLDENVILLE,"'F99",35.0858611111111,96.4166666666667
2,HOLLIS,"'O35",34.7053052777778,99.9085647222222
2,HOMINY,"'H92",36.44275,96.3872222222222
2,HOOKER,"'O45",36.8570830555556,101.227091666667
2,HUGO,"'HHW",34.0336388888889,95.5420555555556
2,HYDRO,"'08OL",35.4080875,98.6054777777778
2,HYDRO,"'16OK",35.4499111111111,98.5862138888889
2,HYDRO,"'1OK2",35.5028805555556,98.5375166666667
2,HYDRO,"'1OK6",35.5220722222222,98.5231833333333
2,HYDRO,"'5OK0",35.54135,98.59455
2,HYDRO,"'60OK",35.5024138888889,98.5092416666667
2,HYDRO,"'OK77",35.4158777777778,98.5424861111111
2,HYDRO,"'05OK",35.4713638888889,98.5417083333333
2,HYDRO,"'32OK",35.4991388888889,98.6159166666667
2,HYDRO,"'3OK2",35.5519666666667,98.4679027777778
2,HYDRO,"'OL10",35.6530555555556,98.6058333333333
2,HYDRO,"'7OK4",35.6079861111111,98.6385083333333
2,IDABEL,"'4O4",33.9093611111111,94.8593611111111
2,INOLA,"'O18",36.1439869444444,95.4177486111111
2,INOLA,"'0K6",36.1793472222222,95.580275
2,INOLA,"'55OK",36.2239866666667,95.5783108333333
2,JACKTOWN,"'OK00",35.51625,97.0221111111111
2,JAY,"'62OK",36.3392472222222,94.9204
2,JENNINGS,"'0OK9",36.2133977777778,96.6369716666667
2,JONES,"'9OK9",35.5616333333333,97.2558333333333
2,KETCHUM,"'1K8",36.5463611111111,95.0135277777778
2,KINGFISHER,"'1OK1",35.8247361111111,97.80505
2,KINGFISHER,"'F92",35.8766722222222,97.9529375
2,KINGFISHER,"'6OK0",35.8913888888889,97.9588888888889
2,KINGSTON,"'12OK",34.002175,96.7701472222222
2,KINGSTON,"'F31",33.9910555555556,96.6427222222222
2,KREMLIN,"'OK66",36.5566980555556,97.8336677777778
2,LAMONT,"'02OK",36.6188888888889,97.535
2,LANGLEY,"'OK30",36.4917505555556,95.0502405555555
2,LAWTON,"'OK07",34.5181666666667,98.3256388888889
2,LAWTON,"'OK08",34.5334105555556,98.3503277777778
2,LAWTON,"'LAW",34.5677144444444,98.4166366666667
2,LAWTON,"'71OK",34.5762111111111,98.483
2,LEXINGTON,"'OK64",34.9763888888889,97.3369444444444
2,LEXINGTON,"'O44",35.0922927777778,97.3364177777778
2,LEXINGTON,"'5OL5",35.0022222222222,97.1902777777778
2,LINDSAY,"'3OK5",34.7286111111111,97.6058333333333
2,LINDSAY,"'1K2",34.8494513888889,97.5852916666667
2,"LONE GROVE","'OK24",34.2062166666667,97.2311166666667
2,"LONE WOLF","'1OK5",34.9833902777778,99.2295238888889
2,LUTHER,"'OK55",35.7145013888889,97.2258669444444
2,LUTHER,"'5OK9",35.7219444444444,97.2047222222222
2,LUTHER,"'OL24",35.7361597222222,97.1890833333333
2,MADILL,"'1F4",34.1404019444444,96.8120322222222
2,MANCHESTER,"'OK46",36.9589147222222,98.0753411111111
2,MANCHESTER,"'OK47",36.9416927777778,98.0170061111111
2,MANGUM,"'7OK2",34.9764455555556,99.4998113888889
2,MANGUM,"'2K4",34.8926111111111,99.5282222222222
2,MARIETTA,"'OL27",34.0313888888889,97.0093055555556
2,MARIETTA,"'1OK9",33.9750994444444,97.0891780555556
2,MARIETTA,"'OK29",33.9359338888889,97.0544547222222
2,MARLOW,"'OK81",34.6841416666667,97.8666944444444
2,MARLOW,"'92OK",34.7307388888889,98.0144611111111
2,MARLOW,"'7OK8",34.66155,98.1027944444444
2,MARLOW,"'OK89",34.6934361111111,97.8981555555555
2,MARLOW,"'61OK",34.6838555555556,97.9280333333333
2,MARLOW,"'OK91",34.6430972222222,98.0440166666667
2,MARLOW,"'84OK",34.6646083333333,98.0773166666667
2,MARLOW,"'0OK8",34.6141666666667,98.0233333333333
2,MARLOW,"'2OK0",34.6569305555556,97.7924805555556
2,MAYSVILLE,"'1OK7",34.8000758333333,97.4822502777778
2,"MC ALESTER","'MLC",34.8823888888889,95.7834722222222
2,MEDFORD,"'O53",36.7905841666667,97.7489972222222
2,MENO,"'4O7",36.3721666666667,98.1784444444445
2,MENO,"'6OK3",36.3589472222222,98.1438722222222
2,MIAMI,"'MIO",36.9092222222222,94.8875
2,MIAMI,"'70OK",36.833675,94.9041194444444
2,"MIDWEST CITY","'2OK2",35.3293527777778,97.2697347222222
2,MILBURN,"'2OK1",34.1923025,96.518658
2,MOORELAND,"'35OL",36.6330888888889,99.1512125
2,MOORELAND,"'MDF",36.4847666666667,99.1941666666667
2,MOUNDS,"'OK36",35.8820833333333,96.0048611111111
2,MOUNDS,"'OK13",35.8458333333333,95.9711111111111
2,MOUNDS,"'2OK4",35.8167630555556,96.0586066666667
2,"MOUNTAIN VIEW","'2OK5",34.92895,98.7397880555556
2,"MURRY SPUR","'83OK",35.2567611111111,94.5779972222222
2,MUSKOGEE,"'MKO",35.65775,95.3616388888889
2,NEWCASTLE,"'2OK7",35.2583969444444,97.6628172222222
2,NEWCASTLE,"'76OK",35.2847855555556,97.6169830555556
2,NINNEKAH,"'O14",34.8903888888889,97.9981944444445
2,NON,"'5OK2",34.7766666666667,96.2452777777778
2,NORMAN,"'80OK",35.1583819444444,97.5482291666667
2,NORMAN,"'10OK",35.1667375,97.2169713888889
2,NORMAN,"'OUN",35.2455555555556,97.4721388888889
2,NOWATA,"'H66",36.7209222222222,95.6252558333333
2,OILTON,"'40OK",36.1160666666667,96.538075
2,OKARCHE,"'3OK1",35.7300461111111,97.9669963888889
2,OKEENE,"'O65",36.1125366666667,98.3086825
2,OKEENE,"'8OK0",36.0683333333333,98.2891666666667
2,OKEMAH,"'F81",35.4052694444444,96.3055388888889
2,"OKLAHOMA CITY","'RCE",35.4880833333333,97.8235555555556
2,"OKLAHOMA CITY","'HSD",35.6018333333333,97.7061666666667
2,"OKLAHOMA CITY","'TIK",35.41475,97.3866388888889
2,"OKLAHOMA CITY","'PWA",35.5341638888889,97.6470527777778
2,"OKLAHOMA CITY","'OKC",35.3930740277778,97.6007617222222
2,OKMULGEE,"'OKM",35.6681111111111,95.9485277777778
2,OLUSTEE,"'F09",34.5125741666667,99.4295333333333
2,OOLAGAH,"'OK15",36.3761111111111,95.7052777777778
2,OOLOGAH,"'OK37",36.4695361111111,95.6677555555555
2,OWASSO,"'O38",36.2667627777778,95.7835963888889
2,"PAULS VALLEY","'PVJ",34.7095632777778,97.2233458333333
2,PAWHUSKA,"'H76",36.6717261111111,96.4055691666667
2,PAWNEE,"'H97",36.3773111111111,96.8052083333333
2,PEGGS,"'67OK",36.0331494444444,95.0780141666667
2,PERRY,"'F22",36.3856111111111,97.2772222222222
2,PERRY,"'OL12",36.4216666666667,97.1616666666667
2,PIEDMONT,"'2OK9",35.6580555555556,97.6291666666667
2,"PONCA CITY","'PNC",36.7319166666667,97.0997777777778
2,"PONCA CITY","'OK49",36.6500391666667,97.0169825
2,"PONCA CITY","'27OK",36.7422583333333,96.963925
2,"POND CREEK","'48OK",36.7233333333333,97.61
2,"POND CREEK","'2K1",36.6625302777778,97.8086661111111
2,POTEAU,"'RKR",35.0216388888889,94.62125
2,POTEAU,"'OK59",35.0223205555556,94.7043938888889
2,PRAGUE,"'O47",35.4807777777778,96.71875
2,PRYOR,"'OK21",36.3334266666667,95.3044133333333
2,PRYOR,"'H71",36.2253888888889,95.3300555555556
2,PURCELL,"'3O3",34.9833497222222,97.3826383333333
2,RANDLETT,"'15OK",34.1763888888889,98.3097222222222
2,RAVIA,"'OK28",34.2291666666667,96.7491666666667
2,"RUSH SPRINGS","'OK40",34.7282527777778,97.9005777777778
2,"RUSH SPRINGS","'4OK2",34.8153694444444,97.9742972222222
2,SALLISAW,"'OK34",35.48426,94.8418925
2,SALLISAW,"'89OK",35.44315,94.8974502777778
2,SALLISAW,"'JSV",35.43825,94.8029166666667
2,"SAND SPRINGS","'3OK7",36.2417522222222,96.1341719444444
2,"SAND SPRINGS","'3OK8",36.1167491666667,96.2336180555556
2,"SAND SPRINGS","'OWP",36.1752777777778,96.1518333333333
2,SANDSPRINGS,"'00OK",36.198918,96.217682
2,SAPULPA,"'OL23",35.9500911111111,96.1044430555555
2,SAPULPA,"'03OK",36.0411972222222,96.1613888888889
2,SASAKWA,"'26OK",34.9526805555556,96.6125277777778
2,SASAKWA,"'90OK",34.9492583333333,96.6142416666667
2,SAYRE,"'3O4",35.1677091666667,99.6578061111111
2,SEILING,"'1S4",36.1553611111111,98.9336944444444
2,SEMINOLE,"'SRE",35.2744593888889,96.6753789166667
2,SHAWNEE,"'3OK9",35.3217861111111,97.0400833333333
2,SHAWNEE,"'SNL",35.3573055555556,96.9428333333333
2,SKIATOOK,"'OL19",36.4152777777778,96.0561111111111
2,SKIATOOK,"'2F6",36.3551475833333,96.0107275277778
2,SNYDER,"'07OK",34.6334047222222,99.0336886111111
2,SNYDER,"'4O1",34.6277222222222,99.014
2,"SOUTH COFFEYVILLE","'45OK",36.9125830555556,95.6030327777778
2,"SOUTH COFFEYVILLE","'OK88",36.9144555555556,95.4632972222222
2,SPERRY,"'79OK",36.313675,96.0857055555555
2,SPRINGER,"'22OK",34.3152777777778,97.1758333333333
2,STIGLER,"'GZL",35.2881666666667,95.0938888888889
2,STILLWATER,"'88OK",36.1933805555556,97.0907305555556
2,STILLWATER,"'6OK9",36.1415555555556,96.9431944444444
2,STILLWATER,"'SWO",36.1613888888889,97.0858888888889
2,STILWELL,"'1PP",35.7571847222222,94.6498569444444
2,STRATFORD,"'9OK5",34.7783333333333,96.9275
2,STRATFORD,"'9OK7",34.7925,96.9083333333333
2,STROUD,"'SUD",35.7895833333333,96.6556666666667
2,SULPHUR,"'F30",34.5270444444444,96.9901875
2,TAHLEQUAH,"'6OK1",36.0014811111111,95.0030136111111
2,TAHLEQUAH,"'TQH",35.9302777777778,95.0045277777778
2,TALALA,"'OK42",36.5785666666667,95.6865527777778
2,TALIHINA,"'6F1",34.7077713888889,95.0737858333333
2,TECUMSEH,"'36OK",35.2722944444444,96.8816861111111
2,TEMPLE,"'OK79",34.2567566666667,98.2411558333333
2,TEXHOMA,"'K49",36.5056111111111,101.813666666667
2,THACKERVILLE,"'OK31",33.7785416666667,97.1314583333333
2,THOMAS,"'5OK8",35.7297998333333,98.6586998333333
2,THOMAS,"'1O4",35.7336666666667,98.7305277777778
2,TIPTON,"'1O8",34.458625,99.1713333333333
2,TISHOMINGO,"'73OK",34.3570277777778,96.7348611111111
2,TISHOMINGO,"'01OL",34.3725697777778,96.7160371944444
2,TISHOMINGO,"'0F9",34.1985,96.6745
2,TULSA,"'1H6",36.1389166666667,95.8250555555556
2,TULSA,"'RVS",36.0395838888889,95.9845952777778
2,TULSA,"'TUL",36.1983888888889,95.8881111111111
2,TUTTLE,"'4OK4",35.2875627777778,97.6642063888889
2,TUTTLE,"'53OK",35.2435222222222,97.7639833333333
2,VELMA,"'4OK5",34.5500816666667,97.6003063888889
2,VERA,"'OK01",36.4289805555556,95.9033222222222
2,VICI,"'5O1",36.1410555555556,99.3033611111111
2,VINITA,"'2OK6",36.7241666666667,95.3420555555556
2,VINITA,"'5OK3",36.4884197222222,95.143855
2,VINITA,"'H04",36.6146162777778,95.1516947777778
2,VINTA,"'OK05",36.7825555555556,95.4131666666667
2,WAGONER,"'H68",35.9656944444444,95.3418055555556
2,WAGONER,"'OL20",35.9973216666667,95.2588494444445
2,WALTERS,"'OK12",34.3991666666667,98.2663888888889
2,WALTERS,"'3O5",34.3725844444444,98.4058858333333
2,WATONGA,"'OL18",35.7897222222222,98.5969444444444
2,WATONGA,"'JWG",35.8645555555556,98.42075
2,WAYNOKA,"'1K5",36.5713,98.8546638888889
2,WEATHERFORD,"'OJA",35.5458055555556,98.6685
2,WELLSTON,"'43OK",35.6667297222222,96.9836383333333
2,WELLSTON,"'OK96",35.7564480555556,97.0847527777778
2,WESTPORT,"'4F1",36.2214166666667,96.3465
2,WETUMKA,"'8OL1",35.2278663888889,96.2294505555556
2,WILBURTON,"'08OK",34.9314861111111,95.2583027777778
2,WILBURTON,"'H05",34.9202069444444,95.3939027777778
2,WOODWARD,"'WWR",36.438,99.5226666666667
2,ALBANY,"'S12",44.6378152777778,123.059448888889
2,ALBANY,"'OR20",44.6581766666667,123.142873888889
2,ALBANY,"'4OR3",44.7303988888889,123.075927777778
2,ALBANY,"'OR21",44.5931780555556,122.989535277778
2,ALBANY,"'OR67",44.6952,123.019661111111
2,ALBANY,"'OR22",44.6192888888889,123.031759722222
2,ALBANY,"'9OR8",44.7326213888889,123.055649166667
2,"ALKALI LAKE","'R03",43.0873727777778,119.976073333333
2,AMITY,"'OG44",45.1533888888889,123.23725
2,AMITY,"'64OR",45.0337288888889,123.172323055556
2,AMITY,"'18OR",45.0918638888889,123.182352777778
2,ANDREWS,"'OG53",42.4879416666667,118.608355555556
2,ANTELOPE,"'2OR1",44.8285,120.495027777778
2,ARLINGTON,"'1S8",45.7225555555556,120.176972222222
2,AROCK,"'OR16",43.0968055555556,118.15
2,ASHLAND,"'S03",42.1902777777778,122.660638888889
2,ASTORIA,"'AST",46.1579722222222,123.878611111111
2,ASTORIA,"'OR23",46.1613888888889,123.640277777778
2,AUMSVILLE,"'OR25",44.8448433333333,122.901202777778
2,AURORA,"'UAO",45.2471388888889,122.770055555556
2,"BAKER CITY","'BKE",44.8373333333333,117.809138888889
2,"BAKER CITY","'OG45",44.6169444444444,117.871944444444
2,BALLSTON,"'OR71",45.0652777777778,123.329166666667
2,BANDON,"'S05",43.0864722222222,124.407861111111
2,BANKS,"'OR27",45.64585,123.155480555556
2,BANKS,"'OG02",45.6102777777778,123.08
2,BEATTY,"'87OR",42.6518119444444,121.328891666667
2,BEATTY,"'OR29",42.4928166666667,121.32015
2,"BEAVER MARSH","'2S2",43.1275277777778,121.808722222222
2,BEAVERTON,"'OR00",45.4345277777778,122.88
2,BEAVERTON,"'OR28",45.4415061111111,122.892878888889
2,BEND,"'BDN",44.0945608333333,121.200221111111
2,BEND,"'OR30",44.0031727777778,121.271973333333
2,BEND,"'50OR",44.0973447222222,120.947241111111
2,BEND,"'43OR",44.0922222222222,121.150833333333
2,BEND,"'5OR5",44.0345638888889,121.118357222222
2,BEND,"'OR04",44.0295611111111,121.164747222222
2,BEND,"'8OR5",44.0473397222222,121.275585833333
2,BEND,"'OG05",43.99,121.206111111111
2,BLY,"'85OR",42.404595,121.048876666667
2,BLY,"'80OR",42.3643183333333,120.965815833333
2,BOARDMAN,"'M50",45.814825,119.820500555556
2,BORING,"'OR72",45.442065,122.323143888889
2,BORING,"'OR35",45.4426205555556,122.320643888889
2,BORING,"'6OR7",45.4528983333333,122.321111111111
2,BROOKINGS,"'BOK",42.0739444444445,124.289777777778
2,BROOKS,"'7OR7",45.0540086111111,122.907038333333
2,BROOKS,"'OR38",45.079375,122.925891666667
2,BROWNSVILLE,"'OR94",44.3916666666667,123.029533888889
2,BROWNSVILLE,"'9OR0",44.3151238888889,123.024810277778
2,BURNS,"'BNO",43.5919166666667,118.955444444444
2,BURNS,"'OR32",43.5922222222222,118.773055555556
2,BURNS,"'81OR",43.2498713888889,119.875239722222
2,BUXTON,"'OR61",45.6784455555556,123.186222777778
2,CANBY,"'44OR",45.2223427777778,122.726759444444
2,CANBY,"'OR40",45.2556766666667,122.650924166667
2,CANBY,"'OR41",45.2076211111111,122.669257777778
2,"CASCADE LOCKS","'CZK",45.6769444444444,121.878888888889
2,"CAVE JUNCTION","'3S4",42.1036,123.682416666667
2,CHILOQUIN,"'2S7",42.5793184444444,121.879014166667
2,"CHRISTMAS VALLEY","'62S",43.23625,120.664694444444
2,"CHRISTMAS VALLEY","'OG06",43.2115302777778,120.843324722222
2,CLEARWATER,"'3S6",43.2234444444444,122.421166666667
2,COBURG,"'OG48",44.1959444444444,123.073138888889
2,COBURG,"'OR45",44.1970686111111,123.055920555556
2,CONDON,"'OR46",45.3831833333333,120.467824444444
2,CONDON,"'3S9",45.2465666666667,120.16645
2,CONDON,"'OR48",45.1942963888889,120.216977777778
2,COQUILLE,"'45OR",43.1548322222222,124.170661388889
2,CORBETT,"'OR50",45.4856758333333,122.233978333333
2,CORNELIUS,"'4S4",45.5826144444444,123.052885
2,CORVALLIS,"'OG49",44.4219444444444,123.258888888889
2,CORVALLIS,"'CVO",44.4971111111111,123.289527777778
2,CORVALLIS,"'OG01",44.5975,123.233055555556
2,CORVALLIS,"'OR39",44.6576208333333,123.212041944444
2,CORVALLIS,"'8OR7",44.6270655555556,123.224542222222
2,CORVALLIS,"'55OR",44.4359552777778,123.308431944444
2,CORVALLIS,"'4OR4",44.4436111111111,123.238333333333
2,CORVALLIS,"'OR52",44.473455,123.302599444444
2,CORVALLIS,"'OR54",44.5984547222222,123.206764444444
2,"COTTAGE GROVE","'61S",43.8040705277778,123.032116166667
2,COVE,"'OG07",45.3336111111111,117.819722222222
2,COVE,"'7OR0",45.3581975,117.634368055556
2,CRANE,"'7OR1",43.4193225,118.576035
2,"CRESCENT LAKE","'5S2",43.5326241666667,121.950029444444
2,CRESWELL,"'77S",43.93075,123.006666666667
2,CRESWELL,"'OR57",43.868735,123.033969722222
2,CROWLEY,"'78OR",43.3079358333333,117.894345555556
2,CULVER,"'OG00",44.557895,121.401438055556
2,CULVER,"'5S5",44.5192847222222,121.320600277778
2,"DAYS CREEK","'8OR3",42.9337305555556,123.121448055556
2,DAYVILLE,"'49OR",44.5937555555556,119.564151111111
2,DAYVILLE,"'OR13",44.5028333333333,119.371083333333
2,DIAMOND,"'OR08",43.1287675,118.676589166667
2,DONALD,"'67OR",45.2337302777778,122.856485277778
2,"EAGLE POINT","'0OR5",42.5034580555556,122.854764444444
2,"EAGLE POINT","'89OR",42.5979038888889,122.712539444444
2,"EAGLE POINT","'26OG",42.4632111111111,122.733972222222
2,ECHO,"'OL02",45.6652777777778,119.386111111111
2,ELKTON,"'94OR",43.5306716666667,123.548982222222
2,ELMIRA,"'33OR",44.0637336111111,123.391486388889
2,ENTERPRISE,"'05OR",45.44425,117.347305555556
2,ENTERPRISE,"'OR64",45.9637605555556,117.234883055556
2,ENTERPRISE,"'8S4",45.4248333333333,117.26475
2,ENTERPRISE,"'O62",45.7241166666667,117.077375
2,ENTERPRISE,"'68D",45.3445597222222,117.626483333333
2,ESTACADA,"'OR66",45.30401,122.360918888889
2,ESTACADA,"'OR65",45.3548430555556,122.34592
2,ESTACADA,"'5S9",45.3081763888889,122.318696388889
2,EUGENE,"'EUG",44.1245833333333,123.211972222222
2,FIELDS,"'2OG4",42.3302777777778,118.647222222222
2,FIELDS,"'OR09",42.3356391666667,118.257523611111
2,FLORENCE,"'6S2",43.9828183333333,124.111367222222
2,FRENCHGLEN,"'OR10",42.6496066666667,118.991588888889
2,GASTON,"'69OR",45.4126147222222,123.136773611111
2,GASTON,"'70OR",45.4095588888889,123.148995833333
2,GATES,"'6S4",44.7458888888889,122.421388888889
2,GLENDALE,"'OR73",42.7787241666667,123.733968055556
2,GLENDALE,"'OG41",42.7712305555556,123.314508333333
2,"GLENEDEN BEACH","'S45",44.8767777777778,124.028555555556
2,GLIDE,"'17OR",43.2641666666667,123.110277777778
2,GLIDE,"'98TE",43.3220888888889,123.17665
2,"GOLD BEACH","'4S1",42.4153611111111,124.424916666667
2,"GRANTS PASS","'3S8",42.5101111111111,123.388
2,"GRANTS PASS","'OR74",42.7015008333333,123.805080833333
2,HAINES,"'OR11",44.9123669444444,117.957995
2,HAINES,"'OG27",44.9401422222222,118.011884166667
2,HALFWAY,"'OR70",44.8596038888889,117.087949166667
2,HALSEY,"'OG16",44.3826222222222,123.21315
2,HARPER,"'OG50",43.8472222222222,117.574166666667
2,HARRISBURG,"'OR78",44.2705555555556,123.061944444444
2,HERMISTON,"'HRI",45.8282222222222,119.259166666667
2,HILLSBORO,"'OR81",45.5533111111111,123.021122222222
2,HILLSBORO,"'OR31",45.4133888888889,122.993916666667
2,HILLSBORO,"'7S3",45.4284502777778,122.942156944444
2,HOMESTEAD,"'OR12",45.0043225,116.849045833333
2,"HOOD RIVER","'7OR6",45.6367841666667,121.591185277778
2,"HOOD RIVER","'4S2",45.6727767777778,121.533863861111
2,HUBBARD,"'7S9",45.1803983333333,122.743425
2,IMNAHA,"'OR8",45.8058333333333,116.688688888889
2,IMNAHA,"'OR9",45.6664611111111,116.618358333333
2,IMNAHA,"'25U",45.4278611111111,116.693888888889
2,INDEPENDENCE,"'OR77",44.8003977777778,123.156208333333
2,INDEPENDENCE,"'7S5",44.8671515555556,123.198245027778
2,IRONSIDE,"'2OR6",44.1812722222222,118.214928333333
2,JEFFERSON,"'21OG",44.7718055555556,122.969444444444
2,JEFFERSON,"'2OR3",44.794565,123.097595833333
2,JEFFERSON,"'OR86",44.7553988888889,123.047038333333
2,"JOHN DAY","'GCD",44.4028674444444,118.967883305556
2,"JORDAN VALLEY","'12OR",42.9512655555556,117.282091111111
2,JOSEPH,"'JSY",45.35955,117.253836111111
2,"JUNCTION CITY","'OG36",44.2504,123.228147222222
2,"JUNCTION CITY","'OR47",44.1883333333333,123.189444444444
2,JUNTURA,"'OR14",43.7415463888889,118.0635125
2,JUNTURA,"'3OR9",43.9573802777778,118.132416666667
2,KIMBERLY,"'OG39",44.6608611111111,119.652615277778
2,KINZUA,"'OR89",44.9998552777778,120.052520555556
2,"KLAMATH FALLS","'LMT",42.1561438888889,121.733204722222
2,"KLAMATH FALLS","'3OG3",42.1222222222222,121.791666666667
2,"KLAMATH FALLS","'6OG3",42.1302833333333,121.531633333333
2,"LA GRANDE","'LGD",45.2895478888889,118.006124
2,LAFAYETTE,"'OR90",45.2442830555556,123.128993055556
2,LAKESIDE,"'9S3",43.5831702777778,124.180391944444
2,LAKEVIEW,"'OR26",42.1276608333333,120.483849444444
2,LAKEVIEW,"'LKV",42.1611111111111,120.399083333333
2,LAKEVIEW,"'22OG",42.2754361111111,120.393569444444
2,LEBANON,"'6OR8",44.5323194444444,122.982869444444
2,LEBANON,"'S30",44.5311388888889,122.929722222222
2,LEBANON,"'OG10",44.5572222222222,122.826111111111
2,LEBANON,"'88OR",44.5683333333333,122.971388888889
2,LEWISTON,"'OR62",45.9819847222222,116.903980555556
2,LEXINGTON,"'9S9",45.4541388888889,119.690277777778
2,"LONG CREEK","'OR07",44.7623752777778,119.101916666667
2,MADRAS,"'OG19",44.6501166666667,121.238377777778
2,MADRAS,"'S33",44.6701633333333,121.155149166667
2,MADRAS,"'72OR",44.7890388888889,120.958505555556
2,MADRAS,"'OG51",44.4834583333333,120.915863888889
2,MALIN,"'4S7",42.0011388888889,121.396361111111
2,MANZANITA,"'3S7",45.6981388888889,123.929638888889
2,MAUPIN,"'19OR",45.1095619444444,121.223672777778
2,"MC COY","'OR95",45.0498394444444,123.234546944444
2,"MC DERMITT","'26U",42.0103055555556,117.727138888889
2,"MC KENZIE BRIDGE","'00S",44.1815555555556,122.085555555556
2,"MC MINNVILLE","'MMV",45.1945555555556,123.136055555556
2,MEDFORD,"'OR96",42.5390130555556,122.903934166667
2,MEDFORD,"'OR97",42.4387363888889,122.863652222222
2,MEDFORD,"'MFR",42.3742222222222,122.8735
2,MEDFORD,"'OR06",42.5390127777778,122.922948333333
2,MERRILL,"'0OR3",42.0190386111111,121.703885555556
2,MILTON/FREEWATER,"'9OR4",45.9337452777778,118.447747222222
2,MILTON/FREEWATER,"'OG33",45.8790225,118.405243611111
2,MITCHELL,"'64OG",44.4934361111111,119.843686111111
2,MITCHELL,"'04OR",44.7498552777778,120.201128888889
2,MOLALLA,"'OL05",45.1462330555556,122.617588611111
2,MONMOUTH,"'OG52",44.8392222222222,123.258933333333
2,MONMOUTH,"'0OR7",44.8540075,123.263711666667
2,MONUMENT,"'12S",44.8315277777778,119.429666666667
2,"MOUNT HOOD","'0OR9",45.5926172222222,121.548685277778
2,"MYRTLE CREEK","'16S",42.9972611111111,123.315347222222
2,NEWBERG,"'17S",45.3237277777778,123.054269444444
2,NEWBERG,"'28OR",45.3122222222222,122.901388888889
2,NEWBERG,"'73OR",45.3703938888889,123.065104444444
2,NEWBERG,"'2S6",45.2956733333333,122.955378333333
2,NEWBERG,"'74OR",45.3237283333333,123.018991666667
2,NEWPORT,"'ONP",44.5803611111111,124.057916666667
2,"NORTH BEND","'OTH",43.4169444444444,124.247027777778
2,"NORTH BEND","'1OR0",43.4831688888889,124.202891944444
2,"NORTH PLAINS","'OG63",45.6488888888889,123.039444444444
2,"NORTH PLAINS","'1OR3",45.5915038888889,123.00955
2,NYSSA,"'97OG",43.8978277777778,116.989963888889
2,OAKLAND,"'2OR4",43.47484,123.345636666667
2,OAKLAND,"'60OR",43.4265072222222,123.279797777778
2,OAKRIDGE,"'13OR",43.7406788888889,122.426436388889
2,OAKRIDGE,"'5S0",43.7525555555556,122.504527777778
2,ONTARIO,"'ONO",44.0193611111111,117.013027777778
2,"OREGON CITY","'OG30",45.31651,122.605368888889
2,"OREGON CITY","'OG20",45.3206772222222,122.551200555556
2,"OREGON CITY","'2OR0",45.3442883333333,122.517866944444
2,"OREGON CITY","'7OR9",45.3242886111111,122.472032222222
2,"OREGON CITY","'1OR7",45.2879,122.456111111111
2,OWYHEE,"'28U",43.4248333333333,117.345666666667
2,"PACIFIC CITY","'PFC",45.1993611111111,123.961894444444
2,PAISLEY,"'22S",42.7179722222222,120.562777777778
2,PENDLETON,"'PDT",45.6947655555556,118.843008055556
2,PENDLETON,"'OG42",45.6548527777778,118.589694444444
2,"PILOT ROCK","'45OG",45.4763888888889,118.791666666667
2,PINEHURST,"'24S",42.1101944444444,122.383111111111
2,PORTLAND,"'PDX",45.5887088611111,122.596869416667
2,PORTLAND,"'HIO",45.54212175,122.950721888889
2,PORTLAND,"'TTD",45.5493611111111,122.40125
2,PORTLAND-MULINO,"'4S9",45.2165555555556,122.590194444444
2,POST,"'42OR",44.1341666666667,120.323055555556
2,POWERS,"'6S6",42.8693611111111,124.059027777778
2,"PRAIRIE CITY","'97OR",44.4351583333333,118.662445833333
2,"PRAIRIE CITY","'OR17",44.4118247222222,118.691335
2,PRINEVILLE,"'OR42",44.0603888888889,120.798777777778
2,PRINEVILLE,"'OG21",44.1951388888889,120.823083333333
2,PRINEVILLE,"'S39",44.2877777777778,120.905166666667
2,PRINEVILLE,"'29OR",44.0124861111111,120.280458333333
2,PRINEVILLE,"'6OR4",44.2731825,120.794741944444
2,PROSPECT,"'64S",42.7425833333333,122.488972222222
2,REDLAND,"'20OR",45.325,122.424166666667
2,REDMOND,"'3OR8",44.2831744444444,121.269203055556
2,REDMOND,"'OR02",44.3356780555556,121.020028888889
2,REDMOND,"'RDM",44.2540688888889,121.149971388889
2,"ROGUE RIVER","'OR44",42.6755138888889,123.189833333333
2,"ROGUE RIVER","'4OR0",42.5551194444444,123.2045
2,ROME,"'0OR6",42.8340452777778,117.629044444444
2,ROME,"'REO",42.57766,117.88543
2,ROSEBURG,"'95OR",43.2076147222222,123.532580555556
2,ROSEBURG,"'5S1",43.2154444444444,123.404388888889
2,ROSEBURG,"'48OR",43.1592816666667,123.501744166667
2,ROSEBURG,"'OG40",43.2373361111111,123.49305
2,ROSEBURG,"'RBG",43.2393361666667,123.355849138889
2,ROSEBURG,"'58OR",43.3097222222222,123.126944444444
2,RUCH,"'OG13",42.2466597222222,123.070713888889
2,SALEM,"'OR87",44.9661111111111,122.9225
2,SALEM,"'4OR5",44.9678977777778,122.941483055556
2,SALEM,"'4OR7",44.9853977777778,122.946205555556
2,SALEM,"'SLE",44.9095277777778,123.0025
2,SALEM,"'4OR8",44.8484536111111,123.041484166667
2,SANDY,"'S48",45.3544444444444,122.268055555556
2,SANDY,"'OG29",45.4306758333333,122.242031944444
2,SANDY,"'03S",45.4016111111111,122.228694444444
2,SANDY,"'4OR6",45.4498427777778,122.254255833333
2,"SANTIAM JUNCTION","'8S3",44.4345555555556,121.942277777778
2,SCAPPOOSE,"'8OR6",45.7823361111111,122.893993611111
2,SCAPPOOSE,"'SPB",45.7710277777778,122.861833333333
2,SCIO,"'OR51",44.7195666666667,122.699530555556
2,SCIO,"'OG28",44.6831777777778,122.782866111111
2,SEASIDE,"'56S",46.0149958333333,123.9076575
2,SELMA,"'84OR",42.2476141666667,123.569509722222
2,SELMA,"'5OR0",42.2851147222222,123.53312
2,SENECA,"'71OR",44.2445,119.126241666667
2,SENECA,"'7OR8",44.0904266666667,119.289679166667
2,SENECA,"'OG14",44.0257777777778,118.932888888889
2,"SHADY COVE","'OG31",42.6087236111111,122.829436111111
2,SHANIKO,"'OG54",44.9600972222222,120.884658333333
2,SHANIKO,"'9OR1",45.0029030555556,120.739765833333
2,SHERIDAN,"'91OR",45.1026144444444,123.419274166667
2,SHERIDAN,"'98OR",45.1990025,123.370107777778
2,SHERIDAN,"'67OG",45.0313888888889,123.406111111111
2,SHERIDAN,"'OG23",45.1570583333333,123.391494444444
2,SILETZ,"'5OR3",44.7303944444444,123.915112777778
2,"SILVER LAKE","'1JY2",43.0670833333333,121.05305
2,"SILVER LAKE","'08OR",42.8393116666667,121.1172175
2,"SILVER LAKE","'45S",43.1109725,121.094166666667
2,SILVERTON,"'22OR",44.9417880555556,122.762588888889
2,SISTERS,"'7OR4",44.3088319444444,121.453583333333
2,SISTERS,"'OG15",44.2331666666667,121.391138888889
2,SISTERS,"'6K5",44.3044583333333,121.539097222222
2,SISTERS,"'61OR",44.3348397222222,121.355318611111
2,SISTERS,"'OR34",44.3223386111111,121.433375833333
2,SIXES,"'5S6",42.8580277777778,124.517805555556
2,"SPRAGUE RIVER","'5OR4",42.4348688888889,121.349721666667
2,SPRINGFIELD/JASPER,"'36OR",44.0033333333333,122.88
2,STARKEY,"'37OR",45.0931866666667,118.398838888889
2,STAYTON,"'5OR8",44.7731772222222,122.85009
2,STAYTON,"'56OG",44.7716666666667,122.727222222222
2,STAYTON,"'8OR2",44.7784552777778,122.730087222222
2,STAYTON,"'5OR9",44.7767886111111,122.760087777778
2,SUNRIVER,"'S21",43.8763055555556,121.453055555556
2,SUTHERLIN,"'OG24",43.3887277777778,123.222013888889
2,"THE DALLES","'6OR2",45.6107,121.279088888889
2,"THE DALLES","'DLS",45.6193551666667,121.168275722222
2,"THE DALLES","'6OR1",45.5720627777778,121.272016666667
2,TIGARD,"'OG34",45.3998402777778,122.828987222222
2,TILLAMOOK,"'TMK",45.41825,123.814388888889
2,TOLEDO,"'5S4",44.6010277777778,123.939611111111
2,TROY,"'03OR",45.8554219444444,117.484344166667
2,UKIAH,"'96OR",45.1005555555556,118.816944444444
2,UNION,"'OR03",45.0647222222222,117.661577777778
2,VALE,"'S49",43.9637716666667,117.2593425
2,VERNONIA,"'30OR",45.8026113888889,123.280116388889
2,VERNONIA,"'05S",45.85210625,123.242869305556
2,WALDPORT,"'R33",44.3845638888889,124.085119444444
2,WALLOWA,"'99OR",45.6507,117.669917777778
2,WAMIC,"'32OR",45.2548394444444,121.293678055556
2,WAPINITIA,"'OR53",45.1456730555556,121.228951944444
2,WASCO,"'35S",45.5892041666667,120.673984722222
2,"WHITE CITY","'OG25",42.5112333333333,122.924211111111
2,"WHITE CITY","'0OR8",42.4848469444444,122.866153333333
2,WILLAMINA,"'2OG5",45.1179777777778,123.506458333333
2,WONDER,"'6OR6",42.3915033333333,123.534509722222
2,YAMHILL,"'OR05",45.3615277777778,123.353305555556
2,YAMHILL,"'OR59",45.3315033333333,123.207051111111
2,ADDISON,"'PS27",39.7313888888889,79.375
2,ALBION,"'PS05",41.8753333333333,80.3747875
2,ALBION,"'75PA",41.8731111111111,80.4589577777778
2,ALLENTOWN,"'XLL",40.5702777777778,75.4883055555556
2,ALLENTOWN,"'ABE",40.6523627777778,75.4404058333333
2,"ALLISON PARK","'77PA",40.5834005555556,79.8997747222222
2,ALTOONA,"'AOO",40.2963611111111,78.3200277777778
2,ALTOONA,"'PS15",40.5475686111111,78.3916808333333
2,ANDREAS,"'PA30",40.76676,75.7746358333333
2,ANNVILLE,"'PA31",40.283425,76.5394119444444
2,APOLLO,"'PN46",40.5644444444444,79.5458333333333
2,ATHENS,"'PA33",41.9500741666667,76.4829975
2,AUBURN,"'2PA2",40.5986,76.13695
2,BALLY,"'PA35",40.4320405555556,75.6260205555556
2,BALLY,"'7N8",40.3974388888889,75.5631888888889
2,BANGOR,"'8PN2",40.91055,75.1651333333333
2,"BEAVER FALLS","'BVI",40.7724722222222,80.3914444444444
2,"BEAVER SPRINGS","'PS06",40.7334105555556,77.2663769444444
2,BEDFORD,"'HMZ",40.0861111111111,78.5135
2,BEDMINSTER,"'PA36",40.4528808333333,75.2037852777778
2,BELLEFONTE,"'N96",40.8855,77.8162222222222
2,BENFER,"'77PN",40.7839672222222,77.2066505555556
2,BENTON,"'PA40",41.2000836111111,76.3871638888889
2,BERLIN,"'PN98",39.9328333333333,78.9341666666667
2,BETHEL,"'8N1",40.4848141666667,76.2635619444444
2,BIGLERVILLE,"'PA51",39.90845,77.2052166666667
2,BIGLERVILLE,"'3PN0",39.9603705555556,77.25915
2,BLOOMSBURG,"'N13",40.9976505555556,76.4352463611111
2,BLOOMSBURG,"'86PN",41.04453,76.3552180555556
2,BODINES,"'PA45",41.4189333333333,76.9266277777778
2,BOLIVAR,"'01PA",40.3624861111111,79.1654805555555
2,BRADFORD,"'BFD",41.8029543333333,78.6399659722222
2,BRADFORD,"'PS18",41.9036738888889,78.6275263888889
2,BRANDONVILLE,"'6PN9",40.8861977777778,76.1535461111111
2,BREEZEWOOD,"'P17",39.8742680555556,78.2977333333333
2,BROGUE,"'9W8",39.8523236111111,76.4863533333333
2,BULGER,"'3PS9",40.3784166666667,80.3495333333333
2,BURNHAM,"'PS11",40.6453488888889,77.5552716666667
2,"BURNT CABINS","'05PS",40.1427777777778,77.8619444444444
2,BUTLER,"'3G9",40.8525644444444,79.9747797222222
2,BUTLER,"'BTP",40.7765833333333,79.9510833333333
2,CALVIN,"'5PN8",40.3288888888889,78.045
2,"CAMBRIDGE SPRINGS","'3PN6",41.7500563888889,80.0831116666667
2,"CAMBRIDGE SPRINGS","'PS64",41.8250561111111,80.0789447222222
2,CANADENSIS,"'8N4",41.2149291666667,75.2469027777778
2,CANDOR,"'82PA",40.3966666666667,80.3052777777778
2,CARBONDALE,"'PA53",41.6270261111111,75.5282402777778
2,CARBONDALE,"'PA54",41.5223072222222,75.3960138888889
2,CARBONDALE,"'9PN8",41.6250816666667,75.5329627777778
2,CARLISLE,"'N94",40.1879130555556,77.1742755555556
2,CARLISLE,"'PA55",40.2167552777778,77.1163683333333
2,CARMICHAELS,"'5PA0",39.8728472222222,79.9553277777778
2,CARMICHEAL,"'4PS5",39.9205444444444,79.9486638888889
2,CARROLLTOWN,"'85PA",40.5950688888889,78.7783583333333
2,CARSONVILLE,"'0PS3",40.4903636111111,76.7666355555556
2,CASSVILLE,"'PN30",40.2627777777778,78.1025
2,"CENTRE HALL","'N16",40.8117311111111,77.6572194444444
2,"CENTRE HALL","'N74",40.8899361111111,77.6031355555556
2,CERES,"'06PA",41.996,78.2865
2,CHAMBERSBURG,"'N68",39.9729616944444,77.6432562777778
2,CHAMBERSBURG,"'8PN0",39.9385722222222,77.6159555555556
2,CHAMBERSBURG,"'PA58",39.975,77.5577777777778
2,CHAMBERSVILLE,"'PN08",40.7346194444444,79.1598972222222
2,CHICORA,"'87PA",40.9264525,79.7386608333333
2,CLARION,"'AXQ",41.2249444444444,79.4421666666667
2,CLARION,"'PS66",41.2114519444444,79.3608766666667
2,CLAYSVILLE,"'PS67",40.1061838888889,80.4309
2,CLEARFIELD,"'FIG",41.0491336111111,78.4151579166667
2,CLIFFORD,"'3PN1",41.6220247222222,75.5962977777778
2,CLINTON,"'88PA",40.5392333333333,80.4131202777778
2,CLYMER,"'PS39",40.6283333333333,78.9602777777778
2,COATESVILLE,"'MQS",39.9789722222222,75.8654722222222
2,COCHRANTON,"'7PA8",41.4563888888889,79.9827777777778
2,COLLEGEVILLE,"'PA61",40.1650388888889,75.4518972222222
2,COLLEGEVILLE,"'N10",40.2040483333333,75.4302630555556
2,"COLUMIA CROSS ROADS","'PN54",41.8416666666667,76.7458333333333
2,CONEVILLE,"'90PA",41.8792322222222,78.1150075
2,CONNELLSVILLE,"'VVS",39.9590555555556,79.6574166666667
2,COOPERSTOWN,"'92PA",40.7042325,79.9520013888889
2,COPLAY,"'PA65",40.7000958333333,75.5496291666667
2,CORRY,"'8G2",41.9075555555556,79.6410555555556
2,COUDERSPORT,"'PN15",41.8791666666667,77.95
2,CRANBERRY,"'11PN",41.3525,79.7327777777778
2,CULMERVILLE,"'PN38",40.6625661111111,79.8456080555556
2,CURWENSVILLE,"'0PS4",41.0083916666667,78.5608586111111
2,DALMATIA,"'PS21",40.6459180555556,76.8121925
2,DANVILLE,"'8N8",40.9483520833333,76.6439263888889
2,DORSEYVILLE,"'PN01",40.5881227777778,79.9058861111111
2,DOVER,"'0P8",40.0244236111111,76.8153
2,DOWNINGTOWN,"'PA70",40.0917688888889,75.7107638888889
2,DOYLESTOWN,"'DYL",40.3330502777778,75.1223383333333
2,DUBLIN,"'PS46",40.3623269444444,75.1801733333333
2,DUBOIS,"'DUJ",41.1782777777778,78.8986944444444
2,DUNCANNON,"'5PS5",40.3967519444444,77.0741458333333
2,DUSHORE,"'PA71",41.5209083333333,76.4621661111111
2,"EAGLES MERE","'40PN",41.3911555555556,76.6114027777778
2,"EAGLES MERE","'4PN7",41.4209111111111,76.5343916666667
2,"EAST BERLIN","'PA72",39.9587075,76.9708105555556
2,"EAST BRADY","'PN02",40.9847858333333,79.5664347222222
2,"EAST PROSPECT","'PA73",39.9795427777778,76.5360763888889
2,"EAST STROUDSBURG","'N53",41.0358716666667,75.1606788888889
2,EASTON,"'N43",40.7421666666667,75.2429444444444
2,EBENSBURG,"'9G8",40.4612108333333,78.7752438888889
2,EBENSBURG,"'PS47",40.4278505555556,78.7414094444445
2,"EIGHTY FOUR","'22D",40.1305944444444,80.0961388888889
2,"EIGHTY FOUR","'16PA",40.1806266666667,80.1275558333333
2,ELIZABETHVILLE,"'0PS7",40.5223072222222,76.8455275
2,ELIZABETHVILLE/HALIFAX,"'PA74",40.4653636111111,76.8399719444444
2,ELKLAND,"'PA75",41.9650725,77.3158125
2,"ENON VALLEY","'PN11",40.8897838888889,80.4864563888889
2,ERIE,"'ERI",42.0830833333333,80.1739444444444
2,ERWINNA,"'PA77",40.51025,75.0767777777778
2,ERWINNA,"'9N1",40.4842697222222,75.0996161111111
2,"EVANS CITY","'PN16",40.7583986111111,80.0136708333333
2,FACTORYVILLE,"'9N3",41.5893547222222,75.7560805555556
2,FAIRFIELD,"'3PN2",39.7589847222222,77.3474872222222
2,FAIRFIELD,"'W73",39.75704,77.3513761111111
2,FAIRVIEW,"'PN18",42.0272786111111,80.2436730555556
2,FARMINGTON,"'PA88",39.8056313888889,79.54893
2,FAYETTEVILLE,"'PA81",39.9127777777778,77.5327777777778
2,FINLEYVILLE,"'G05",40.24545,80.0098138888889
2,FLEETVILLE,"'PA82",41.6000786111111,75.6829672222222
2,FLINTON,"'PS69",40.7270072222222,78.5394666666667
2,"FOREST GROVE","'18PA",40.2936277777778,75.06475
2,"FORT HILL","'9PA7",39.7727777777778,79.2111111111111
2,"FORT INDIANTOWN GAP(ANNVILLE)","'MUI",40.43523025,76.5686314444444
2,FRANKLIN,"'0PA5",41.4945011111111,79.8308891666667
2,FRANKLIN,"'FKL",41.3774166666667,79.8606388888889
2,FREDERICK,"'PA85",40.3048213888889,75.5335130555556
2,FREDERICKSBURG,"'PS35",40.4581458333333,76.4580166666667
2,FREDERICKSBURG,"'9N7",40.4428683333333,76.4416272222222
2,FREEDOM,"'24PA",40.6917330555556,80.1778380555556
2,FREEPORT,"'PN25",40.7356202777778,79.68866
2,FREEPORT,"'6P7",40.7345625,79.5956458333333
2,FRIENDSVILLE,"'59PA",41.9028305555556,75.9891861111111
2,FRYSTOWN,"'PA86",40.4475913888889,76.3410661111111
2,GERMANSVILLE,"'P91",40.7375305555556,75.7054166666667
2,GETTYSBURG,"'PA47",39.7808333333333,77.2786666666667
2,GETTYSBURG,"'W05",39.8413055555556,77.2746388888889
2,GETTYSBURG,"'9PS8",39.81315,77.2949833333333
2,GETTYSBURG,"'8PN9",39.8220397222222,77.2919297222222
2,GETTYSBURG,"'34PA",39.7606533333333,77.1930397222222
2,GRASSFLAT,"'07PN",40.9988888888889,78.1252777777778
2,GREENCASTLE,"'PA08",39.7934261111111,77.77805
2,GREENTOWN,"'PA49",41.3800894444444,75.2324
2,GREENVILLE,"'4G1",41.4467664444444,80.39119675
2,"GROVE CITY","'4PN0",41.2164475,80.0936705555555
2,"GROVE CITY","'29D",41.1460277777778,80.16775
2,HAMBURG,"'PA92",40.5528702777778,76.0288247222222
2,HAMBURG,"'68PA",40.5181491666667,75.9163172222222
2,HARFORD,"'PS50",41.7678558333333,75.7232438888889
2,HARRISBURG,"'CXY",40.2171388888889,76.8513611111111
2,HARRISBURG,"'MDT",40.1931906666667,76.7626206111111
2,HARRISBURG,"'3PS8",40.3958166666667,76.7458333333333
2,HARRISONVILLE,"'PN35",40.0000858333333,78.0830608333333
2,HASTINGS,"'61PA",40.6475,78.7313888888889
2,HAZLETON,"'HZL",40.9867725,75.9947030555555
2,HOME,"'PN36",40.7333975,79.0672561111111
2,HONESDALE,"'7PA3",41.7056430555556,75.2879538888889
2,HONESDALE,"'N30",41.5155916666667,75.2515597222222
2,HOOKSTOWN,"'PN37",40.6050655555556,80.4581216666667
2,HOOKSTOWN,"'80PN",40.5352805555556,80.4440166666667
2,HOOKSTOWN,"'29PA",40.5366166666667,80.5127
2,HUNTINGDON,"'PN64",40.5023888888889,77.9393611111111
2,HUNTINGDON,"'0PA6",40.6309013888889,77.8502763888889
2,INDIANA,"'IDI",40.6310602777778,79.1015268611111
2,IRWIN,"'31D",40.3334025,79.7792122222222
2,IVYLAND,"'5PN7",40.2309333333333,75.0758305555556
2,"JACKSON CENTER","'8PS2",41.3106125,80.1628391666667
2,JEANNETTE,"'5G8",40.3763333333333,79.6087777777778
2,"JERSEY SHORE","'1PA0",41.1334075,77.1996911111111
2,"JERSEY SHORE","'P96",41.2064430555556,77.2257652777778
2,JOHNSTOWN,"'PS52",40.1950769444444,78.8327997222222
2,JOHNSTOWN,"'JST",40.3155555555556,78.8346666666667
2,"KELLERS CHURCH","'1PA3",40.4501030555556,75.1996186111111
2,KITTANNING,"'PN59",40.8311083333333,79.4869416666667
2,KLINGERSTOWN,"'1PA9",40.6667519444444,76.6830202777778
2,KNOXVILLE,"'6PS3",41.95896,77.4261111111111
2,KRALLTOWN,"'07N",40.0167616666667,77.0038666666667
2,LACKAWAXEN,"'2PA1",41.4431455555556,75.0079472222222
2,"LAKE ARIEL","'2PA3",41.5000844444444,75.4162925
2,LAKEWOOD,"'2PA4",41.8467502777778,75.4462911111111
2,LANCASTER,"'LNS",40.1223611111111,76.2943611111111
2,LANCASTER,"'4PA7",40.0587833333333,76.4376527777778
2,LANDISBURG,"'2PA7",40.3334177777778,77.2997066666667
2,LANDISBURG,"'2PA8",40.3000852777778,77.2997063888889
2,LATROBE,"'LBE",40.2731005,79.4103255555556
2,LAWRENCEVILLE,"'PA17",42.003685,77.1
2,LEBANON,"'3PA0",40.3834241666667,76.4663519444445
2,LEBANON,"'08N",40.2915513888889,76.3287472222222
2,LEHIGHTON,"'14N",40.8442875,75.6353541666667
2,LEHIGHTON,"'22N",40.8095088888889,75.7614963888889
2,LERAYSVILLE,"'3PA4",41.7778530555556,76.1371505555556
2,LEWISBURG,"'3PA6",40.9934180555556,76.9002425
2,LEWISTOWN,"'1PA4",40.5525722222222,77.6199916666667
2,"LINCOLN UNIVERSITY","'3PA8",39.8203858333333,75.9257780555556
2,"LINE LEXINGTON","'3PA9",40.2967725,75.2479522222222
2,LINESVILLE,"'PA01",41.6750544444444,80.4345119444445
2,LINGLESTOWN,"'1PA6",40.3608333333333,76.7436111111111
2,LINGLESTOWN,"'PA44",40.3724263888889,76.7438472222222
2,LITTLESTOWN,"'PA23",39.7270436111111,77.1119275
2,"LOCK HAVEN","'4PA5",41.3084019444444,77.5247027777778
2,"LOCK HAVEN","'6PA8",41.2013888888889,77.4408333333333
2,"LOCK HAVEN","'LHV",41.1357777777778,77.4223055555556
2,LORETTO,"'PN53",40.5514580555556,78.6233527777778
2,MACKEYVILLE,"'PS73",41.0634013888889,77.4335944444445
2,MAINVILLE,"'5PA1",40.9973086111111,76.3838311111111
2,"MARION CENTER","'PN57",40.8120083333333,79.0372561111111
2,MARS,"'P09",40.708075,80.028475
2,"MC CLELLANDTOWN","'PN55",39.8584094444444,79.8233827777778
2,"MC KEAN","'PA02",41.9833886111111,80.1831138888889
2,MEADVILLE,"'GKJ",41.6265277777778,80.2147222222222
2,MERCER,"'00PN",41.2995,80.2111111111111
2,MERCER,"'39PN",41.2158916666667,80.1975619444444
2,MESHOPPEN,"'01PS",41.5959083333333,76.0296444444444
2,MEYERSDALE,"'58PA",39.8599666666667,78.9877
2,MIDDLEBURG,"'37PA",40.7884147222222,77.1060927777778
2,MIDWAY,"'PN62",40.3750688888889,80.2997833333333
2,MIFFLINBURG,"'8PA4",40.9445261111111,77.0458038888889
2,MIFFLINTOWN,"'P34",40.5989444444444,77.4056666666667
2,MILFORD,"'6PA0",41.3500919444444,74.9329466666667
2,"MILL HALL","'PA18",41.0942355555556,77.4144255555556
2,MILLCREEK,"'3PS4",40.4365666666667,77.9012833333333
2,MILLVILLE,"'19PA",41.1170277777778,76.5207722222222
2,MINERSVILLE,"'7PN0",40.705,76.2363888888889
2,MONONGAHELA,"'FWQ",40.2097222222222,79.8314444444444
2,MONROEVILLE,"'15PA",40.4526388888889,79.7749166666667
2,MONTGOMERY,"'6PA3",41.1500813888889,76.8996861111111
2,MONTROSE,"'7PA6",41.9337777777778,75.8739
2,MORGANTOWN,"'O03",40.1570413888889,75.8704891666667
2,MOSCOW,"'6PA6",41.3500833333333,75.4829622222222
2,"MOUNT JOY","'19PN",40.0930444444444,76.4931388888889
2,"MOUNT JOY/MARIETTA","'N71",40.0922066666667,76.5743552777778
2,"MOUNT PLEASANT","'1PN7",40.1841583333333,79.52785
2,"MOUNT PLEASANT","'P45",40.1076334166667,79.5431123888889
2,"MOUNT POCONO","'MPO",41.1376944444444,75.3800555555556
2,MYERSTOWN,"'9D4",40.3521277777778,76.3296444444444
2,NAZARETH,"'PA68",40.7142641666667,75.3043455555555
2,"NEW ALEXANDRIA","'PN66",40.4256233333333,79.3636488888889
2,"NEW BERLIN","'4PA1",40.8838888888889,76.98
2,"NEW BLOOMFIELD","'0PN4",40.4128611111111,77.2413722222222
2,"NEW BRIGHTON","'32PN",40.7339547222222,80.275895
2,"NEW CASTLE","'UCP",41.0253888888889,80.4134444444445
2,"NEW GALILEE","'PN68",40.8968055555556,80.3676944444445
2,"NEW KINGSTOWN","'41PA",40.2578655555556,77.0813672222222
2,"NEW MILFORD","'6PS8",41.8167194444444,75.6987833333333
2,"NEW OXFORD","'51PA",39.88343,77.0830366666667
2,"NEW OXFORD","'71PN",39.91815,77.0455333333333
2,"NEW WILMINGTON","'92PN",41.0682166666667,80.2947333333333
2,NEWBURG,"'0PN7",40.1283333333333,77.6313888888889
2,NEWMANSTOWN,"'69PA",40.34287,76.2093930555556
2,NEWPORT,"'34PN",40.4855555555556,77.2205555555555
2,NEWRY,"'7G4",40.3964972222222,78.4537
2,NEWVILLE,"'PS02",40.1642544444444,77.3705402777778
2,"NORTH EAST","'PN40",42.1842236111111,79.8975516666667
2,NUMIDIA,"'8PA0",40.8661977777778,76.3974480555556
2,ONO,"'8PA1",40.4084236111111,76.5038533333333
2,ORBISONA/ROCKHILL,"'PN73",40.2300808333333,77.9205538888889
2,ORSON,"'7PA4",41.8423061111111,75.4362908333333
2,"OSCEOLA MILLS","'1PS4",40.8608911111111,78.25807
2,OSTERBURG,"'1PS0",40.1841666666667,78.5588888888889
2,PALMERTON,"'8PA8",40.8167594444444,75.6662994444444
2,PALMYRA,"'58N",40.2867666666667,76.5769875
2,"PARKER FORD","'9PA0",40.1873227777778,75.5901888888889
2,PENNSBURG,"'9PA2",40.3945447222222,75.4412902777778
2,PERKASIE,"'61PN",40.4256588888889,75.2323969444444
2,PERKASIE,"'PS03",40.4077861111111,75.2324722222222
2,PERKASIE,"'PS54",40.3292711111111,75.2815641666667
2,PERKASIE,"'CKZ",40.3891944444444,75.2904722222222
2,PERRYOPOLIS,"'9PN1",40.0389633333333,79.7900425
2,PHILADELPHIA,"'PNE",40.0819444444444,75.0105833333333
2,PHILADELPHIA,"'PHL",39.8720838888889,75.2406630555556
2,PHILADELPHIA,"'LOM",40.1375555555556,75.2651388888889
2,PHILIPSBURG,"'1N3",40.9716875,78.2429791666667
2,PHILIPSBURG,"'PSB",40.8843913888889,78.0873416666667
2,PHOENIXVILLE,"'5PA4",40.1898138888889,75.6150305555555
2,"PINE GROVE","'PS20",40.5334225,76.4621822222222
2,PIPERSVILLE,"'4PA8",40.4328813888889,75.1496172222222
2,PITTSBURGH,"'AGC",40.3544376388889,79.9290466666667
2,PITTSBURGH,"'PIT",40.4914166666667,80.2326944444444
2,PITTSBURGH,"'9G1",40.6035462777778,79.8261189444444
2,PITTSFIELD,"'P15",41.8329402777778,79.3606708333333
2,PLUMVILLE,"'PN83",40.8028422222222,79.2025375
2,"POINT PLEASANT","'PA05",40.441215,75.0748930555555
2,"PORT ALLEGANY","'2PA5",41.78062,78.2691788888889
2,"PORT MATILDA","'09PA",40.8270038888889,77.9880602777778
2,PORTERSVILLE,"'PN84",40.9845063888889,80.1620044444444
2,PORTERSVILLE,"'98PA",40.8944444444444,80.1811111111111
2,POTTSTOWN,"'14PA",40.2909288888889,75.659075
2,POTTSTOWN,"'PTW",40.2395555555556,75.5567222222222
2,POTTSTOWN,"'N47",40.2604166666667,75.6708333333333
2,POTTSVILLE,"'ZER",40.7067666666667,76.3729861111111
2,PROSPECT,"'PN85",40.8764530555556,80.0331138888889
2,PUNXSUTAWNEY,"'N35",40.9666602777778,78.9299922222222
2,"QUAKER CITY","'PA25",40.6592594444444,75.8738111111111
2,QUAKERTOWN,"'UKT",40.4351388888889,75.3819444444444
2,READING,"'RDG",40.3785,75.96525
2,REEDSVILLE,"'RVL",40.6773888888889,77.6268333333333
2,"REN FREW","'PN14",40.7894444444444,79.9975
2,REVERE,"'23PA",40.4984027777778,75.1473222222222
2,RICHFIELD,"'PN71",40.6500222222222,77.0575
2,ROULETTE,"'PN90",41.7486761111111,78.0997291666667
2,RUSSELL,"'6PA4",41.930615,79.0342086111111
2,RUSSELL,"'5PA6",41.93117,79.1467122222222
2,SABINSVILLE,"'PN91",41.8334038888889,77.4997047222222
2,SACRAMENTO,"'67PN",40.6334197222222,76.5969069444444
2,SASSAMANSVILLE,"'PN00",40.3431527777778,75.5726805555556
2,"SCENERY HILL","'PN95",40.1000719444444,80.0331086111111
2,SELINSGROVE,"'SEG",40.8212347222222,76.8641722222222
2,SHAMOKIN,"'N79",40.8369166666667,76.5524444444444
2,SHARON,"'PA22",41.2014458333333,80.42229
2,SHARTLESVILLE,"'2PA6",40.4912038888889,76.0977188888889
2,SHEAKEYVILLE,"'0PN0",41.4436111111111,80.1538888888889
2,"SHERMANS DALE","'0PA2",40.3167530555556,77.1247022222222
2,SHIPPENSBURG,"'6PA5",40.1134219444444,77.4541522222222
2,SHOEMAKERSVILLE,"'PN50",40.5069777777778,75.9416208333333
2,SIGEL,"'PN13",41.2872855555556,79.1664286111111
2,SLATINGTON,"'69N",40.7635940555556,75.6048524166667
2,SMICKSBURG,"'PS98",40.8828333333333,79.1965
2,SMOKETOWN,"'S37",40.0415930555556,76.2018958333333
2,SOLEBURY,"'38PA",40.3904888888889,75.0150833333333
2,SOMERSET,"'2G9",40.0385031388889,79.0152964166667
2,SOUDERTON,"'39PA",40.3173266666667,75.2904530555556
2,SPARTANSBURG,"'0PN5",41.779225,79.5983841666667
2,"SPRING CITY","'43PA",40.1599972222222,75.5456708333333
2,"SPRING MILLS","'44PA",40.8500647222222,77.6163855555556
2,SPRINGBROOK,"'PS82",41.2959155555556,75.5976880555556
2,"ST JOHN'S","'5PA2",41.0359166666667,76.0224258333333
2,"ST MARYS","'OYM",41.4124777777778,78.5026313888889
2,STARLIGHT,"'4PA6",41.915085,75.3644444444444
2,"STATE COLLEGE","'47PA",40.7195430555556,77.9613597222222
2,"STATE COLLEGE","'UNV",40.85,77.8475833333333
2,STERLING,"'70N",41.3473569444444,75.4158972222222
2,STEWARTSTOWN,"'84PN",39.7526036111111,76.5355216666667
2,STEWARTSTOWN,"'0P2",39.7962541666667,76.6463930555556
2,"STONE CHURCH","'49PA",40.8592633333333,75.1337875
2,STRONGSTOWN,"'PN72",40.5691666666667,78.8825
2,STROUDSBURG,"'50PA",40.9334261111111,75.3496275
2,"SUGAR GROVE","'70PN",41.9891666666667,79.3011111111111
2,SUNBURY,"'71N",40.8917519444444,76.7788533333333
2,"SWEET VALLEY","'PN12",41.2805555555556,78.1430555555555
2,TAMAQUA,"'PS99",40.7478688888889,75.9329797222222
2,TAMAQUA,"'52PA",40.763145,76.0046511111111
2,THOMASVILLE,"'PA84",39.9538194444444,76.9092611111111
2,THOMPSON,"'4PS4",41.8152236111111,75.5342430555556
2,"THREE SPRINGS","'0PN6",40.1689705555556,77.9925013888889
2,TIDIOUTE,"'17PS",41.5791666666667,79.4416666666667
2,TIDIOUTE,"'13PA",41.6823916666667,79.4529527777778
2,TIDIOUTE,"'PS61",41.6908936111111,79.3658805555555
2,TINICUM,"'56PA",40.4695477777778,75.0821155555555
2,TITUSVILLE,"'0PN9",41.7195030555556,79.6778294444444
2,TITUSVILLE,"'0PN8",41.6167258333333,79.6831075
2,TITUSVILLE,"'6G1",41.6088055555556,79.7413333333333
2,TOUGHKENAMON,"'N57",39.8305263888889,75.7697447222222
2,TOWANDA,"'N27",41.74,76.4471388888889
2,"TOWER CITY","'74N",40.5589958333333,76.5597125
2,TRANSFER,"'1PN1",41.3342219444444,80.4206236111111
2,TRESKOW,"'55PA",40.8956422222222,75.9440905555556
2,"TROUT RUN","'73PN",41.3684091666667,77.07108
2,TROY,"'0PA3",41.7472847222222,76.7604013888889
2,TRUMBAUERSVILLE,"'1PS9",40.4034347222222,75.3704555555556
2,TUNKHANNOCK,"'45PN",41.554,76.0545833333333
2,TUNKHANNOCK,"'76N",41.5281638888889,75.9458805555555
2,TYLERSBURG,"'0PS0",41.3708958333333,79.3417105555556
2,ULSTER,"'PN10",41.8650747222222,76.5099436111111
2,"UNION CITY","'PA52",41.8593333333333,79.9071666666667
2,"UNION DALE","'3PN7",41.7478602777778,75.4974063888889
2,"UPPER STRASBURG","'18PN",40.0653661111111,77.6927688888889
2,VENUS,"'8PN3",41.3833333333333,79.5
2,VOLANT,"'PS43",41.0788083333333,80.2554916666667
2,WAMPUM,"'9PA3",40.8873666666667,80.3202694444444
2,WARREN,"'7PA1",41.8658922222222,79.2061577777778
2,WASHINGTON,"'AFJ",40.1364722222222,80.2901944444445
2,WAYNESBURG,"'WAY",39.9011388888889,80.1306944444444
2,WEATHERLY,"'8PA3",40.9959188888889,75.7404694444444
2,WEATHERLY,"'PS12",40.9167536111111,75.8663086111111
2,WELLSBORO,"'N38",41.7279893888889,77.3954375277778
2,WELLSVILLE,"'2N5",40.0495097222222,76.97715
2,WELLSVILLE,"'62PA",40.0362055555556,76.9955330555556
2,WEMERSVILLE,"'28PA",40.3220611111111,76.1006222222222
2,"WEST CHESTER","'OQN",39.9901172222222,75.5819019444445
2,"WEST MIDDLESEX","'PA21",41.1653347222222,80.50257
2,WESTFIELD,"'2PN1",41.9812791666667,77.5200722222222
2,WILKES-BARRE,"'WBW",41.2973075,75.8522433333333
2,WILKES-BARRE/SCRANTON,"'AVP",41.3384722222222,75.7233888888889
2,WILLIAMSBURG,"'6G6",40.4545169444444,78.2380663888889
2,WILLIAMSPORT,"'IPT",41.2416666666667,76.9218055555556
2,WOODBURY,"'2PN5",40.2484111111111,78.3608469444444
2,WORTHINGTON,"'9PS2",40.8086752777778,79.6697708333333
2,WYSOX,"'9PN7",41.8181302777778,76.4127172222222
2,YORK,"'73PA",39.9295430555556,76.7708025
2,YORK,"'THV",39.917,76.8730277777778
2,"YORK SPRINGS","'2PS3",40.0167611111111,77.0413675
2,ZELIENOPLE,"'2PN7",40.85562,80.0706147222222
2,ZELIENOPLE,"'PJC",40.8019722222222,80.1608611111111
2,ZIEGLERVILLE,"'74PA",40.2917677777778,75.4662883333333
2,"BLOCK ISLAND","'BID",41.1681111111111,71.5778333333333
2,GREENE,"'RI11",41.6967658333333,71.7836808333333
2,NEWPORT,"'UUU",41.53243975,71.2815439444445
2,"NORTH KINGSTOWN","'OQU",41.5971388888889,71.4121388888889
2,PAWTUCKET,"'SFZ",41.92075,71.4914166666667
2,PROVIDENCE,"'PVD",41.7223333333333,71.4277222222222
2,TIVERTON,"'RI07",41.5789919444444,71.1417108333333
2,"WEST KINGSTON","'08R",41.4895,71.6206388888889
2,WESTERLY,"'WST",41.3496329722222,71.8034168333333
2,ABBEVILLE,"'SC81",34.1515063888889,82.3537369444444
2,ABBEVILLE,"'SC92",34.1031758333333,82.2817916666667
2,AIKEN,"'AIK",33.6493888888889,81.6850277777778
2,AIKEN,"'92SC",33.52135,81.5783611111111
2,AIKEN,"'SC67",33.5373611111111,81.59875
2,AIKEN,"'4SC7",33.5897222222222,81.5025
2,ALLENDALE,"'AQX",32.9951116666667,81.2702366666667
2,ANDERSON,"'AND",34.4945833333333,82.7093888888889
2,ANDREWS,"'SC57",33.5405694444444,79.534175
2,ANDREWS,"'PHH",33.4516997222222,79.5261766666667
2,BAMBERG,"'99N",33.3045277777778,81.1084166666667
2,BARNWELL,"'BNL",33.25766775,81.3882189444444
2,BATESBURG,"'SC46",33.8509769444444,81.5484372222222
2,BEAUFORT,"'ARW",32.4121666666667,80.6343541666667
2,BEAUFORT,"'NBC",32.48056675,80.7192441388889
2,BEAUFORT,"'SC74",32.4618572222222,80.6009388888889
2,BENNETTSVILLE,"'BBP",34.6217086111111,79.7343594444445
2,BISHOPVILLE,"'52J",34.244485,80.2360336111111
2,BOYKIN,"'SC44",34.1287636111111,80.5473030555556
2,BRANCHVILLE,"'SC91",33.3065469444444,80.8481508333333
2,CAMDEN,"'CDN",34.2835833333333,80.5648611111111
2,CAMERON,"'SC03",33.5593166666667,80.6483388888889
2,CHARLESTON,"'CHS",32.8986388888889,80.0405277777778
2,CHARLESTON,"'JZI",32.7010277777778,80.00325
2,CHARLESTON,"'SC42",32.6869444444444,80.1063888888889
2,CHARLESTON,"'SC06",32.6321252777778,80.0923166666667
2,CHERAW,"'CQW",34.7128611111111,79.957
2,CHERAW,"'SC61",34.6179322222222,80.1517327777778
2,CHESNEE,"'SC88",35.1473455555556,81.7942686111111
2,CHESTER,"'DCM",34.7893333333333,81.1957777777778
2,CLEMSON,"'CEU",34.6722222222222,82.8858888888889
2,CLEVELAND,"'SC78",35.0906725,82.4953997222222
2,CLIO,"'9W9",34.5614166666667,79.5380833333333
2,CLOVER,"'39SC",35.1584361111111,81.2256
2,COLUMBIA,"'CAE",33.9388377777778,81.1195361111111
2,COLUMBIA,"'CUB",33.9704722222222,80.99525
2,CONWAY,"'HYW",33.8284875,79.1221763333333
2,CROSS,"'SC37",33.2714972222222,80.2542416666667
2,"CROSS ANCHOR","'16SC",34.6251280555556,81.8984322222222
2,DARLINGTON,"'6J7",34.2815277777778,79.9276111111111
2,DARLINGTON,"'UDG",34.4493844722222,79.8900608333333
2,DARLINGTON,"'21SC",34.3478833333333,79.88
2,DILLON,"'DLC",34.4490555555556,79.3685833333333
2,DILLON,"'SC89",34.475,79.3936111111111
2,EASLEY,"'SC86",34.8619069444444,82.5813555555556
2,EASTOVER,"'MMT",33.9207703888889,80.8011422222222
2,EHRHARDT,"'SC55",33.0057155555556,81.0484372222222
2,EHRHARDT,"'SC35",33.0896041666667,81.0081569444444
2,EHRHARDT,"'SC69",33.1205555555556,80.9508333333333
2,ELGIN,"'12SC",34.1413888888889,80.7466666666667
2,ESTILL,"'02SC",32.7585019444444,81.2248247222222
2,FLORENCE,"'42SC",34.1623611111111,79.6661666666667
2,FLORENCE,"'FLO",34.1853611111111,79.7238888888889
2,GAFFNEY,"'38SC",35.1777777777778,81.7477777777778
2,GARNETT,"'SC12",32.6721169444444,81.311215
2,GASTON,"'SC13",33.8407063888889,81.1837091666667
2,GASTON,"'2SC8",33.7868197222222,81.0948172222222
2,GEORGETOWN,"'GGE",33.3114166666667,79.3203055555555
2,GILBERT,"'SC45",33.8840352777778,81.3817683333333
2,GILBERT,"'SC14",34.0626436111111,81.4098238888889
2,"GOOSE CREEK","'SC98",33.0543333333333,80.0834166666667
2,GRANITEVILLE,"'S17",33.6456913888889,81.8670563888889
2,"GREEN SEA","'S79",34.1855555555556,79.0205875
2,GREENVILLE,"'GYH",34.7583055555556,82.3764166666667
2,GREENVILLE,"'GMU",34.8479444444444,82.35
2,GREENVILLE,"'25SC",34.9605555555556,82.3394444444444
2,GREENWOOD,"'GRD",34.25039375,82.1578093333333
2,GREER,"'SC72",34.8228986111111,82.1481652777778
2,GREER,"'GSP",34.8956711111111,82.2188594444444
2,GREER,"'66SC",35.0340569444444,82.2985083333333
2,HAMPTON,"'3J0",32.8665,81.081
2,HARTSVILLE,"'SC16",34.3779322222222,80.0053436111111
2,HARTSVILLE,"'HVS",34.4030833333333,80.1192222222222
2,"HILTON HEAD ISLAND","'HXD",32.224495,80.6974008333333
2,"HOLLY HILL","'5J5",33.3004166666667,80.3943333333333
2,"HOLLY HILL","'SC17",33.35794,80.4598141666667
2,"HONEA PATH","'SC01",34.4463888888889,82.3644444444444
2,HOPKINS,"'1SC2",33.9337861111111,80.7961111111111
2,IVA,"'SC34",34.2970519444444,82.6837433333333
2,JOHNSONVILLE,"'SC94",33.8894444444444,79.5063888888889
2,KINGSTREE,"'CKI",33.7172222222222,79.8569722222222
2,KINGSTREEE,"'34SC",33.7718333333333,79.96625
2,"LAKE CITY","'51J",33.8535805555556,79.7681188888889
2,LAMAR,"'SC19",34.167655,80.0775683333333
2,LANCASTER,"'T73",34.6743169444444,80.6822908333333
2,LANCASTER,"'LKR",34.7229043888889,80.8545900833333
2,LANCASTER,"'SC76",34.80265,80.6800663888889
2,LANDRUM,"'33A",35.1573333333333,82.12375
2,LANGLEY,"'SC20",33.4843044444444,81.8259452777778
2,LAURENS,"'LUX",34.5071111111111,81.9469444444444
2,LEXINGTON,"'SC99",33.9638611111111,81.3582916666667
2,LORIS,"'SC21",33.9418377777778,78.8330791666667
2,LORIS,"'5J9",34.0884166666667,78.8649166666667
2,MANNING,"'SC41",33.6661111111111,80.2438888888889
2,MANNING,"'SC38",33.7075,80.0805555555555
2,MANNING,"'MNI",33.5871005555556,80.20867
2,MARION,"'MAO",34.1811666666667,79.3347222222222
2,"MC CORMICK","'S19",33.9080969444444,82.26693
2,MCCLELLANVILLE,"'2SC7",33.0516666666667,79.5413888888889
2,MEGGETT,"'SC51",32.7046230555556,80.2531541666667
2,"MONCKS CORNER","'MKS",33.1855,80.03625
2,"MOUNT PLEASANT","'LRO",32.8978333333333,79.7828611111111
2,"MOUNT PLEASANT","'SC65",32.8237863888889,79.8067488888889
2,MOUNTVILLE,"'SC56",34.3634586111111,81.9931611111111
2,"MYRTLE BEACH","'MYR",33.6797411111111,78.9283213888889
2,NEWBERRY,"'EOE",34.3093333333333,81.6406666666667
2,NEWBERRY,"'19SC",34.3538333333333,81.8023583333333
2,NORTH,"'XNO",33.6094909444444,81.0811772777778
2,"NORTH MYRTLE BEACH","'CRE",33.81175,78.7239444444444
2,ORANGEBURG,"'44SC",33.4819444444444,80.7770833333333
2,ORANGEBURG,"'1DS",33.3877777777778,80.9111111111111
2,ORANGEBURG,"'OGB",33.4569178055556,80.8594066666667
2,PAGELAND,"'PYG",34.7421388888889,80.3451944444444
2,PELION,"'SC23",33.7640383333333,81.3587127777778
2,PELION,"'6J0",33.7946388888889,81.2458611111111
2,PERRY,"'SC95",33.6293158333333,81.3297222222222
2,PICKENS,"'SC75",34.9981747222222,82.7348552777778
2,PICKENS,"'LQK",34.8099722222222,82.7028888888889
2,RIDGELAND,"'3J1",32.4968505555556,80.9931488888889
2,"ROCK HILL","'55SC",34.9097222222222,81.075
2,"ROCK HILL","'UZA",34.9878333333333,81.0571666666667
2,RUFFIN,"'67SC",32.9486111111111,80.7675
2,SALUDA,"'6J4",33.9267930555556,81.7946277777778
2,SCRANTON,"'SC60",33.9040513888889,79.6839533333333
2,SENECA,"'SC24",34.6716666666667,82.9136111111111
2,SIMPSONVILLE,"'SC47",34.7613888888889,82.1613888888889
2,"SIX MILE","'SC52",34.8123297222222,82.8187527777778
2,SPARTANBURG,"'SC40",35.0573422222222,81.9448275
2,SPARTANBURG,"'SPA",34.9164166666667,81.9557777777778
2,"ST GEORGE","'6J2",33.1955,80.5084722222222
2,"ST MATTHEWS","'SC07",33.675375,80.9501805555556
2,"ST. MATTHEWS","'SC90",33.6765916666667,80.9481472222222
2,SUMMERTON,"'3SC2",33.6019444444444,80.3061111111111
2,SUMMERVILLE,"'DYB",33.0622777777778,80.2809166666667
2,SUMMIT,"'24SC",33.9358333333333,81.4297222222222
2,SUMTER,"'00SC",34.0094444444444,80.2672222222222
2,SUMTER,"'SSC",33.9727240277778,80.4705643611111
2,SUMTER,"'SMS",33.9950255555556,80.3613288888889
2,TIMMONSVILLE,"'58J",34.135575,79.9214111111111
2,TIMMONSVILLE,"'SC29",34.1107122222222,79.901455
2,TRENTON,"'6J6",33.7368611111111,81.81875
2,TURBEVILLE,"'SC48",33.8843269444444,79.9997947222222
2,UNION,"'35A",34.6869527777778,81.6411666666667
2,VANCE,"'SC87",33.4427777777778,80.4555555555555
2,WALHALLA,"'SC70",34.725,83.085
2,WALTERBORO,"'29SC",32.9006416666667,80.8521194444444
2,WALTERBORO,"'RBW",32.921,80.6406111111111
2,WATERLOO,"'2SC5",34.2916666666667,82.0538888888889
2,"WEST UNION","'SC26",34.8080555555556,82.9986111111111
2,WILLIAMSON,"'SC82",34.5855166666667,82.3522833333333
2,WILLIAMSTON,"'SC43",34.5937258333333,82.3990122222222
2,WINNSBORO,"'FDW",34.3157222222222,81.1085555555556
2,WOODRUFF,"'3SC4",34.7736111111111,81.9863888888889
2,WOODRUFF,"'SC39",34.8166666666667,82.0833333333333
2,WOODRUFF,"'SC00",34.6716861111111,81.9976111111111
2,YORK,"'01SC",35.0320794444444,81.2527777777778
2,ABERDEEN,"'ABR",45.4467980555556,98.4224408333333
2,ABERDEEN,"'30SD",45.5048111111111,98.5955388888889
2,ABERDEEN,"'SD32",45.4347222222222,98.4443055555556
2,ABERDEEN,"'80SD",45.772675,98.3528944444444
2,ABERDEEN,"'SD05",45.3686111111111,98.4719444444444
2,ARLINGTON,"'3A9",44.3938291666667,97.1229476944444
2,BADGER,"'SD19",44.4652777777778,97.2225
2,"BELLE FOURCHE","'EFC",44.7345555555556,103.861805555556
2,BERESFORD,"'SD29",43.0008916666667,96.8766055555556
2,BERESFORD,"'SD53",42.9063888888889,96.8108333333333
2,BISON,"'6V5",45.5183333333333,102.467833333333
2,BONESTEEL,"'SD30",43.0719055555556,98.9549805555556
2,BOWDLE,"'5SD3",45.4395611111111,99.6752097222222
2,"BOX ELDER","'3SD2",44.1091055555556,102.957513888889
2,BRITTON,"'BTN",45.8150277777778,97.7428055555555
2,BROOKINGS,"'BKX",44.3045277777778,96.8189166666667
2,BUFFALO,"'9D2",45.5795549722222,103.528910194444
2,"CAMP CROOK","'8OA5",45.5666622222222,103.983821944444
2,"CAMP CROOK","'SD33",45.4999941666667,104.00049
2,"CAMP CROOK","'SD76",45.8294438888889,103.945486388889
2,CANTON,"'7G9",43.309,96.5712166666667
2,CAVOUR,"'SD43",44.2397222222222,98.0497222222222
2,CHAMBERLAIN,"'9V9",43.7661370833333,99.3212291944444
2,CHAMBERLAIN,"'SD44",43.7833288888889,99.2575975
2,CLARK,"'8D7",44.8950316666667,97.7104791666667
2,"CLEAR LAKE","'5H3",44.7716945,96.6883910833333
2,CORSICA,"'D65",43.4334638888889,98.3987708333333
2,COTTONWOOD,"'SD66",43.9733227777778,101.951539722222
2,CROCKER,"'SD59",45.0222777777778,97.8448611111111
2,CUSTER,"'CUT",43.7336605555556,103.619498333333
2,"DE SMET","'SD83",44.2155555555556,97.6075
2,"DELL RAPIDS","'SD46",43.8302972222222,96.8397777777778
2,"DELL RAPIDS","'9SD9",43.80664,96.7089386111111
2,DESMET,"'6E5",44.4330540277778,97.5581696666667
2,DOLAND,"'SD13",44.8674916666667,98.0746833333333
2,DRAPER,"'SD14",43.7333236111111,100.397633888889
2,"EAGLE BUTTE","'84D",44.9843888888889,101.251055555556
2,"EAGLE BUTTE","'SD47",45.0027580555556,101.213206666667
2,EDGEMONT,"'6V0",43.295,103.842980555556
2,"ELK POINT","'SD00",42.6786916666667,96.698925
2,ENNING,"'SD98",44.4624877777778,102.551834444444
2,EUREKA,"'3W8",45.7999907222222,99.64272
2,FAIRBURN,"'3V0",43.7249166666667,103.349979166667
2,FAITH,"'SD48",45.1999861111111,102.650439166667
2,FAITH,"'D07",45.0351666666667,102.020666666667
2,FAITH,"'1SD4",44.8700694444444,102.414077777778
2,FAULKTON,"'3FU",45.0306736111111,99.1128722222222
2,FERNEY,"'SD49",45.2871805555556,98.0542613888889
2,FLANDREAU,"'4P3",44.004055,96.5931738888889
2,GARY,"'00SD",44.8091583333333,96.4988972222222
2,GARY,"'17SD",44.8186416666667,96.5640166666667
2,GETTYSBURG,"'SD93",44.8681333333333,99.6098833333333
2,GETTYSBURG,"'0D8",44.9866111111111,99.9528888888889
2,"GLAD VALLEY","'1SD0",45.3230333333333,101.742089444444
2,GLENCROSS,"'0SD0",45.4249894444444,100.892088055556
2,GREGORY,"'9D1",43.2217801944444,99.4034228611111
2,GROTON,"'2E6",45.5345,98.09525
2,HARROLD,"'SD50",44.5313055555556,99.7476666666667
2,HARTFORD,"'9SD8",43.5833102777778,96.9503325
2,HAYES,"'SD21",44.370815,101.008753888889
2,HERREID,"'5T4",45.8482916666667,100.073977777778
2,HIGHMORE,"'9D0",44.5407671388889,99.4510122777778
2,HOOVER,"'0SD3",45.2694344444444,103.217122777778
2,"HOT SPRINGS","'SD68",43.3847008333333,103.431030277778
2,"HOT SPRINGS","'HSR",43.3683055555556,103.388277777778
2,HOVEN,"'9F8",45.2575586111111,99.7978394444444
2,HOWARD,"'8D9",44.0333029444445,97.533675
2,HURLEY,"'2SD7",43.3333166666667,97.0628305555555
2,HURLEY,"'1SD3",43.23332,97.1503319444444
2,HURON,"'HON",44.3851944444444,98.2285555555556
2,HURON,"'SD55",44.3158333333333,98.2733333333333
2,IPSWICH,"'SD25",45.4521969444444,99.0123333333333
2,IPSWICH,"'2SD9",45.4521972222222,99.0101111111111
2,ISABEL,"'3Y7",45.3897111111111,101.437572222222
2,KADOKA,"'5V8",43.8333261111111,101.497088055556
2,KENNEBEC,"'SD78",43.9015277777778,99.8788611111111
2,KIMBALL,"'6A6",43.7583316666667,98.9781483333333
2,"LAKE ANDES","'8D8",43.1480488888889,98.5403591666667
2,"LAKE PRESTON","'Y34",44.357275,97.3848027777778
2,LEMMON,"'LEM",45.9183805277778,102.105536444444
2,LETCHER,"'SD01",43.8997222222222,98.1076527777778
2,MADISON,"'MDS",44.0164166666667,97.0856111111111
2,MARTIN,"'9V6",43.1656494444444,101.712698055556
2,"MC LAUGHLIN","'5P2",45.7968083333333,100.784250277778
2,MENNO,"'SD77",43.277775,97.5585472222222
2,MILBANK,"'1D1",45.2305,96.5660833333333
2,MILLER,"'18SD",44.7026527777778,99.0709722222222
2,MILLER,"'MKA",44.5252389166667,98.9580777777778
2,MITCHELL,"'MHE",43.7748333333333,98.0386111111111
2,MOBRIDGE,"'MBG",45.5462777777778,100.406277777778
2,"MOUNT VERNON","'2SD4",43.6833333333333,98.2652777777778
2,MURDO,"'8F6",43.8521388888889,100.712805555556
2,NEMO,"'2SD0",44.1635975,103.478799722222
2,"NORTH SIOUX CITY","'7K7",42.5395,96.4847777777778
2,"OELRICH'S","'1SD6",43.1102522222222,103.230196666667
2,OELRICHS,"'SD71",43.1166397222222,103.367143055556
2,ONIDA,"'98D",44.7005,100.101416666667
2,OPAL,"'SD72",44.8594972222222,102.576611111111
2,PARKSTON,"'8V3",43.3774083888889,97.98971075
2,PHILIP,"'PHP",44.0487306388889,101.598840472222
2,PIERRE,"'PIR",44.3826944444444,100.285972222222
2,PIERRE,"'SD57",44.5666469444444,100.750422777778
2,"PINE RIDGE","'IEN",43.0212737222222,102.506606416667
2,PLATTE,"'1D3",43.40471525,98.8304909166667
2,POLLOCK,"'SD74",45.9955497222222,100.376235277778
2,PRESHO,"'5P5",43.9059972222222,100.036680555556
2,"RAPID CITY","'4SD4",44.0416666666667,103.045833333333
2,"RAPID CITY","'RCA",44.1450944444444,103.103566666667
2,"RAPID CITY","'RAP",44.0453333333333,103.057361111111
2,REDFIELD,"'1D8",44.8565666666667,98.5312277777778
2,REVILLO,"'SD94",44.9930197222222,96.4769977777778
2,RIDGEVIEW,"'SD36",45.1291497222222,100.755975833333
2,ROSEBUD,"'SUO",43.2584722222222,100.8595
2,SCENIC,"'3SD3",43.8117916666667,102.7199
2,SCOTLAND,"'1SD1",43.1654166666667,97.7308888888889
2,SELBY,"'9SD7",45.4749897222222,100.035121111111
2,"SIOUX FALLS","'FSD",43.5820133333333,96.7419163888889
2,SISSETON,"'8D3",45.6695264444444,96.9935856944444
2,SPEARFISH,"'SPF",44.4810555555555,103.786
2,SPEARFISH,"'SD90",44.4672222222222,103.787222222222
2,SPRINGFIELD,"'Y03",42.8811200833333,97.9016255
2,STURGIS,"'SD35",44.4941666666667,103.394444444444
2,STURGIS,"'SD24",44.4472222222222,103.395277777778
2,STURGIS,"'49B",44.4186769722222,103.377723944444
2,TEA,"'3SD4",43.4651430555556,96.862725
2,TEA,"'Y14",43.4549019444444,96.8013125
2,"TIMBER LAKE","'D58",45.4149875,101.083201388889
2,TYNDALL,"'SD61",43.0166625,97.8670130555555
2,"VALLEY SPRINGS","'SD73",43.5849083333333,96.5175555555556
2,VERMILLION,"'VMR",42.7652777777778,96.93425
2,VIVIAN,"'SD97",43.8777661111111,100.3620775
2,WAGNER,"'AGZ",43.0641661388889,98.2963820833333
2,WAKONDA,"'0SD1",42.9722222222222,96.9801666666667
2,WALL,"'6V4",43.9992222222222,102.2535
2,WANBLEE,"'0SD7",43.5244436111111,101.733757777778
2,WATERTOWN,"'ATY",44.9139722222222,97.1547222222222
2,WEBSTER,"'1D7",45.2931111111111,97.5136111111111
2,"WESSINGTON SPRINGS","'4X4",44.0618888888889,98.5321944444445
2,WHITE,"'20SD",44.4488888888889,96.5057861111111
2,"WHITE LAKE","'1SD5",43.7686075,98.7987013888889
2,"WHITE RIVER","'7Q7",43.5616641666667,100.741805555556
2,WILMOT,"'SD65",45.4377388888889,96.9997997222222
2,WINFRED,"'SD03",44.0505294444444,97.3350655555555
2,WINNER,"'ICR",43.3894846666667,99.8412144166667
2,YANKTON,"'YKN",42.9166944444444,97.3859444444444
2,ALTAMONT,"'88TN",35.4233029722222,85.7835459722222
2,ARLINGTON,"'TN47",35.2889752777778,89.7411933333333
2,ATHENS,"'MMI",35.3991944444444,84.5617777777778
2,BAILEYTON,"'71TN",36.3833333333333,80.7366666666667
2,BAKEWELL,"'96TN",35.3673,85.1616998333333
2,"BEAN STATION","'40TN",36.3474715,83.2673495
2,BELVIDERE,"'1TN3",35.1396666666667,86.2221666666667
2,"BIG SANDY","'39TN",36.2797222222222,88.0436111111111
2,BIRCHWOOD,"'4TN1",35.3711388888889,84.9615222222222
2,BLAINE,"'98TN",36.1425,83.6041666666667
2,BLAINE,"'4TN0",36.1519444444444,83.7327777777778
2,BOLIVAR,"'M08",35.2151388888889,89.04325
2,BRIGHTON,"'TN58",35.3916666666667,89.6565277777778
2,BRISTOL,"'1TN9",36.5038166666667,82.1817888888889
2,BRISTOL/JOHNSON/KINGSPORT,"'TRI",36.4752077777778,82.4074152777778
2,BURNS,"'6TN9",36.0613888888889,87.2472222222222
2,CAMDEN,"'0M4",36.0095416666667,88.1247277777778
2,CAMDEN,"'9TN2",36.1638888888889,88.2052777777778
2,CENTERVILLE,"'GHM",35.8374166666667,87.4453888888889
2,"CHAPEL HILL","'TN27",35.671375,86.7215277777778
2,CHAPMANSBORO,"'TN77",36.3218333333333,87.1506666666667
2,CHATTANOOGA,"'1A0",35.1875705555556,85.1777336111111
2,CHATTANOOGA,"'CHA",35.0351944444444,85.2035555555556
2,CHUCKEY,"'04TN",36.1833333333333,82.6788888888889
2,"CHURCH HILL","'77TN",36.5091666666667,82.6816666666667
2,"CHURCH HILL","'45TN",36.5066666666667,82.7116666666667
2,CLARKSVILLE,"'95TN",36.5265833333333,87.1728055555556
2,CLARKSVILLE,"'19TN",36.4994444444444,87.1902777777778
2,CLARKSVILLE,"'CKV",36.6218611111111,87.4149444444444
2,CLARKSVILLE,"'TN53",36.5558816666667,87.4483436111111
2,CLARKSVILLE,"'36TN",36.477,87.1398333333333
2,CLARKSVILLE,"'TN23",36.4944444444444,87.3219444444444
2,CLEVELAND,"'RZR",35.2123363888889,84.7991988888889
2,CLIFTON,"'M29",35.3830344444444,87.9682677777778
2,COLLEGEDALE,"'FGU",35.0444208333333,85.0200666666667
2,COLLIERVILLE,"'TN70",35.0262030555556,89.7025833333333
2,COLLIERVILLE,"'01TN",34.9959261111111,89.73064
2,COLUMBIA,"'51TN",35.5330555555556,86.9769444444444
2,COLUMBIA,"'06TN",35.6972913888889,86.9569475
2,"COLUMBIA/MOUNT PLEASANT","'MRC",35.5543888888889,87.1791388888889
2,COOKEVILLE,"'4TN6",36.2471833333333,85.5115833333333
2,COOKEVILLE,"'5TN9",36.1139502777778,85.5949786111111
2,COOKEVILLE,"'TN80",36.2333941666667,85.4263616666667
2,COPPERHILL,"'1A3",35.0158055555556,84.3468333333333
2,COVINGTON,"'9TN7",35.5344444444444,89.735
2,COVINGTON,"'8TN9",35.5155555555556,89.6777777777778
2,COVINGTON,"'M04",35.583365,89.5872216666667
2,CROSSVILLE,"'4TN2",35.8834019444444,84.9688422222222
2,CROSSVILLE,"'CSV",35.9512918055556,85.0849781666667
2,CULLEOKA,"'9TN5",35.4583333333333,86.9569444444444
2,DANDRIDGE,"'86TN",36.0150011111111,83.547485
2,DANDRIDGE,"'21TN",35.9852777777778,83.0922222222222
2,DAYTON,"'2A0",35.48625,84.9310833333333
2,DICKSON,"'M02",36.1279566666667,87.4298397222222
2,DOVER,"'8TN7",36.4008333333333,87.9916666666667
2,DOWELLTOWN,"'2TN8",36.0247222222222,85.9491666666667
2,DRESDEN,"'3TN3",36.2633333333333,88.7572222222222
2,DYERSBURG,"'DYR",35.9979722222222,89.4065833333333
2,EADS,"'4TN4",35.19,89.6386111111111
2,EADS,"'8TN1",35.1963888888889,89.6269444444444
2,EADS,"'TN18",35.2042547222222,89.6667475
2,EAGLEVILLE,"'TN07",35.6872222222222,86.6063888888889
2,EAGLEVILLE,"'TN14",35.6897222222222,86.6358333333333
2,EAGLEVILLE,"'9TN1",35.73,86.5377777777778
2,ELIZABETHTON,"'0A9",36.3715579444444,82.1727243333333
2,"ESTILL SPRINGS","'TN67",35.2478597222222,86.1285966666667
2,"FALL BRANCH","'20TN",36.3636666666667,82.5906666666667
2,"FALL BRANCH","'65TN",36.3341666666667,82.6616666666667
2,FARRAGUT,"'8TN3",35.8416666666667,84.1811111111111
2,FAYETTEVILLE,"'FYM",35.0596944444444,86.564
2,FAYETTEVILLE,"'08TN",35.2989138888889,86.4743569444444
2,"FORT CAMPBELL(CLARKSVILLE)","'EOD",36.5676526388889,87.48145825
2,GAINESBORO,"'1A7",36.3968169444444,85.6413252777778
2,GALLATIN,"'XNX",36.3750833333333,86.4084166666667
2,"GRAND JUNCTION","'6TN7",35.0238888888889,89.205
2,GRAY,"'93TN",36.3613888888889,82.4511111111111
2,GREENBACK,"'5TN4",35.6705555555556,84.1158333333333
2,GREENBACK,"'0TN2",35.6559122222222,84.1854697222222
2,GREENEVILLE,"'GCY",36.1957222222222,82.8113611111111
2,GREENVILLE,"'4TN5",36.1508333333333,82.6325
2,HALLS,"'M31",35.9034069444444,89.3972944444444
2,"HICKORY VALLEY","'7TN5",35.1338055555556,89.1868055555556
2,"HICKORY VALLEY","'2TN2",35.22165,89.1901777777778
2,HOHENWALD,"'0M3",35.5459722222222,87.5973333333333
2,HOHENWALD,"'TN21",35.4475761111111,87.5061111111111
2,HUMBOLDT,"'M53",35.8021944444444,88.8749444444444
2,HUNTINGDON,"'HZD",36.0892973611111,88.4632987777778
2,HUNTINGDON,"'TN16",35.9945069444444,88.4611630555555
2,JACKSBORO,"'JAU",36.3340888888889,84.1629652777778
2,JACKSON,"'MKL",35.5998888888889,88.9156111111111
2,JACKSON,"'4TN9",35.6108333333333,88.6947222222222
2,JAMESTOWN,"'2A1",36.3496944444444,84.9466388888889
2,JASPER,"'APT",35.0606666666667,85.5853055555555
2,"JOHNSON CITY","'0A4",36.3637166666667,82.3090261111111
2,"JOHNSON CITY","'5TN2",36.3745194444444,82.3899138888889
2,JONESBOROUGH,"'97TN",36.2775,82.5866666666667
2,JONESBOROUGH,"'17TN",36.2994444444444,82.6041666666667
2,JONESBOROUGH,"'5TN5",36.3338888888889,82.4802777777778
2,KINGSPORT,"'3TN0",36.535,82.4238888888889
2,KINGSTON,"'12TN",35.8236852777778,84.5388227777778
2,KINGSTON,"'2TN7",35.8044444444444,84.4158333333333
2,KNOXVILLE,"'DKX",35.9638333333333,83.8736666666667
2,KNOXVILLE,"'TYS",35.8093738611111,83.9953214444444
2,KNOXVILLE,"'TN94",36.0011111111111,84.0744444444444
2,KNOXVILLE,"'TN98",35.8856380555556,83.9576836111111
2,LAFAYETTE,"'3M7",36.5200277777778,86.0580555555556
2,LAFOLLETTE,"'TN44",36.3466666666667,84.0122222222222
2,LAWRENCEBURG,"'2M2",35.2343055555556,87.2579444444444
2,LEBANON,"'1TN0",36.2466861111111,86.3033333333333
2,LEBANON,"'TN96",36.0411719444444,86.3583247222222
2,LEBANON,"'10TN",36.0719444444444,86.3544444444444
2,LEBANON,"'M54",36.1904112222222,86.3156904166667
2,LEBANON,"'TN26",36.0575,86.3955
2,LEBANON,"'9TN9",36.0194444444444,86.2880555555556
2,"LENOIR CITY","'80TN",35.8266666666667,84.33
2,"LENOIR CITY","'TN71",35.7945208333333,84.34159
2,"LENOIR CITY","'3TN8",35.7639675,84.1874147222222
2,"LENOIR CITY","'TN74",35.8000766666667,84.3193666666667
2,LEWISBURG,"'LUG",35.5069741666667,86.8038875
2,LEWISBURG,"'TN12",35.4734222222222,86.6812472222222
2,LEWISBURG,"'2TN3",35.5099027777778,86.6907
2,LEXINGTON-PARSONS,"'PVE",35.6563616944444,88.1953522777778
2,LINDEN,"'M15",35.5948388888889,87.8766291666667
2,LIVINGSTON,"'8A3",36.4135,85.3104444444444
2,LOUISVILLE,"'44TN",35.8409083333333,84.0757194444444
2,MADISONVILLE,"'MNV",35.5452319444444,84.3804002777778
2,MANCHESTER,"'00TN",35.5159086111111,85.9535958333333
2,MARYVILLE,"'TN87",35.6925825,83.9987933333333
2,MAYLAND,"'TN56",36.0722886111111,85.1138505555556
2,"MC KINNON","'M93",36.3167216666667,87.9166955555555
2,"MC MINNVILLE","'RNC",35.6986988888889,85.8438202777778
2,MEMPHIS,"'M01",35.2006925,90.0539752777778
2,MEMPHIS,"'TN43",35.0959247222222,90.1139816666667
2,MEMPHIS,"'MEM",35.0424113888889,89.9766791666667
2,MEMPHIS,"'3TN6",35.096755,89.2806255555555
2,MILLINGTON,"'2M8",35.2784797222222,89.9329968055556
2,MILLINGTON,"'NQA",35.3566388888889,89.8704166666667
2,MILLINGTON,"'2TN4",35.3180555555556,90.0352777777778
2,MILTON,"'41TN",35.9008333333333,86.2072222222222
2,MORRISON,"'66TN",35.5233833333333,85.8464722222222
2,MORRISON,"'43TN",35.6180555555556,86.0025
2,MORRISTOWN,"'MOR",36.1793888888889,83.3754444444444
2,MOSCOW,"'4TN3",35.1183333333333,89.3677777777778
2,MOSHEIM,"'8TN4",36.2447222222222,82.9688888888889
2,"MOUNTAIN CITY","'6A4",36.4178333333333,81.8251388888889
2,MURFREESBORO,"'TN83",35.7222913888889,86.2749930555556
2,MURFREESBORO,"'02TN",35.7805555555556,86.5841666666667
2,MURFREESBORO,"'TN68",35.7686772222222,86.5466666666667
2,MURFREESBORO,"'0TN5",35.8673611111111,86.4977777777778
2,MURFREESBORO,"'MBT",35.8786583333333,86.3774708333333
2,MURFREESBORO,"'8TN6",35.9211111111111,86.3447222222222
2,MURFREESBORO,"'7TN3",35.9708333333333,86.3930555555555
2,MURFREESBURG,"'TN65",35.6663888888889,86.4852777777778
2,NASHVILLE,"'JWN",36.1830218333333,86.8864953333333
2,NASHVILLE,"'BNA",36.124475,86.6781805555556
2,NASHVILLE,"'TN79",36.1722791666667,86.9597238888889
2,NASHVILLE,"'TN97",35.8069444444444,86.6122222222222
2,"NEW HOPE","'TN50",34.9914680555556,85.6508016666667
2,NIOTA,"'TN30",35.5472222222222,84.51
2,NORRIS,"'0TN6",36.1834119444444,84.0990861111111
2,OAKLAND,"'7TN4",35.1727777777778,89.5625
2,"OLIVER SPRINGS","'TN08",36.0375780555556,84.3068697222222
2,ONEIDA,"'SCX",36.4556944444444,84.58575
2,PARIS,"'PHT",36.3359444444444,88.3844444444444
2,PARIS,"'42TN",36.4119444444444,88.2655555555556
2,PARIS,"'50TN",36.2166,88.2096777777778
2,PELHAM,"'7TN1",35.3206344444444,85.8535888888889
2,PHILADELPHIA,"'TN09",35.7139641666667,84.4110375
2,PIKEVILLE,"'TN66",35.7445127777778,85.0471772222222
2,PLEASANTVIEW,"'7TN0",36.4355555555556,87.0913888888889
2,PLEASANTVIEW,"'6TN1",36.4052777777778,87.0822222222222
2,PORTLAND,"'1M5",36.5928611111111,86.4769166666667
2,PULASKI,"'GZS",35.1540833333333,87.0570555555556
2,PULASKI,"'6TN5",35.2480777777778,86.8310666666667
2,RIPLEY,"'TN36",35.7620213888889,89.5511866666667
2,ROCKWOOD,"'RKW",35.9223333333333,84.6897777777778
2,ROGERSVILLE,"'RVN",36.4575833333333,82.8850277777778
2,ROGERSVILLE,"'1TN2",36.445925,83.1123916666667
2,ROSEMARK,"'TN01",35.3473075,89.8195283333333
2,ROSSVILLE,"'54M",35.0540236111111,89.5800263888889
2,SAVANNAH,"'SNH",35.17025,88.2167222222222
2,SELMER,"'SZY",35.2029444444444,88.4983611111111
2,SEVIERVILLE,"'GKT",35.8577588888889,83.5287047222222
2,SEWANEE,"'UOS",35.2051458333333,85.8981472222222
2,SEYMOUR,"'1TN8",35.8290777777778,83.7771486111111
2,SEYMOUR,"'3TN4",35.88092,83.7271186111111
2,SEYMOUR,"'TN20",35.8122791666667,83.7746416666667
2,"SHARPS CHAPEL","'TN10",36.3389691666667,83.7788005555555
2,"SHARPS CHAPEL","'TN13",36.3283333333333,83.8255555555556
2,SHELBYVILLE,"'SYI",35.5593888888889,86.4424722222222
2,SHELBYVILLE,"'8TN2",35.3988888888889,86.5538888888889
2,SMITHVILLE,"'0A3",35.9854444444444,85.8091111111111
2,SMYRNA,"'MQY",36.0089702777778,86.5200897222222
2,SNEEDVILLE,"'TN11",36.5014766666667,83.2554538888889
2,SOMERVILLE,"'FYE",35.2076944444444,89.3944444444444
2,SPARTA,"'SRB",36.0567377777778,85.5301061111111
2,SPENCER,"'TN85",35.6389555555556,85.3971922222222
2,"SPRING CITY","'TN41",35.7727777777778,84.7652777777778
2,"SPRING HILL","'0TN0",35.6766666666667,86.8966666666667
2,SPRINGFIELD,"'9TN4",36.4576666666667,86.946
2,SPRINGFIELD,"'3TN9",36.6133333333333,86.8102777777778
2,SPRINGFIELD,"'8TN5",36.486025,86.911
2,SPRINGFIELD,"'M91",36.5366944444444,86.9211666666667
2,SWEETWATER,"'TN17",35.5822963888889,84.487985
2,SWEETWATER,"'TN64",35.5441666666667,84.5327777777778
2,TAZEWELL,"'3A2",36.4088964166667,83.5571855555556
2,TELFORD,"'TN02",36.2087333333333,82.5395666666667
2,"TELLICO PLAINS","'85TN",35.3816666666667,84.3038888888889
2,TIPTONVILLE,"'0M2",36.4753333333333,89.3463055555556
2,TOONE,"'TN37",35.4042461111111,89.022285
2,TRENTON,"'TGC",35.9324547222222,88.8489402777778
2,TULLAHOMA,"'TN39",35.3056361111111,86.2366563888889
2,TULLAHOMA,"'AYX",35.3924583333333,86.0857652777778
2,TULLAHOMA,"'6TN4",35.4219444444444,86.2902777777778
2,TULLAHOMA,"'THA",35.3800295,86.2463536111111
2,"UNION CITY","'UCY",36.3797440277778,88.9857038055556
2,VONORE,"'07TN",35.5686111111111,84.2411111111111
2,WAVERLY,"'0M5",36.1166111111111,87.7381666666667
2,WESTMORELAND,"'38TN",36.6252777777778,86.2733333333333
2,WHITWELL,"'TN89",35.258405,85.4527422222222
2,WINCHESTER,"'TN52",35.1381388888889,86.0810947222222
2,WINCHESTER,"'BGF",35.1775336111111,86.0661663888889
2,ABBOTT,"'TX03",31.8751588888889,97.0669466666667
2,ABERNATHY,"'F83",33.8459136111111,101.762947777778
2,ABILENE,"'TX00",32.4488888888889,99.62
2,ABILENE,"'ABI",32.4113333333333,99.6818888888889
2,ABILENE,"'DYS",32.4184764722222,99.8565446666667
2,ABILENE,"'82TS",32.4501255555556,99.6503636111111
2,ABILENE,"'35TX",32.4845486111111,99.826
2,ABILENE,"'TX02",32.5265125,99.6128636111111
2,ACKERLY,"'75TA",32.5342766666667,101.725136666667
2,ADRIAN,"'46XS",35.402675,102.807605555556
2,"AGUA DULCE","'67T",27.7999656388889,97.8509553888889
2,ALAMO,"'43TX",26.1531308333333,98.1350083333333
2,ALBANY,"'T23",32.7213888888889,99.2675833333333
2,ALEDO,"'TX15",32.7515177777778,97.6128030555556
2,ALICE,"'ALI",27.7408888888889,98.0269444444444
2,ALPINE,"'E38",30.3842222222222,103.683583333333
2,ALPINE,"'4TE4",29.6210188888889,103.679351111111
2,ALPINE,"'1E2",29.4515,103.397611111111
2,"ALTA LOMA","'TX66",29.3988452777778,95.0785394444445
2,ALTO,"'9TA8",31.6840666666667,94.9771611111111
2,ALVARADO,"'TX78",32.3291666666667,97.2319444444445
2,ALVARADO,"'9TS6",32.3788888888889,97.1783333333333
2,ALVARADO,"'6XS2",32.3462481666667,97.1985776944444
2,ALVARADO,"'TA01",32.3418111111111,97.2502902777778
2,ALVIN,"'6R5",29.41475,95.2889166666667
2,ALVIN,"'3TS3",29.3746816666667,95.2904908333333
2,ALVIN,"'TE09",29.3319055555556,95.2760416666667
2,ALVORD,"'TE76",33.3684527777778,97.6862555555556
2,AMARILLO,"'2TX0",35.0644991666667,101.849355
2,AMARILLO,"'1E7",35.0638888888889,101.877583333333
2,AMARILLO,"'XS39",35.0770166666667,101.691369444444
2,AMARILLO,"'7TX8",35.1075555555556,102.03825
2,AMARILLO,"'1E4",35.1437222222222,101.839222222222
2,AMARILLO,"'AMA",35.2193611111111,101.705916666667
2,AMARILLO,"'H81",35.0814253888889,101.755797361111
2,AMARILLO,"'TDW",35.1698888888889,101.825861111111
2,ANAHUAC,"'T00",29.7698147777778,94.6634870833333
2,ANDICE,"'TA49",30.75515,97.7998638888889
2,ANDICE,"'1XA0",30.7936833333333,97.9012166666667
2,ANDREWS,"'E11",32.3307529722222,102.529687277778
2,ANGLETON,"'7R9",29.1650555555556,95.4010833333333
2,ANGLETON,"'TE77",29.2337416666667,95.4767
2,ANGLETON,"'81D",29.2649671666667,95.4125700555555
2,ANGLETON,"'46TX",29.1507997222222,95.4952205555555
2,"ANGLETON/LAKE JACKSON","'LBX",29.1086388888889,95.4620833333333
2,ANNA,"'88XA",33.3374444444444,96.4802222222222
2,ANNONA,"'TX19",33.5362216666667,94.9071608333333
2,ANSON,"'TX20",32.7931694444444,99.8778727777778
2,"APPLE SPRINGS","'XA71",31.2773333333333,94.974
2,"ARCHER CITY","'T39",33.5823261111111,98.6186680555556
2,"ARCHER CITY","'TX21",33.4778847222222,98.547555
2,ARGYLE,"'TX22",33.1021959166667,97.1557041666667
2,ARLINGTON,"'GKY",32.6638611111111,97.0942777777778
2,ARMSTRONG,"'47TX",26.9339436111111,97.7624941666667
2,ARP,"'TX24",32.2751530555556,95.0835547222222
2,ASPERMONT,"'6TE8",33.168985,100.21705
2,ASPERMONT,"'T60",33.1703402777778,100.197275
2,ATHENS,"'F44",32.1638477777778,95.8283530555556
2,ATHENS,"'5TA8",32.0133333333333,95.9283333333333
2,ATHENS,"'2XS3",32.0168277777778,95.7002383333333
2,ATHENS,"'TX25",31.9892333333333,95.951025
2,ATLANTA,"'ATA",33.1025277777778,94.1950277777778
2,AUBREY,"'06XS",33.3247222222222,97.0441666666667
2,AUBREY,"'XS60",33.3184211111111,96.9060030555555
2,AUBREY,"'5XA9",33.3382944444444,96.9965444444444
2,AUBREY,"'2TE3",33.2941666666667,96.9280555555556
2,AUSTIN,"'EDC",30.3974931388889,97.5663935
2,AUSTIN,"'AUS",30.1945272222222,97.6698761111111
2,AUSTIN,"'TX05",30.2604861111111,97.6252777777778
2,AUSTIN,"'HYI",29.89275,97.863
2,AVINGER,"'61TA",32.8840219444444,94.6077027777778
2,AVINGER,"'6TE9",32.8168022222222,94.61687
2,AZLE,"'73TE",32.925,97.5583333333333
2,BALLINGER,"'E30",31.6744722222222,99.977
2,BALMORHEA,"'3XS8",31.1002027777778,103.961391666667
2,BANDERA,"'20TS",29.8099433333333,99.0680913888889
2,BANDERA,"'TE90",29.7588888888889,99.1525
2,BANDERA,"'TE21",29.6513372222222,99.0864238888889
2,BARDWELL,"'TX29",32.2890344444444,96.7044363888889
2,BARKSDALE,"'TA52",29.8168863888889,99.9961813888889
2,BASTROP,"'68XA",30.1888888888889,97.4141666666667
2,BATESVILLE,"'XA88",28.9783333333333,99.5630555555556
2,"BAY CITY","'BYY",28.9732466666667,95.8634519444444
2,"BAY VIEW","'TS94",26.2511852777778,97.30081
2,BAYTOWN,"'HPY",29.7860833333333,94.9526666666667
2,BAYTOWN,"'25TA",29.8366125,94.9674266666667
2,BAYTOWN,"'54T",29.7618944444444,94.8479388888889
2,BAYVIEW,"'73TA",26.158425,97.3886888888889
2,BEAUMONT,"'BMT",30.0702043888889,94.2150967222222
2,BEAUMONT,"'55TX",30.1121572222222,94.2562963888889
2,"BEAUMONT/PORT ARTHUR","'BPT",29.9508333333333,94.0206944444444
2,BEEVILLE,"'BEA",28.3642222222222,97.7919444444444
2,BEEVILLE,"'TX2",28.3624444444444,97.6619166666667
2,BEEVILLE,"'TE58",28.4451319444444,98.0394027777778
2,BELLEVUE,"'8XS2",33.5701666666667,98.1144666666667
2,BELLEVUE,"'XA09",33.5819444444444,98.0611111111111
2,BELLS,"'20TA",33.5591666666667,96.4094444444444
2,BELLS,"'99TE",33.6058333333333,96.4155555555556
2,BELLS,"'2XS4",33.6613888888889,96.4063888888889
2,BELLS,"'65TE",33.5681666666667,96.3971666666667
2,BELLVILLE,"'06R",29.9409722222222,96.24525
2,BELLVILLE,"'60TX",30.033555,96.2635744444444
2,BELLVILLE,"'61TX",29.9724463888889,96.3071869444445
2,"BEN WHEELER","'TA37",32.4276805555556,95.7113888888889
2,BERCLAIR,"'NGT",28.61160825,97.6125703611111
2,BERRYVILLE,"'3TX1",32.0916666666667,95.4447222222222
2,BERTRAM,"'12TX",30.8213888888889,98.0805555555555
2,BERTRAM,"'XA12",30.6947222222222,98.0327777777778
2,"BIG LAKE","'E41",31.1977488888889,101.475401666667
2,"BIG SANDY","'18TE",32.5851966666667,95.0639144444444
2,"BIG SANDY","'91XA",32.6236527777778,95.1139388888889
2,"BIG SPRING","'BPG",32.2126111111111,101.521638888889
2,"BIG SPRING","'TX31",32.0737372222222,101.564291111111
2,BIGFOOT,"'78TA",29.0721805555556,98.7835805555556
2,BISHOP,"'07R",27.6101666666667,97.7525277777778
2,BIVINS,"'TE72",32.8980527777778,94.1622194444444
2,BLANCO,"'3TA5",30.1224666666667,98.3747833333333
2,BLANCO,"'50TX",30.137625,98.5253777777778
2,BLANCO,"'TX41",30.0913197222222,98.3647405555556
2,BLANCO,"'TA53",30.1301444444444,98.4091444444444
2,BLANCO,"'26XS",30.1140963888889,98.4614111111111
2,"BLOOMING GROVE","'4TE1",32.0794444444444,96.7102777777778
2,BLOOMINGTON,"'69TX",28.5836088888889,96.8544291666667
2,"BLUE RIDGE","'99XS",33.2940138888889,96.4468888888889
2,"BLUE RIDGE","'70TE",33.3216666666667,96.3240583333333
2,BLUM,"'05TX",32.1291666666667,97.4041666666667
2,BLUM,"'87TX",32.1105861111111,97.3561805555556
2,BOERNE,"'71TX",29.8727169444444,98.7322491666667
2,BOGATA,"'6TE4",33.4403111111111,94.9279916666667
2,BOLIVAR,"'TX32",33.3763888888889,97.2433333333333
2,BONHAM,"'F00",33.6130916666667,96.179325
2,BOOKER,"'TS79",36.3240611111111,100.396608333333
2,BOOKER,"'TS78",36.3917,100.468753055556
2,BORGER,"'BGD",35.7008888888889,101.393666666667
2,BOVINA,"'7TS9",34.6036166666667,102.859838888889
2,BOWIE,"'0F2",33.6016666666667,97.7755555555556
2,BOWIE,"'1XA1",33.6476666666667,97.829
2,BOXELDER/LYDIA,"'TX35",33.4565805555556,94.8493166666667
2,BOYD,"'TA87",33.10745,97.5481083333333
2,BOYD,"'6TS2",33.0158333333333,97.635
2,BRACKETTVILLE,"'TE25",29.6018944444444,100.31725
2,BRACKETTVILLE,"'74TX",29.2866241666667,100.433689444444
2,BRACKETTVILLE,"'5XS8",29.5037027777778,100.295663888889
2,BRACKETTVILLE,"'2TX3",29.2169027777778,100.617028888889
2,BRACKETTVILLE,"'75TX",29.5002294444444,100.367023888889
2,BRACKETTVILLE,"'1XS8",29.6340833333333,100.374361111111
2,BRACKETTVILLE,"'3TA6",29.5418955555556,100.253131666667
2,BRACKETTVILLE,"'TA31",29.43051,100.257574166667
2,BRACKETVILLE,"'1TA8",29.2371666666667,100.684083333333
2,BRADY,"'BBD",31.1792777777778,99.3239166666667
2,BRADY,"'12TE",31.3168297222222,99.2336616666667
2,BRADY,"'94TX",31.43766,99.3156091666667
2,BRADY,"'XS78",31.3854166666667,99.0998333333333
2,BRAZORIA,"'2TE0",28.9821941666667,95.5796691666667
2,BRECKENRIDGE,"'TE40",32.6748461111111,98.8261758333333
2,BRECKENRIDGE,"'BKD",32.71875,98.8915833333333
2,BRENHAM,"'11R",30.2196755,96.3744027777778
2,BRENHAM,"'49TE",30.2835277777778,96.4596111111111
2,BRENHAM,"'TA17",30.185,96.4455555555556
2,BRENHAM,"'TX04",30.2911944444444,96.5268611111111
2,BRENHAM,"'9XS9",30.2757416666667,96.4413847222222
2,BRENHAM,"'XS68",30.2568788888889,96.3285747222222
2,BRIDGEPORT,"'XBP",33.1739597222222,97.8284271388889
2,BRIDGEPORT,"'TX37",33.1317841666667,97.7686430555556
2,BRIDGEPORT,"'3TA7",33.1437283333333,97.8044780555555
2,BRIGGS,"'TA27",30.8379602777778,97.9502975
2,BRIGGS,"'15TA",30.2543616666667,99.9470158333333
2,BRIGGS,"'99XA",30.8652,98.0041666666667
2,BRIGGS,"'XS79",30.8243861111111,97.9587361111111
2,BROCK,"'TA51",32.6804097222222,97.9372605555556
2,BROCK,"'58TX",32.6512638888889,97.9341458333333
2,BROOKSHIRE,"'TA03",29.7572638888889,95.9108055555556
2,BROOKSHIRE,"'1XA4",29.8737138888889,96.0046986111111
2,BROOKSHIRE,"'27XS",29.838125,95.9499722222222
2,BROOKSHIRE,"'77TX",29.7816194444444,95.9143972222222
2,BROOKSHIRE,"'TA28",29.7937861111111,95.9252097222222
2,BROWNFIELD,"'BFE",33.1731388888889,102.192916666667
2,BROWNSBORO,"'TX40",32.2535,95.6554916666667
2,BROWNSVILLE,"'BRO",25.9061388888889,97.426
2,BROWNSVILLE,"'80TX",25.9267469444444,97.4085913888889
2,BROWNWOOD,"'BWD",31.7936111111111,98.9565
2,BROWNWOOD,"'10XS",31.779525,98.9092861111111
2,BROWNWOOD,"'3TA4",31.4858333333333,98.9761111111111
2,BRUNDAGE,"'XA93",28.6193222222222,99.6543638888889
2,BRUNI,"'8TS0",27.5530863888889,98.7322402777778
2,BRYAN,"'CFD",30.7156944444444,96.3313611111111
2,BRYAN,"'83TX",30.6335333333333,96.4835777777778
2,BRYAN,"'13TE",30.6560319444444,96.5383013888889
2,"BUCHANAN DAM","'84TX",30.7412927777778,98.3786397222222
2,BUCKHOLTS,"'06TA",30.9085202777778,97.1169363888889
2,BUCKHOLTS,"'XA32",30.9114722222222,97.1712777777778
2,BUDA,"'85TX",30.0777119444444,97.9655627777778
2,BULLARD,"'0XS9",32.1340416666667,95.3395833333333
2,BULVERDE,"'86TX",29.7371669444444,98.3789038888889
2,BURKBURNETT,"'4XA5",34.03775,98.496
2,BURLESON,"'3TX9",32.5276380555556,97.2808477777778
2,BURLESON,"'8TS1",32.5418044444444,97.2419577777778
2,BURNET,"'BMQ",30.7389272222222,98.2386102777778
2,BURNET,"'TA63",30.8229166666667,98.1108888888889
2,BURNET,"'2TA0",30.8451652777778,98.2729138888889
2,BURTON,"'TA42",30.2602277777778,96.5978361111111
2,BYNUM,"'08TS",32.0293388888889,97.0106083333333
2,"CADDO MILLS","'7F3",33.0362222222222,96.2431388888889
2,"CADDO MILLS","'18TX",32.9525,96.2280555555556
2,"CADDO MILLS","'XA33",32.9587027777778,96.2644222222222
2,CALDWELL,"'RWV",30.5154742777778,96.7040857777778
2,CALDWELL,"'49TA",30.4869138888889,96.7864666666667
2,CALDWELL,"'7TA5",30.5871455555556,96.6341386111111
2,CALLAGHAN,"'90TX",27.8794444444444,99.3966666666667
2,CALLIHAM,"'91TX",28.3969405555556,98.3627891666667
2,CAMBELLTON,"'TE26",28.7779111111111,98.3437138888889
2,CAMERON,"'T35",30.8790625,96.9721875
2,"CAMP WOOD","'TE78",29.5687,99.9745083333333
2,CAMPBELL,"'TS11",33.1070597222222,95.9299666666667
2,CAMPBELLTON,"'0XA5",28.6853833333333,98.3831166666667
2,CANADIAN,"'XA96",35.6625,100.323888888889
2,CANADIAN,"'HHF",35.8951111111111,100.403888888889
2,CANADIAN,"'TE04",35.7025,100.285
2,CANDELARIA,"'XA95",30.1494444444444,104.6825
2,CANTON,"'7F5",32.586245,95.8627436111111
2,CANTON,"'TA86",32.6059663888889,95.9349672222222
2,CANTON,"'TX43",32.50986,96.0027466666667
2,CANTON,"'91TA",32.4459722222222,95.9188555555556
2,CANTON,"'1TA7",32.6158333333333,95.8681041666667
2,"CANYON LAKE","'34TS",29.9157722222222,98.2475138888889
2,"CARRIZO SPRINGS","'95TX",28.192495,100.072281944444
2,"CARRIZO SPRINGS","'1TS6",28.2694377777778,99.9345002777778
2,"CARRIZO SPRINGS","'CZT",28.52225,99.8236388888889
2,"CARRIZO SPRINGS","'XA89",28.2085555555556,100.018805555556
2,"CARRIZO SPRINGS","'2XS2",28.2633861111111,100.162772222222
2,"CARRIZO SPRINGS","'TA84",28.3549916666667,99.9331675
2,"CARRIZO SPRINGS","'97TX",28.2836030555556,100.067005277778
2,"CARTA VALLEY","'2TA9",29.8111666666667,100.687416666667
2,"CARTA VALLEY","'65TS",29.7123083333333,100.584072222222
2,CARTHAGE,"'4F2",32.1760833333333,94.2988055555556
2,CASTROVILLE,"'CVB",29.3423888888889,98.8512222222222
2,CASTROVILLE,"'XS86",29.2669033333333,98.9253066666667
2,CASTROVILLE,"'TE13",29.4002333333333,98.8875277777778
2,CATARINA,"'9TS3",28.0855722222222,99.620825
2,CATARINA,"'99TX",28.3002716666667,99.5669875
2,CATARINA,"'1TE1",28.2502725,99.8169966666667
2,CATARINA,"'0XS0",28.4002672222222,99.5586547222222
2,CATARINA,"'TE27",28.2544402777778,99.5992108333333
2,CATARINA,"'TS40",28.3109527777778,99.7065305555556
2,"CEDAR PARK","'40XS",30.5176347222222,97.7808180555556
2,CELINA,"'T80",33.3765208333333,96.7289361111111
2,CELINA,"'9S1",33.3682763888889,96.7546944444445
2,CELINA,"'79TS",33.3042808333333,96.7472177777778
2,CENTER,"'F17",31.8315833333333,94.1564166666667
2,CENTER,"'TX45",31.7668283333333,97.1294480555555
2,CENTERVILLE,"'TE01",31.3049025,95.7966208333333
2,CENTERVILLE,"'24TA",31.2132377777778,95.8274536111111
2,CENTERVILLE,"'70TA",31.1935027777778,95.8937305555555
2,"CHAPPELL HILL","'TX70",30.0518888888889,96.2182388888889
2,CHARLOTTE,"'02TS",28.6626416666667,98.7230944444444
2,CHATFIELD,"'1XA8",32.2325055555556,96.3975111111111
2,CHEROKEE,"'41TX",30.9747361111111,98.6425972222222
2,CHICO,"'69XA",33.3499555555556,97.7762055555556
2,CHICO,"'XA07",33.275,97.7166666666667
2,CHILDRESS,"'CDS",34.4337777777778,100.288
2,"CHINA SPRING","'04TX",31.7322222222222,97.3688888888889
2,"CHINA SPRING","'4TA2",31.74225,97.3198611111111
2,"CHINA SPRING","'3T8",31.6785555555556,97.3625555555556
2,CHISHOLM,"'20XS",32.8352833333333,96.3787305555555
2,CISCO,"'3F2",32.4150277777778,98.9968333333333
2,CISCO,"'GZN",32.3658333333333,99.0236944444444
2,CISCO,"'48XA",32.3193583333333,98.9879361111111
2,CLAIRETTE,"'62XS",32.0223680555556,98.1336483333333
2,CLARENDON,"'E34",34.9115,100.869361111111
2,CLARKSVILLE,"'LBR",33.5926402777778,95.0641472222222
2,CLAUDE,"'5TA4",34.9000533333333,101.317108888889
2,CLEBURNE,"'TX46",32.4095861111111,97.3872394444444
2,CLEBURNE,"'CPT",32.35375,97.43375
2,CLEBURNE,"'13TX",32.1533888888889,97.5592222222222
2,CLEVELAND,"'06TE",30.3129583333333,95.0272847222222
2,CLEVELAND,"'6R3",30.3564444444444,95.0080277777778
2,CLEVELAND,"'0TS5",30.4418716666667,95.1863258333333
2,CLIFTON,"'7F7",31.8171333333333,97.5695694444445
2,CLIFTON,"'TX48",31.8322222222222,97.7188888888889
2,CLINT,"'TA62",31.55855,106.203630555556
2,CLYDE,"'4XA3",32.2536111111111,99.4986111111111
2,COLEMAN,"'COM",31.8411388888889,99.4036111111111
2,COLEMAN,"'88XS",31.6004611111111,99.4160027777778
2,"COLLEGE STATION","'CLL",30.5880418888889,96.3625444444444
2,COLLINSVILLE,"'2XA4",33.5808333333333,96.8002777777778
2,COLLINSVILLE,"'T32",33.5714977777778,96.9072247222222
2,"COLORADO CITY","'T88",32.4684283333333,100.921122222222
2,"COLORADO CITY","'1TS8",32.2876233333333,100.722222222222
2,COLUMBUS,"'TS27",29.7161944444444,96.5913555555556
2,COLUMBUS,"'66R",29.6415111111111,96.5159555555555
2,COMANCHE,"'MKN",31.9203055555556,98.5991944444444
2,COMETA,"'66TX",28.6819444444444,100.024166666667
2,COMFORT,"'17TE",29.9291052777778,98.9403119444444
2,COMFORT,"'XS80",29.9725555555556,98.9346388888889
2,COMMERCE,"'2F7",33.2928611111111,95.8964166666667
2,COMSTOCK,"'TX07",29.9342777777778,101.23425
2,COMSTOCK,"'0TE0",29.6929911111111,101.161771111111
2,CONROE,"'34XS",30.3908194444444,95.53975
2,CONROE,"'16XS",30.4043666666667,95.35985
2,CONWAY,"'55T",35.2144722222222,101.411027777778
2,COOPER,"'3TS9",33.3792761111111,95.6035677777778
2,"CORPUS CHRISTI","'NGW",27.7024195833333,97.4388197222222
2,"CORPUS CHRISTI","'CRP",27.7721944444444,97.5024166666667
2,"CORPUS CHRISTI","'NGP",27.6927005555556,97.2903772222222
2,"CORPUS CHRISTI","'07TE",27.7211402777778,97.5127711111111
2,"CORPUS CHRISTI","'69TA",27.6550316666667,97.5252713888889
2,"CORPUS CHRISTI","'NWL",27.635,97.3122222222222
2,CORRIGAN,"'TA43",31.0475,94.8544444444444
2,CORSICANA,"'TA05",32.0376541666667,96.5316522222222
2,CORSICANA,"'CRS",32.0280555555556,96.4005833333333
2,CORSICANA,"'4XS1",32.1338888888889,96.5206388888889
2,CORSICANA,"'6TX6",32.0825555555556,96.3566666666667
2,CORSICANA,"'TX51",32.2001491666667,96.3294236111111
2,CORSICANA,"'90TE",32.1957027777778,96.4385916666667
2,COTULLA,"'COT",28.4557222222222,99.2172222222222
2,COTULLA,"'TX79",28.0888888888889,99.0488888888889
2,COTULLA,"'7TE8",28.2100277777778,98.8337333333333
2,COTULLA,"'45XS",28.1402833333333,98.9129388888889
2,COTULLA,"'46TA",28.1261186111111,98.8597436111111
2,COTULLA,"'2XA1",28.1401988888889,98.9359969444444
2,COTULLA,"'XA08",28.1661444444444,99.0916361111111
2,COTULLA,"'79TA",28.1697275,98.8900225
2,COTULLA,"'TA58",28.3199722222222,99.4658722222222
2,COTULLA,"'5TS1",28.205835,99.1344727777778
2,COUPLAND,"'5TS2",30.4793705555556,97.3191619444444
2,COUPLAND,"'TE96",30.4331666666667,97.4125333333333
2,CRANDALL,"'9TX2",32.637075,96.4083333333333
2,CRANE,"'E13",31.4115736111111,102.360473611111
2,CRANE,"'8TE2",31.5279136111111,102.528200555556
2,"CRANFILLS GAP","'TX97",31.764875,97.7964138888889
2,"CRANFILLS GAP","'TX52",31.7945991666667,97.7739141666667
2,CRESSON,"'3XA8",32.5141666666667,97.5952777777778
2,CRESSON,"'TE52",32.5359694444444,97.5886333333333
2,CROCKETT,"'DKR",31.3069722222222,95.4038333333333
2,CROCKETT,"'1TA4",31.4585130555556,95.2960538888889
2,CROCKETT,"'80TS",31.3276797222222,95.5730055555556
2,CROCKETT,"'85XS",31.1036111111111,95.7028111111111
2,CROSBY,"'1XS1",29.9382791666667,95.0464833333333
2,CROSBY,"'9TA3",29.8730002777778,94.9896494444445
2,CROSBYTON,"'8F3",33.6238333333333,101.240861111111
2,"CROSS PLAINS","'TX11",32.1400333333333,99.1587333333333
2,CROSSROADS,"'7TS4",32.0561666666667,96.0459722222222
2,CROWELL,"'2XA0",33.9792508333333,99.7128708333333
2,"CRYSTAL BEACH","'XS77",29.46551,94.6274152777778
2,"CRYSTAL CITY","'3TA9",28.7085891666667,100.007282222222
2,"CRYSTAL CITY","'20R",28.6975555555556,99.8176666666667
2,"CRYSTAL CITY","'TA34",28.7669205555556,100.082840833333
2,"CRYSTAL CITY","'8TE4",28.8149747222222,99.7581091666667
2,"CRYSTAL CITY","'3TA8",28.7197,100.054506666667
2,CUERO,"'T71",29.0835880555556,97.2669341666667
2,CUMBY,"'TA06",33.1612247222222,95.8057958333333
2,CYPRESS,"'TS07",29.9862166666667,95.6856625
2,"D'HANIS","'4TS8",29.3749558333333,99.3419866666667
2,"D'HANIS","'4TE9",29.2641252777778,99.3505983333333
2,DAINGERFIELD,"'8F5",33.1480591666667,94.7001488888889
2,DALHART,"'DHT",36.0224722222222,102.547388888889
2,DALHART,"'25TS",36.0916991666667,102.415745555556
2,DALLAS,"'ADS",32.9685555555556,96.8364444444445
2,DALLAS,"'F69",33.0234547222222,96.8369461111111
2,DALLAS,"'1F7",32.8129444444444,96.3520277777778
2,DALLAS,"'RBD",32.6813055555556,96.8687777777778
2,DALLAS,"'DAL",32.8459447222222,96.8508766666667
2,DALLAS,"'46TS",33.1281727777778,96.5097097222222
2,DALLAS,"'TKI",33.1770652777778,96.5887666666667
2,"DALLAS-FORT WORTH","'DFW",32.8972330555556,97.0376947222222
2,DAMON,"'XS21",29.3310769444444,95.70467
2,DAMON,"'4TA0",29.35552,95.6638358333333
2,DANBURY,"'96TX",29.2778277777778,95.3518277777778
2,DANBURY,"'77XS",29.2918444444444,95.3592902777778
2,DANBURY,"'2XA2",29.2204222222222,95.3108805555556
2,DANBURY,"'07TA",29.2405194444444,95.3446583333333
2,DANEVANG,"'78XS",29.0530338888889,96.2621872222222
2,DARROUZETT,"'TX38",36.3794786111111,100.343193333333
2,DAVILLA,"'14XS",30.8085230555556,97.2738858333333
2,DAWSON,"'5TS3",31.9741666666667,96.6783333333333
2,DAYTON,"'3TE1",29.9516077777778,94.9043691666667
2,DAYTON,"'TA07",30.0071622222222,94.9668708333333
2,DAYTON,"'3TS7",30.0210505555556,94.9460369444444
2,DAYTON,"'3TE9",30.1057705555556,94.9588158333333
2,DAYTON,"'TS35",30.0583333333333,94.9780555555556
2,"DE LEON","'TS14",32.1086666666667,98.488
2,DECATUR,"'XA34",33.2416666666667,97.428
2,DECATUR,"'76T",33.2691666666667,97.4518611111111
2,DECATUR,"'LUD",33.25425,97.5805
2,DECATUR,"'XA99",33.1343833333333,97.60705
2,DECATUR,"'58T",33.1660277777778,97.4798888888889
2,DECATUR,"'XA98",33.3027,97.4580666666667
2,DECATUR,"'TX64",33.2992819444444,97.5272486111111
2,DECATUR,"'09T",33.2813206944444,97.4966933333333
2,DECATUR,"'5TS4",33.1445633333333,97.6016936111111
2,"DEL RIO","'54XS",29.9454722222222,100.687088888889
2,"DEL RIO","'23TS",29.42273,100.738701388889
2,"DEL RIO","'DRT",29.3742069444444,100.927156944444
2,"DEL RIO","'4TE7",29.7407705555556,100.965100277778
2,"DEL RIO","'81TE",29.5418936111111,100.6170325
2,"DEL RIO","'1TS9",29.6753194444444,100.897194444444
2,"DEL RIO","'DLF",29.3593933333333,100.777913055556
2,"DEL RIO","'4TE2",29.5441152777778,100.673145555556
2,"DEL RIO","'TA81",29.7938222222222,100.879263888889
2,"DEL RIO","'TS04",29.8357666666667,100.978147222222
2,"DEL RIO","'8TS8",29.91743,100.912878888889
2,"DEL VALLE","'TA55",30.1677130555556,97.5927777777778
2,"DELL CITY","'2E5",31.9476222222222,105.191783333333
2,DENISON,"'9XS4",33.7342711111111,96.6266605555556
2,DENTON,"'DTO",33.2019605555556,97.1990975
2,DENTON,"'3XS0",33.2684511111111,97.0711213888889
2,DENTON,"'2TS0",33.1556755555556,97.1380680555556
2,DENTON,"'TE81",33.3097222222222,97.0927777777778
2,DENTON,"'4TA1",33.3028944444444,97.1114005555556
2,"DENVER CITY","'E57",32.9746595,102.845096222222
2,"DENVER CITY","'1TA5",32.9417694444444,103.000494166667
2,DEVINE,"'23R",29.1383888888889,98.9418888888889
2,DILLEY,"'6TA9",28.6129027777778,99.1803916666667
2,DILLEY,"'24R",28.6855,99.1890833333333
2,DILLEY,"'5TS5",28.6510911111111,99.2886469444445
2,DIMMITT,"'T55",34.5667355555556,102.322694722222
2,DIMMITT,"'7TS8",34.40375,102.454166666667
2,DORCHESTER,"'6TS3",33.5362896388889,96.6804171111111
2,"DRIPPING SPRINGS","'5TE3",30.2718697222222,98.1169577777778
2,"DRIPPING SPRINGS","'5TE2",30.2252044444444,98.1419575
2,"DRIPPING SPRINGS","'14TX",30.2893683333333,98.1739038888889
2,DRYDEN,"'6R6",30.0464722222222,102.213166666667
2,DUBLIN,"'9F0",32.0681991666667,98.3253208333333
2,DUBLIN,"'17XS",32.1777630555556,98.43505
2,DUMAS,"'DUX",35.8574306666667,102.01330925
2,"EAGLE LAKE","'0TX8",29.7088888888889,96.3684666666667
2,"EAGLE LAKE","'ELA",29.6000277777778,96.3219444444444
2,"EAGLE LAKE","'5TE7",29.7194013888889,96.3094097222222
2,"EAGLE PASS","'5TE0",28.6277638888889,100.161686111111
2,"EAGLE PASS","'5T9",28.8570927777778,100.513467777778
2,EASTLAND,"'ETN",32.4148888888889,98.8096944444444
2,ECTOR,"'TX68",33.5917722222222,96.2766480555556
2,EDCOUCH,"'6TE0",26.2903494444444,97.9494458333333
2,EDDY,"'TS29",31.2946169444444,97.2969502777778
2,EDINBURG,"'6TE1",26.3614577777778,98.1525094444444
2,EDINBURG,"'EBG",26.4416666666667,98.1222222222222
2,EDNA,"'6TE3",28.9488730555556,96.5496958333333
2,EDNA,"'26R",29.0009989722222,96.5819621388889
2,EDNA,"'6TE5",28.9808166666667,96.6219202777778
2,"EDNA HILL","'81TS",31.9364083333333,98.3456027777778
2,"EL CAMPO","'TS96",29.2669161111111,96.3252433333333
2,"EL CAMPO","'2TE4",29.1791888888889,96.3227361111111
2,"EL CAMPO","'68TE",29.1960855555556,96.4919144444444
2,"EL CAMPO","'0XS1",29.2877777777778,96.3497222222222
2,"EL CAMPO","'7TE6",29.2002522222222,96.5544161111111
2,"EL CAMPO","'8TE8",29.1627522222222,96.2252411111111
2,"EL PASO","'ELP",31.8073333333333,106.376361111111
2,ELDORADO,"'27R",30.8622222222222,100.610861111111
2,ELDORADO,"'6TA0",30.7995722222222,100.334097222222
2,ELGIN,"'TX61",30.3302083333333,97.4588869444444
2,ELGIN,"'56TS",30.3377088888889,97.3502725
2,ELGIN,"'62TA",30.3183333333333,97.3022222222222
2,ELGIN,"'1XS2",30.3807622222222,97.4274975
2,ELGIN,"'TX72",30.3790972222222,97.1947125
2,ELMENDORF,"'6XS9",29.2960711111111,98.3794580555556
2,ELMENDORF,"'28TE",29.2682947222222,98.3369569444444
2,ELMENDORF,"'2TX1",29.2252405555556,98.3836244444445
2,ELROY,"'02XS",30.1477130555556,97.6627791666667
2,EMORY,"'67TX",32.9114861111111,95.73835
2,ENCINAL,"'XA66",28.0738888888889,99.2846944444445
2,ENCINAL,"'TE29",28.06975,99.5687597222222
2,ENCINAL,"'2TX4",27.9836183333333,99.3767013888889
2,ENCINAL,"'8TS9",28.14,99.5703194444445
2,ENCINO,"'2TA8",26.8582766666667,98.221749
2,ENNIS,"'F41",32.3296944444444,96.6638888888889
2,ERA,"'TE39",33.4422722222222,97.2723777777778
2,ERA,"'TX94",33.4526833333333,97.2755793055556
2,ERA,"'TX39",33.4772388888889,97.2506444444444
2,EVADALE,"'4TE8",30.3210416666667,94.0735136111111
2,EVERMAN,"'00TS",32.6079388888889,97.2423222222222
2,FABENS,"'E35",31.5156730555556,106.147197777778
2,FAIRFIELD,"'7XS6",31.7944444444444,96.2079722222222
2,FAIRFIELD,"'2TA6",31.8626630555556,96.1974719444444
2,FAIRMOUNT,"'71TS",31.2186555555556,93.7018972222222
2,FALFURRIAS,"'BKS",27.2060555555556,98.1210277777778
2,FALFURRIAS,"'7TE2",27.1058788888889,98.2058397222222
2,FANNETT,"'7TE0",29.9138280555556,94.2082386111111
2,FARMERSVILLE,"'6XS3",33.1384497222222,96.3855386111111
2,FARMERSVILLE,"'8TA5",33.1631713888889,96.3222027777778
2,FARMERSVILLE,"'TX6",33.0929444444444,96.3900277777778
2,FENTRESS,"'XS90",29.7682802777778,97.7752788888889
2,FLATONIA,"'2TE5",29.6950916666667,97.1633194444445
2,FLORESVILLE,"'7TE9",29.0271925,98.2866775
2,FLORESVILLE,"'82XS",29.1027444444444,98.216675
2,FLORESVILLE,"'8TA0",29.1357997222222,98.2763997222222
2,FLORESVILLE,"'TT05",29.1913611111111,98.255125
2,FLORESVILLE,"'1TE7",29.1210775,98.3655683333333
2,"FLOWER MOUND","'0TX5",33.0240116666667,97.1197336111111
2,FLOYD,"'TA08",33.1495602777778,96.2738677777778
2,FLOYDADA,"'41F",34.0015277777778,101.33025
2,FOLLETT,"'T93",36.4408055555556,100.123805555556
2,FORESTBURG,"'64XA",33.5819805555556,97.5497444444444
2,FORNEY,"'01TE",32.7376291666667,96.4280405555556
2,FORNEY,"'TA18",32.7070747222222,96.4794313888889
2,"FORT BLISS/EL PASO/","'BIF",31.8495291666667,106.380052777778
2,"FORT HOOD(KILLEEN)","'HLR",31.1387405,97.7144857777778
2,"FORT HOOD(KILLEEN)","'22XS",31.3710002777778,97.6669638888889
2,"FORT HOOD/KILLEEN","'GRK",31.06725,97.8289166666667
2,"FORT HOOD/KILLEEN/","'23XS",31.3585008333333,97.6711302777778
2,"FORT STOCKTON","'4TS7",30.4501688888889,102.926545833333
2,"FORT STOCKTON","'FST",30.91525,102.912777777778
2,"FORT WORTH","'50F",32.5818333333333,97.5907777777778
2,"FORT WORTH","'2TE2",32.8292666666667,97.5349430555555
2,"FORT WORTH","'AFW",32.9903858333333,97.3194405555555
2,"FORT WORTH","'FTW",32.8197702777778,97.36245
2,"FORT WORTH","'NFW",32.7691861111111,97.4415347222222
2,"FORT WORTH","'FWS",32.5653703888889,97.3083705
2,"FORT WORTH","'TS00",32.7881852777778,97.1808455555555
2,"FORT WORTH","'T67",32.9312366666667,97.4116858333333
2,"FORT WORTH","'4T2",32.9776317222222,97.4922936666667
2,"FORT WORTH","'TS73",32.7751286111111,97.4877988888889
2,"FORT WORTH","'9F9",32.6270277777778,97.3540069444444
2,FRANKLIN,"'1TE9",31.27175,96.4396499166667
2,FRANKLIN,"'TX75",31.0097222222222,96.5408333333333
2,FRANKSTON,"'T25",32.08175,95.4525027777778
2,FREDERICKSBURG,"'TE97",30.1877777777778,98.9583333333333
2,FREDERICKSBURG,"'8TE7",30.3207544444444,98.9128194444445
2,FREDERICKSBURG,"'6XA0",30.3511638888889,99.1730555555555
2,FREDERICKSBURG,"'T82",30.24325,98.9091944444444
2,FREDERICKSBURG,"'25XA",30.0988694444444,98.7046166666667
2,FREDERICKSBURG,"'7XS7",30.1147222222222,98.9311111111111
2,FREDERICKSBURG,"'XS01",30.4501925,98.8861541666667
2,FREDERICKSBURG,"'44TX",30.2104811111111,99.0947655555556
2,FREDRICKSBURG,"'TS36",30.2195555555556,99.1408333333333
2,FREER,"'TX56",27.7155,98.7025333333333
2,FREER,"'28TA",27.8336313888889,98.7169619444444
2,FREER,"'T19",27.8886944444444,98.5999583333333
2,FREER,"'0XA4",27.9971111111111,98.8828611111111
2,FREER,"'42XS",27.9588194444444,98.4037638888889
2,FRIENDSWOOD,"'7XS0",29.5046775,95.1754883333333
2,FRIONA,"'X54",34.6542336111111,102.691881111111
2,FRISCO,"'TA77",33.1492858333333,96.8988922222222
2,FULSHEAR,"'X09",29.6900833333333,95.8404736111111
2,FULTON,"'9TE5",28.1544558333333,96.9769338888889
2,GAINESVILLE,"'GLE",33.6521944444444,97.1972777777778
2,GAINESVILLE,"'TX81",33.55,97.0380555555556
2,GAINESVILLE,"'XS62",33.5689416666667,97.1905777777778
2,GALVESTON,"'GLS",29.2653333333333,94.8604166666667
2,GANADO,"'TS08",29.08359,96.5002488888889
2,"GARDEN CITY","'TS13",31.7697777777778,101.310836111111
2,"GARDEN CITY","'73XS",31.7861111111111,101.534444444444
2,"GARDEN RIDGE","'TS55",29.6718916666667,98.3044583333333
2,GARDENDALE,"'12XA",32.0393333333333,102.348583333333
2,GARLAND,"'TX91",32.9076238888889,96.5969369444445
2,GATESVILLE,"'GOP",31.4212755555556,97.7969677777778
2,GATESVILLE,"'2TX5",31.4534969444444,97.7514111111111
2,GEOGETOWN,"'TS01",30.7126908333333,97.6502869444444
2,"GEORGE WEST","'8T6",28.3628055555556,98.1164722222222
2,"GEORGE WEST","'59TS",28.1430644444444,98.1583388888889
2,GEORGETOWN,"'0XA7",30.6624027777778,97.6224777777778
2,GEORGETOWN,"'07TS",30.625,97.5727777777778
2,GEORGETOWN,"'GTU",30.6788055555556,97.6793888888889
2,GEORGETOWN,"'TX92",30.5960288888889,97.6694525
2,GEORGETOWN,"'05TE",30.7221333333333,97.7914025
2,GEORGETOWN,"'30TA",30.5918619444444,97.7225094444444
2,GERONIMO,"'50TA",29.6877255555556,97.9961163888889
2,GIDDINGS,"'9TX1",30.1432727777778,96.8560908333333
2,GIDDINGS,"'GYB",30.1692777777778,96.9800277777778
2,GILMER,"'JXI",32.6980319444444,94.9488683333333
2,GLADEWATER,"'07F",32.5288333333333,94.97175
2,"GLEN ROSE","'XA04",32.2376186111111,97.8996437777778
2,"GLEN ROSE","'41TA",32.2373194444444,97.8706388888889
2,"GLEN ROSE","'TS61",32.2116666666667,97.6421666666667
2,"GLEN ROSE","'TA35",32.200485,97.8423530555556
2,"GLEN ROSE","'09TE",32.2668077777778,97.8669761111111
2,"GLEN ROSE","'TX93",32.1668108333333,97.8336411111111
2,"GLEN ROSE","'8TS7",32.2448652777778,97.7261386111111
2,GODLEY,"'20T",32.4706947222222,97.5603005555556
2,GODLEY,"'59TX",32.4872222222222,97.4902777777778
2,GODLEY,"'TX95",32.4140297222222,97.5322438888889
2,GOLDEN,"'XA90",32.7572222222222,95.5277777777778
2,GOLDTHWAITE,"'8TX3",31.3429430555556,98.6155977777778
2,GOLDTHWAITE,"'TA76",31.4313888888889,98.4669444444445
2,GOLDTHWAITE,"'T37",31.4290666666667,98.6083555555556
2,GOLIAD,"'18XA",28.6591,97.5987472222222
2,GONZALES,"'T20",29.5291236111111,97.4643027777778
2,GOODLAND,"'TX99",34.0067519444444,102.986608888889
2,GOODRICH,"'TE38",30.5927005555556,94.9093769444444
2,GORDON,"'83TS",32.4266666666667,98.4197222222222
2,GORDONVILLE,"'3T0",33.8393460833333,96.8100689722222
2,GORMAN,"'0TE6",32.2043041666667,98.66561
2,GRAFORD,"'F35",32.9233245833333,98.4368727777778
2,GRAHAM,"'4TA3",32.8987325,98.4600536111111
2,GRAHAM,"'RPH",33.1107222222222,98.5547777777778
2,GRAHAM,"'10TT",33.0151111111111,98.6260833333333
2,GRANBURY,"'GDJ",32.4444166666667,97.8169444444444
2,GRANBURY,"'0TX0",32.4195836111111,97.712805
2,GRANBURY,"'TS89",32.3511388888889,97.8087222222222
2,GRANBURY,"'0TX1",32.3536888888889,97.67615
2,GRANBURY,"'66TE",32.3655208333333,97.6450111111111
2,"GRAND PRAIRIE","'GPM",32.6987777777778,97.0469166666667
2,GRANDVIEW,"'XA75",32.324,97.0996666666667
2,GRANDVIEW,"'3XA0",32.3138888888889,97.2311111111111
2,GRANDVIEW,"'11TE",32.3001455555556,97.204455
2,GRANDVIEW,"'22TA",32.2153805555556,97.1402166666667
2,"GRANITE SHOALS","'2G5",30.5893547222222,98.3703036111111
2,GRAPELAND,"'7XS3",31.4765663888889,95.6349530555556
2,GREENVILLE,"'0TX9",33.2501130555556,96.1169177777778
2,GREENVILLE,"'31TS",33.1903925,96.1891425
2,GREENVILLE,"'37TS",32.9906741666667,96.0399705555555
2,GREENVILLE,"'GVT",33.0678333333333,96.0653333333333
2,GREENVILLE,"'77TA",33.1508333333333,96.0119444444444
2,GREENVILLE,"'XS14",32.9694444444444,96.0705555555556
2,GROESBECK,"'01TS",31.56525,96.5460972222222
2,GROVETON,"'33R",31.0843333333333,95.1641111111111
2,GRUVER,"'E19",36.2337261111111,101.432189444444
2,"GUN BARREL CITY","'74XA",32.3547222222222,96.1455555555556
2,GUTHRIE,"'6TE6",33.6427833333333,100.3472
2,GUTHRIE,"'1TX3",33.4250869444444,100.542061388889
2,GUTHRIE,"'1TX2",33.7167516666667,100.150382222222
2,"HALE CENTER","'1TX5",34.1292425,101.908788611111
2,HALFWAY,"'0TA2",34.2167394444444,101.925457777778
2,HALLETTSVILLE,"'34R",29.3899583333333,96.9560597222222
2,HAMILTON,"'MNZ",31.6659166666667,98.1486388888889
2,HAMILTON,"'1TX6",31.6984877777778,98.0964222222222
2,HAMILTON,"'8XA7",31.6936527777778,98.105875
2,HAMLIN,"'16TX",32.84967525,100.136648805556
2,HAMLIN,"'1TX7",32.805665,100.183713611111
2,HARLINGEN,"'2TS2",26.1684088888889,97.7336038888889
2,HARLINGEN,"'HRL",26.2271111111111,97.6551388888889
2,HARPER,"'XA41",30.3550166666667,99.2475333333333
2,HART,"'1TX8",34.3695163888889,102.083795277778
2,HARWOOD,"'32TA",29.6918969444444,97.4336041666667
2,HARWOOD,"'10TE",29.6668972222222,97.5002722222222
2,HASKELL,"'15F",33.1914868611111,99.7178726388889
2,HAWKINS,"'1TX9",32.6376380555556,95.1613336111111
2,HAWKINS,"'16TE",32.697635,95.2077230555556
2,HEARNE,"'1TE5",30.8163033333333,96.6010813888889
2,HEARNE,"'LHB",30.8720833333333,96.6221944444444
2,HEBBRONVILLE,"'TS69",27.4850336111111,98.6619611111111
2,HEBBRONVILLE,"'03TE",27.4911444444444,98.6694613888889
2,HEBBRONVILLE,"'HBV",27.3495555555556,98.7369444444444
2,HEBBRONVILLE,"'TA44",27.0756008333333,98.601685
2,HEMPSTEAD,"'4TA4",29.9393861111111,96.0604666666667
2,HEMPSTEAD,"'00XA",30.2240375,96.0141527777778
2,HENDERSON,"'RFI",32.1417227777778,94.8517280555556
2,HENLY,"'63XS",30.2240922222222,98.2886286111111
2,HENRIETTA,"'8TS2",33.7834341666667,98.2169894444445
2,HENRIETTA,"'TE10",33.8153777777778,98.2281008333333
2,HEREFORD,"'HRX",34.8606988888889,102.32588325
2,HEREFORD,"'5XS2",35.0333894444444,102.200476944444
2,HEXT,"'14TE",30.9168408333333,99.4836733333333
2,HICO,"'TA78",31.9723697222222,98.0614238888889
2,HICO,"'2TX2",32.0265352777778,98.0100338888889
2,HIGGINS,"'1X1",36.1059027777778,100.025706666667
2,HILL,"'9XS1",31.8355555555556,96.9527777777778
2,HILLSBORO,"'INJ",32.0836388888889,97.09725
2,"HILLTOP LAKES","'0TE4",31.0808083333333,96.2149805555556
2,HITCHCOCK,"'37TE",29.3602341666667,95.0099255555556
2,HOCKLEY,"'06TX",30.05755,95.8128944444444
2,HOCKLEY,"'TA90",29.9746672222222,95.8180058333333
2,HOLLIDAY,"'4TA5",33.8525977777778,98.6461694444445
2,HONDO,"'TE57",29.4448027777778,99.1227972222222
2,HONDO,"'HDO",29.3591305555556,99.1774916666667
2,"HONEY GROVE","'02XA",33.5913194444444,95.8828638888889
2,"HORSESHOE BAY","'DZB",30.5270513888889,98.3587569444445
2,HOUSTON,"'CXO",30.3533955277778,95.4150819444444
2,HOUSTON,"'T51",30.0427752777778,95.6672230555556
2,HOUSTON,"'DWH",30.0617791111111,95.5527884166667
2,HOUSTON,"'EFD",29.6073333333333,95.15875
2,HOUSTON,"'39R",29.5376111111111,95.4236388888889
2,HOUSTON,"'IAH",29.9844352777778,95.3414425
2,HOUSTON,"'21XS",29.5196786111111,95.2752136111111
2,HOUSTON,"'TME",29.8050277777778,95.8978888888889
2,HOUSTON,"'2H5",29.4991666666667,95.8983888888889
2,HOUSTON,"'AXH",29.5061388888889,95.4769166666667
2,HOUSTON,"'9X1",30.153375,95.3219888888889
2,HOUSTON,"'LVJ",29.5212777777778,95.2421388888889
2,HOUSTON,"'SGR",29.6222486111111,95.6565341666667
2,HOUSTON,"'IWS",29.8181944444444,95.6726111111111
2,HOUSTON,"'HOU",29.6454166666667,95.2788888888889
2,HOWE,"'1TE8",33.5489944444444,96.5583194444445
2,HUBBARD,"'1TS2",31.824325,96.7784638888889
2,HUNT,"'4TA6",30.0224330555556,99.3836572222222
2,HUNTINGTON,"'8TA8",31.1690786111111,94.5324255555556
2,HUNTSVILLE,"'UTS",30.7468888888889,95.5871666666667
2,HUNTSVILLE,"'57TS",30.7983166666667,95.5421638888889
2,HYE,"'0TS0",30.2517111111111,98.5624388888889
2,IDALOU,"'2TX6",33.6817508333333,101.668498055556
2,INDIANOLA,"'5TS9",28.5302775,96.5274758333333
2,INDUSTRY,"'6TS8",30.0033333333333,96.5811111111111
2,INGLESIDE,"'TFP",27.9130277777778,97.2115
2,IOLA,"'3TE0",30.7315833333333,96.1310680555555
2,IRAAN,"'2F0",30.9062222222222,101.889805555556
2,IREDELL,"'13XA",31.9521194444444,97.8357777777778
2,IREDELL,"'79TX",31.90125,97.8543333333333
2,JACKSBORO,"'TA59",33.0992838888889,98.2894927777778
2,JACKSBORO,"'TE55",33.4216666666667,98.1905555555556
2,JACKSBORO,"'21F",33.2278611111111,98.1464444444444
2,JACKSBORO,"'TS02",33.1195611111111,98.2306022222222
2,JACKSONVILLE,"'1TE3",31.9173908333333,95.2071683333333
2,JACKSONVILLE,"'JSO",31.8693303611111,95.2174054722222
2,JACKSONVILLE,"'17XA",32.0138888888889,95.2963888888889
2,JARRELL,"'6TA8",30.8318333333333,97.6702388888889
2,JARRELL,"'40TE",30.7886722222222,97.6556944444444
2,JASPER,"'JAS",30.8856944444444,94.0349444444444
2,JAYTON,"'22F",33.2291111111111,100.569111111111
2,JAYTON,"'TS62",33.2000941666667,100.518446944444
2,JEFFERSON,"'24F",32.7443141666667,94.3046886111111
2,JEFFERSON,"'6F7",32.827,94.3545277777778
2,JERMYN,"'04XA",33.2839333333333,98.4028611111111
2,JEWETT,"'8TX0",31.4283888888889,96.1348611111111
2,JEWETT,"'40TA",31.3129561111111,96.2205213888889
2,"JOHNSON CITY","'XA02",30.2802,98.4264111111111
2,"JOHNSON CITY","'2XS1",30.2188777777778,98.3027402777778
2,"JOHNSON CITY","'0TE7",30.2518127777778,98.6225311111111
2,JOSHUA,"'TE45",32.4698616666667,97.4652977777778
2,JOSHUA,"'8TS5",32.4679177777778,97.3683502777778
2,JUNCTION,"'JCT",30.5111111111111,99.7628888888889
2,JUNCTION,"'52TE",30.5168536111111,99.5170027777778
2,JUNCTION,"'7TA6",30.3822111111111,99.6192638888889
2,JUNCTION,"'18TA",30.1363141666667,99.7436736111111
2,JUSTICEBURG,"'TS21",33.0848333333333,101.114833333333
2,JUSTIN,"'3T6",33.1336111111111,97.2970277777778
2,JUSTIN,"'05TS",33.1292875,97.3586305555556
2,JUSTIN,"'0TS1",33.0987325,97.2725169444444
2,JUSTIN,"'3TX7",33.1408333333333,97.3711111111111
2,JUSTIN,"'3TX2",33.0806775,97.3489077777778
2,JUSTIN,"'2TX7",33.0945661111111,97.3961313888889
2,JUSTIN,"'16X",33.0806111111111,97.3584166666667
2,JUSTIN,"'XA0",33.1481666666667,97.2800277777778
2,JUSTIN,"'7XA2",33.1488833333333,97.3740138888889
2,JUSTIN,"'3TX3",33.1195652777778,97.3197405555556
2,"KARNES CITY","'2TE6",28.8877541666667,98.0502827777778
2,KAUFMAN,"'TA46",32.5626358333333,96.401095
2,KAUFMAN,"'XA42",32.3755555555556,96.3870666666667
2,KAUFMAN,"'0TA4",32.4979158333333,96.2705344444445
2,KAUFMAN,"'28XS",32.6459658333333,96.3252586111111
2,KAUFMAN,"'8TS6",32.5331925,96.3224808333333
2,KEENE,"'TX67",32.3606,97.3025
2,KELLER,"'7TX4",32.9667913888889,97.2752936111111
2,KEMPNER,"'6TS1",31.1779475,98.0730833333333
2,KENEDY,"'4XA2",28.7904305555556,97.7654583333333
2,KENEDY,"'2R9",28.8249856944444,97.8655683333333
2,KENNARD,"'63TE",31.3535144444444,95.2057722222222
2,KENNARD,"'TS99",31.3504888888889,95.1598833333333
2,KENNEDALE,"'4TX4",32.6279125,97.1919563888889
2,KENT,"'XS44",31.0152777777778,104.212305555556
2,KENT,"'32TX",30.7920055555556,104.250855555556
2,KERENS,"'63TX",32.0103111111111,96.1771277777778
2,KERENS,"'4TX5",32.2298702777778,96.2596991666667
2,KERRICK,"'5TE4",36.5083591666667,102.392125277778
2,KERRVILLE,"'64TE",30.1590922222222,99.3372694444444
2,KERRVILLE,"'TA73",29.9746583333333,99.1683736111111
2,KERRVILLE,"'XA43",29.9081111111111,99.2069027777778
2,KERRVILLE,"'ERV",29.9766666666667,99.0854722222222
2,KERRVILLE,"'60TE",30.1413833333333,99.1504666666667
2,KILGORE,"'4TX6",32.4126502777778,94.8182691666667
2,KILLEEN,"'67TE",30.9496244444444,97.7966841666667
2,KILLEEN,"'ILE",31.0858333333333,97.6865
2,KILLEEN,"'69TS",30.9987894444444,97.7558505555556
2,KINCKERBOKER,"'5XA0",31.2555833333333,100.6476
2,KINGSBURY,"'85TE",29.6341944444444,97.8116944444444
2,KINGSLAND,"'54TX",30.6774166666667,98.5252666666667
2,KINGSLAND,"'TS18",30.6543513888889,98.4786413888889
2,KINGSLAND,"'44TE",30.6835172222222,98.4169733333333
2,KINGSVILLE,"'40TS",27.4448444444444,97.9059416666667
2,KINGSVILLE,"'NQI",27.5045147222222,97.8082888888889
2,KINGSVILLE,"'IKG",27.5508611111111,98.0309166666667
2,KIRBYVILLE,"'T12",30.646565,93.9149033333333
2,"KNOX CITY","'F75",33.4381505555556,99.8128688888889
2,"KNOX CITY","'TT10",33.4290277777778,99.9477777777778
2,"KNOX CITY","'4TX7",33.4195388888889,99.8656483333333
2,KOUNTZE/SILSBEE,"'45R",30.3363333333333,94.2575555555556
2,KRESS,"'29F",34.3928333333333,101.759916666667
2,KRESS,"'6TX4",34.3434,101.544336111111
2,KRUM,"'4TX8",33.2487291666667,97.2239052777778
2,KRUM,"'E58",33.3064555555556,97.3471277777778
2,KRUM,"'2TX8",33.3081713888889,97.3797436111111
2,KRUM,"'TA47",33.3013888888889,97.245
2,KRUM,"'XA72",33.2769444444444,97.2894444444444
2,KRUM,"'85XA",33.30955,97.3111611111111
2,"LA GRANGE","'3T5",29.9079722222222,96.95
2,"LA GRANGE","'9TE6",29.9168919444444,96.8002561111111
2,"LA PORTE","'T41",29.66925,95.0641944444444
2,"LA PRYOR","'72TE",28.8790555555556,99.9924722222222
2,"LA PRYOR","'TE83",28.9208,99.75615
2,"LA VERNIA","'TE12",29.3002386111111,98.1836202777778
2,"LA WARD","'TX0",28.7400583333333,96.4681888888889
2,"LA WARD","'47TE",28.8516547222222,96.4974727777778
2,LAGARTO,"'79TE",28.1155658333333,97.9308338888889
2,"LAGO VISTA","'RYW",30.4985833333333,97.9694722222222
2,"LAGUNA PARK","'TX82",31.8636798611111,97.38117625
2,LAJITAS,"'T89",29.2771252777778,103.685794722222
2,"LAKE DALLAS","'30F",33.1313888888889,97.0141944444444
2,LAKEWAY,"'3R9",30.3574911111111,97.9944677777778
2,LAMESA,"'XA77",32.7486111111111,101.779444444444
2,LAMESA,"'LUV",32.7563055555556,101.920222222222
2,LAMESA,"'9TE3",32.5778830555556,101.930983611111
2,LAMPASAS,"'71XS",31.1668555555556,98.2458388888889
2,LAMPASAS,"'69TE",30.9262877777778,98.2364169444445
2,LAMPASAS,"'TE48",31.0448966666667,98.0428030555556
2,LAMPASAS,"'LZZ",31.1061944444444,98.1959166666667
2,LAMPASAS,"'76TA",31.3014194444444,98.2243722222222
2,LAMPASAS,"'1TX0",31.0269527777778,98.3530527777778
2,LANCASTER,"'LNC",32.5776041666667,96.7175027777778
2,LANEVILLE,"'10TS",31.9978805555556,94.7998152777778
2,LANGTRY,"'48TE",30.021,101.573055555556
2,LANGTRY,"'2TE8",29.8075416666667,101.787444444444
2,LAREDO,"'LRD",27.5441944444444,99.4615833333333
2,LAREDO,"'TE32",27.3086344444444,99.4814305555556
2,LAREDO,"'0TE5",27.4337944444444,99.1859388888889
2,LARUE,"'TA50",32.1759861111111,95.6355138888889
2,LATEXO,"'8TS3",31.3901791666667,95.4732816666667
2,LAWRENCE,"'6TA3",32.7213888888889,96.7238888888889
2,LEAKEY,"'7TE4",29.5968947222222,99.8453383333333
2,LEAKEY,"'XA31",29.8168866666667,99.7878391666667
2,LEAKEY,"'57TE",29.9388255555556,99.7833958333333
2,LEAKEY,"'49R",29.7455011111111,99.7608925
2,LEDBETTER,"'0TS4",30.0918855555556,96.7949780555555
2,LEONARD,"'TE06",33.3792772222222,96.316925
2,LEONARD,"'5TX2",33.4223313888889,96.2169219444444
2,LEONARD,"'6TA2",33.3722222222222,96.3622222222222
2,LEVELLAND,"'LLN",33.5525277777778,102.372527777778
2,LEWISVILLE,"'5TX6",33.0167894444444,97.0725097222222
2,LEWISVILLE,"'TA21",33.0181783333333,97.1191780555556
2,LEXINGTON,"'TA75",30.3916666666667,97.1083333333333
2,LEXINGTON,"'TE75",30.4125,96.9666666666667
2,LIBERTY,"'T78",30.0778055555556,94.6985555555556
2,"LIBERTY HILL","'91TE",30.7239722222222,97.8629166666667
2,"LIBERTY HILL","'9TX4",30.6596333333333,97.911125
2,"LIBERTY HILL","'XS12",30.6781277777778,98.01735
2,LILLIAN,"'85TA",32.4631583333333,97.1498555555555
2,LINDEN,"'5TX8",33.032075,94.3793602777778
2,LINDSAY,"'7T0",33.5936111111111,97.2188888888889
2,"LITTLE ELM","'76TX",33.1473422222222,96.97584
2,LITTLEFIELD,"'LIU",33.9239441944444,102.386673777778
2,LIVERPOOL,"'15XS",29.3327386111111,95.3341030555556
2,LIVINGSTON,"'00R",30.6858611111111,95.0179166666667
2,LLANO,"'XS00",30.6372222222222,98.7483333333333
2,LLANO,"'TS46",30.737375,98.7036722222222
2,LLANO,"'31XA",30.8850833333333,98.5955888888889
2,LLANO,"'AQO",30.7842222222222,98.6598888888889
2,LLANO,"'44TS",30.5776861111111,98.8336536111111
2,LOCKHART,"'50R",29.8503333333333,97.6724166666667
2,LOCKHART,"'30TS",29.8489944444444,97.7689583333333
2,LOCKHART,"'2XA5",29.8036833333333,97.6912166666667
2,LOCKNEY,"'TE70",34.131525,101.42285
2,LOCKNEY,"'5XS7",34.2297361111111,101.463736111111
2,LOMETA,"'XA44",31.2661111111111,98.4238888888889
2,LOMETA,"'7TE3",31.2335002777778,98.4669819444444
2,"LONE OAK","'9XS7",32.9470638888889,95.9585777777778
2,"LONE OAK","'XA45",33.0211666666667,95.9308333333333
2,LONGVIEW,"'3TS0",32.5084813888889,94.7002094444445
2,LONGVIEW,"'GGG",32.384,94.7115
2,LONGVIEW,"'XS02",32.5101,94.8245444444444
2,LONGVIEW,"'2XA7",32.615,94.7655555555556
2,"LOS FRESNOS","'92TA",26.1211872222222,97.4280375
2,LOTT,"'TS81",31.1574444444444,97.07525
2,LOTT,"'63XA",31.2156166666667,97.0038222222222
2,LOUISE,"'T26",29.1082777777778,96.3987777777778
2,LOVING,"'95TS",33.2308333333333,98.4897222222222
2,LUBBOCK,"'47XS",33.4725,101.785277777778
2,LUBBOCK,"'F82",33.4856425,101.812663333333
2,LUBBOCK,"'LBB",33.6636666666667,101.820555555556
2,LUBBOCK,"'8XS8",33.5902777777778,102.036666666667
2,LUBBOCK,"'82TE",33.4212527777778,101.938541666667
2,LUFKIN,"'LFK",31.2340277777778,94.75
2,LUFKIN,"'2TA1",31.3901838888889,94.6910413888889
2,LUFKIN,"'25TX",31.3128305555556,94.6443305555556
2,LUFKIN,"'TX49",31.2916666666667,94.6994444444444
2,LULING,"'T91",29.7282825,97.6594427777778
2,MADISONVILLE,"'47TS",31.0479641666667,95.9177308333333
2,MADISONVILLE,"'TT20",30.9647222222222,95.8347222222222
2,MADISONVILLE,"'51R",30.9128333333333,95.952
2,MALAKOFF,"'2TS4",32.1397222222222,95.9702777777778
2,MALONE,"'XS55",31.9293222222222,96.9388861111111
2,MANSFIELD,"'6TX7",32.5376375,97.1308427777778
2,MANSFIELD,"'6TX8",32.5559705555556,97.2064008333333
2,MANVEL,"'3T2",29.4790833333333,95.3265555555555
2,MARATHON,"'92TE",29.9668541666667,102.933774166667
2,MARATHON,"'5TE5",30.2668583333333,103.233616666667
2,MARATHON,"'48XS",29.92657,103.294898888889
2,MARATHON,"'93TE",29.8096358333333,102.908495833333
2,MARATHON,"'TA64",29.7009166666667,103.15
2,MARATHON,"'09TS",29.4824188888889,103.164892777778
2,MARATHON,"'6TX9",29.8549133333333,102.791545
2,"MARBLE FALLS","'XS03",30.4813038888889,98.2811316666667
2,"MARBLE FALLS","'86TA",30.6126872222222,98.2975238888889
2,MARFA,"'0TA7",30.1497861111111,103.900948027778
2,MARFA,"'TS15",29.8929486111111,104.261583333333
2,MARFA,"'21TE",30.2902666666667,104.003513888889
2,MARFA,"'MRF",30.3711111111111,104.017527777778
2,MARFA,"'5TE1",29.64,103.945833333333
2,MARION,"'TT45",29.4983333333333,98.155
2,MARION,"'1TE4",29.4955091666667,98.1577866666667
2,MARKHAM,"'XS07",28.9502583333333,96.0599602777778
2,MARLIN,"'T15",31.3406666666667,96.8520277777778
2,MARQUEZ,"'TA23",31.2612908333333,96.2163536111111
2,MARSHALL,"'ASL",32.5205,94.3077777777778
2,MASON,"'0TA8",30.6708333333333,99.3319444444444
2,MASON,"'5TX1",30.7931277777778,99.2165861111111
2,MASON,"'5XA6",30.7712055555556,99.5157638888889
2,MASON,"'8TX6",30.9403916666667,99.1899138888889
2,MASON,"'T92",30.7321930277778,99.1840059722222
2,MASON,"'XS08",30.8768402777778,99.1994980555556
2,MASON,"'1XS4",30.6337444444444,99.1946055555556
2,MASON,"'6TX1",30.7288333333333,99.3401805555556
2,MATADOR,"'8TE0",33.9647222222222,100.788680555556
2,MAYPEARL,"'34TE",32.2320916666667,97.0086122222222
2,MAYPEARL,"'TA26",32.2963611111111,97.0568055555556
2,MAYPEARL,"'19XS",32.2971944444444,97.0868916666667
2,"MC ADOO","'18XS",33.8000819444444,101.033754444444
2,"MC ALLEN","'MFE",26.1758333333333,98.2386111111111
2,"MC CAMEY","'E48",31.1251483333333,102.225415
2,"MC CLENDON-CHISHOLM","'19TA",32.8223483333333,96.4169291666667
2,"MC GREGOR","'XS57",31.4653555555556,97.4047916666667
2,"MC GREGOR","'TE84",31.4651638888889,97.4752916666667
2,"MC KINNEY","'T31",33.20845,96.7419411111111
2,"MC KINNEY","'TS63",33.2459483333333,96.5641555555556
2,"MC LEAN","'2E7",35.2468611111111,100.546805555556
2,MCKINNEY,"'61XA",33.239375,96.6997083333333
2,MCKINNEY,"'XS42",33.266375,96.5167222222222
2,MCLEAN,"'0TS9",35.3401055555556,100.629575
2,MEDINA,"'87XS",29.7911111111111,99.2641666666667
2,MEDINA,"'XS11",29.7766108333333,99.3592105555555
2,MEDINA,"'XS13",29.8166094444444,99.1967061111111
2,MEMPHIS,"'F21",34.7395894444444,100.529700833333
2,MENARD,"'XA92",30.87,100.102777777778
2,MENARD,"'TE15",30.8910080555556,99.6325658333333
2,MENARD,"'T50",30.9324722222222,99.8092277777778
2,MENARD,"'XS15",30.7710111111111,99.9003505555555
2,MERCEDES,"'5XS6",26.1753527777778,97.8752761111111
2,MERIDIAN,"'4TE6",31.8388166666667,97.7951638888889
2,MERIT,"'31XS",33.183725,96.2702555555556
2,MERTZON,"'03XS",31.3180555555556,100.754166666667
2,MESQUITE,"'HQZ",32.7469627777778,96.5304172222222
2,MEXIA,"'LXY",31.6411783333333,96.5144594444444
2,MEXIA,"'11TS",31.6579461111111,96.4113666666667
2,MIAMI,"'3E0",35.7139322222222,100.603192222222
2,MIAMI,"'5TE8",35.7611536111111,100.751809166667
2,MIDLAND,"'7TX5",32.2170591666667,102.159865833333
2,MIDLAND,"'MDD",32.0365704444444,102.101527555556
2,MIDLAND,"'MAF",31.9425277777778,102.201916666667
2,MIDLAND,"'7TX7",32.06945,102.025691666667
2,MIDLAND,"'7T7",31.8550833333333,102.073944444444
2,MIDLOTHIAN,"'T56",32.5128122222222,96.9267768055555
2,MIDLOTHIAN/WAXAHACHIE,"'JWY",32.4582930555556,96.9125263888889
2,MIDWAY,"'TA82",31.0610666666667,95.7514944444444
2,MILANO,"'XS17",30.7090838888889,96.9019263888889
2,MILFORD,"'TE50",32.173205,96.9661108333333
2,MILLICAN,"'XS18",30.3846516666667,96.2246825
2,MILLSAP,"'TE34",32.76263,97.9728186111111
2,MINEOLA,"'XA46",32.6936361111111,95.4543611111111
2,MINEOLA,"'3F9",32.6766749722222,95.5109581111111
2,MINEOLA,"'TX62",32.6334683333333,95.4391213888889
2,MINEOLA/QUITMAN,"'JDD",32.7421944444444,95.4964722222222
2,"MINERAL WELLS","'12TS",32.9084575,97.9772619444444
2,"MINERAL WELLS","'0TS7",32.8334594444444,98.1253222222222
2,"MINERAL WELLS","'MWL",32.7816055555556,98.060175
2,"MINERAL WELLS","'TX34",32.8479583333333,97.9843055555556
2,"MIRANDO CITY","'TE89",27.2796203333333,98.9674923611111
2,MISSION,"'7TE7",26.3836786111111,98.3336266666667
2,MOFFAT,"'6TS4",31.1862866666667,97.3905633333333
2,MONAHANS,"'E01",31.5824722222222,102.909027777778
2,MONAVILLE,"'TX42",29.9365305555556,96.0365277777778
2,"MONT BELVIEU","'4TX0",29.8635541666667,94.8343672222222
2,MONTGOMERY,"'33TA",30.3329861111111,95.6121663888889
2,MONTGOMERY,"'TE85",30.3423861111111,95.6616777777778
2,MOODY,"'XA47",31.3097222222222,97.4848055555556
2,MORAN,"'1TA1",32.6283333333333,99.1402777777778
2,MORAN,"'57XS",32.4920222222222,99.1461777777778
2,MORGAN,"'TX36",32.0609166666667,97.5885833333333
2,MORGAN,"'TX28",32.0216666666667,97.6776388888889
2,MORGAN,"'43TA",32.0251505555556,97.6264111111111
2,MORGAN,"'84TE",31.9880666666667,97.5431805555556
2,MORTON,"'F85",33.7292638888889,102.733818333333
2,"MOUNT PLEASANT","'XS70",33.1405833333333,95.0225805555555
2,"MOUNT PLEASANT","'OSA",33.0968888888889,94.96175
2,"MOUNT SELMAN","'6X0",32.0975,95.2948611111111
2,"MOUNT VERNON","'F53",33.2153333333333,95.2372222222222
2,"MOUNTAIN HOME","'44XS",30.2844277777778,99.4737861111111
2,"MOUNTAIN HOME","'87TA",30.1890911111111,99.2697680555555
2,"MOUNTAIN HOME","'XS20",30.1540927777778,99.2978238888889
2,"MOUNTAIN HOME","'4TS5",30.2219166666667,99.4984
2,"MOUNTAIN HOME","'84XS",30.255,99.3988888888889
2,"MOUNTAIN HOME","'XS23",30.1265933333333,99.4711613888889
2,"MOUNTAIN HOME","'TE33",30.1318055555556,99.2936111111111
2,"MOUNTAIN HOME","'XS22",30.2040877777778,99.6736711111111
2,"MOUNTAIN SPRINGS","'XA78",33.4623083333333,97.0709805555556
2,MUENSTER,"'XA48",33.6415111111111,97.31565
2,MULDOON,"'XS24",29.8296716666667,97.0991525
2,MULESHOE,"'1TE0",34.2695216666667,102.717159722222
2,MULESHOE,"'2T1",34.1851363888889,102.641098055556
2,MULLIN,"'7TE5",31.6791666666667,98.6636111111111
2,MULLIN,"'TA24",31.472525,98.7020194444444
2,MULLIN,"'TA89",31.5237738888889,98.8003255555556
2,MUNDAY,"'37F",33.4687222222222,99.5862222222222
2,MURCHISON,"'71XA",32.3529305555556,95.7163277777778
2,NACOGDOCHES,"'OCH",31.5777638888889,94.7101111111111
2,NAVASOTA,"'TS87",30.4179833333333,96.0794011111111
2,NAVASOTA,"'60R",30.3671388888889,96.1129444444444
2,NEEDVILLE,"'XS25",29.3846861111111,95.6830030555555
2,NEEDVILLE,"'87TE",29.4519086111111,95.8655083333333
2,NEVADA,"'3TE3",33.0740138888889,96.432
2,"NEW BERLIN","'TE67",29.4291222222222,98.1316722222222
2,"NEW BERLIN","'TE86",29.4444444444444,98.1127777777778
2,"NEW BOSTON","'70XA",33.3927138888889,94.4414222222222
2,"NEW BRAUNFELS","'5TS8",29.8085527777778,98.2725138888889
2,"NEW BRAUNFELS","'77TS",29.7994444444444,98.085
2,"NEW BRAUNFELS","'48TS",29.6677255555556,98.1988991666667
2,"NEW BRAUNFELS","'9TA1",29.6585591666667,98.1377863888889
2,"NEW BRAUNFELS","'BAZ",29.70575,98.0432222222222
2,"NEW GULF","'1TX4",29.2733402777778,95.8869027777778
2,"NEW WAVERLY","'XS09",30.5375,95.4363888888889
2,"NEW WAVERLY","'73TX",30.5695277777778,95.4823611111111
2,NEWTON,"'61R",30.8840555555556,93.7424722222222
2,NOME,"'XS27",30.0377141666667,94.3960227777778
2,NORMANGEE,"'6TS6",31.0415747222222,96.2016272222222
2,"OAK ISLAND","'1TS0",29.6705033333333,94.6707508333333
2,OAKWOOD,"'89TS",31.5668722222222,95.7666708333333
2,ODESSA,"'71TA",31.8307916666667,102.247566666667
2,ODESSA,"'ODO",31.9214151666667,102.387132861111
2,OILTON,"'13TS",27.4553069444444,98.9264125
2,"OLD BOSTON","'7TX9",33.3587322222222,94.4376997222222
2,"OLD OCEAN","'08XS",29.1080555555556,95.7775
2,OLNEY,"'ONY",33.3508888888889,98.8191666666667
2,OLTON,"'XS06",34.1229055555556,102.171294444444
2,ORANGE,"'ORG",30.0684516111111,93.8040202222222
2,"ORANGE GROVE","'TA56",28.0566527777778,98.1420416666667
2,"ORANGE GROVE","'NOG",27.8968184166667,98.0435553611111
2,ORANGEFIELD,"'XS33",30.0624336111111,93.8646147222222
2,ORCHARD,"'TA97",29.6374588888889,95.9688444444445
2,OVILLA,"'TS71",32.527915,96.9438919444444
2,OZONA,"'OZA",30.7351944444444,101.202194444444
2,OZONA,"'4TA8",30.616845,101.017048333333
2,PADUCAH,"'TX12",34.2789388888889,100.092852777778
2,PADUCAH,"'3F6",34.0276330555556,100.2820025
2,PADUCAH,"'2TS5",34.0233333333333,100.343611111111
2,PAIGE,"'1XA5",30.1350166666667,97.1429166666667
2,PAIGE,"'9TE7",30.2452777777778,97.0827777777778
2,"PAINT ROCK","'06TS",31.4215916666667,99.836575
2,PALACIOS,"'3XS1",28.7672111111111,96.3069130555556
2,PALACIOS,"'PSX",28.7275,96.2509444444445
2,PALACIOS,"'XS35",28.7391558333333,96.2191333333333
2,PALESTINE,"'11XA",31.9497222222222,95.7130555555556
2,PALESTINE,"'PSN",31.7796944444444,95.7063055555556
2,PALMER,"'T13",32.4773833333333,96.6854166666667
2,"PALO PINTO","'TA65",32.8212344444444,98.4786652777778
2,PAMPA,"'XS28",35.4541277777778,100.993813888889
2,PAMPA,"'TX13",35.8892777777778,101.030138888889
2,PAMPA,"'PPA",35.613,100.99625
2,PANDALE,"'XS36",30.2535277777778,101.691630555556
2,PANHANDLE,"'T45",35.3616944444444,101.365083333333
2,PANHANDLE,"'3TE5",35.3306038888889,101.385166944444
2,PARADISE,"'0XA0",33.0140055555556,97.7084805555556
2,PARADISE,"'4XS2",33.1705555555556,97.7316666666667
2,PARIS,"'XS30",33.6051069444444,95.4818991666667
2,PARIS,"'PRX",33.6366111111111,95.45075
2,PARIS,"'39TA",33.6526044444444,95.6557936111111
2,PARIS,"'XS88",33.8573833333333,95.7047944444444
2,PARKER,"'65XS",32.2232038888889,97.2816797222222
2,PARKER,"'TE16",32.250425,97.2972358333333
2,PARKER,"'TX74",32.2613888888889,97.2752777777778
2,PATTISON,"'TS44",29.8424472222222,96.0256097222222
2,PATTISON,"'1TS1",29.9127258333333,95.9941230555555
2,PAWNEE,"'XS71",28.7486666666667,98.0455277777778
2,"PEAR VALLEY","'8XS0",31.30605,99.4928194444445
2,PEARLAND,"'T79",29.5557894444444,95.3279930555556
2,PEARSALL,"'XS40",28.8053805555556,99.0061472222222
2,PEARSALL,"'T30",28.82225,99.1090277777778
2,PECOS,"'96XA",31.2844444444444,103.643888888889
2,PECOS,"'PEQ",31.3823888888889,103.510722222222
2,PEORIA,"'TE99",32.0215,97.2537333333333
2,PERRYTON,"'PYX",36.4129177777778,100.751576388889
2,PETTY,"'4TX3",33.6612138888889,95.8335775
2,PICKTON,"'TS54",33.0148411111111,95.4343941666667
2,"PINE SPRINGS","'2TA3",31.7181772222222,104.597995833333
2,PINELAND,"'T24",31.2335219444444,93.9818555555556
2,"PIPE CREEK","'TA66",29.7141122222222,98.8600286111111
2,"PIPE CREEK","'XS43",29.6616147222222,98.95642
2,PITTSBURG,"'XA23",33.0177777777778,94.97
2,PLAINS,"'F98",33.2171944444444,102.830083333333
2,PLAINVIEW,"'PVW",34.1681472222222,101.717336111111
2,PLAINVIEW,"'9TX3",34.1689608333333,101.635171388889
2,PLAINVIEW,"'7TA3",34.1809061111111,101.837399722222
2,PLAINVIEW,"'6TS0",34.0892202777778,101.740461388889
2,PLANTERSVILLE,"'TS75",30.3176361111111,95.8579875
2,PLEASANTON,"'PEZ",28.9541944444444,98.5199722222222
2,POINT,"'TE74",32.9536111111111,95.8669444444444
2,PONDER,"'74T",33.1830111111111,97.2546125
2,PONTOTOC,"'3XA7",30.8908166666667,99.0061833333333
2,POOLVILLE,"'27XA",32.9793888888889,97.8899166666667
2,"PORT ARANSAS","'RAS",27.8118333333333,97.08875
2,"PORT ISABEL","'PIL",26.1661944444444,97.3458888888889
2,"PORT LAVACA","'PKV",28.6533055555556,96.6827222222222
2,"PORT LAVACA","'10XA",28.6799472222222,96.6608972222222
2,"PORT LAVACA","'9TE4",28.5697555555556,96.6338472222222
2,"PORT MANSFIELD","'T05",26.5601555555556,97.43925
2,"PORT O'CONNOR","'72TA",28.4507361111111,96.3039861111111
2,PORTLAND,"'9R5",27.8866671388889,97.3496360555555
2,PORTLAND,"'TE87",27.9158333333333,97.3202777777778
2,POST,"'2TE7",33.2281666666667,101.13535
2,POST,"'9TX6",33.1750952777778,101.024016388889
2,POST,"'5F1",33.2033055555556,101.338222222222
2,POST,"'TS22",33.1369888888889,101.466266666667
2,POTEET,"'XS47",29.0002475,98.5711294444444
2,POTTSBORO,"'TS85",33.8105555555556,96.7038888888889
2,POTTSBORO,"'9TX7",33.8417688888889,96.6697186111111
2,POTTSBORO,"'TE68",33.7441166666667,96.6598833333333
2,POYNOR,"'XS91",32.0865,95.5993333333333
2,PREMONT,"'XS50",27.3836483333333,98.3100080555556
2,PREMONT,"'XS51",27.4044819444444,98.1447263888889
2,PREMONT,"'8TX8",27.3608719444444,98.1794494444444
2,PRESIDIO,"'3T9",29.4710833333333,103.936416666667
2,PRESIDIO,"'PRS",29.6342125,104.361494444444
2,PRINCETON,"'34TA",33.1670605555556,96.4872086111111
2,PROSPER,"'47TA",33.2559502777778,96.8852802777778
2,PURDON,"'83TA",31.9002777777778,96.6002777777778
2,QUANAH,"'F01",34.2771108333333,99.7596816666667
2,QUEMADO,"'50XS",29.0432977777778,100.584526388889
2,QUINLAN,"'T14",32.9524958333333,96.0958930555556
2,QUITAGUE,"'3TS5",34.3616694444444,101.083341666667
2,RALLS,"'30TE",33.8111933333333,101.396268611111
2,RANGER,"'TA25",32.4317222222222,98.59475
2,RANGER,"'F23",32.451475,98.6815125
2,RANKIN,"'49F",31.2270277777778,101.952916666667
2,RAVENNA,"'09TA",33.7244166666667,96.2983055555556
2,RAYMONDVILLE,"'XS56",26.4486794444444,97.79194
2,RAYMONDVILLE,"'92XS",26.4789566666667,97.6872133333333
2,RAYWOOD,"'XS58",30.0441038888889,94.7057538888889
2,REALITOS,"'14TS",27.4216666666667,98.6043611111111
2,REFUGIO,"'XS59",28.28084,97.2113808333333
2,REFUGIO,"'RFG",28.2960666666667,97.3263805555555
2,REKLAW,"'7TA7",31.8398944444444,94.9613277777778
2,REVENNA,"'TX47",33.7076833333333,96.22385
2,RHOME,"'7TS0",33.0944444444444,97.4272222222222
2,RHOME,"'TA02",33.1028991666667,97.4641888888889
2,RHOME,"'T76",33.1492866666667,97.496135
2,"RICHLAND SPRINGS","'XS61",31.1148894444444,99.0033802777778
2,RIESEL,"'XA15",31.4269444444444,96.9797222222222
2,"RIO GRANDE CITY","'67R",26.4242833333333,98.8460805555556
2,"RIO HONDO","'XS64",26.2489622222222,97.5649866666667
2,"RIO VISTA","'TE47",32.2090372222222,97.3177916666667
2,"RIO VISTA","'3TX6",32.2334805555556,97.3808494444445
2,"RISING STAR","'TX88",32.1599194444444,98.9478
2,ROANOKE,"'52F",33.0498447222222,97.2322375
2,ROBINSON,"'TE17",31.4390580555556,97.1469458333333
2,ROBINSON,"'XA51",31.4183333333333,97.1258333333333
2,ROBSTOWN,"'TE62",27.8542658333333,97.6822747222222
2,ROBSTOWN,"'RBO",27.7781388888889,97.6901111111111
2,ROBSTOWN,"'XS66",27.8039130555556,97.7436075
2,ROCKDALE,"'4XA4",30.6835527777778,97.1433777777778
2,ROCKDALE,"'RCK",30.6313763888889,96.9894875
2,ROCKPORT,"'RKP",28.0862222222222,97.0436944444444
2,ROCKPORT,"'XS67",27.9444575,96.98501
2,ROCKSPRINGS,"'ECU",29.9469195833333,100.173854666667
2,ROCKSPRINGS,"'3TA0",30.0970222222222,100.40455025
2,ROCKSPRINGS,"'8TX2",29.9785441666667,100.201746666667
2,ROCKSPRINGS,"'XS69",29.9113263888889,100.000349166667
2,ROCKWALL,"'T48",32.8681222222222,96.2191416666667
2,ROCKWALL,"'F46",32.9305944444444,96.4354855555556
2,ROMAYOR,"'XS72",30.4835386111111,94.8335402777778
2,ROPESVILLE,"'TS84",33.4017972222222,102.310230555556
2,ROSANKY,"'76XA",29.9123055555556,97.3733055555556
2,ROSENBERG,"'T54",29.5244055555556,95.7752280555556
2,ROSHARON,"'TE88",29.3569416666667,95.4594027777778
2,ROSHARON,"'TA33",29.3580197222222,95.6352238888889
2,ROSHARON,"'91TS",29.3674083333333,95.3405555555556
2,ROSSTON,"'XA16",33.4941666666667,97.4655555555556
2,ROTAN/ROBY,"'56F",32.8243055555556,100.412833333333
2,"ROUND MOUNTAIN","'71TE",30.3779744444444,98.3761341666667
2,"ROUND MOUNTAIN","'XS75",30.4563888888889,98.4897222222222
2,"ROYSE CITY","'68TS",32.8751238888889,96.2877575
2,"ROYSE CITY","'TT32",33.0119166666667,96.4104722222222
2,"ROYSE CITY","'33XA",32.8569555555556,96.3082902777778
2,RUIDOSA,"'3TE4",30.0087736111111,104.664646666667
2,SABINAL,"'83TE",29.4968975,99.493935
2,SADLER,"'15TX",33.7545472222222,96.8435583333333
2,SADLER,"'XS31",33.7017725,96.8319452777778
2,SALADO,"'2TX",30.9207347222222,97.5405041666667
2,"SALT FLAT","'76TE",31.5001211111111,105.083836666667
2,"SALT FLAT","'65TX",31.7751333333333,105.431316666667
2,"SAN ANGELO","'TS65",31.3584963888889,100.610341666667
2,"SAN ANGELO","'5TE6",31.2691666666667,100.460833333333
2,"SAN ANGELO","'94TA",31.3057202777778,100.458703333333
2,"SAN ANGELO","'SJT",31.3577483333333,100.496304166667
2,"SAN ANTONIO","'5C1",29.7232190277778,98.6945569166667
2,"SAN ANTONIO","'1T8",29.7391111111111,98.4511280555556
2,"SAN ANTONIO","'9TX5",29.7446661111111,98.5372416666667
2,"SAN ANTONIO","'24XA",29.3209694444444,98.3702944444444
2,"SAN ANTONIO","'74R",29.2845833333333,98.4983055555556
2,"SAN ANTONIO","'SKF",29.3842333333333,98.5811166666667
2,"SAN ANTONIO","'1T7",29.81175,98.4260555555555
2,"SAN ANTONIO","'SAT",29.533958,98.4690570555556
2,"SAN ANTONIO","'8T8",29.5101944444444,98.7984166666667
2,"SAN ANTONIO","'SSF",29.3369813888889,98.4710444444444
2,"SAN ANTONIO","'T94",29.5701869444444,98.4683891666667
2,"SAN ANTONIO","'XS89",29.6210594444444,98.4558502777778
2,"SAN AUGUSTINE","'86TS",31.4835144444444,94.0335255555556
2,"SAN AUGUSTINE","'78R",31.5404305555556,94.1700666666667
2,"SAN BENITO","'53XS",26.1502777777778,97.5933333333333
2,"SAN MARCOS","'7TS2",29.8313325,97.8891705555556
2,"SAN SABA","'2TX9",31.3278138888889,98.8047694444444
2,"SAN SABA","'81R",31.2357504166667,98.7177020833333
2,"SAN SABA","'37TX",31.3215541666667,98.8656013888889
2,"SAN YGNACIO","'XS94",27.1114186111111,99.42254
2,SANDERSON,"'3TA1",30.4566527777778,101.736402777778
2,SANDIA,"'1XS0",27.9905916666667,97.8941138888889
2,SANDIA,"'8XS3",27.9938916666667,97.8205666666667
2,SANGER,"'XA03",33.4277527777778,97.2712791666667
2,SANGER,"'T87",33.3422222222222,97.27
2,SANGER,"'TS74",33.3626144444444,97.2944627777778
2,SANGER,"'TX33",33.3417816666667,97.30863
2,SANGER,"'TE24",33.3931694444444,97.2052925
2,SANGER,"'T58",33.3317825,97.2302938888889
2,SANGER,"'58F",33.3660555555556,97.1463888888889
2,SANGER,"'TX96",33.3992805555556,97.2569613888889
2,SANGER,"'6X8",33.34,97.1030555555556
2,"SANTA ELENA","'XS93",26.7204097222222,98.5601583333333
2,"SANTA ELENA","'38XS",26.8152138888889,98.4793041666667
2,"SANTA FE","'5TA5",29.3360694444444,95.1152066666667
2,"SANTA FE","'3TX4",29.3270972222222,95.0593333333333
2,SANTO,"'86TE",32.6478,98.1481361111111
2,SARITA,"'XS63",27.2255777777778,97.69765
2,SARITA,"'XS92",26.8679333333333,97.6676638888889
2,SCURRY,"'9TE0",32.3991666666667,96.3835583333333
2,SEADRIFT,"'8TA1",28.4780563888889,96.7619272222222
2,SEAGOVILLE,"'5TA9",32.6091666666667,96.5261111111111
2,SEAGRAVES,"'F97",32.9545533333333,102.540898611111
2,SEALY,"'05TA",29.8090805555556,96.2639638888889
2,SEALY,"'90TS",29.8569305555556,96.1392944444444
2,SEALY,"'3TA2",29.7366225,96.064125
2,SEALY,"'1XA7",29.7333916666667,96.0591805555556
2,SEALY,"'93TS",29.7482888888889,96.1146819444444
2,SEALY,"'2TA4",29.7477336111111,96.2927427777778
2,SEGUIN,"'45XA",29.4951111111111,98.0576388888889
2,SEGUIN,"'TA85",29.5658916666667,98.0605805555556
2,SEGUIN,"'0TX6",29.5050416666667,97.9971458333333
2,SEGUIN,"'E70",29.60240625,97.9905630555556
2,SEGUIN,"'TE51",29.5391205555556,97.8350016666667
2,SEGUIN,"'SEQ",29.5657858333333,97.9083366666667
2,SEMINOLE,"'GNC",32.6753333333333,102.652666666667
2,SEMINOLE,"'5TA0",32.7320469444444,102.943816388889
2,SEMINOLE,"'39TE",32.7181608333333,102.738248333333
2,SEYMOUR,"'60F",33.6485166666667,99.2613055555556
2,"SHADY SHORES","'5TX0",33.1734530555556,97.0513983333333
2,SHALLOWATER,"'TA67",33.7481194444444,102.065933333333
2,SHAMROCK,"'2F1",35.2346111111111,100.185305555556
2,SHEFFIELD,"'9TX9",30.7482183333333,101.965407222222
2,SHEFFIELD,"'09TX",30.7390516666667,102.023741388889
2,SHEPHERD,"'XS99",30.4710383333333,94.9127088888889
2,SHERIDAN,"'72TS",29.3608016666667,96.6224730555556
2,SHERMAN,"'9XS2",33.6538194444444,96.7768916666667
2,SHERMAN,"'11TX",33.6667725,96.6905502777778
2,SHERMAN,"'14XA",33.6580194444444,96.7881583333333
2,SHERMAN,"'TA93",33.6333055555556,96.7335666666667
2,SHERMAN,"'SWI",33.6241388888889,96.5861388888889
2,SHERMAN/DENISON,"'GYI",33.7141911111111,96.6743597222222
2,SHINER,"'XS49",29.4902391666667,97.1219302777778
2,SHINER,"'TE36",29.3919094444444,97.1847091666667
2,SILVERTON,"'79XS",34.4667305555556,101.300438055556
2,SINTON,"'T69",28.0385668611111,97.54250125
2,SISTERDALE,"'7TS3",29.9323694444444,98.6771166666667
2,SKELLYTOWN,"'7XS5",35.5319944444444,101.1613
2,SKELLYTOWN,"'3TE6",35.5700441666667,101.169045833333
2,SLATON,"'F49",33.4852327222222,101.661677777778
2,SLIDELL,"'3TX",33.3928506388889,97.3538472222222
2,SLIDELL,"'T28",33.3544944444444,97.4390583333333
2,SMITHVILLE,"'84R",30.0282222222222,97.1670277777778
2,SNOOK,"'08XA",30.4792527777778,96.5040305555556
2,SNYDER,"'60XS",32.893325,100.893908333333
2,SNYDER,"'SNK",32.6933888888889,100.950472222222
2,SOMERSET,"'53T",29.2160733333333,98.5494619444444
2,SONORA,"'TE37",30.2690841666667,100.450920833333
2,SONORA,"'9TE2",30.5683668055556,100.44419125
2,SONORA,"'0XS2",30.5554513888889,100.53125
2,SONORA,"'SOA",30.5856944444444,100.648555555556
2,SPEARMAN,"'E42",36.221,101.1945
2,SPICEWOOD,"'52TS",30.41853,98.1627947222222
2,SPICEWOOD,"'8TA3",30.5168591666667,98.1741855555556
2,SPICEWOOD,"'0XS6",30.5010269444444,98.1469625
2,SPICEWOOD,"'88R",30.4737819444444,98.1214361111111
2,SPOFFORD,"'0XS7",29.1940194444444,100.280180555556
2,SPOFFORD,"'0XS8",29.0760755555556,100.3753525
2,SPOFFORD,"'55XS",29.1663502777778,100.418410833333
2,SPOFFORD,"'T70",29.1184269444444,100.472241194444
2,SPRINGTOWN,"'6XS7",33.0452777777778,97.6748055555556
2,SPRINGTOWN,"'61TE",32.98679,97.6197472222222
2,SPRINGTOWN,"'93XS",32.9290972222222,97.7139277777778
2,SPUR,"'TA16",33.4428638888889,100.854572222222
2,STAMFORD,"'F56",32.9104722222222,99.7341666666667
2,STANTON,"'63F",32.1735830555556,101.822472222222
2,STAR,"'49XS",31.4483333333333,98.3211111111111
2,STARTZVILLE,"'14TA",29.8945055555556,98.4038888888889
2,STEPHENVILLE,"'17TX",32.4487447222222,98.2550444444444
2,STEPHENVILLE,"'SEP",32.2153333333333,98.1776666666667
2,"STERLING CITY","'TS95",31.6436111111111,100.969527777778
2,"STERLING CITY","'96TE",31.9030277777778,100.871611111111
2,"STERLING CITY","'58XS",31.8306936111111,101.055945277778
2,"STERLING CITY","'46TE",31.8497222222222,101.06
2,STOCKDALE,"'2TS8",29.2205205555556,97.8716677777778
2,STONEWALL,"'30TX",30.2323611111111,98.6549722222222
2,STONEWALL,"'TS76",30.2520986111111,98.5947458333333
2,STRATFORD,"'H70",36.3456388888889,102.04925
2,SUDAN,"'XA05",34.10105,102.624233333333
2,SUDAN,"'9XS6",34.0531427777778,102.522139722222
2,"SULPHUR SPRINGS","'94TS",33.210075,95.532725
2,"SULPHUR SPRINGS","'SLR",33.1598333333333,95.6211388888889
2,SUNRAY,"'X43",36.0292022222222,101.828782222222
2,"SUNRISE BEACH VILLAGE","'2KL",30.5992222222222,98.4092222222222
2,SWEETWATER,"'SWW",32.4673611111111,100.466555555556
2,SWEETWATER,"'86XS",32.4001213888889,100.367047777778
2,SWEETWATER,"'TA00",32.3841666666667,100.278611111111
2,TAHOKA,"'2F4",33.181,101.819388888889
2,TAYLOR,"'47XA",30.5105555555556,97.4127777777778
2,TAYLOR,"'41XS",30.5390888888889,97.4188888888889
2,TAYLOR,"'T74",30.5726388888889,97.4431944444444
2,TEAGUE,"'68F",31.66175,96.3105
2,TEMPLE,"'5TA1",31.1935083333333,97.4072308333333
2,TEMPLE,"'TPL",31.1519004166667,97.4076629444444
2,TEMPLE,"'TS92",31.2146186111111,97.4266763888889
2,TEMPLE,"'19TX",31.2382283333333,97.5141805555556
2,"TENNESSEE COLONY","'TA70",31.7835016666667,95.8974625
2,TERLINGUA,"'1XS7",29.4501997222222,102.831824722222
2,"TERLINGUA /ALPINE/","'3TE8",29.3193638888889,103.583518333333
2,TERRELL,"'TRL",32.7084944444444,96.2670944444444
2,TEXARKANA,"'21TX",33.4995675,94.0943577777778
2,"TEXAS CITY","'TS50",29.4174544444444,94.9982591666667
2,"TEXAS CITY","'55TE",29.4182722222222,94.9044666666667
2,TEXLINE,"'TA13",36.2564194444444,102.87048
2,"THE GROVE/RANCH","'23TX",31.2496166666667,97.5227919444444
2,THROCKMORTON,"'72F",33.1800041666667,99.1497625
2,THURBER,"'24TX",32.5001311111111,98.3836602777778
2,TILDEN,"'43TS",28.4742055555556,98.5838111111111
2,TILDEN,"'TE63",28.2461111111111,98.5527777777778
2,TIOGA,"'8XS6",33.4522222222222,96.8327777777778
2,TIRA,"'XA17",33.3216666666667,95.5636
2,"TOM BEAN","'23TA",33.4873308333333,96.4558180555556
2,TOMBALL,"'7TA0",30.0921622222222,95.6516113888889
2,TOYAHVALE,"'16TA",30.9197222222222,103.782777777778
2,TRENTON,"'52TA",33.4639977777778,96.3502597222222
2,TRENTON,"'48TX",33.4519194444444,96.3772888888889
2,TRINITY,"'57TX",30.9403625,95.3589555555556
2,TRINITY,"'XA52",30.9235277777778,95.2935
2,TROUP,"'TE91",32.0393305555556,95.0827777777778
2,TROY,"'7XA4",31.1613055555556,97.3024166666667
2,TRUSCOTT,"'26TX",33.7648072222222,100.017877777778
2,TULIA,"'I06",34.5668247222222,101.781461111111
2,TULIA,"'XS76",34.5108611111111,101.816597222222
2,TULIA,"'1TA2",34.6500591666667,101.50045
2,"TWIN SISTERS","'2XS5",30.0104897222222,98.4252969444445
2,TYLER,"'16TS",32.2226538888889,95.3180069444444
2,TYLER,"'TYR",32.3535555555556,95.4029722222222
2,TYLER,"'38XA",32.4080555555556,95.3894444444445
2,"UNIVERSAL CITY","'RND",29.5289058333333,98.2780308333333
2,UTOPIA,"'2XS6",29.7225333333333,99.5746722222222
2,UTOPIA,"'6TX2",29.5504805555556,99.5162247222222
2,UTOPIA,"'95TA",29.6349488888889,99.4822688888889
2,UVALDE,"'2XS7",29.4502325,99.6836638888889
2,UVALDE,"'2XS8",29.2269972222222,99.8269472222222
2,UVALDE,"'UVA",29.2113333333333,99.7435833333333
2,UVALDE,"'62TX",29.4876666666667,100.014972222222
2,UVALDE,"'01TX",29.4614777777778,100.114294444444
2,"VALLEY MILLS","'5XA1",31.6307861111111,97.7075722222222
2,"VALLEY MILLS","'9F1",31.6209958333333,97.4294586111111
2,"VALLEY VIEW","'3XA1",33.47395,97.1692666666667
2,"VALLEY VIEW","'1XA6",33.4737277777778,97.1224333333333
2,VAN,"'00TX",32.544452,95.67313
2,VAN,"'51TX",32.5395813888889,95.6682955555556
2,VAN,"'5XS5",32.5427777777778,95.7086111111111
2,"VAN ALSTYNE","'06XA",33.4459833333333,96.5707972222222
2,"VAN ALSTYNE","'97XS",33.4328333333333,96.4794666666667
2,"VAN HORN","'VHN",31.0578333333333,104.783805555556
2,"VAN HORN","'88TA",31.4559583333333,104.844386111111
2,VEGA,"'E52",35.2307138888889,102.398768055556
2,VENUS,"'9XA4",32.3557527777778,97.0398222222222
2,VENUS,"'75TS",32.4163888888889,97.0919444444445
2,VERNON,"'28TX",34.0859188888889,99.4550858333333
2,VERNON,"'29TX",34.0945305555556,99.3656383333333
2,VERNON,"'53TA",34.1542527777778,99.2642469444444
2,VERNON,"'F05",34.2256666666667,99.28375
2,VICTORIA,"'94XS",29.0013916666667,96.9928388888889
2,VICTORIA,"'VCT",28.8525458333333,96.9184887222222
2,VIDOR,"'3XS4",30.1343772222222,93.9360066666667
2,"VILLAGE MILLS","'XA91",30.5333333333333,94.4380555555556
2,"VON ORMY","'3XS5",29.2980147222222,98.6766877777778
2,WACO,"'XA85",31.6419444444444,97.3144444444444
2,WACO,"'PWG",31.4849166666667,97.3165277777778
2,WACO,"'5TA2",31.4546119444444,97.2502844444444
2,WACO,"'31TX",31.5968305555556,97.3300105555556
2,WACO,"'TA57",31.6237766666667,96.9924963888889
2,WACO,"'2TS3",31.6793297222222,97.2405630555556
2,WACO,"'CNW",31.6378055555556,97.0741388888889
2,WACO,"'ACT",31.6121944444444,97.2303055555555
2,WACO,"'TE92",31.5943972222222,97.370875
2,WACO,"'73F",31.6237763888889,97.0224975
2,WACO,"'75TE",31.7473841666667,97.2461188888889
2,WALLER,"'4XS0",29.9302686111111,95.9638887222222
2,WALLER,"'6XS4",29.9459611111111,95.9413555555556
2,WALLER,"'37XA",29.9928328055556,95.9304819444444
2,WALLER,"'6XA4",29.9918166666667,95.9545166666667
2,"WALNUT SPRINGS","'TS03",32.0615366666667,97.7378038888889
2,"WALNUT SPRINGS","'74TE",32.0613888888889,97.7948333333333
2,WARING,"'8XS9",29.9570194444444,98.7903638888889
2,WARRENTON,"'56TX",30.0093472222222,96.7596027777778
2,WARRENTON,"'7TE1",29.9989722222222,96.7611388888889
2,WAXAHACHIE,"'51TE",32.4724795,96.789893
2,WAXAHACHIE,"'54TA",32.2997222222222,96.8733333333333
2,WAXAHACHIE,"'TA60",32.3943088888889,96.7794397222222
2,WAXAHACHIE,"'25XS",32.4865275,96.8463875
2,WAYSIDE,"'6TE7",34.8375555555556,101.578787777778
2,WEATHERFORD,"'08TX",32.8581811111111,97.7475294444445
2,WEATHERFORD,"'XA86",32.566975,97.8074916666667
2,WEATHERFORD,"'6TA7",32.8284597222222,97.7794755555556
2,WEATHERFORD,"'F78",32.5729122222222,97.8725338888889
2,WEATHERFORD,"'54TS",32.8112247222222,99.8517608333333
2,WEATHERFORD,"'WEA",32.7462866944444,97.6824521944444
2,WEATHERFORD,"'XS53",32.8504888888889,97.8622472222222
2,WEATHERFORD,"'TA19",32.6745755555556,97.7836419444444
2,WEIMAR,"'TT00",29.6466666666667,96.7294444444444
2,WELLINGTON,"'F06",34.8448656388889,100.195191027778
2,WELLINGTON,"'0TX4",34.9680555555556,100.027222222222
2,WELLINGTON,"'36XS",34.8918055555556,100.120319444444
2,WESLACO,"'TXW",26.1787075,97.9740063888889
2,WESTLAKE,"'4TX2",32.9667913888889,97.2336258333333
2,WESTMINSTER,"'66XS",33.3964997222222,96.4885969444445
2,WESTMINSTER,"'41TS",33.3784447222222,96.4483180555556
2,WHARTON,"'94R",29.2643958333333,96.0072458333333
2,WHARTON,"'TS57",29.2423277777778,95.9806361111111
2,WHARTON,"'ARM",29.2542777777778,96.1543888888889
2,WHEELER,"'T59",35.4510833333333,100.199916666667
2,WHITESBORO,"'36TX",33.7209388888889,96.8613911111111
2,WHITESBORO,"'69XS",33.7534027777778,96.8302472222222
2,WHITESBORO,"'T29",33.6304263888889,96.9409708333333
2,WHITESBORO,"'68XS",33.7213027777778,96.8698166666667
2,WHITESBORO,"'TA80",33.8931572222222,96.9280616666667
2,WHITNEY,"'37XS",32.0001538888889,97.41696
2,WHITNEY,"'78TE",32.0204305555556,97.3311222222222
2,WHITT,"'5TX",32.968455,98.0114294444444
2,"WICHITA FALLS","'29TA",33.8730527777778,98.6459055555556
2,"WICHITA FALLS","'7TX0",33.8286023611111,98.5727531944444
2,"WICHITA FALLS","'CWC",33.8606166666667,98.4903986111111
2,"WICHITA FALLS","'52XA",34.0485444444444,98.4269944444444
2,"WICHITA FALLS","'SPS",33.9888027777778,98.4919027777778
2,"WICHITA FALLS","'F14",33.9476104722222,98.6161476666667
2,WIERGATE,"'4XS5",31.1218588888889,93.8029594444444
2,WILDORADO,"'5TS7",35.201725,102.151605555556
2,WILLIS,"'97TS",30.4802027777778,95.5399433333333
2,WILLIS,"'32TE",30.4036111111111,95.4388888888889
2,"WILLOW CITY","'4XS6",30.3918622222222,98.6614230555556
2,"WILLS POINT","'2TS9",32.7574166666667,96.0572222222222
2,"WILLS POINT","'8TE1",32.7484444444444,96.0439527777778
2,"WILLS POINT","'76F",32.6814166666667,95.9841388888889
2,WIMBERLEY,"'4XS9",30.0859,98.1696416666667
2,WIMBERLEY,"'70XS",29.9932694444444,98.0433416666667
2,WIMBERLEY,"'3TS1",30.0113694444444,98.0405027777778
2,WIMBERLY,"'TS25",29.9593333333333,98.1858055555556
2,WINGATE,"'TE08",32.1495780555556,100.159817222222
2,WINK,"'INK",31.7798055555556,103.201694444444
2,WINNIE,"'TE73",29.85855,94.354075
2,WINNIE,"'5XS3",29.7696658333333,94.2612969444444
2,WINNIE,"'77XA",29.8260027777778,94.5110222222222
2,WINNIE/STOWELL,"'T90",29.8188541666667,94.4309791666667
2,WINNSBORO,"'77TE",33.0366777777778,95.2931833333333
2,WINNSBORO,"'F51",32.9388455555556,95.2788608333333
2,WINONA,"'TA61",32.4734777777778,95.1657805555556
2,WINTERS,"'5TA6",31.9332,99.8956583333333
2,WINTERS,"'77F",31.9471941944444,99.9858500555556
2,"WOLFE CITY","'42TX",33.3167777777778,96.0669161111111
2,WOLFFORTH,"'96TS",33.3955805555556,102.009458333333
2,WOODBINE,"'80XS",33.6433333333333,97.0022222222222
2,WOODVILLE,"'09R",30.7752005555556,94.4585325
2,YANTIS,"'XS48",32.9538888888889,95.5775
2,YOAKUM,"'XS95",29.2566944444444,96.987
2,YOAKUM,"'5TA3",29.3585775,97.1447083333333
2,YOAKUM,"'T85",29.3131666666667,97.1384166666667
2,ZAPATA,"'APY",26.9687861111111,99.2489083333333
2,ALTON,"'UT24",37.4933136111111,112.645490833333
2,ALTON,"'UT00",37.4722030555556,112.622156944444
2,BEAVER,"'U52",38.2305833333333,112.675416666667
2,BERYL,"'UT82",37.7099725,113.645798333333
2,"BIG WATER","'22UT",37.0251555555556,111.62975
2,BLANDING,"'BDG",37.5833333333333,109.483277777778
2,BLUEBELL,"'UT27",40.3037916666667,110.208752777778
2,BLUFF,"'66V",37.255,109.633027777778
2,BOUNTIFUL,"'BTF",40.8681491388889,111.927499138889
2,"BRIGHAM CITY","'BMC",41.5543055555556,112.06225
2,"BRIGHAM CITY","'2UT3",41.4921666666667,112.591166666667
2,"BRYCE CANYON","'BCE",37.7064463888889,112.145798805556
2,"CEDAR CITY","'CDC",37.7009722222222,113.098861111111
2,"CEDAR CITY","'UT80",37.6346972222222,113.159394444444
2,"CEDAR FORT","'UT41",40.3393888888889,111.998826111111
2,CISCO,"'UT42",39.1466666666667,109.145
2,COALVILLE,"'38UT",40.8774166666667,111.375694444444
2,DELTA,"'DTA",39.3835980555556,112.502205277778
2,DELTA,"'UT49",39.4593961111111,112.654951111111
2,DUCHESNE,"'U69",40.1937534722222,110.382981361111
2,"DUCK CREEK VILLAGE","'2UT2",37.5284263888889,112.660886111111
2,"DUGWAY PROVING GROUND","'DPG",40.1973819444444,112.935054444444
2,"DUTCH JOHN","'33U",40.9178125,109.390660694444
2,"EAGLE MOUNTAIN","'UT10",40.3593222222222,112.018191666667
2,ESCALANTE,"'1L7",37.7453611111111,111.570166666667
2,FAIRFIELD,"'UT9",40.2432680555556,112.092052777778
2,FILLMORE,"'FOM",38.9581388888889,112.363138888889
2,FRUITLAND,"'UT83",40.2578194444444,110.858611111111
2,"FRY CANYON","'UT74",37.6483333333333,110.166944444444
2,"GLEN CANYON NATL REC AREA","'U07",37.5458236111111,110.713199166667
2,"GREEN RIVER","'U34",38.9616886111111,110.227287777778
2,"GREEN RIVER","'UT09",39.4833002777778,110.150707777778
2,"HALLS CROSSING","'U96",37.4353055555556,110.564277777778
2,HANKSVILLE,"'HVE",38.4194166666667,110.702916666667
2,HANKSVILLE,"'UT03",37.8916547222222,110.384028888889
2,"HAPPY CANYON","'UT97",38.1572222222222,110.292222222222
2,HATCH,"'UT26",37.5844255555556,112.392426944444
2,HEBER,"'HCR",40.4818055555556,111.428805555556
2,HOWELL,"'07UT",41.7166666666667,112.447222222222
2,HUNTINGTON,"'69V",39.3612247222222,110.916980555556
2,HUNTSVILLE,"'11UT",41.2538527777778,111.711061111111
2,HURRICANE,"'1L8",37.1402458333333,113.306048611111
2,HURRICANE,"'UT47",37.1019275,113.313838055556
2,IBAPAH,"'UT65",39.9979933333333,113.977085277778
2,JENSEN,"'UT79",40.4155555555556,109.343611111111
2,JENSEN,"'99UT",40.3505555555556,109.401388888889
2,JUNCTION,"'U13",38.2499783333333,112.225480555556
2,KANAB,"'UT30",37.3424813888889,112.223527222222
2,KANAB,"'KNB",37.0105113888889,112.531477777778
2,KANARRAVILLE,"'UT43",37.6360883333333,113.246619166667
2,"LA SAL","'01UT",38.3083194444445,109.396502222222
2,LEEDS,"'UT54",37.2533152777778,113.334115833333
2,LOA,"'38U",38.3626944444445,111.59575
2,LOGAN,"'LGU",41.7917781666667,111.851649027778
2,LUCIN,"'02UT",41.3663125,113.843063611111
2,LUND,"'UT28",37.9749688888889,113.463298333333
2,MANILA,"'40U",40.9863888888889,109.678527777778
2,MANTI,"'41U",39.3314166666667,111.612611111111
2,MENDON,"'UT29",41.7247222222222,111.994444444444
2,"MEXICAN HAT","'03UT",37.1208344444444,109.985957222222
2,MILFORD,"'MLF",38.4266355833333,113.013274
2,MOAB,"'CNY",38.7574986944445,109.753541916667
2,MOAB,"'UT68",38.4727777777778,109.66
2,MOAB,"'UT75",38.5333333333333,109.983333333333
2,MOAB,"'UT53",38.4943333333333,109.446972222222
2,MONTICELLO,"'U64",37.93243,109.341225
2,"MONUMENT VALLEY","'UT25",37.0166675,110.200684722222
2,MORGAN,"'15UT",40.9721416666667,111.704436111111
2,MORGAN,"'42U",41.1486755555555,111.767148611111
2,"NAVAJO MOUNTAIN TRDNG POST","'04UT",37.0083297222222,110.795136666667
2,NEPHI,"'U14",39.7365833333333,111.870055555556
2,"NEW HARMONY","'2UT5",37.4474,113.2476
2,OGDEN,"'HIF",41.12394,111.973056388889
2,OGDEN,"'OGD",41.1950703611111,112.012194722222
2,PANGUITCH,"'U55",37.8452222222222,112.391944444444
2,PANGUITCH,"'UT17",37.9322002777778,112.331871111111
2,PARADISE,"'UT01",41.51825,111.802416666667
2,PARAGONAH,"'UT15",37.928585,112.768832222222
2,PAROWAN,"'1L9",37.8596388888889,112.815861111111
2,PRICE,"'PUC",39.6138888888889,110.751611111111
2,PROVO,"'PVU",40.2191666666667,111.723361111111
2,RANDLETT,"'UT69",40.1813513888889,109.672361666667
2,RICHFIELD,"'RIF",38.7341111111111,112.101583333333
2,ROOSEVELT,"'74V",40.2784138888889,110.0513775
2,SALINA,"'44U",39.0291283333333,111.838258333333
2,"SALT LAKE CITY","'SLC",40.7883933333333,111.977773333333
2,"SALT LAKE CITY","'U42",40.6195555555556,111.992888888889
2,"SOUTH JORDAN","'UT13",40.5638888888889,112.013888888889
2,"SPANISH FORK","'SPK",40.1450277777778,111.667694444444
2,"ST GEORGE","'SGU",37.0363780555556,113.510302777778
2,TOOELE,"'TVY",40.6125555555556,112.350777777778
2,TRIDELL,"'UT67",40.4410683333333,109.846953055556
2,VERNAL,"'VEL",40.4360777777778,109.5114225
2,WELLSVILLE,"'UT90",41.5853694444444,111.9037
2,WENDOVER,"'ENV",40.7187252777778,114.028673611111
2,ABINGDON,"'32VA",36.6777777777778,81.9287222222222
2,ABINGDON,"'VJI",36.6871025277778,82.0333266944445
2,ALTON,"'00VA",36.576,78.9991666666667
2,"AMELIA COURT HOUSE","'2VA3",37.3168277777778,77.86655
2,AMHERST,"'8VG4",37.6053055555556,79.0163611111111
2,AMHERST,"'VG06",37.7251361111111,79.0830805555556
2,AMHERST,"'93VA",37.5362533333333,79.0233563888889
2,APPOMATTOX,"'94VA",37.2630555555556,78.8494444444444
2,APPOMATTOX,"'10VA",37.3862555555556,78.8130686111111
2,ARRINGTON,"'4VA5",37.6595861111111,78.9222438888889
2,ASHLAND,"'4VG2",37.8580555555556,77.5472222222222
2,ASHLAND,"'VG24",37.7818088888889,77.4938725
2,ATLANTIC,"'4VA6",37.8806802777778,75.5060366666667
2,AYLETT,"'25VA",37.8215833333333,77.1126388888889
2,BASYE,"'VG18",38.8154027777778,78.7707569444444
2,BEDFORD,"'20VG",37.2886833333333,79.4469166666667
2,BEDFORD,"'0VA1",37.2334758333333,79.5853091666667
2,BEDFORD,"'91VA",37.3276422222222,79.4047511111111
2,BEDFORD,"'VG25",37.3484733333333,79.5719777777778
2,BERRYVILLE,"'61VA",39.2369805555556,78.0111791666667
2,BERRYVILLE,"'01VA",39.125,77.925
2,BLACKSBURG,"'VA10",37.2801305555556,80.3014361111111
2,BLACKSBURG,"'BCB",37.2093866666667,80.41209
2,BLACKSTONE,"'BKT",37.0747673333333,77.9565984444444
2,BLOXOM,"'VG56",37.8083333333333,75.6027777777778
2,"BOWLING GREEN","'20VA",38.0823563888889,77.4883161111111
2,BOYDTON,"'3VG4",36.7340083333333,78.4081888888889
2,BOYDTON,"'23VG",36.7097222222222,78.4280555555556
2,BOYKINS,"'VG28",36.5490405555556,77.1913561111111
2,BRIDGEWATER,"'VBW",38.3667375,78.9603341666667
2,BROOKNEAL,"'0V4",37.1417222222222,79.0163888888889
2,BUCKINGHAM,"'8VA1",37.5444361111111,78.5870777777778
2,BUCKINGHAM,"'23VA",37.5570891666667,78.6200083333333
2,BUCKINHAM,"'8VA4",37.6729208333333,78.7033480555556
2,BUMPASS,"'7W4",37.9658194444444,77.7459027777778
2,BURGESS,"'3VG3",37.9361083333333,76.3486083333333
2,"BURNT CHIMNEY","'70VA",37.0754183333333,79.827255
2,CALLAO,"'8VA2",38.0090188888889,76.5630105555556
2,CALVERTON,"'58VA",38.5951216666667,77.6461008333333
2,"CAPE CHARLES","'VG33",37.1545861111111,75.9568744444445
2,"CAPE CHARLES","'VG39",37.2208333333333,76.0075
2,"CAPE CHARLES","'VG30",37.2270838888889,75.9768758333333
2,"CAPE CHARLES","'VG09",37.2277777777778,75.9833333333333
2,CATLETT,"'VA66",38.6076333333333,77.5694277777778
2,CATLETT,"'VG57",38.6056763888889,77.5847105555555
2,CENTREVILLE,"'VA16",38.8792788888889,77.4844338888889
2,"CHARLES CITY","'VA05",37.3386555555556,77.1978055555555
2,CHARLOTTESVILLE,"'VA18",37.9684733333333,78.68224
2,CHARLOTTESVILLE,"'CHO",38.1396427777778,78.4523441666667
2,CHARLOTTESVILLE,"'VA19",37.9540294444444,78.3691744444444
2,"CHASE CITY","'CXE",36.7883355555556,78.5015536111111
2,"CHASE CITY","'1VA8",36.8619444444444,78.4111111111111
2,"CHASE CITY","'VA25",36.7643075,78.3605530555556
2,CHERITON,"'24VA",37.2881933333333,75.9996552777778
2,CHERITON,"'21VA",37.3031936111111,75.9349305555556
2,CHILHOWIE,"'VA11",36.8078925,81.7012302777778
2,CLARKSVILLE,"'W63",36.59575,78.5601388888889
2,CLARKSVILLE,"'VG34",36.5845858333333,78.5008322222222
2,"CLIFTON FORGE","'12VA",37.7880555555556,79.7677777777778
2,CLINTWOOD,"'VA75",37.0653611111111,82.4441666666667
2,CLOVER,"'07VA",36.8195836111111,78.7830622222222
2,"COLES POINT","'VA23",38.1190177777778,76.6135688888889
2,COLUMBIA,"'46VA",37.8174666666667,78.0485472222222
2,"COLUMBIA FURNACE","'VA93",38.9051108333333,78.6547375
2,CONCORD,"'VA24",37.4143102777778,78.9641861111111
2,CREWE,"'W81",37.1810122222222,78.0984746944444
2,CRITZ,"'VA27",36.5598597222222,80.1378263888889
2,CROZET,"'87VA",38.0811111111111,78.6955555555556
2,CULLEN,"'VA28",37.1212588888889,78.6436125
2,CULPEPER,"'88VA",38.3741666666667,77.9919444444444
2,CULPEPER,"'VA30",38.5267908333333,77.956385
2,CULPEPER,"'CJR",38.5254722222222,77.8596388888889
2,CULPEPER,"'02VA",38.4356827777778,77.8572163888889
2,DAHLGREN,"'NDY",38.3328777777778,77.0370111111111
2,DANVILLE,"'95VA",36.6231936111111,79.3558552777778
2,DANVILLE,"'DAN",36.5724722222222,79.33625
2,DUBLIN,"'PSK",37.1373452777778,80.6784816666667
2,"EAGLE ROCK","'44VA",37.73124,79.8111594444444
2,"EAGLE ROCK","'79VG",37.6652777777778,79.8124166666667
2,EDINBURG,"'89VA",38.5223463888889,78.5241763888889
2,EDINBURG,"'VA32",38.8042802777778,78.5719566666667
2,EDWARDSVILLE,"'2VA1",37.8959636111111,76.3552247222222
2,EMPORIA,"'EMV",36.6868611111111,77.48275
2,FARMVILLE,"'14VG",37.1680555555556,78.5008333333333
2,FARMVILLE,"'VA34",37.2834852777778,78.4497177777778
2,FARMVILLE,"'FVX",37.3575277777778,78.4378055555555
2,FARMVILLE,"'05VA",37.2241666666667,78.4186111111111
2,FENTRESS,"'NFE",36.6920363888889,76.1345640277778
2,FINCASTLE,"'VA04",37.4920755555556,79.9286541666667
2,FINCASTLE,"'VA83",37.5223538888889,79.8519869444444
2,FLOYD,"'09VA",36.9765177777778,80.4939436111111
2,FLOYD,"'VA06",36.9942958333333,80.4544963888889
2,FOREST,"'W90",37.2717277777778,79.3359
2,"FORT A. P. HILL","'APH",38.06889025,77.318961
2,"FORT BELVOIR","'DAA",38.7149225,77.1808947222222
2,"FORT EUSTIS","'FAF",37.1326090555556,76.6089356666667
2,FRANKLIN,"'FKN",36.7002963888889,76.9021355555556
2,FREDERICKSBURG,"'5VA5",38.4034577777778,77.3158144444444
2,FREDERICKSBURG,"'VA42",38.3592111111111,77.4505083333333
2,FREDERICKSBURG,"'EZF",38.2662222222222,77.4493888888889
2,"FRONT ROYAL","'FRR",38.9175122222222,78.2533733333333
2,GALAX,"'25VG",36.6356,80.9139
2,"GALAX HILLSVILLE","'HLX",36.7661108333333,80.82356
2,GLOUCESTER,"'92VA",37.3447222222222,76.5644444444444
2,"GLOUCESTER COURT HOUSE","'0VA9",37.4473605555556,76.4538366666667
2,GOOCHLAND,"'VA44",37.7168122222222,77.8838844444444
2,GORDONSVILLE,"'GVE",38.1559961111111,78.16578
2,GORE,"'48VA",39.2906569444444,78.3508388888889
2,GORE,"'VA46",39.2962122222222,78.3622280555556
2,GROTTOES,"'06VA",38.2490186111111,78.8553033333333
2,HALIFAX,"'33VA",36.7843038888889,79.0497363888889
2,HAMPTON,"'LFI",37.0828861111111,76.3605388888889
2,HANOVER,"'VA50",37.7151425,77.3024783333333
2,HARRISONBURG,"'VA52",38.4851233333333,78.9453069444444
2,HARRISONBURG,"'2VG3",38.5486111111111,78.8711111111111
2,HILLSBORO,"'14VA",39.2289911111111,77.7466597222222
2,HILLSVILLE,"'00VI",36.6633333333333,80.4995
2,HILLSVILLE,"'57VA",36.71915,80.5473138888889
2,HOLLAND,"'2VA8",36.6837616666667,76.8299588888889
2,HOLLAND,"'62VA",36.6698730555556,76.7285675
2,HOPEWELL,"'VG42",37.2523611111111,77.1526666666667
2,"HOT SPRINGS","'HSP",37.9514444444444,79.8338944444445
2,"IRON GATE","'0VA2",37.7965177777778,79.7667141666667
2,IVOR,"'VA56",37.0034830555556,76.8274594444444
2,JONESVILLE,"'0VG",36.6540833333333,83.2178333333333
2,KENBRIDGE,"'W31",36.9604027777778,78.1851111111111
2,KEYSVILLE,"'VG01",37.0623722222222,78.5616944444444
2,KILMARNOCK,"'VA08",37.7170794444444,76.358835
2,"KING GEORGE","'VA57",38.2484616666667,77.219145
2,LAWRENCEVILLE,"'LVL",36.7728333333333,77.79425
2,LEESBURG,"'3VA5",39.0288888888889,77.625
2,LEESBURG,"'JYO",39.0779722222222,77.5575
2,LOUISA,"'LKU",38.0098247222222,77.9701266666667
2,LOVETTSVILLE,"'VA61",39.2648916666667,77.6536416666667
2,LOVETTSVILLE,"'VA62",39.2578888888889,77.6538638888889
2,LOVINGSTON,"'VA96",37.8254194444444,78.7316847222222
2,LOVINGSTON,"'8VA6",37.7381963888889,78.9622461111111
2,LOVINGSTON,"'1VA3",37.6581972222222,78.9455777777778
2,LOVINGSTON,"'VG52",37.8391666666667,78.8216666666667
2,LURAY,"'LUA",38.6667104722222,78.5008350277778
2,LYNCHBURG,"'W24",37.3779208333333,79.1222452777778
2,LYNCHBURG,"'LYH",37.3253888888889,79.2012222222222
2,MACHIPONGO,"'3VG2",37.3883333333333,75.8925
2,MADISON,"'VG43",38.3063888888889,78.0988888888889
2,MANASSAS,"'VA71",38.6484525,77.5327655555556
2,MANASSAS,"'51VA",38.7162286111111,77.6338797222222
2,MANQUIN,"'0VI1",37.6888888888889,77.1013888888889
2,MANQUIN,"'0VA3",37.6987536111111,77.0952497222222
2,MARION/WYTHEVILLE,"'MKJ",36.8948611111111,81.3499444444444
2,MARTINSVILLE,"'MTV",36.63075,80.0183333333333
2,MARTINSVILLE,"'VA72",36.6001375,80.0386558333333
2,MARTINSVILLE,"'VA12",36.6468041666667,79.7969805555556
2,MARTINSVILLE,"'6VA2",36.7418036111111,79.8478152777778
2,MATHEWS,"'5VG2",37.4544361111111,76.3721916666667
2,MATHEWS,"'9VA1",37.4054158333333,76.3882786111111
2,MATOACA,"'VA73",37.244595,77.4941527777778
2,MAURERTOWN,"'VA58",38.9061111111111,78.4444444444444
2,MCGAHEYSVILLE,"'VA49",38.3311111111111,78.7544444444444
2,MELFA,"'MFV",37.6468788888889,75.7610452777778
2,MIDDLEBURG,"'VA79",38.9528883333333,77.7469383333333
2,MIDLAND,"'53VA",38.6340097222222,77.7574925
2,MINERAL,"'VA81",37.9454186111111,77.8994397222222
2,MONETA,"'VA68",37.1187541666667,79.6028080555556
2,MONETA,"'2VA0",37.1126430555556,79.6091969444444
2,MONETA,"'W91",37.1077222222222,79.5924722222222
2,MONTEREY,"'7VA9",38.3983333333333,79.6002777777778
2,MONTROSS,"'1VG2",38.1276666666667,76.6891666666667
2,"MOUNT SOLON","'16VA",38.3344444444444,79.1605555555556
2,"NATURAL BRIDGE STATION","'5VG1",37.6155388888889,79.5053166666667
2,NELLYSFORD,"'VG22",37.8788194444444,78.8935583333333
2,"NEW CASTLE","'VA85",37.4834625,80.0997694444444
2,"NEW CHURCH","'VG19",37.9906786111111,75.5918711111111
2,"NEW MARKET","'9VA4",38.6909502777778,78.6294594444444
2,"NEW MARKET","'8W2",38.6559847222222,78.7084958333333
2,"NEWPORT NEWS","'PHF",37.1318888888889,76.4929722222222
2,NORFOLK,"'CPK",36.6656111111111,76.3206666666667
2,NORFOLK,"'PVG",36.7807648055556,76.4512803611111
2,NORFOLK,"'ORF",36.8946041666667,76.2012291666667
2,NORFOLK,"'NGU",36.9374677222222,76.2892779444444
2,"OAK GROVE","'11VG",38.2094444444444,77.0005555555556
2,ONANCOCK,"'VA91",37.7048525,75.7265961111111
2,ONANCOCK,"'VA92",37.7238888888889,75.7861111111111
2,ONLEY,"'VG20",37.6751311111111,75.7099288888889
2,ORANGE,"'90VA",38.2180555555556,78.2119444444444
2,ORANGE,"'OMH",38.2471944444444,78.0456111111111
2,ORANGE,"'2VG7",38.1638888888889,77.85
2,PAINTER,"'VA20",37.5675930555556,75.7938597222222
2,PAINTER,"'53VG",37.6138888888889,75.8011111111111
2,PARKSLEY,"'9VA3",37.7629055555556,75.5718722222222
2,"PATRICK SPRINGS","'VG16",36.6251361111111,80.1706027777778
2,PETERSBURG,"'PTB",37.1843016666667,77.5061747222222
2,POWHATAN,"'VA94",37.5357041666667,77.8913875
2,QUANTICO,"'NYG",38.5036246666667,77.3050327222222
2,QUINTON,"'W96",37.5034296944444,77.1265596666667
2,REDHOUSE,"'7VA5",37.1890341666667,78.8297327777778
2,REEDVILLE,"'VA99",37.9059619444444,76.2905
2,REEDVILLE,"'VA98",37.8281855555556,76.2732769444444
2,REIDVILLE,"'6VA0",37.8187427777778,76.3177230555556
2,REMINGTON,"'29VA",38.5292911111111,77.7388805555556
2,REMINGTON,"'VG07",38.5388888888889,77.8283333333333
2,RHOADESVILLE,"'VG12",38.3334638888889,77.8663833333333
2,RICHLANDS,"'JFZ",37.06375,81.7982777777778
2,RICHMOND,"'4VA8",37.6137555555555,77.2958111111111
2,RICHMOND,"'4VA3",37.42987,77.3944261111111
2,RICHMOND,"'80VA",37.791255,77.8247161111111
2,RICHMOND,"'5VA4",37.7215888888889,77.2203402777778
2,RICHMOND,"'FCI",37.4064444444444,77.5248333333333
2,RICHMOND,"'RIC",37.5051811111111,77.3197386111111
2,RICHMOND,"'9VA6",37.5813986111111,77.9187708333333
2,RICHMOND/ASHLAND,"'OFP",37.7089444444444,77.4366388888889
2,RIDGEWAY,"'VA02",36.5854155555556,79.8939286111111
2,RIXEYVILLE,"'4VA9",38.5690116666667,77.9205508333333
2,ROANOKE,"'ROA",37.3254722222222,79.9754166666667
2,"ROCKY MOUNT","'VG58",36.9453333333333,79.7966666666667
2,"ROCKY MOUNT","'81VA",37.1180555555556,79.7886111111111
2,"ROCKY MOUNT","'VG53",37.0436111111111,79.8013888888889
2,"ROCKY MOUNT","'VG40",36.8868222222222,79.863925
2,"ROCKY MOUNT","'0VA4",36.9501397222222,79.8794780555556
2,RUSTBURG,"'VA13",37.2654225,79.0427975
2,SABOT,"'1VA0",37.6293130555556,77.7474936111111
2,SALEM,"'6VA4",37.2848566666667,80.0697625
2,SALUDA,"'2VA6",37.6237516666667,76.601065
2,SALUDA,"'W75",37.6022708333333,76.4467291666667
2,SCOTTSVILLE,"'65VA",37.8446666666667,78.547
2,SMITHFIELD,"'31VA",37.0237591666667,76.5885647222222
2,"SOUTH BOSTON","'1VA7",36.6659725,78.722505
2,"SOUTH BOSTON","'3VG9",36.7019444444444,79.1338888888889
2,"SOUTH BOSTON","'W78",36.7093724166667,78.8483374722222
2,"SOUTH HILL","'AVC",36.6882777777778,78.0544722222222
2,"ST. PAUL","'19VA",36.8897222222222,82.2977777777778
2,STAFFORD,"'1VA9",38.4329027777778,77.4705391666667
2,STAFFORD,"'RMN",38.3981111111111,77.4554722222222
2,STAUNTON/WAYNESBORO/HARRISONBURG,"'SHD",38.2638333333333,78.8964444444444
2,"STEELES TAVERN","'VA00",37.9281888888889,79.1780861111111
2,STRASBURG,"'VA17",39.0359405555556,78.3922280555556
2,STUART,"'1VA1",36.7361319444444,80.4454069444445
2,SUFFOLK,"'SFQ",36.6828884444444,76.5996231666667
2,SURRY,"'VA33",37.0443166666667,76.76825
2,SURRY,"'2VA2",37.1459816666667,76.7899594444444
2,TABSCOTT,"'VG05",37.8795866666667,78.0574991666667
2,TANGIER,"'TGI",37.8258652777778,75.9976625
2,TAPPAHANNOCK,"'XSA",37.8596111111111,76.8941111111111
2,TAZEWELL,"'VA07",37.0956722222222,81.3692711111111
2,UPPERVILLE,"'2VG2",38.9716361111111,77.8699041666667
2,URBANNA,"'2VA5",37.6306955555556,76.5649525
2,VERONA,"'82VA",38.1731875,78.9691933333333
2,"VIRGINIA BEACH","'NTU",36.8227419444444,76.0318965555556
2,"VIRGINIA BEACH","'42VA",36.6789041666667,76.0327763888889
2,WAKEFIELD,"'AKQ",36.9872222222222,77.0011388888889
2,"WALLOPS ISLAND","'WAL",37.9401944444445,75.4663888888889
2,"WARM SPRINGS","'9VA0",38.0526261111111,79.7289380555556
2,"WARM SPRINGS","'97VA",38.2106797222222,79.7133833333333
2,WARRENTON,"'2VA9",38.7578944444444,77.7872152777778
2,WARRENTON,"'3VA2",38.6242877777778,77.7861041666667
2,WARRENTON,"'3VA0",38.7759491666667,77.9105502777778
2,WARRENTON,"'3VA3",38.5504013888889,77.7158244444444
2,WARRENTON,"'15VA",38.7223397222222,77.8997169444444
2,WARRENTON,"'0VA0",38.5248555555556,77.6873555555556
2,WARRENTON,"'3VA1",38.7742827777778,77.7997155555556
2,WARRENTON,"'7VG0",38.6556758333333,77.7872152777778
2,WARRENTON,"'HWY",38.5862777777778,77.7106388888889
2,WARSAW,"'3VA4",37.8576366666667,76.7357916666667
2,WARSAW,"'VG29",37.9701111111111,76.7086666666667
2,WARSAW,"'2VG8",37.8722222222222,76.7311111111111
2,WAYNESBORO,"'W13",38.0769375,78.9444375
2,WEIRWOOD,"'9VG",37.4584694444444,75.8788194444444
2,"WEST POINT","'VG64",37.5615,76.8525277777778
2,"WEST POINT","'FYJ",37.5213611111111,76.76275
2,WHALEYVILLE,"'VG37",36.5893183333333,76.6380083333333
2,"WHITE POST","'3VA7",39.0626066666667,78.0913875
2,WILLIAMSBURG,"'W94",37.3127942777778,76.63821725
2,WILLIAMSBURG,"'JGG",37.2391747222222,76.7160961111111
2,WINCHESTER,"'9VG9",39.3721166666667,78.30445
2,WINCHESTER,"'OKV",39.1435277777778,78.1444444444444
2,WINDSOR,"'3VA8",36.8562602777778,76.6821780555556
2,WISE,"'LNP",36.9875177777778,82.5299975
2,WITHAMS,"'VA41",37.9345686111111,75.6099272222222
2,WOODSTOCK,"'VG55",38.8820497222222,78.5577891666667
2,WOODSTOCK,"'4VA4",38.9348322222222,78.5400108333333
2,WOOLWINE,"'6VA9",36.8426344444444,80.2383822222222
2,ADDISON,"'VT11",44.0686666666667,73.3734444444444
2,ADDISON,"'VT09",44.1136111111111,73.2902777777778
2,ALBURG,"'VT38",45.0091666666667,73.2466666666667
2,ALBURG,"'VT46",44.8719855555556,73.28652
2,BARRE/MONTPELIER,"'MPV",44.2034894722222,72.5620975555556
2,BENNINGTON,"'DDH",42.8911944444444,73.2460833333333
2,BRIDPORT,"'VT10",43.9814461111111,73.3856772222222
2,BRIDPORT,"'VT73",43.9448611111111,73.3168333333333
2,BURLINGTON,"'BTV",44.471955,73.1532761111111
2,CABOT,"'VT62",44.3903666666667,72.3506388888889
2,CABOT,"'04VT",44.4011111111111,72.2636111111111
2,CASTLETON,"'1VT8",43.6661111111111,73.1661111111111
2,CHARLOTTE,"'VT12",44.2911630555556,73.2831808333333
2,CHESTER,"'VT13",43.3000738888889,72.7175958333333
2,"GRAND ISLE","'VT15",44.7039330555556,73.2459638888889
2,HIGHGATE,"'FSO",44.9402777777778,73.0974722222222
2,HUNTINGTON,"'VT01",44.2825558333333,72.9373419444444
2,"ISLAND POND","'5B1",44.7899722222222,71.8264166666667
2,"ISLE LAMOTTE","'88VT",44.8783333333333,73.3502777777778
2,JERICHO,"'VT45",44.5172727777778,72.9792936111111
2,JERICHO,"'07VT",44.4472222222222,72.9147222222222
2,LINCOLN,"'VT03",44.0886711111111,72.9809491666667
2,LUDLOW,"'VT17",43.3689616666667,72.6742616666667
2,LYNDONVILLE,"'CDA",44.5691141666667,72.0179788888889
2,MANCHESTER,"'VT59",43.2777777777778,72.9108333333333
2,MIDDLEBURY,"'6B0",43.9864777777778,73.09555
2,MILTON,"'VT52",44.6433797222222,73.1876313888889
2,MORRISTOWN,"'VT64",44.5153305555556,72.6412277777778
2,MORRISVILLE,"'MVL",44.5343611111111,72.614
2,MORRISVILLE,"'VT44",44.5267194444444,72.5815030555556
2,MORRISVILLE,"'VT42",44.5125527777778,72.6070583333333
2,NEWPORT,"'EFK",44.8881785555556,72.2286359444444
2,"NORTH TROY","'VT63",44.9953222222222,72.3789972222222
2,PANTON,"'VT53",44.1175544444444,73.3787355555556
2,PANTON,"'47VT",44.1256777777778,73.3696166666667
2,"POST MILLS","'2B9",43.8837222222222,72.2520833333333
2,PUTNEY,"'VT06",43.0044444444444,72.4736944444444
2,RANDOLPH,"'VT55",43.9011769444444,72.5828788888889
2,RUTLAND,"'RUT",43.5297302777778,72.9496261111111
2,SHELBURNE,"'VT23",44.3708838888889,73.2504036111111
2,SHELBURNE,"'42VT",44.3668861111111,73.1501611111111
2,SHELBURNE,"'VT8",44.3603027777778,73.2263944444445
2,SHELBURNE,"'VT22",44.4014388888889,73.2670713888889
2,SHOREHAM,"'37VT",43.8686111111111,73.3180555555556
2,SHOREHAM,"'66VT",43.8828333333333,73.2865
2,"SOUTH BURLINGTON","'VT25",44.4167172222222,73.1662369444444
2,"SOUTH HERO","'VT26",44.6344897222222,73.3067975
2,SPRINGFIELD,"'VSF",43.3437222222222,72.5172777777778
2,TOWNSHEND,"'VT43",43.0192463888889,72.6528702777778
2,VERGENNES,"'B06",44.1916666666667,73.3586944444444
2,VERNON,"'VT47",42.7786111111111,72.5277777777778
2,WAITSFIELD,"'VT30",44.1625594444444,72.8340036111111
2,WARREN,"'0B7",44.1173888888889,72.827
2,WASHINGTON,"'VT31",44.1111741666667,72.44399
2,"WEST BURKE","'VT56",44.6131088888889,71.9809288888889
2,"WEST DOVER","'4V8",42.9271355555556,72.8656536111111
2,"WEST PAWLETT","'VT60",43.3300722222222,73.2426055555556
2,WESTMINSTER,"'VT34",43.0600791666667,72.4920330555556
2,WEYBRIDGE,"'VT14",44.0450583333333,73.1895630555556
2,WOLCOTT,"'VT39",44.6075513888889,72.4803880555556
2,ABERDEEN,"'94WA",47.0848138888889,123.773777777778
2,ACME,"'WA12",48.7095575,122.177657222222
2,ADDY,"'WA57",48.3139444444444,117.840305555556
2,ALDERDALE,"'WA00",45.9,119.905555555556
2,AMBOY,"'WA80",45.8942797222222,122.548154722222
2,AMBOY,"'WA79",45.9331672222222,122.417875833333
2,ANACORTES,"'74S",48.4985,122.6625
2,ANACORTES,"'WN18",48.4567708333333,122.539334444444
2,ANACORTES,"'WN07",48.4998333333333,122.813777777778
2,ANATONE,"'D69",46.0741333333333,116.964872222222
2,ARLINGTON,"'AWO",48.16075,122.159027777778
2,ARLINGTON,"'89WA",48.2706588888889,122.019306666667
2,ASOTIN,"'00WN",46.25,117.249
2,AUBURN,"'WA84",47.2806561111111,122.149561388889
2,AUBURN,"'S50",47.3276944444444,122.226666666667
2,BANDERA,"'4W0",47.3953688888889,121.536471944444
2,"BASIN CITY","'6WA3",46.6086263888889,119.290418055556
2,"BATTLE GROUND","'59AS",45.8506694444444,122.544513888889
2,"BATTLE GROUND","'W58",45.7645555555556,122.515083333333
2,"BATTLE GROUND","'W52",45.8267963888889,122.576856111111
2,"BATTLE GROUND","'WA87",45.8159480555556,122.552876388889
2,BELLINGHAM,"'BLI",48.7926944444445,122.537527777778
2,BELLINGHAM,"'WA93",48.6529444444444,122.585922222222
2,BELLINGHAM,"'WA90",48.7331661111111,122.351275
2,BENGE,"'52WA",46.9321,117.9760575
2,"BLACK DIAMOND","'95WA",47.3156563888889,122.009835833333
2,"BLACK DIAMOND","'51WA",47.2681561111111,122.0678925
2,"BLAKELY ISLAND","'38WA",48.5789916666667,122.826290833333
2,BREMERTON,"'PWT",47.49025,122.764805555556
2,BREMERTON,"'WA96",47.6079861111111,122.773894444444
2,BREWSTER,"'S97",48.1047286111111,119.719915555556
2,BROOKLYN,"'WA16",46.7997222222222,123.541111111111
2,"BRUSH PRAIRIE","'5WA9",45.7238888888889,122.544444444444
2,BUCKLEY,"'9WA7",47.2155555555556,122.133055555556
2,BUCKLEY,"'WN42",47.1838513888889,122.119975833333
2,BUENA,"'WA97",46.4431836111111,120.340890555556
2,BURLINGTON,"'WN51",48.5209397222222,122.465165833333
2,"BURLINGTON/MOUNT VERNON","'BVS",48.4705261111111,122.421689444444
2,CAMAS,"'1W1",45.6278294444444,122.404311388889
2,CASHMERE,"'8S2",47.51475,120.484666666667
2,"CASTLE ROCK","'WA99",46.3292766666667,122.886225833333
2,CATHLAMET,"'WT44",46.1773333333333,123.385
2,CATHLAMET,"'79WA",46.1664444444444,123.361977777778
2,"CENTER ISLAND","'78WA",48.4901011111111,122.832121111111
2,CENTERVILLE,"'5WA7",45.7165113888889,120.984512222222
2,CENTRALIA,"'WA95",46.7186111111111,122.911111111111
2,CHEHALIS,"'CLS",46.6770277777778,122.98275
2,CHEHALIS,"'0WA1",46.6170491666667,122.826232222222
2,CHEHALIS,"'FA99",46.5878333333333,122.865777777778
2,CHELAN,"'S10",47.8660102777778,119.942701666667
2,CHELAN,"'9WA",47.9002777777778,119.895833333333
2,CHENEY,"'WA49",47.5027777777778,117.647777777778
2,CHENEY,"'11WA",47.5238888888889,117.469444444444
2,CHENEY,"'WT24",47.5227777777778,117.538055555556
2,CHENEY,"'WT04",47.5172222222222,117.534166666667
2,CHEWELAH,"'1S9",48.3139581944444,117.743425972222
2,CLAYTON,"'C72",47.9809944444444,117.528852777778
2,"CLE ELUM","'S93",47.19424275,120.884035388889
2,"CLE ELUM","'2W1",47.1775811111111,120.852660833333
2,COLBERT,"'63WA",47.8333333333333,117.273611111111
2,COLBERT,"'WA21",47.8338888888889,117.263611111111
2,COLFAX,"'00W",46.67275,117.441666666667
2,COLFAX,"'S94",46.8587072222222,117.414081111111
2,"COLLEGE PLACE","'S95",46.0469391666667,118.417177777778
2,COLVILLE,"'63S",48.5441693055555,117.883525555556
2,COLVILLE,"'WA73",48.525,117.853333333333
2,COLVILLE,"'WA72",48.6446777777778,117.938205555556
2,CONCRETE,"'3W5",48.5298383333333,121.758248888889
2,CONNELL,"'WA14",46.6612805555555,118.830619444444
2,CONWAY,"'27WA",48.3251022222222,122.31571
2,COPALIS,"'S16",47.1448597222222,124.189251388889
2,COUGAR,"'WN10",45.9934438888889,122.379541944444
2,"COULEE CITY","'WA15",47.6165341666667,119.242803333333
2,COUPEVILLE,"'WN40",48.1903752777778,122.642943611111
2,COUPEVILLE,"'NRA",48.1833333333333,122.633333333333
2,CURTIS,"'0WA2",46.5903808333333,123.104577222222
2,DARRINGTON,"'1S2",48.2586125,121.610203611111
2,DAVENPORT,"'73WA",47.8509911111111,118.330265555556
2,DAVENPORT,"'68S",47.6535555555555,118.168777777778
2,"DECATUR ISLAND","'WA18",48.5101016666667,122.802955555556
2,"DEER PARK","'WA52",47.9569444444444,117.603611111111
2,"DEER PARK","'DEW",47.9670555555556,117.428583333333
2,"DEER PARK","'WN14",47.8415583333333,117.4468875
2,"DEER PARK","'WT21",47.8945361111111,117.439808333333
2,DEMING,"'4WA8",48.8348377777778,122.264324722222
2,"DISCOVERY BAY/MAYNARD","'WA45",47.9952777777778,122.899722222222
2,"EAST SOUND","'90WA",48.71177,123.018241944444
2,EASTON,"'ESW",47.2541838888889,121.185531666667
2,EASTSOUND,"'WA35",48.6223244444444,122.947126666667
2,EASTSOUND,"'WA39",48.6503611111111,122.953586111111
2,EASTSOUND,"'ORS",48.7083333333333,122.910583333333
2,EATONVILLE,"'2W3",46.8716666666667,122.257222222222
2,"ELECTRIC CITY","'3W7",47.9220555555556,119.083
2,ELK,"'WN04",48.002,117.263333333333
2,ELLENSBURG,"'96VE",46.9066666666667,120.433611111111
2,ELLENSBURG,"'ELN",47.0348455,120.528859138889
2,ELLENSBURG,"'WT01",46.9491666666667,120.481111111111
2,ELLENSBURG,"'WN64",46.9742927777778,120.462011111111
2,ELLENSBURG,"'79WT",47.0910008333333,120.5894025
2,ELMA,"'84WA",46.9728741666667,123.384323333333
2,ELMA,"'1WA7",46.99054,123.429656111111
2,ELMA,"'WN65",46.9725961111111,123.4768275
2,ENUMCLAW,"'WN76",47.2435738888889,121.924553888889
2,ENUMCLAW,"'WN87",47.2085733333333,122.092614444444
2,ENUMCLAW,"'WA77",47.1956569444444,122.022056111111
2,EPHRATA,"'EPH",47.3080716666667,119.516913611111
2,EVERETT,"'76WA",48.0050966666667,122.133744722222
2,EVERETT,"'96WA",47.8980555555556,122.155555555556
2,EVERETT,"'PAE",47.9073173611111,122.282094
2,EVERSON,"'7WA3",48.8861111111111,122.328611111111
2,"FALL CITY","'1WA6",47.5595461111111,121.863725833333
2,FERNDALE,"'WA88",48.8928897222222,122.556835833333
2,FERNDALE,"'WN35",48.9087233333333,122.564613055556
2,FORD,"'7WA4",47.8575,117.779722222222
2,FORKS,"'S18",47.9377183333333,124.395920555556
2,"FORT LEWIS/TACOMA","'GRF",47.0792144444444,122.580766666667
2,"FRIDAY HARBOR","'61WA",48.4720427777778,123.017956111111
2,"FRIDAY HARBOR","'FHR",48.5219722222222,123.024361111111
2,"FRIDAY HARBOR","'1WA9",48.5350991666667,123.044902777778
2,"FRIDAY HARBOR","'2WA3",48.6845441666667,123.209635833333
2,FRUITLAND,"'51WT",48.0104166666667,118.362027777778
2,GLENWOOD,"'10WA",46.0248000277778,121.274985666667
2,GOLDENDALE,"'03WN",45.8753468888889,120.673204888889
2,GOLDENDALE,"'S20",45.8320738888889,120.845274722222
2,GOLDENDALE,"'2WN9",45.8451247222222,120.700894166667
2,GOLDENDALE,"'9WA4",45.8104166666667,120.952472222222
2,"GRAND COULEE","'2WA6",47.9982069444444,119.088636944444
2,"GRANITE FALLS","'WA25",48.0959333333333,122.015687777778
2,GRAYLAND,"'43IG",46.8015277777778,124.072944444444
2,GREENWATER,"'21W",47.0131388888889,121.533666666667
2,HANSVILLE,"'WA22",47.9386111111111,122.608055555556
2,HARRAH,"'WA26",46.4081816666667,120.634510277778
2,HARRINGTON,"'3WA2",47.4915427777778,118.251085277778
2,HARRINGTON,"'2WA8",47.3836944444444,118.298033333333
2,HOOPER,"'73WT",46.7172138888889,118.097419444444
2,HOQUIAM,"'HQM",46.9711944444444,123.936555555556
2,HUNTSVILLE,"'2WA9",46.2891666666667,118.101111111111
2,ILWACO,"'7W1",46.3149125,124.003838055556
2,IONE,"'S23",48.7084388888889,117.413130555556
2,KAHLOTUS,"'3WA3",46.6484744444444,118.583043055556
2,KAHLOTUS,"'4WA6",46.6184741666667,118.594710555556
2,KAHLOTUS,"'W09",46.5497222222222,118.536695833333
2,KAHLOTUS,"'3WA4",46.7165305555556,118.617768055556
2,KAPOWSIN,"'86WA",47.0039908333333,122.235669722222
2,KELSO,"'KLS",46.118,122.898361111111
2,KENDALL,"'WN08",48.9148433333333,122.112928055556
2,KENNEWICK,"'0WN2",46.1277777777778,119.015
2,KENT,"'S36",47.3370966666667,122.103536388889
2,"KETTLE FALLS","'05WN",48.7022222222222,118.0475
2,KINGSTON,"'WA61",47.7983333333333,122.529722222222
2,KITTITAS,"'WA37",46.9102777777778,120.436944444444
2,"LA CENTER","'WA46",45.8302777777778,122.6375
2,"LA CENTER","'WA29",45.8956688888889,122.594267222222
2,LACEY,"'08WA",46.9704166666667,122.725888888889
2,LACROSSE,"'WA30",46.7909880555556,117.921331111111
2,"LAKE STEVENS","'WN53",48.1104236111111,122.062836111111
2,LANGLEY,"'W10",48.01751225,122.4377275
2,LAURIER,"'69S",48.9983794444444,118.222598611111
2,LEAVENWORTH,"'27W",47.8194136111111,120.719894166667
2,LIND,"'0S0",46.9768419444444,118.587231111111
2,"LITTLE ROCK","'4WA2",46.9271811111111,122.968472222222
2,LONGBRANCH,"'00WA",47.1784305555556,122.7718
2,LOPEZ,"'S31",48.4839166666667,122.937666666667
2,LOPEZ,"'4WA4",48.54149,122.887400833333
2,LYNDEN,"'38W",48.9558961111111,122.458118333333
2,MANSFIELD,"'8W3",47.8093858333333,119.636929444444
2,MATTAWA,"'91WA",46.7081888888889,119.801151111111
2,MATTAWA,"'M94",46.6872511111111,119.919726111111
2,MATTAWA,"'74WA",46.7326344444444,119.702257777778
2,MAZAMA,"'W12",48.6495841666667,120.502044444444
2,"MC CLEARY","'WN47",47.0816666666667,123.270277777778
2,MEAD,"'67WA",47.8265,117.266891666667
2,MEAD,"'70S",47.7871866666667,117.358182777778
2,"MEDICAL LAKE","'8AN6",47.6591666666667,117.681666666667
2,MESA,"'97WA",46.5856936111111,119.153901388889
2,MESA,"'5WA1",46.5215263888889,119.1794575
2,MESA,"'WN31",46.6031941666667,119.062786666667
2,"METALINE FALLS","'09S",48.8408952777778,117.283985833333
2,MONROE,"'W16",47.8713636111111,121.995243888889
2,MONROE,"'WN20",47.8723219444444,121.922901666667
2,MORTON,"'39P",46.5503608333333,122.266625833333
2,"MOSES LAKE","'MWH",47.2085833333333,119.319138888889
2,"MOSES LAKE","'W20",47.1420041666667,119.237881944444
2,"MOUNT VERNON","'WA07",48.3748255555556,122.338768333333
2,NASELLE,"'WA01",46.356215,123.814593611111
2,"NEWMAN LAKE","'WN54",47.7348991666667,117.071313888889
2,"NINE MILE FALLS","'16WA",47.8447222222222,117.693611111111
2,NORTHPORT,"'57WA",48.8583611111111,117.949027777778
2,NORTHPORT,"'1WN0",48.9333805555556,117.749808333333
2,"OAK HARBOR","'OKH",48.2515277777778,122.673666666667
2,"OAK HARBOR","'NUW",48.3518400277778,122.655958861111
2,OAKESDALE,"'75DC",47.1415611111111,117.235738888889
2,OAKVILLE,"'WN48",46.7903772222222,123.310426944444
2,"OCEAN PARK","'WN88",46.519265,124.032385277778
2,"OCEAN SHORES","'5WA8",47.0428641666667,124.145729722222
2,"OCEAN SHORES","'W04",46.9992199722222,124.1423825
2,ODESSA,"'43D",47.3475833333333,118.677222222222
2,OKANOGAN,"'S35",48.3619180555556,119.56756
2,OLYMPIA,"'6WA2",47.111485,122.821247222222
2,OLYMPIA,"'44T",46.9923888888889,122.827833333333
2,OLYMPIA,"'14WA",46.97075,122.736547222222
2,OLYMPIA,"'OLM",46.9694044444444,122.902544722222
2,OMAK,"'OMK",48.4644102777778,119.518054166667
2,OMAK,"'0WN9",48.4304638888889,119.486058333333
2,ONALASKA,"'WN74",46.5853838888889,122.626226111111
2,ONALASKA,"'WN59",46.5376069444444,122.717893055556
2,ORONDO,"'13WA",47.7705388888889,120.133558333333
2,OROVILLE,"'0S7",48.9589722222222,119.411972222222
2,OTHELLO,"'6WA4",46.8629188888889,119.138623055556
2,OTHELLO,"'S70",46.7942222222222,119.080111111111
2,PACKWOOD,"'55S",46.6041622222222,121.677899722222
2,PALOUSE,"'WT88",46.841,117.056280555556
2,PALOUSE,"'WN26",46.8849694444445,117.076872222222
2,PALOUSE,"'12WT",46.911,117.218666666667
2,PASCO,"'6WA6",46.2784688888889,118.956114722222
2,PASCO,"'53WA",46.2923577777778,118.983060277778
2,PASCO,"'WN33",46.3804141666667,118.988338611111
2,PASCO,"'WA24",46.3969444444444,119.020833333333
2,PASCO,"'PSC",46.2646816666667,119.119023888889
2,"POINT ROBERTS","'1RL",48.9771388888889,123.079222222222
2,POMEROY,"'58WA",46.5073772222222,117.449624444444
2,"PORT ANGELES","'7WA0",48.0984219444444,123.642971388889
2,"PORT ANGELES","'WN21",48.0814794444444,123.397962777778
2,"PORT ANGELES","'NOW",48.1412926388889,123.413954027778
2,"PORT ANGELES","'CLM",48.1201944444445,123.499694444444
2,"PORT HADLOCK","'80WA",48.0345861111111,122.774880555556
2,"PORT ORCHARD","'4WA9",47.4323175,122.667913333333
2,"PORT ORCHARD","'WN13",47.4637077777778,122.569021388889
2,"PORT TOWNSEND","'0S9",48.0538055555556,122.810638888889
2,"PORT TOWNSEND","'WA68",48.0769444444444,122.840661111111
2,"PORT TOWNSEND","'WA42",47.9720341666667,122.772109444444
2,PROSSER,"'S40",46.2133611111111,119.795555555556
2,PULLMAN/MOSCOW,"'PUW",46.7416913888889,117.111619166667
2,PUYALLUP,"'PLU",47.10392,122.287200277778
2,QUILCENE,"'WN00",47.8400913888889,122.859608333333
2,QUILLAYUTE,"'UIL",47.9365833333333,124.562633611111
2,QUINCY,"'WA74",47.2266666666667,119.909444444444
2,QUINCY,"'80T",47.2116111111111,119.839833333333
2,RAINIER,"'8WA0",46.8776,122.601233888889
2,RAINIER,"'3WA0",46.8975991666667,122.669569722222
2,RANDLE,"'WN55",46.5114997222222,122.006205277778
2,REARDAN,"'WA08",47.7134388888889,117.919988888889
2,RENTON,"'RNT",47.4931388888889,122.21575
2,REPUBLIC,"'R49",48.7182058333333,118.656471388889
2,RICE,"'82WN",48.3614833333333,118.140944444444
2,RICHLAND,"'RLD",46.3056388888889,119.304194444444
2,RIMROCK,"'4S6",46.6375513888889,121.123978888889
2,RITZVILLE,"'33S",47.1234527777778,118.389327777778
2,RITZVILLE,"'8WA5",47.1415330555556,118.801109444444
2,"RIVER BEND LODGE","'9WA3",48.4696316666667,117.289947222222
2,"ROCHE HARBOR","'WA09",48.6123216666667,123.13852
2,ROCHESTER,"'8W9",46.8326827777778,123.091418611111
2,ROSALIA,"'72S",47.2365678333333,117.421378555556
2,"ROYAL CITY","'4WA0",46.9280555555556,119.739166666667
2,"ROYAL CITY","'8WA6",46.9206930555556,119.590033888889
2,"ROYAL CITY","'04WN",46.9583583333333,119.638819444444
2,SEATTLE,"'BFI",47.5299722222222,122.301944444444
2,SEATTLE,"'SEA",47.4498888888889,122.311777777778
2,SEKIU,"'11S",48.2661163888889,124.313964722222
2,SELAH,"'WA76",46.8580555555556,120.778888888889
2,SELAH,"'0WN1",46.75195,120.601666666667
2,SEQUIM,"'WN49",48.1217591666667,123.087954722222
2,SEQUIM,"'WN29",48.13025,123.205520833333
2,SEQUIM,"'2WA1",48.0925925,122.928505555556
2,SEQUIM,"'WN23",48.1017588888889,123.179623055556
2,SEQUIM,"'WA59",48.1255,123.150833333333
2,SEQUIM,"'0WN0",48.1372944444444,123.112719444444
2,SEQUIM,"'W28",48.0979222222222,123.187920833333
2,"SHAW ISLAND","'6WA5",48.5756141111111,122.943616361111
2,SHELTON,"'SHN",47.2335555555556,123.147555555556
2,SILVERDALE,"'8W5",47.6564138888889,122.7331375
2,SKAMANIA,"'4WA1",45.6083333333333,122.196944444444
2,SKAMOKAWA,"'18JY",46.2847222222222,123.442777777778
2,SKYKOMISH,"'S88",47.7109355555556,121.339056388889
2,SNOHOMISH,"'S43",47.9048680277778,122.102743611111
2,SNOHOMISH,"'WA04",47.8133333333333,122.043333333333
2,"SOUTH BEND/RAYMOND/","'2S9",46.6976205555556,123.823383055556
2,"SOUTH PRAIRIE","'02WA",47.1523238888889,122.094002777778
2,SPANAWAY,"'3B8",47.0703888888889,122.371083333333
2,SPANGLE,"'WA62",47.4707261111111,117.419090555556
2,SPANGLE,"'03WA",47.4082269444444,117.371863611111
2,SPOKANE,"'SKA",47.6150555555556,117.655805555556
2,SPOKANE,"'SFF",47.6829405555556,117.322426111111
2,SPOKANE,"'12WA",47.520725,117.462704722222
2,SPOKANE,"'04WA",47.5818361111111,117.4371525
2,SPOKANE,"'WN92",47.6085077777778,117.180757222222
2,SPOKANE,"'GEG",47.6190277777778,117.535222222222
2,SPOKANE,"'WN61",47.7251713888889,117.2802125
2,SPRAGUE,"'WN41",47.3044444444444,117.961666666667
2,SPRINGDALE,"'WA23",48.0210025,117.738569722222
2,"ST JOHN","'8WA7",47.1151672222222,117.574086666667
2,STANWOOD,"'13W",48.2569444444444,122.436194444444
2,STANWOOD,"'15WA",48.2773888888889,122.361611111111
2,STARBUCK,"'16W",46.5839444444444,118.003583333333
2,STEHEKIN,"'6S9",48.3457777777778,120.720805555556
2,STEVENSON,"'19WA",45.7195608333333,121.886190833333
2,"STUART ISLAND","'7WA5",48.6728777777778,123.175745277778
2,SUNNYSIDE,"'1S5",46.3270833333333,119.970361111111
2,TACOMA,"'TCM",47.1376777777778,122.476475
2,TACOMA,"'TIW",47.2679444444444,122.578111111111
2,TEKOA,"'73S",47.2355338888889,117.043749722222
2,TENINO,"'59WA",46.8503775,122.935967777778
2,TENINO,"'65WA",46.8403777777778,122.916244722222
2,TOLEDO,"'TDO",46.4771675,122.806478916667
2,TOLEDO,"'WN05",46.5148291666667,122.792060277778
2,TONASKET,"'02WN",48.7458333333333,119.318611111111
2,TONASKET,"'25WA",48.5765472222222,119.064759722222
2,TONASKET,"'5WA0",48.5956388888889,119.100583333333
2,TONASKET,"'W01",48.7248683333333,119.465634722222
2,TOUCHET,"'52WT",46.0228833333333,118.54375
2,"TROUT LAKE","'36WA",45.9563888888889,121.497777777778
2,"TROUT LAKE","'66WA",46.0023427777778,121.523414444444
2,"TUM TUM","'39WA",47.8519444444444,117.781944444444
2,TWISP,"'WS87",48.3318694444445,120.058252777778
2,TWISP,"'2S0",48.3505852777778,120.093950833333
2,VANCOUVER,"'WA81",45.6311111111111,122.530833333333
2,VANCOUVER,"'W56",45.68728,122.521853055556
2,VANCOUVER,"'WA67",45.6630555555556,122.4725
2,VANCOUVER,"'VUO",45.6204525,122.656488333333
2,VANCOUVER,"'28WA",45.7303930555556,122.734543611111
2,VASHON,"'2S1",47.4585886111111,122.476971944444
2,VASHON,"'WA69",47.4012555555556,122.49935
2,VAUGHN,"'WT77",47.3552222222222,122.790277777778
2,WAITSBURG,"'30WA",46.3148625,118.178289166667
2,"WALLA WALLA","'83WA",46.0276375,118.168007222222
2,"WALLA WALLA","'WA10",46.0165244444444,118.370521111111
2,"WALLA WALLA","'ALW",46.0925416666667,118.2840825
2,WARDEN,"'33WA",47.0498655555556,118.851111111111
2,WARDEN,"'2S4",46.9658152222222,119.066331722222
2,WASHOUGAL,"'WA63",45.5623416666667,122.256088888889
2,WASHOUGAL,"'WA78",45.627895,122.184532777778
2,WASHTUCNA,"'37WA",46.8318116666667,118.461648055556
2,WASHTUCNA,"'35WA",46.7498666666667,118.417757777778
2,WASHTUCNA,"'WN72",46.8667527777778,118.321538888889
2,WATERVILLE,"'2S5",47.6560044444444,120.056462777778
2,WENATCHEE,"'WN17",47.3398488888889,120.316458055556
2,WENATCHEE,"'EAT",47.3988055555556,120.206833333333
2,WESTPORT,"'14S",46.8969508333333,124.100745277778
2,"WHITE SALMON","'75WA",45.8020644444444,121.479518611111
2,"WHITE SALMON","'WA66",45.8053975,121.501185833333
2,WILBUR,"'22WA",47.8201527777778,118.686948611111
2,WILBUR,"'42WA",47.8171791666667,118.801398333333
2,WILBUR,"'2S8",47.7533888888889,118.743916666667
2,WILKESON,"'WN15",47.1296805555556,122.055972222222
2,"WILSON CREEK","'5W1",47.4184833333333,119.109083333333
2,WINLOCK,"'1WA2",46.51925,122.890083333333
2,WINTHROP,"'S52",48.4249483333333,120.145885555556
2,WOODLAND,"'W27",45.8988183333333,122.737274444444
2,YAKIMA,"'Z99",46.7149583333333,120.328816666667
2,YAKIMA,"'WN45",46.7806833333333,120.444230555556
2,YAKIMA,"'48WA",46.5625,120.776666666667
2,YAKIMA,"'55WA",46.5280555555556,120.761388888889
2,YAKIMA,"'YKM",46.5681666666667,120.544055555556
2,YELM,"'49WA",46.8470455555556,122.522063611111
2,YELM,"'06WN",46.9249847222222,122.553038888889
2,ZILLAH,"'68WA",46.3937402777778,120.221719722222
2,ALBANY,"'54W",42.7173861111111,89.4241833333333
2,ALGOMA,"'3WI0",44.6422216666667,87.4198125
2,ALGOMA,"'1WI8",44.6358333333333,87.4422222222222
2,ALMOND,"'WS36",44.2713619444444,89.4370627777778
2,AMERY,"'AHH",45.2811483333333,92.3753922222222
2,AMHERST,"'WS14",44.4641394444444,89.3587255555556
2,ANTIGO,"'AIG",45.1539496944444,89.11061675
2,APPLETON,"'ATW",44.2580833333333,88.5190833333333
2,ARENA,"'WI61",43.0915694444444,89.9979861111111
2,ARKANSAW,"'28WI",44.6041327777778,92.0465611111111
2,ARLINGTON,"'WI51",43.3213777777778,89.3209497222222
2,ASHLAND,"'ASX",46.5485277777778,90.9189722222222
2,ATHENS,"'52WI",45.1596443888889,90.0568825
2,BABCOCK,"'29WI",44.3255180555556,90.0273522222222
2,BALDWIN,"'WI14",44.9666322222222,92.3876911111111
2,BALDWIN,"'WI29",44.9088888888889,92.4016666666667
2,"BALSAM LAKE","'4WN5",45.4570261111111,92.3783058333333
2,BARABOO,"'DLL",43.5220277777778,89.77125
2,BARABOO,"'34WI",43.4177625,89.7654016666667
2,BARRON,"'9Y7",45.4074580555556,91.8343397222222
2,BAYFIELD,"'WS19",46.8935430555556,90.8207419444444
2,BEECHER,"'WN11",45.5857958333333,88.0037288888889
2,BEECHER,"'WS25",45.5816313888889,87.8453963888889
2,BELOIT,"'44C",42.4977777777778,88.9676111111111
2,BERLIN,"'31WN",43.9916472222222,88.962615
2,BERLIN,"'WI55",43.9860913888889,88.9834486111111
2,BEVENT,"'3WI3",44.7652486111111,89.4073397222222
2,BIRCHWOOD,"'6WI6",45.7432472222222,91.6526583333333
2,BIRCHWOOD,"'WN98",45.6594444444444,91.5225
2,"BLACK CREEK","'8WI5",44.5154959444444,88.5416395277778
2,"BLACK EARTH","'WI66",43.0982277777778,89.7748388888889
2,"BLACK RIVER FALLS","'BCK",44.2507386111111,90.8552802777778
2,"BLACK RIVER FALLS","'7WI4",44.3005161111111,90.9879236111111
2,BLAIR,"'WI49",44.2860694444444,91.2265486111111
2,BLOOMER,"'WI18",45.1332947222222,91.4501591666667
2,BLOOMINGTON,"'WI56",42.8816555555556,90.8606822222222
2,BOSCOBEL,"'OVS",43.1608518611111,90.6737198888889
2,BOSCOBEL,"'WS91",43.2086388888889,90.66375
2,"BOULDER JUNCTION","'BDJ",46.1374494444444,89.6459841666667
2,BOYCEVILLE,"'3T3",45.04395325,92.0213281666667
2,BRISTOL,"'WI95",42.5777966666667,88.01405
2,BRISTOL,"'WN63",42.5366861111111,88.00397
2,BRISTOL,"'04WI",42.5233525,88.0167480555556
2,BRISTOL,"'WI58",42.5222413888889,88.0278597222222
2,BRODHEAD,"'C37",42.5959993611111,89.3816982222222
2,BROOKFIELD,"'02C",43.0896192222222,88.1794401666667
2,BROOKLYN,"'7WI5",42.8825016666667,89.4006744444444
2,BRUCE,"'WN90",45.3749638888889,91.2918194444444
2,BRULE,"'WI10",46.4499419444444,91.6168563888889
2,BRUSSELS,"'7WI8",44.7806341666667,87.6024030555556
2,BURLINGTON,"'BUU",42.6907171111111,88.3046825277778
2,CABLE,"'3CU",46.1949330555556,91.2484530555555
2,CADOTT,"'WI21",44.9096838888889,91.2418180555556
2,"CAMP DOUGLAS","'VOK",43.9392375,90.2531625
2,"CAMP LAKE","'49C",42.5333519444444,88.1584202777778
2,CASSVILLE,"'C74",42.7042708333333,90.9661069444444
2,CECIL,"'WI60",44.8327666666667,88.4631583333333
2,"CEDAR GROVE","'75WI",43.5888863888889,87.7842541666667
2,CEDARBURG,"'1WN2",43.3291702777778,87.9973125
2,CEDARBURG,"'WI62",43.26945,87.9981452777778
2,CENTERVILLE,"'40WI",44.0582955555556,91.4307022222222
2,"CHAMBERS ISLAND","'30WI",45.1919305555556,87.3592777777778
2,CHETEK,"'Y23",45.3064875555556,91.6368230277778
2,CHETEK,"'WS13",45.3119444444444,91.5897222222222
2,CHETEK,"'3WN6",45.2389609444445,91.7119476388889
2,CHILTON,"'11Y",44.0611833333333,88.1949333333333
2,"CHIPPEWA FALLS","'3WN8",44.9355968055556,91.4306863611111
2,"CHIPPEWA FALLS","'3WI9",44.9999611111111,91.3834894444444
2,"CHIPPEWA FALLS","'WI32",44.9873222222222,91.330375
2,"CHIPPEWA FALLS","'4WI0",44.933295,91.2723741666667
2,CLINTON,"'3WI6",42.5901388888889,88.8745555555556
2,CLINTONVILLE,"'CLI",44.6131666666667,88.7308888888889
2,CLINTONVILLE,"'WI52",44.6177583333333,88.6667666666667
2,COLEMAN,"'5WI8",45.0760944444444,88.0042705555556
2,COLLINS,"'72WI",44.0461036111111,87.9928730555555
2,COLUMBUS,"'6WN6",43.3799897222222,89.0106652777778
2,COMSTOCK,"'0WI1",45.5071772222222,92.1418511111111
2,COOKSVILLE,"'WI98",42.8583369444444,89.1973375
2,CORNELL,"'4WI9",45.1655222222222,91.1056972222222
2,CORNUCOPIA,"'WI23",46.8665986111111,91.0835197222222
2,"COTTAGE GROVE","'59WI",43.0338872222222,89.192615
2,"COTTAGE GROVE","'87WI",43.0194433333333,89.1853925
2,CRANDON,"'Y55",45.5226483333333,88.9284373055556
2,CRANDON,"'4WI2",45.6060719444444,89.0215066666667
2,CRIVITZ,"'3D1",45.2146408611111,88.0732981666667
2,CUMBERLAND,"'UBE",45.5060996666667,91.9808021111111
2,DALEYVILLE,"'WI43",42.9488872222222,89.8252777777778
2,DANE,"'WI65",43.2222141666667,89.4681747222222
2,DANE,"'5WN2",43.2683333333333,89.4844444444444
2,DARIEN,"'05WI",42.6511244444444,88.7459386111111
2,"DE FOREST","'WS12",43.264435,89.3231716666667
2,"DE PERE","'9WS2",44.3676388888889,88.1586777777778
2,"DE PERE","'WS43",44.3555469444444,88.0584344444444
2,DELAVAN,"'6WI3",42.7001666666667,88.7125
2,DELAVAN,"'C59",42.6341261111111,88.6011291666667
2,DODGEVILLE,"'22WN",43.0686027777778,90.2194833333333
2,DORCHESTER,"'83WI",44.9705233333333,90.3462463888889
2,DOUSMAN,"'WI09",42.9772222222222,88.4758333333333
2,DRUMMOND,"'5G4",46.3483888888889,91.4965
2,DUNDEE,"'1WN1",43.6680497222222,88.1953755555556
2,DURAND,"'WI74",44.6678611111111,91.8911111111111
2,DURAND,"'WI25",44.5388558333333,92.0140580555556
2,DURAND,"'WN99",44.6572222222222,91.8113888888889
2,"EAGLE RIVER","'EGV",45.9323333333333,89.2682777777778
2,"EAST TROY","'WI69",42.8000147222222,88.3334269444444
2,"EAST TROY","'35WI",42.7455702777778,88.4375969444444
2,"EAST TROY","'57C",42.7971666666667,88.3726111111111
2,"EAU CLAIRE","'4WI5",44.7235716666667,91.4598813888889
2,"EAU CLAIRE","'EAU",44.8658055555556,91.48425
2,"EAU CLAIRE","'53WI",44.7421388888889,91.5853611111111
2,"EAU CLAIRE","'WI26",44.7049608333333,91.4654369444444
2,"EAU CLAIRE","'55WN",44.8132666666667,91.5580666666667
2,EDEN,"'61WI",43.7083258333333,88.2856561111111
2,EDGERTON,"'58C",42.8727822222222,89.0756680555556
2,EDGERTON,"'WI99",42.8854305555556,89.1216180555556
2,ELAND,"'WI00",44.8738583333333,89.2306666666667
2,ELEVA,"'WS69",44.5749638888889,91.5471
2,"ELK MOUND","'WI05",44.8083333333333,91.6844444444444
2,ELKHORN,"'41WI",42.7386244444444,88.5798236111111
2,ELKHORN,"'WI70",42.7069577777778,88.6376027777778
2,ELKHORN,"'86WI",42.66,88.4308333333333
2,"ELLISON BAY","'8WN8",45.235125,87.0675277777778
2,ELROY,"'60C",43.7063613888889,90.2576283333333
2,EMERALD,"'85WI",45.0444333333333,92.2927722222222
2,EPHRAIM,"'3D2",45.1357074722222,87.1881280833333
2,EUREKA,"'WI73",43.9999813888889,88.8334455555556
2,EVANSVILLE,"'1WI3",42.7412972222222,89.2246472222222
2,EXELAND,"'26WI",45.699125,91.3034916666667
2,FENNIMORE,"'8WI8",42.9766552777778,90.6481816666667
2,FERRYVILLE,"'7WI0",43.3730316666667,91.1098519444444
2,FISK,"'2WN7",43.94875,88.6731944444444
2,"FOND DU LAC","'FLD",43.7711666666667,88.4884166666667
2,"FOND DU LAC","'7WI9",43.8305461111111,88.3253813888889
2,"FORT ATKINSON","'1WI9",42.9138944444444,88.8667738888889
2,"FORT ATKINSON","'WS49",42.9066722222222,88.8776075
2,"FORT ATKINSON","'61C",42.9632027777778,88.8176280555556
2,"FORT ATKINSON","'WI76",42.9486166666667,88.7759380555556
2,"FORT ATKINSON","'47WI",42.8900069444444,88.8081616666667
2,"FORT MC COY","'WS20",43.9537777777778,90.6641388888889
2,FRANKSVILLE,"'62C",42.8109388888889,88.0940361111111
2,"FRIENDSHIP (ADAMS)","'63C",43.9605880833333,89.7886444444444
2,GALESVILLE,"'4WI8",44.0513508333333,91.3762577777778
2,GERMANTOWN,"'WI77",43.2069508333333,88.1603697222222
2,GOODNOW,"'WS39",45.6994011111111,89.6623636111111
2,GRANTON,"'2WN6",44.5296841666667,90.4193011111111
2,GRANTSBURG,"'WS77",45.6840333333333,92.6871388888889
2,GRANTSBURG,"'GTG",45.7983778611111,92.6643309166667
2,"GREEN BAY","'GRB",44.4846336111111,88.1297133333333
2,"GREEN BAY","'WI78",44.42575,87.9350277777778
2,"GREEN BAY","'88WI",44.5083269444444,87.8606530555556
2,GREENLEAF,"'2WS3",44.2804277777778,88.0935777777778
2,GREENWOOD,"'WI79",44.8527433333333,90.5565266666667
2,HARTFORD,"'WN75",43.2447261111111,88.3723186111111
2,HARTFORD,"'HXF",43.3500472222222,88.3902408333333
2,HAYWARD,"'HYR",46.0252660833333,91.4442649722222
2,"HAZEL GREEN","'WI81",42.5241686111111,90.5909608333333
2,HAZELHURST,"'48WI",45.7938433333333,89.7301458333333
2,HERBSTER,"'WS67",46.7999338888889,91.2085183333333
2,HOLMEN,"'36WI",44.0321838888889,91.2995902777778
2,HOLMEN,"'09WI",44.0035733333333,91.3076441666667
2,HORTONVILLE,"'9WI1",44.3294444444444,88.6236111111111
2,HORTONVILLE,"'32WI",44.3163702777778,88.7009402777778
2,HORTONVILLE,"'WI22",44.3230555555556,88.6008333333333
2,HUDSON,"'02WI",45.0319111111111,92.6557563888889
2,HUSTISFORD,"'58WI",43.3385277777778,88.5583333333333
2,INDEPENDENCE,"'5WI6",44.3669444444444,91.3958333333333
2,IOLA,"'68C",44.5055366666667,89.0251094444444
2,IRMA,"'WS45",45.3416325,89.6745741666667
2,"IRON RIVER","'Y77",46.5763297222222,91.4585222222222
2,JANESVILLE,"'76WN",42.6540388888889,88.8942166666667
2,JANESVILLE,"'WI84",42.6889008333333,88.8403852777778
2,JANESVILLE,"'JVL",42.62025,89.0415555555555
2,JONESDALE,"'89WI",42.9069430555556,90.0320683333333
2,JUNEAU,"'UNU",43.4264722222222,88.7038611111111
2,KANSASVILLE,"'WI86",42.6608511111111,88.13592
2,KENOSHA,"'ENW",42.5956944444444,87.9278055555556
2,"LA CROSSE","'LSE",43.8792777777778,91.2566388888889
2,"LA POINTE","'4R5",46.7886666666667,90.7587222222222
2,LADYSMITH,"'RCX",45.4965856388889,91.0001874444444
2,"LAKE GENEVA","'C02",42.6149166666667,88.3895833333333
2,"LAKE GENEVA","'WI89",42.5722394444444,88.3673166666667
2,"LAKE MILLS","'17WI",43.0361125,88.8931627777778
2,"LAKE NEBAGAMON","'WI31",46.4101694444444,91.6537388888889
2,"LAKE TOMAHAWK","'WI36",45.82662,89.6201433333333
2,LAKEWOOD,"'4WN3",45.3320518611111,88.5359960555556
2,LANCASTER,"'73C",42.7825277777778,90.6810833333333
2,"LAND O' LAKES","'LNL",46.1541166944444,89.2119647222222
2,LAONA,"'90WI",45.5749641666667,88.708445
2,LARSEN,"'WI91",44.2027608333333,88.6395544444444
2,LODI,"'9WN5",43.3333216666667,89.5209536111111
2,"LONE ROCK","'LNR",43.2118611111111,90.1798333333333
2,LUXEMBURG,"'8WI6",44.6097180555556,87.6528708333333
2,LYONS,"'WI92",42.6611275,88.3612052777778
2,MADISON,"'87Y",43.1047027777778,89.1853611111111
2,MADISON,"'MSN",43.1398791388889,89.3375044722222
2,"MAIDEN ROCK","'5WN9",44.5944111111111,92.2585111111111
2,"MANITOWISH WATERS","'D25",46.1202270555556,89.8821999722222
2,MANITOWOC,"'MTW",44.1287777777778,87.6805833333333
2,MARIBEL,"'9WI2",44.2874941666667,87.7959236111111
2,MARINETTE,"'5WI4",45.0813738888889,87.6792727777778
2,MARKESAN,"'13WI",43.6984305555556,89.0045777777778
2,MARSHALL,"'WI97",43.25777,89.0648322222222
2,MARSHFIELD,"'MFI",44.6368797222222,90.1893266666667
2,MEDFORD,"'MDZ",45.1013184722222,90.3001744166667
2,MENOMONIE,"'LUM",44.8923333333333,91.8678055555555
2,MENOMONIE,"'WI27",44.9202408333333,91.9749
2,MERCER,"'2WI5",46.0974483333333,90.1632213888889
2,MERRILL,"'5WI5",45.2749633333333,89.4917886111111
2,MERRILL,"'92WI",45.2961111111111,89.6411111111111
2,MERRILL,"'RRL",45.1989166666667,89.7128611111111
2,MERRILL,"'WI87",45.2033333333333,89.5244444444444
2,MERRILL,"'WN44",45.2394091666667,89.5690119444445
2,MERRILL,"'WS23",45.2161111111111,89.7472222222222
2,MERRIMAC,"'WI50",43.3980555555556,89.6405555555556
2,MIDDLETON,"'C29",43.11433,89.5316488888889
2,MILWAUKEE,"'MKE",42.9469319444444,87.8970644444444
2,MILWAUKEE,"'MWC",43.1103888888889,88.0344166666667
2,"MINERAL POINT","'MRJ",42.8868888888889,90.2366666666667
2,"MINERAL POINT","'WI16",42.8530527777778,90.1297222222222
2,MINOCQUA-WOODRUFF,"'ARV",45.9279166666667,89.7309444444444
2,MINONG,"'WI33",46.1035544444444,91.9024061111111
2,MONCHES,"'0WI2",43.2013941666667,88.3334286111111
2,MONDOVI,"'94WI",44.4825,91.6225
2,MONROE,"'63WI",42.6658394444444,89.7376216666667
2,MONROE,"'WS96",42.6208388888889,89.7673444444444
2,MONROE,"'EFT",42.6149006944444,89.5904033888889
2,MONTELLO,"'WI19",43.7999777777778,89.4334544444444
2,MONTELLO,"'0WI4",43.8294225,89.3526197222222
2,MORRISON,"'9WI3",44.2855480555556,87.9867647222222
2,MORRISONVILLE,"'WN85",43.2747126666667,89.3503946111111
2,MOSINEE,"'CWA",44.7776236666667,89.6667780277778
2,MOSINEE,"'56WI",44.7734388888889,89.5937305555556
2,MOSINEE,"'WI53",44.79175,89.8887055555556
2,MOSINEE,"'WS16",44.8471891666667,89.8015138888889
2,MOSINEE,"'87WS",44.8409555555556,89.7604611111111
2,"MOUNT HOREB","'37WI",42.9911083333333,89.7534561111111
2,"MOUNT VERNON","'2WI7",42.9697202777778,89.6654
2,"MT HOREB","'WI24",42.8811111111111,89.7522222222222
2,NECEDAH,"'67WI",43.9710791666667,89.9970722222222
2,NECEDAH,"'2WN5",44.0063555555556,90.0192388888889
2,NECEDAH,"'DAF",44.0334444444444,90.0851111111111
2,NEENAH,"'79C",44.1599841666667,88.5595547222222
2,NEENAH,"'0WI7",44.1335961111111,88.4992777777778
2,NEILLSVILLE,"'VIQ",44.5581111111111,90.51225
2,NEKOOSA,"'55WI",44.3180186111111,89.9687397222222
2,NEKOOSA,"'91WI",44.2938519444444,90.0320744444444
2,NESHKORO,"'WI12",44.0168166666667,89.2025166666667
2,"NEW AUBURN","'73WI",45.2405172222222,91.5087733333333
2,"NEW BERLIN","'9WI4",42.9786244444444,88.1348119444444
2,"NEW HOLSTEIN","'8D1",43.9441045833333,88.1148416944445
2,"NEW LISBON","'82C",43.8387667222222,90.1377335555556
2,"NEW LONDON","'WS76",44.470675,88.8245472222222
2,"NEW LONDON","'2WN3",44.3578733333333,88.7613833333333
2,"NEW RICHMOND","'RNH",45.1477777777778,92.5391666666667
2,"NORTH CAPE","'WI72",42.7613472222222,88.0423263888889
2,OCONOMOWOC,"'0WI8",43.1388947222222,88.4723205555556
2,OCONTO,"'OCQ",44.8740555833333,87.9097705
2,OJIBWA,"'WI37",45.8082938888889,91.0962738888889
2,OOSTBURG,"'2WI8",43.5974972222222,87.7789763888889
2,OREGON,"'0WI9",42.9313894444444,89.3387291666667
2,OREGON,"'15WI",42.9275,89.418175
2,OREGON,"'WI40",42.9133333333333,89.3523416666667
2,OREGON,"'WS33",42.9088611111111,89.4530555555556
2,ORFORDVILLE,"'WI11",42.5913988888889,89.24067
2,OSCEOLA,"'OEO",45.3093430555556,92.6901228055555
2,OSCEOLA,"'WN86",45.2638536111111,92.6215919444444
2,OSHKOSH,"'51WI",44.0627616666667,88.5573347222222
2,OSHKOSH,"'WS17",43.9894280555555,88.5784463888889
2,OSHKOSH,"'1WI1",43.9327608333333,88.704555
2,OSHKOSH,"'OSH",43.9844911388889,88.5569348611111
2,OXFORD,"'2WI9",43.7599769444444,89.6348458333333
2,OXFORD,"'WS02",43.7424769444444,89.7159575
2,PALMYRA,"'88C",42.8835444444444,88.5999166666667
2,PALMYRA,"'9WI5",42.8283447222222,88.5745452777778
2,"PARK FALLS","'PKF",45.9550906388889,90.4244345
2,"PARK FALLS","'WS06",45.9877261111111,90.163495
2,PEMBINE,"'WI90",45.6543666666667,87.9551583333333
2,PEPIN,"'25WN",44.5287175833333,92.1203410555556
2,PHILLIPS,"'PBH",45.7088333333333,90.4025
2,PLAINFIELD,"'WN09",44.1644444444444,89.5080555555556
2,PLAINFIELD,"'5WI2",44.2224725,89.4953991666667
2,PLAINFIELD,"'8WI2",44.2248055555556,89.5318083333333
2,PLATTEVILLE,"'PVB",42.6893611111111,90.4443888888889
2,PLOVER,"'8WI3",44.4208025,89.5553963888889
2,POLAR,"'9WI6",45.104135,89.0167769444444
2,PORTAGE,"'WS28",43.5535930555556,89.3898411111111
2,PORTAGE,"'C47",43.5603055555556,89.4828611111111
2,POUND,"'10WI",45.1158147222222,88.1895466666667
2,POUND,"'WS29",45.1202588888889,88.1434361111111
2,"PRAIRIE DU CHIEN","'PDC",43.0192852777778,91.1237327777778
2,"PRAIRIE DU SAC","'91C",43.2978611111111,89.7558055555556
2,"PRAIRIE FARM","'6WI0",45.1808361111111,91.9881972222222
2,"PRAIRIE FARM","'19WI",45.19524,92.0571255555556
2,PRENTICE,"'5N2",45.5383323611111,90.2763348611111
2,PRESCOTT,"'65WI",44.688725,92.6856888888889
2,PULASKI,"'92C",44.6410166666667,88.2145194444444
2,RACINE,"'RAC",42.7611666666667,87.8139166666667
2,"RAYMOND TOWNSHIP","'1WI6",42.8402941666667,88.063975
2,REDGRANITE,"'1WI7",44.0222016666667,89.0965058333333
2,REDGRANITE,"'20WI",44.0213683333333,89.0792836111111
2,REDGRANITE,"'3WI8",44.0533122222222,89.1217838888889
2,REEDSBURG,"'C35",43.5258990833333,89.9832216666667
2,RHINELANDER,"'WI42",45.6571777777778,89.5298580555556
2,RHINELANDER,"'RHI",45.6308997222222,89.4666281944444
2,RHINELANDER,"'WS78",45.5502777777778,89.4877777777778
2,"RICE LAKE","'RPD",45.4201111111111,91.7733333333333
2,"RICHLAND CENTER","'93C",43.2833575,90.2982819444444
2,"RICHLAND CENTER","'7WI7",43.4541666666667,90.4272222222222
2,RIO,"'4WI1",43.4833183333333,89.1834477777778
2,RIO,"'94C",43.4499852777778,89.2501158333333
2,RIO,"'7WI2",43.4430419444444,89.1781697222222
2,"RIO CREEK","'WI28",44.5861088888889,87.5575897222222
2,RIPON,"'WI67",43.8766483333333,88.9006680555556
2,RIPON,"'WS46",43.8309544444444,88.8887233333333
2,"RIVER FALLS","'6WI2",44.8438563888889,92.7557572222222
2,ROBERTS,"'WS41",45.0121888888889,92.5513080555556
2,ROCHESTER,"'96C",42.7500163888889,88.2509238888889
2,ROCKDALE,"'0WS7",42.9699166666667,89.0288611111111
2,ROYALTON,"'38WI",44.3885916666667,88.8526066666667
2,SALEM,"'4WN9",42.5975,88.1463888888889
2,SAXON,"'6WI4",46.5155027777778,90.4315694444444
2,SCANDINAVIA,"'WI47",44.4333111111111,89.1501122222222
2,SHARON,"'WS55",42.5175161111111,88.7453819444444
2,SHAWANO,"'8WI1",44.7535905555556,88.7281583333333
2,SHAWANO,"'EZS",44.7873058333333,88.5600144444444
2,SHEBOYGAN,"'SBM",43.7697777777778,87.8517222222222
2,SHEBOYGAN,"'WN03",43.6786072222222,87.7256413888889
2,"SHELL LAKE","'SSQ",45.7313805555556,91.9206611111111
2,SHIOCTON,"'W34",44.4554623333333,88.5618075
2,SIREN,"'RZN",45.8234638888889,92.3736930555555
2,"SOLDIERS GROVE","'WS51",43.3526476388889,90.6810229166667
2,"SOLON SPRINGS","'OLG",46.3147508333333,91.8163758333333
2,SOMERSET,"'24WI",45.0955222222222,92.6738136111111
2,SPARTA,"'CMY",43.9582935555556,90.7379355277778
2,SPENCER,"'44WI",44.7722166666667,90.3850666666667
2,SPOONER,"'1H9",45.83561575,91.80283775
2,"SPRING LAKE","'80WI",44.0230347222222,89.1384508333333
2,"SPRING PRAIRIE","'9WI8",42.6939047222222,88.3792616666667
2,SPRINGBROOK,"'5WI1",45.9018936111111,91.6771180555556
2,SPRINGBROOK,"'23WN",45.9110555555555,91.6285
2,SPRINGFIELD,"'2WI4",42.6427941666667,88.3987066666667
2,"ST CROIX FALLS","'WS71",45.4305138888889,92.6154833333333
2,"STAR PRAIRIE","'1WN3",45.2118611111111,92.5360277777778
2,"STEVENS POINT","'STE",44.5451355555556,89.5302844444444
2,STILES,"'6WI5",44.8891563888889,88.0209366666667
2,STOCKHOLM,"'6WN5",44.4998291666667,92.1988413888889
2,STOCKHOLM,"'WI75",44.4988916666667,92.2030583333333
2,"STONE LAKE","'14WS",45.7780083333333,91.5585
2,STOUGHTON,"'2WI6",42.9136130555556,89.1862261111111
2,STOUGHTON,"'2WI1",42.9436116666667,89.2866452777778
2,STOUGHTON,"'95WI",42.9361111111111,89.1297222222222
2,STRUM,"'3WN9",44.5568833333333,91.3669361111111
2,"STURGEON BAY","'SUE",44.8436666666667,87.4215277777778
2,STURTEVANT,"'C89",42.70325,87.9589722222222
2,SULLIVAN,"'31WI",43.0072294444444,88.602045
2,SUPERIOR,"'9WI9",46.6207736111111,92.0818577777778
2,SUPERIOR,"'SUW",46.6896840833333,92.0946419722222
2,SURING,"'7P5",45.0654166666667,88.4270833333333
2,THORP,"'97WI",44.9633,90.8602777777778
2,"THREE LAKES","'40D",45.790235,89.1209586111111
2,TOMAH,"'Y72",43.9762222222222,90.4806111111111
2,TOMAH,"'01WI",44.01,90.3891666666667
2,TOMAHAWK,"'TKV",45.4693611111111,89.8048888888889
2,TOMAHAWK,"'4WI4",45.574075,89.7479722222222
2,"TWO RIVERS","'99WI",44.1791666666667,87.6313888888889
2,"UNION GROVE","'WI03",42.7980722222222,88.1334208333333
2,"UNION GROVE","'3WI1",42.6569625,88.087585
2,"VAN DYNE","'WI46",43.8827638888889,88.5399166666667
2,VERONA,"'WS62",42.9636094444444,89.580955
2,VERONA,"'W19",42.9894666666667,89.5094777777778
2,VIOLA,"'39WI",43.4846980555556,90.6198519444444
2,VIROQUA,"'Y51",43.5796388888889,90.8977222222222
2,WALWORTH,"'7V3",42.5274213888889,88.6513936111111
2,WASHBURN,"'3WN2",46.6916046666667,90.8707401388889
2,"WASHINGTON ISLAND","'2P2",45.3882545833333,86.9240402777778
2,WATERLOO,"'5WI3",43.2077722222222,89.0170536111111
2,WATERLOO,"'3WI2",43.1527741666667,88.9845530555556
2,WATERTOWN,"'WS74",43.1630527777778,88.8245472222222
2,WATERTOWN,"'66WI",43.0775038888889,88.6628797222222
2,WATERTOWN,"'RYV",43.1696388888889,88.7232222222222
2,WAUKESHA,"'UES",43.0410277777778,88.2370555555556
2,WAUNAKEE,"'6P3",43.1787222222222,89.4512777777778
2,WAUPACA,"'00WI",44.304285,89.0501136111111
2,WAUPACA,"'PCZ",44.33325,89.0197777777778
2,WAUPUN,"'WI07",43.6222105555556,88.7667744444444
2,WAUSAU,"'3WI4",44.9235805555556,89.4023394444445
2,WAUSAU,"'5WN8",45.0324166666667,89.4018333333333
2,WAUSAU,"'AUW",44.9262845277778,89.62700175
2,WAUSAUKEE,"'06WI",45.4027611111111,87.8573166666667
2,WAUTOMA,"'Y50",44.0431350833333,89.3056905277778
2,WEBSTER,"'WS81",45.948,92.1085194444444
2,WEBSTER,"'2WS2",45.9136861111111,92.2932388888889
2,WEBSTER,"'9WN2",45.9666105555556,92.1460211111111
2,"WEST BEND","'ETB",43.4221666666667,88.1279166666667
2,WHITELAW,"'82WI",44.1491602777778,87.8143952777778
2,WHITEWATER,"'3WI5",42.8125097222222,88.7264938888889
2,WHITEWATER,"'5Y3",42.8535555555556,88.7598055555556
2,"WILD ROSE","'W23",44.1977552777778,89.2178947222222
2,WINNECONNE,"'9WN1",44.1069266666667,88.6839997222222
2,WIOTA,"'65WN",42.6764481111111,89.9379851388889
2,"WISCONSIN DELLS","'JB01",43.7571991666667,89.6526236111111
2,"WISCONSIN DELLS","'8WI0",43.7438652777778,89.8142916666667
2,"WISCONSIN RAPIDS","'ISW",44.360355,89.8390394444445
2,"WISCONSIN RAPIDS","'WI13",44.2548333333333,89.8395
2,"WISCONSIN RAPIDS","'6WI1",44.4952391666667,89.9126269444444
2,WONEWOC,"'WI54",43.5630555555556,90.285
2,WONEWOC,"'4D1",43.6699738888889,90.2326277777778
2,WOODVILLE,"'54WI",45.0082975,92.2751883333333
2,WOODVILLE,"'45WI",44.9999644444444,92.2835219444444
2,WYOCENA,"'WN39",43.4819277777778,89.3201166666667
2,WYOCENA,"'WS15",43.4951925,89.2653944444444
2,WYOCENA,"'WS32",43.4835952777778,89.2948391666667
2,WYOCENA,"'7WI6",43.4705397222222,89.3590066666667
2,"WAKE ISLAND","'AWK",19.2824888888889,166.636661111111
2,ANSTED,"'WV01",38.1292761111111,81.0537125
2,ARBOVALE,"'WV00",38.4708333333333,79.8005555555556
2,ARTHURDALE,"'70D",39.4988888888889,79.8531388888889
2,BECKLEY,"'BKW",37.7873333333333,81.1241666666667
2,"BERKELEY SPRINGS","'W35",39.6926111111111,78.1660833333333
2,BEVERLY,"'00WV",38.8288888888889,79.8661111111111
2,BLUEFIELD,"'BLF",37.2959483611111,81.2075188611111
2,BUCKHANNON,"'W22",39.0005833333333,80.2749444444444
2,"CAMP DAWSON (KINGWOOD)","'3G5",39.4500905555556,79.6664438888889
2,"CAPON BRIDGE","'38WV",39.3252777777778,78.4255555555556
2,CHARLESTON,"'CRW",38.3760126388889,81.5928928888889
2,CHESAPEAKE,"'WV08",38.2204730277778,81.52871725
2,CLARKSBURG,"'CKB",39.2976547222222,80.2275319444444
2,CLARKSBURG,"'WV28",39.3245325,80.3967572222222
2,CORINNE,"'WV09",37.5587255555556,81.3506575
2,CRAIGSVILLE,"'WV63",38.3345544444444,80.6531472222222
2,DAVIS,"'WV62",39.0551086111111,79.4314386111111
2,ELIZABETH,"'2WV3",39.1172344444444,81.3916666666667
2,ELKINS,"'EKN",38.8894444444444,79.8571388888889
2,ELKINS,"'WV70",38.9562166666667,79.788675
2,FAIRMONT,"'WV65",39.4492522222222,80.0113888888889
2,FAIRMONT,"'4G7",39.4475407222222,80.1676346944444
2,FAYETTEVILLE,"'WV59",38.0267775,81.1198244444444
2,GERRARDSTOWN,"'WV68",39.3555333333333,78.0790416666667
2,GLENDALE,"'WV66",39.948685,80.7595297222222
2,"GREEN BANK","'WV52",38.4306738888889,79.8256125
2,HAMLIN,"'12WV",38.3437034166667,82.1113514444444
2,"HARPERS FERRY","'WV21",39.3305555555556,77.7947222222222
2,HEDGESVILLE,"'WV22",39.5747222222222,77.9715166666667
2,HUNTINGTON,"'I41",38.4570288888889,82.31376
2,HUNTINGTON,"'HTS",38.3685078055556,82.5603602222222
2,KEYSER,"'WV15",39.4834255555556,78.9264136111111
2,KEYSER,"'WV18",39.4084291666667,79.0136394444445
2,KINGWOOD,"'WV19",39.4448127777778,79.6892230555555
2,LANSING,"'WV32",38.0889991666667,81.0651011111111
2,LEWISBURG,"'LWB",37.8583066666667,80.3994825
2,LOGAN,"'6L4",37.8556861111111,81.9158833333333
2,MARTINSBURG,"'MRB",39.4023568055556,77.9829990833333
2,MARTINSBURG,"'WV17",39.3936944444444,78.1565
2,MEDLEY,"'4WV4",39.1763416666667,79.0681444444444
2,MILTON,"'12V",38.4408888888889,82.2007777777778
2,MORGANTOWN,"'MGW",39.6435954166667,79.9175469722222
2,MOUNDSVILLE,"'MPG",39.8808333333333,80.7357777777778
2,"NEW CUMBERLAND","'7G1",40.5331111111111,80.5411111111111
2,NEWBURG,"'WV53",39.3720366666667,79.8928475
2,NEWBURG,"'18WV",39.41,79.8566666666667
2,PARKERSBURG,"'PKB",39.3449619444444,81.4392930555556
2,"PENCE SPRINGS","'WV77",37.679565,80.7103580555556
2,PETERSBURG,"'W99",38.9949444444444,79.1458611111111
2,PHILIPPI,"'79D",39.1661902777778,80.0623486111111
2,PHILIPPI,"'9W3",39.0934325,80.0259122222222
2,PINEVILLE,"'I16",37.6004444444444,81.5592777777778
2,POCA,"'27WV",38.4788194444444,81.8036944444444
2,"POINT PLEASANT","'3I2",38.9146388888889,82.0985833333333
2,RAINELLE,"'WV30",37.9487286111111,80.7164763888889
2,RAVENSWOOD,"'I18",38.9297777777778,81.8194722222222
2,RICHWOOD,"'3I4",38.2583888888889,80.6513333333333
2,ROMNEY,"'WV67",39.3947222222222,78.6794444444444
2,ROMNEY,"'WV06",39.2851013888889,78.7383494444445
2,SHINNSTON,"'6W0",39.4061111111111,80.2768611111111
2,"SOUTH CHARLESTON","'WV12",38.3350958333333,81.7399638888889
2,SPENCER,"'USW",38.8238055555556,81.3488333333333
2,SPENCER,"'55I",38.7775222222222,81.3103194166667
2,SUMMERSVILLE,"'SXL",38.2316388888889,80.8708055555556
2,SUTTON,"'48I",38.6871111111111,80.6520833333333
2,"TERRA ALTA","'WV57",39.4631477777778,79.5425488888889
2,UNION,"'2WV5",37.5458333333333,80.5338888888889
2,"VALLEY POINT","'WV29",39.5798061111111,79.6497725
2,WELCH,"'I25",37.4167805555556,81.5289941666667
2,"WEST UNION","'75WV",39.1659,80.6508055555556
2,WHEELING,"'HLG",40.1750113888889,80.6462683333333
2,WILLIAMSON,"'EBD",37.6817639722222,82.1220665555555
2,AFTON,"'AFO",42.7087777777778,110.942166666667
2,AFTON,"'WY60",42.8610369444444,110.897980277778
2,ALPINE,"'46U",43.1818055555556,111.0385
2,BASIN,"'0WY1",44.4111111111111,108.163333333333
2,"BIG PINEY","'WY19",42.5440277777778,110.395972222222
2,"BIG PINEY","'BPI",42.5822222222222,110.108861111111
2,BILL,"'WY01",43.3958008333333,105.554713611111
2,BUFFALO,"'BYG",44.3810833333333,106.721805555556
2,BURLINGTON,"'12WY",44.45,108.384666666667
2,CASPER,"'45WY",42.8897333333333,106.674866666667
2,CASPER,"'CPR",42.9058611111111,106.463638888889
2,CASPER,"'HAD",42.92441,106.30947
2,CHEYENNE,"'CYS",41.1556388888889,104.810472222222
2,CHEYENNE,"'WY46",41.0727777777778,104.825652777778
2,CHEYENNE,"'WY05",41.2177694444444,104.586611111111
2,CHEYENNE,"'WY45",41.1569252777778,104.708299722222
2,CHUGWATER,"'WY29",41.6221969444444,104.785245
2,CODY,"'2WY8",44.4044444444444,109.281944444444
2,CODY,"'WY06",44.8382786111111,109.621559166667
2,CODY,"'COD",44.5201944444444,109.023805555556
2,COKEVILLE,"'WY32",42.0938888888889,110.872222222222
2,COKEVILLE,"'U06",42.0457708333333,110.966020555556
2,COWLEY/LOVELL/BYRON,"'U68",44.9116666666667,108.4455
2,DANIEL,"'WY33",42.8169444444444,110.278333333333
2,DAYTON,"'99WY",44.8458,107.276744444444
2,DIXON,"'DWX",41.0374444444444,107.492527777778
2,DOUGLAS,"'WY66",42.7521777777778,105.619611111111
2,DOUGLAS,"'DGW",42.7971944444444,105.385833333333
2,DOUGLAS,"'WY07",43.3252452777778,105.675551388889
2,DOUGLAS,"'84WY",43.4461111111111,105.743055555556
2,DOUGLAS,"'44WY",42.8511,105.496216666667
2,DOUGLAS,"'WY27",42.5866666666667,105.538333333333
2,DUBOIS,"'DUB",43.5486513888889,109.690827777778
2,DUBOIS,"'WY30",43.3754988888889,110.109895555556
2,"DULL CENTER/SW CLARETON/","'WY09",43.5060833333333,104.878222222222
2,ENCAMPMENT,"'WY11",41.1583019444444,106.557530833333
2,ETNA,"'32WY",43.0767305555556,111.0315
2,EVANSTON,"'EVW",41.2747777777778,111.034638888889
2,"FORT BRIDGER","'FBR",41.3933333333333,110.405972222222
2,FREEDOM,"'0WY0",43.0397222222222,111.038055555556
2,GILLETTE,"'WY13",43.7860830555556,105.664445833333
2,GILLETTE,"'WY65",44.3488697222222,105.337491666667
2,GILLETTE,"'GCC",44.3489080555556,105.5393675
2,GILLETTE,"'WY12",43.9263641666667,105.653336666667
2,GLENDO,"'76V",42.5200277777778,105.020027777778
2,"GREEN RIVER","'48U",41.4581388888889,109.489916666667
2,GREYBULL,"'GEY",44.5179444444444,108.083
2,GUERNSEY,"'GUR",42.25975,104.728305555556
2,HULETT,"'W43",44.6628611111111,104.567833333333
2,HULETT,"'WY14",44.6374838888889,104.688576111111
2,HULETT,"'11WY",44.9586055555556,104.868655555556
2,JACKSON,"'JAC",43.6073333333333,110.73775
2,JACKSON,"'WY31",43.4096502777778,110.772981666667
2,KAYCEE,"'10WY",43.4233333333333,106.823611111111
2,KEMMERER,"'EMM",41.8240833333333,110.556944444444
2,LANDER,"'LND",42.8153847222222,108.728563055556
2,LARAMIE,"'LAR",41.3120555555556,105.675
2,LARAMIE,"'WY61",41.2847222222222,105.51125
2,LUSK,"'LSK",42.7538055555556,104.404555555556
2,LYSITE,"'WY34",43.3405144444445,107.687024722222
2,"MEDICINE BOW","'WY17",42.0219072222222,106.424469444444
2,"MEDICINE BOW","'80V",41.8839722222222,106.182777777778
2,"MEDICINE BOW","'WY16",42.2599666666667,105.858894166667
2,MEETEETSE,"'WY42",44.3074555555556,108.736794444444
2,MERNA,"'2WY3",43.0072222222222,110.317222222222
2,MIDWEST,"'WY18",43.5583047222222,106.008900277778
2,MOORCROFT,"'01WY",44.3472047222222,104.810803611111
2,"MULE CREEK JUNCTION","'WY44",43.4266416666667,104.236236111111
2,NEWCASTLE,"'ECS",43.88425,104.3145
2,"PINE BLUFFS","'82V",41.1524722222222,104.13475
2,PINEDALE,"'PNA",42.7973888888889,109.811027777778
2,POWELL,"'WY36",44.7902294444444,108.734296111111
2,POWELL,"'WY15",44.6896666666667,108.678666666667
2,POWELL,"'POY",44.8671666666667,108.793416666667
2,RAWLINS,"'RWL",41.8057222222222,107.200333333333
2,RIVERTON,"'RIW",43.06425,108.459833333333
2,"ROCK SPRINGS","'RKS",41.5942222222222,109.065194444444
2,ROZET,"'22WY",44.3380555555556,105.162116666667
2,SARATOGA,"'96WY",41.4091666666667,106.5925
2,SARATOGA,"'SAA",41.4435277777778,106.827527777778
2,SAVAGETON,"'WY22",43.9499769444444,105.933902777778
2,SHERIDAN,"'SHR",44.7691944444444,106.980277777778
2,SHERIDAN,"'07WY",44.9602777777778,106.106944444444
2,SHOSHONI,"'49U",43.2509722222222,108.122055555556
2,SUNDANCE,"'WY55",44.4193111111111,104.595716666667
2,SUSSEX,"'WY23",44.0733116666667,106.265862777778
2,"TEN SLEEP","'WY38",43.6235705555556,107.407573611111
2,"TEN SLEEP","'WY00",43.9677044722222,107.379483083333
2,THAYNE,"'WY64",42.9574225,110.98271
2,THAYNE,"'WY39",42.9693669444444,110.965765
2,THERMOPOLIS,"'HSG",43.7136111111111,108.389694444444
2,TORRINGTON,"'TOR",42.0645277777778,104.152694444444
2,UPTON,"'83V",44.0905366666667,104.640794166667
2,WHEATLAND,"'EAN",42.0555194444444,104.928283055556
2,WHEATLAND,"'WY25",42.3069138888889,104.936637222222
2,WHEATLAND,"'WY59",41.9330263888889,105.084975555556
2,WORLAND,"'WRL",43.9628888888889,107.950527777778
