2,"PALMYRA ISLAND ATOLL",P16,   5.8833333,   162.06667,1,191
2,"ROTA ISLAND",GRO,   14.174355,   145.24113,18,157
2,"TINIAN ISLAND",TNI,   14.999231,   145.61935,19,158
2,"SAIPAN ISLAND",GSN,   15.120255,   145.72998,20,158
2,"SHOMU-SHON",TT01,   18.124444,   145.76861,26,158
2,"WAKE ISLAND",AWK,   19.282489,   166.63666,28,200
2,"MARATHON",MTH,   24.726194,   81.051361,39,29
2,"SUMMERLAND KEY",FD51,   24.658754,   81.441471,39,29
2,"KEY WEST",EYW,    24.55612,   81.759956,39,30
2,"KEY WEST",NQX,   24.574637,   81.686645,39,30
2,"KEY WEST",7FA1,   24.648754,   81.579808,39,30
2,"HOMESTEAD",HST,   25.488551,   80.383566,40,27
2,"KEY LARGO",07FA,   25.324317,   80.275729,40,27
2,"HOMESTEAD",X51,   25.499231,   80.554244,40,28
2,"TAVERNIER",FA81,   25.008741,   80.533117,40,28
2,"HOMESTEAD",11FA,   25.583718,   80.499779,41,27
2,"HOMESTEAD",78FD,   25.546497,   80.465612,41,27
2,"MIAMI",14FA,   25.570107,   80.399777,41,27
2,"MIAMI",FA35,   25.619528,   80.488667,41,27
2,"MIAMI",TMB,   25.647564,   80.433225,41,27
2,"MIAMI",MIA,   25.795361,   80.290116,41,27
2,"MIAMI",OPF,   25.907417,   80.278222,41,27
2,"HOMESTEAD",04FA,   25.558719,   80.515057,41,28
2,"HOMESTEAD",4FD3,   25.515253,     80.5135,41,28
2,"MIAMI",TNT,   25.861806,      80.897,41,28
2,"MIAMI",FL31,   25.554553,   80.553947,41,28
2,"EVERGLADES",X01,   25.848861,   81.390278,41,29
2,"EVERGLADES CITY",9FL7,   25.857321,   81.034515,41,29
2,"OCHOPEE",FA80,    25.96815,    81.08146,41,29
2,"OCHOPEE",FA74,   25.980927,   81.056737,41,29
2,"MARCO ISLAND",MKY,   25.995028,   81.672528,41,30
2,"BROWNSVILLE",BRO,   25.906139,      97.426,41,61
2,"BROWNSVILLE",80TX,   25.926747,   97.408591,41,61
2,"BOCA RATON",BCT,     26.3785,   80.107694,42,27
2,"DELRAY BEACH",FD08,   26.465351,   80.149767,42,27
2,"FORT LAUDERDALE",FXE,   26.197279,   80.170706,42,27
2,"FORT LAUDERDALE",FLL,   26.071667,   80.149694,42,27
2,"HOLLYWOOD",HWO,   26.001222,   80.240722,42,27
2,"POMPANO BEACH",PMP,   26.247401,   80.111208,42,27
2,"CLEWISTON",2FA4,   26.379523,   80.945621,42,28
2,"IMMOKALEE",59FD,   26.326208,   80.987967,42,28
2,"CLEWISTON",0FL9,   26.393889,   81.023056,42,29
2,"IMMOKALEE",IMM,   26.433712,   81.400478,42,29
2,"LA BELLE",FA18,   26.444167,   81.020278,42,29
2,"MILES CITY",FL77,   26.054536,   81.067848,42,29
2,"OCHOPEE",16FA,   26.030925,    81.03868,42,29
2,"SUNNILAND",FA02,   26.309892,     81.2273,42,29
2,"ESTERO",1FD4,   26.445357,   81.607303,42,30
2,"NAPLES",APF,   26.152442,   81.775639,42,30
2,"NAPLES",FA37,   26.116584,   81.702287,42,30
2,"BAY VIEW",TS94,   26.251185,    97.30081,42,61
2,"BAYVIEW",73TA,   26.158425,   97.388689,42,61
2,"LOS FRESNOS",92TA,   26.121187,   97.428038,42,61
2,"PORT ISABEL",PIL,   26.166194,   97.345889,42,61
2,"EDCOUCH",6TE0,   26.290349,   97.949446,42,62
2,"HARLINGEN",2TS2,   26.168409,   97.733604,42,62
2,"HARLINGEN",HRL,   26.227111,   97.655139,42,62
2,"MERCEDES",5XS6,   26.175353,   97.875276,42,62
2,"RAYMONDVILLE",XS56,   26.448679,    97.79194,42,62
2,"RAYMONDVILLE",92XS,   26.478957,   97.687213,42,62
2,"RIO HONDO",XS64,   26.248962,   97.564987,42,62
2,"SAN BENITO",53XS,   26.150278,   97.593333,42,62
2,"WESLACO",TXW,   26.178708,   97.974006,42,62
2,"ALAMO",43TX,   26.153131,   98.135008,42,63
2,"EDINBURG",6TE1,   26.361458,   98.152509,42,63
2,"EDINBURG",EBG,   26.441667,   98.122222,42,63
2,"MC ALLEN",MFE,   26.175833,   98.238611,42,63
2,"MISSION",7TE7,   26.383679,   98.333627,42,63
2,"RIO GRANDE CITY",67R,   26.424283,   98.846081,42,64
2,"JUPITER",FD15,     26.9795,   80.218657,43,27
2,"JUPITER",06FA,   26.908153,   80.328414,43,27
2,"LAKE WORTH",7FD6,   26.622568,   80.305326,43,27
2,"WEST PALM BEACH",F45,   26.845917,   80.222333,43,27
2,"WEST PALM BEACH",LNA,   26.593056,   80.085065,43,27
2,"WEST PALM BEACH",PBI,   26.683162,   80.095592,43,27
2,"WEST PALM BEACH",FD38,   26.646708,   80.295067,43,27
2,"BELLE GLADE",X10,   26.698189,   80.660244,43,28
2,"BELLE GLADE",FA69,   26.587847,   80.637279,43,28
2,"PAHOKEE",PHK,   26.785028,   80.693361,43,28
2,"SOUTH BAY",FL41,   26.581181,   80.755893,43,28
2,"CLEWISTON",2IS,   26.735171,    81.05106,43,29
2,"CLEWISTON",0FL0,   26.730556,   81.163889,43,29
2,"LA BELLE",FL88,   26.683679,   81.449799,43,29
2,"LA BELLE",05FL,   26.520222,   81.410222,43,29
2,"LA BELLE",08FA,   26.579795,   81.483689,43,29
2,"LA BELLE",X14,   26.740583,   81.428278,43,29
2,"LA BELLE",FD20,   26.800342,   81.485077,43,29
2,"ALVA",87FL,   26.732986,   81.571042,43,30
2,"FORT MYERS",FL59,   26.643405,    81.71036,43,30
2,"FORT MYERS",FMY,   26.586611,    81.86325,43,30
2,"FORT MYERS",94FL,   26.732846,   81.897308,43,30
2,"FORT MYERS",RSW,   26.536167,   81.755167,43,30
2,"FORT MYERS",47FD,   26.662849,   81.770639,43,30
2,"LA BELLE",17FA,   26.713401,   81.535356,43,30
2,"LA BELLE",FA51,   26.738955,   81.506188,43,30
2,"LA BELLE",95FD,   26.768333,   81.538889,43,30
2,"PUNTA GORDA",40FL,   26.952581,   81.870942,43,30
2,"PUNTA GORDA",6FL3,   26.937281,   81.567022,43,30
2,"PUNTA GORDA",PGD,   26.918938,   81.990926,43,30
2,"PUNTA GORDA",F13,   26.968611,   81.916306,43,30
2,"ENGLEWOOD",X36,   26.990081,   82.374018,43,31
2,"FORT MYERS",1FA3,   26.657856,    82.12115,43,31
2,"FORT MYERS",FL90,   26.603409,   82.220095,43,31
2,"FORT MYERS",4FA3,   26.643407,    82.11787,43,31
2,"FORT MYERS",FL86,   26.582576,   82.098425,43,31
2,"PLACIDA",FA54,   26.853742,   82.252603,43,31
2,"PORT MANSFIELD",T05,   26.560156,    97.43925,43,61
2,"ARMSTRONG",47TX,   26.933944,   97.762494,43,62
2,"SARITA",XS92,   26.867933,   97.667664,43,62
2,"ENCINO",2TA8,   26.858277,   98.221749,43,63
2,"SANTA ELENA",38XS,   26.815214,   98.479304,43,63
2,"SANTA ELENA",XS93,    26.72041,   98.560158,43,64
2,"ZAPATA",APY,   26.968786,   99.248908,43,65
2,"FORT PIERCE",FD57,    27.46976,   80.416441,44,27
2,"FORT PIERCE",FPR,   27.497472,   80.372639,44,27
2,"INDIANTOWN",X58,     27.0375,      80.441,44,27
2,"PORT ST. LUCIE",FL37,   27.238379,   80.491443,44,27
2,"STUART",64FA,   27.142827,   80.337827,44,27
2,"STUART",SUA,   27.181699,   80.221293,44,27
2,"FORT PIERCE",FD88,   27.341987,   80.521999,44,28
2,"FORT PIERCE",7FL8,   27.443928,   80.565056,44,28
2,"FORT PIERCE",FL67,   27.277822,   80.585889,44,28
2,"FORT PIERCE",FL29,   27.361153,   80.570889,44,28
2,"FORT PIERCE",FD30,   27.411429,   80.526166,44,28
2,"INDIANTOWN",80FD,   27.113384,   80.633389,44,28
2,"INDIANTOWN",FA24,   27.093333,   80.612222,44,28
2,"OKEECHOBEE",96FD,   27.333376,   80.736169,44,28
2,"OKEECHOBEE",FD39,   27.155556,   80.691667,44,28
2,"OKEECHOBEE",5FL6,   27.405008,   80.811469,44,28
2,"OKEECHOBEE",OBE,   27.266583,   80.850389,44,28
2,"OKEECHOBEE",90FL,   27.361154,   80.760892,44,28
2,"OKEECHOBEE",00FL,    27.23088,   80.969231,44,28
2,"OKEECHOBEE",08FD,   27.363098,     80.7726,44,28
2,"OKEECHOBEE",32FA,   27.234213,   80.903673,44,28
2,"PORT ST. LUCIE",FD24,   27.221158,    80.52061,44,28
2,"LAKE PLACID",08FL,   27.084497,   81.328683,44,29
2,"LAKE PLACID",FD72,   27.182827,   81.390629,44,29
2,"LAKE PLACID",03FA,   27.353098,   81.408129,44,29
2,"LAKE PLACID",3FD0,   27.021722,   81.451186,44,29
2,"LAKE PLACID",09FA,   27.245602,   81.413129,44,29
2,"LAKE PLACID",FA60,   27.238936,   81.385906,44,29
2,"OKEECHOBEE",8FD5,   27.188937,   81.087011,44,29
2,"OKEECHOBEE",FD70,   27.325321,   81.028676,44,29
2,"SEBRING",SEF,   27.456389,   81.342389,44,29
2,"ARCADIA",X06,   27.195318,   81.838228,44,30
2,"ARCADIA",26FD,   27.051167,   81.848139,44,30
2,"ARCADIA",FL40,   27.120972,   81.802692,44,30
2,"ARCADIA",8FL1,   27.196994,    81.91564,44,30
2,"ARCADIA",FA64,   27.074498,   81.586467,44,30
2,"ARCADIA",0FA1,   27.303935,   81.880361,44,30
2,"ARCADIA",09FL,   27.055556,   81.970556,44,30
2,"ZOLFO SPRINGS",FL00,    27.41893,   81.832583,44,30
2,"PORT CHARLOTTE",20FL,   27.042557,   82.043699,44,31
2,"SARASOTA",22FA,   27.303103,   82.272591,44,31
2,"SARASOTA",4FL8,   27.343656,   82.317314,44,31
2,"VENICE",VNC,   27.071611,   82.440333,44,31
2,"ZOLFO SPRINGS",67FL,   27.455556,      82.105,44,31
2,"SARASOTA/BRADENTON",SRQ,   27.395444,   82.554389,44,32
2,"KINGSVILLE",40TS,   27.444844,   97.905942,44,62
2,"SARITA",XS63,   27.225578,    97.69765,44,62
2,"FALFURRIAS",BKS,   27.206056,   98.121028,44,63
2,"FALFURRIAS",7TE2,   27.105879,    98.20584,44,63
2,"PREMONT",XS50,   27.383648,   98.310008,44,63
2,"PREMONT",XS51,   27.404482,   98.144726,44,63
2,"PREMONT",8TX8,   27.360872,   98.179449,44,63
2,"HEBBRONVILLE",TS69,   27.485034,   98.661961,44,64
2,"HEBBRONVILLE",03TE,   27.491144,   98.669461,44,64
2,"HEBBRONVILLE",HBV,   27.349556,   98.736944,44,64
2,"HEBBRONVILLE",TA44,   27.075601,   98.601685,44,64
2,"MIRANDO CITY",TE89,    27.27962,   98.967492,44,64
2,"OILTON",13TS,   27.455307,   98.926412,44,64
2,"REALITOS",14TS,   27.421667,   98.604361,44,64
2,"LAREDO",TE32,   27.308634,   99.481431,44,65
2,"LAREDO",0TE5,   27.433794,   99.185939,44,65
2,"SAN YGNACIO",XS94,   27.111419,    99.42254,44,65
2,"SEBASTIAN",X26,    27.81325,   80.495583,45,27
2,"VERO BEACH",FD25,   27.562469,   80.498844,45,27
2,"VERO BEACH",VRB,   27.655556,   80.417944,45,27
2,"WINTER BEACH",FL95,   27.708641,    80.45283,45,27
2,"FELLSMERE",4FL3,   27.741696,   80.666168,45,28
2,"FORT DRUM",FL75,   27.541981,   80.833116,45,28
2,"KENANSVILLE",4FL1,   27.862778,   80.958056,45,28
2,"KENANSVILLE",33FL,   27.860861,   80.999861,45,28
2,"KENANSVILLE",FD09,   27.810027,   80.858949,45,28
2,"OKEECHOBEE",83FD,   27.580278,   80.815278,45,28
2,"OKEECHOBEE",33FA,    27.59809,   80.845894,45,28
2,"VALKARIA",X59,   27.960866,   80.558328,45,28
2,"VERO BEACH",FL74,   27.598645,   80.501998,45,28
2,"VERO BEACH",X52,   27.632255,   80.527554,45,28
2,"VERO BEACH",70FA,   27.562175,   80.599369,45,28
2,"AVON PARK",AGR,    27.64785,   81.341564,45,29
2,"LAKE WALES",52FA,   27.939611,   81.432028,45,29
2,"LAKE WALES",62FL,   27.844444,   81.439722,45,29
2,"RIVER RANCH",2RR,   27.779333,   81.203917,45,29
2,"RIVER RANCH",2FL8,   27.883633,   81.363125,45,29
2,"YEEHAW JUNCTION",6FD5,   27.778639,   81.099788,45,29
2,"AVON PARK",AVO,     27.5913,   81.528967,45,30
2,"AVON PARK",FL01,   27.621144,   81.610633,45,30
2,"BARTOW",BOW,   27.943361,   81.783417,45,30
2,"FORT MEADE",FD10,     27.7897,   81.653167,45,30
2,"FORT MEADE",1FA9,      27.785,   81.651111,45,30
2,"FROSTPROOF",52FL,   27.751303,    81.55915,45,30
2,"FROSTPROOF",4FL5,   27.755278,   81.599722,45,30
2,"LAKE WALES",X25,   27.953806,   81.601417,45,30
2,"LAKE WALES",X07,   27.893211,   81.621459,45,30
2,"WAUCHULA",CHN,   27.514917,   81.880472,45,30
2,"BRANDON",FL78,   27.898636,   82.182589,45,31
2,"LAKELAND",LAL,   27.987636,   82.018993,45,31
2,"LAKELAND",X49,   27.933358,   82.043974,45,31
2,"LITHIA",27FA,     27.8062,   82.141365,45,31
2,"TAMPA",TPF,   27.915444,   82.449389,45,31
2,"WIMAUMA",23FL,   27.684444,   82.244167,45,31
2,"WIMAUMA",FD77,   27.711975,   82.282869,45,31
2,"CLEARWATER",CLW,   27.977214,   82.759057,45,32
2,"ELLENTON",6FD7,   27.544204,   82.530096,45,32
2,"PALMETTO",48X,   27.642597,   82.519917,45,32
2,"ST PETERSBURG",SPG,   27.765114,   82.626974,45,32
2,"ST PETERSBURG-CLEARWATER",PIE,   27.908694,     82.6865,45,32
2,"TAMPA",MCF,   27.849342,   82.521217,45,32
2,"TAMPA",TPA,   27.975472,    82.53325,45,32
2,"ROCKPORT",XS67,   27.944457,    96.98501,45,60
2,"CORPUS CHRISTI",NGW,    27.70242,    97.43882,45,61
2,"CORPUS CHRISTI",NGP,   27.692701,   97.290377,45,61
2,"CORPUS CHRISTI",NWL,      27.635,   97.312222,45,61
2,"INGLESIDE",TFP,   27.913028,     97.2115,45,61
2,"PORT ARANSAS",RAS,   27.811833,    97.08875,45,61
2,"PORTLAND",9R5,   27.886667,   97.349636,45,61
2,"PORTLAND",TE87,   27.915833,   97.320278,45,61
2,"AGUA DULCE",67T,   27.799966,   97.850955,45,62
2,"BISHOP",07R,   27.610167,   97.752528,45,62
2,"CORPUS CHRISTI",CRP,   27.772194,   97.502417,45,62
2,"CORPUS CHRISTI",07TE,    27.72114,   97.512771,45,62
2,"CORPUS CHRISTI",69TA,   27.655032,   97.525271,45,62
2,"KINGSVILLE",NQI,   27.504515,   97.808289,45,62
2,"ROBSTOWN",TE62,   27.854266,   97.682275,45,62
2,"ROBSTOWN",RBO,   27.778139,   97.690111,45,62
2,"ROBSTOWN",XS66,   27.803913,   97.743607,45,62
2,"SANDIA",1XS0,   27.990592,   97.894114,45,62
2,"SANDIA",8XS3,   27.993892,   97.820567,45,62
2,"ALICE",ALI,   27.740889,   98.026944,45,63
2,"FREER",42XS,   27.958819,   98.403764,45,63
2,"KINGSVILLE",IKG,   27.550861,   98.030917,45,63
2,"ORANGE GROVE",NOG,   27.896818,   98.043555,45,63
2,"BRUNI",8TS0,   27.553086,    98.73224,45,64
2,"FREER",TX56,     27.7155,   98.702533,45,64
2,"FREER",28TA,   27.833631,   98.716962,45,64
2,"FREER",T19,   27.888694,   98.599958,45,64
2,"FREER",0XA4,   27.997111,   98.882861,45,64
2,"CALLAGHAN",90TX,   27.879444,   99.396667,45,65
2,"ENCINAL",2TX4,   27.983618,   99.376701,45,65
2,"LAREDO",LRD,   27.544194,   99.461583,45,65
2,"COCOA BEACH",XMR,   28.467586,   80.566615,46,28
2,"COCOA BEACH",COF,   28.235006,   80.609979,46,28
2,"MELBOURNE",MLB,    28.10275,    80.64525,46,28
2,"MERRITT ISLAND",COI,   28.341611,   80.685472,46,28
2,"ROCKLEDGE",21FA,   28.299086,   80.720781,46,28
2,"WEST MELBOURNE",FD74,   28.065851,   80.902282,46,28
2,"KISSIMMEE",FD83,   28.258623,   81.383959,46,29
2,"MELBOURNE",31FL,   28.043353,    81.01923,46,29
2,"ORLANDO",ISM,   28.289806,   81.437083,46,29
2,"ORLANDO",54FD,     28.3675,   81.076111,46,29
2,"ORLANDO",MCO,   28.429389,      81.309,46,29
2,"ST CLOUD",72FL,   28.157516,   81.234797,46,29
2,"ST CLOUD",FD37,   28.137238,   81.263402,46,29
2,"ST CLOUD",57FA,   28.208624,   81.119232,46,29
2,"AUBURNDALE",FL16,   28.058631,   81.816469,46,30
2,"DUNDEE",58FD,   28.014167,   81.540556,46,30
2,"HAINES CITY",4FL9,    28.14335,    81.64702,46,30
2,"LAKELAND",FL43,   28.273811,   81.930447,46,30
2,"LAKELAND",FD33,   28.211756,   81.997917,46,30
2,"POLK CITY",4FD7,   28.206402,   81.827856,46,30
2,"POLK CITY",FA08,    28.16696,   81.808134,46,30
2,"WINTER HAVEN",GIF,   28.062917,   81.753306,46,30
2,"BROOKSVILLE",BKV,   28.473611,   82.455417,46,31
2,"BROOKSVILLE",X05,   28.330283,   82.496485,46,31
2,"DADE CITY",FD53,   28.453333,      82.215,46,31
2,"DADE CITY",5FL0,   28.413056,   82.223417,46,31
2,"DADE CITY",FD59,   28.470278,   82.240917,46,31
2,"DADE CITY",3FL1,     28.4525,   82.207778,46,31
2,"LUTZ",FL35,      28.175,   82.487778,46,31
2,"PLANT CITY",79FD,   28.041958,   82.092586,46,31
2,"PLANT CITY",PCM,   28.000167,   82.163306,46,31
2,"TAMPA",VDF,   28.013987,   82.345259,46,31
2,"TAMPA",X39,   28.221278,   82.374556,46,31
2,"ZEPHYRHILLS",ZPH,      28.228,      82.156,46,31
2,"NEW PORT RICHEY",FA40,   28.283083,     82.6407,46,32
2,"PORT O'CONNOR",72TA,   28.450736,   96.303986,46,59
2,"FULTON",9TE5,   28.154456,   96.976934,46,60
2,"SEADRIFT",8TA1,   28.478056,   96.761927,46,60
2,"REFUGIO",XS59,    28.28084,   97.211381,46,61
2,"REFUGIO",RFG,   28.296067,   97.326381,46,61
2,"ROCKPORT",RKP,   28.086222,   97.043694,46,61
2,"BEEVILLE",BEA,   28.364222,   97.791944,46,62
2,"BEEVILLE",TX2,   28.362444,   97.661917,46,62
2,"LAGARTO",79TE,   28.115566,   97.930834,46,62
2,"SINTON",T69,   28.038567,   97.542501,46,62
2,"BEEVILLE",TE58,   28.445132,   98.039403,46,63
2,"CALLIHAM",91TX,   28.396941,   98.362789,46,63
2,"GEORGE WEST",8T6,   28.362806,   98.116472,46,63
2,"GEORGE WEST",59TS,   28.143064,   98.158339,46,63
2,"ORANGE GROVE",TA56,   28.056653,   98.142042,46,63
2,"COTULLA",7TE8,   28.210028,   98.833733,46,64
2,"COTULLA",45XS,   28.140283,   98.912939,46,64
2,"COTULLA",46TA,   28.126119,   98.859744,46,64
2,"COTULLA",2XA1,   28.140199,   98.935997,46,64
2,"COTULLA",79TA,   28.169728,   98.890023,46,64
2,"TILDEN",43TS,   28.474206,   98.583811,46,64
2,"TILDEN",TE63,   28.246111,   98.552778,46,64
2,"COTULLA",COT,   28.455722,   99.217222,46,65
2,"COTULLA",TX79,   28.088889,   99.048889,46,65
2,"COTULLA",XA08,   28.166144,   99.091636,46,65
2,"COTULLA",TA58,   28.319972,   99.465872,46,65
2,"COTULLA",5TS1,   28.205835,   99.134473,46,65
2,"ENCINAL",XA66,   28.073889,   99.284694,46,65
2,"CARRIZO SPRINGS",1TS6,   28.269438,     99.9345,46,66
2,"CARRIZO SPRINGS",TA84,   28.354992,   99.933167,46,66
2,"CATARINA",9TS3,   28.085572,   99.620825,46,66
2,"CATARINA",99TX,   28.300272,   99.566987,46,66
2,"CATARINA",1TE1,   28.250273,   99.816997,46,66
2,"CATARINA",0XS0,   28.400267,   99.558655,46,66
2,"CATARINA",TE27,    28.25444,   99.599211,46,66
2,"CATARINA",TS40,   28.310953,   99.706531,46,66
2,"ENCINAL",TE29,    28.06975,    99.56876,46,66
2,"ENCINAL",8TS9,       28.14,   99.570319,46,66
2,"CARRIZO SPRINGS",95TX,   28.192495,   100.07228,46,67
2,"CARRIZO SPRINGS",XA89,   28.208556,   100.01881,46,67
2,"CARRIZO SPRINGS",2XS2,   28.263386,   100.16277,46,67
2,"CARRIZO SPRINGS",97TX,   28.283603,   100.06701,46,67
2,"MIDWAY ATOLL",MDY,   28.201483,   177.38131,46,221
2,"NEW SMYRNA BEACH",X50,   28.978917,   80.924778,47,28
2,"OAK HILL",2FD6,   28.889732,   80.867267,47,28
2,"OAKHILL",34FD,   28.857212,   80.906999,47,28
2,"SCOTTSMOOR",3FD6,   28.764158,   80.853943,47,28
2,"TITUSVILLE",X21,   28.622552,    80.83541,47,28
2,"TITUSVILLE",TTS,   28.614889,   80.694361,47,28
2,"TITUSVILLE",TIX,   28.514806,   80.799222,47,28
2,"CHULUOTA",6FD2,   28.666941,   81.084506,47,29
2,"DELAND",FL62,   28.948598,   81.413122,47,29
2,"EUSTIS",6FD6,   28.904989,   81.433123,47,29
2,"GENEVA",01FL,   28.781936,   81.159228,47,29
2,"GENEVA",FD92,   28.732772,   81.078672,47,29
2,"ORLANDO",ORL,   28.545462,    81.33293,47,29
2,"ORLANDO",SFB,   28.777178,   81.234914,47,29
2,"ORLANDO",01FA,   28.589444,    81.14423,47,29
2,"APOPKA",FL57,   28.618888,   81.508683,47,30
2,"APOPKA",X04,   28.707474,   81.581964,47,30
2,"CLERMONT",21FL,   28.508611,   81.800278,47,30
2,"EUSTIS",X55,   28.843333,   81.630083,47,30
2,"FRUITLAND PARK",5FA1,   28.878042,   81.940916,47,30
2,"FRUITLAND PARK",FL99,   28.876098,    81.88897,47,30
2,"GROVELAND",02FA,   28.526666,     81.8748,47,30
2,"GROVELAND",FA42,   28.532867,   81.846717,47,30
2,"LEESBURG",10FA,   28.797489,   81.935915,47,30
2,"LEESBURG",LEE,   28.822889,   81.808417,47,30
2,"LEESBURG",51FD,   28.667772,   81.918136,47,30
2,"MASCOTTE",06FD,   28.641667,      81.885,47,30
2,"MINNEOLA",3FD4,   28.627775,   81.802855,47,30
2,"UMATILLA",X23,   28.924221,   81.651813,47,30
2,"WEIRSDALE",2FD1,   28.975539,   81.918694,47,30
2,"WEIRSDALE",97FL,   28.961929,   81.891471,47,30
2,"ZELLWOOD",X61,   28.735272,   81.629117,47,30
2,"ZELLWOOD",FA83,   28.721556,   81.655358,47,30
2,"ZELLWOOD",FL97,   28.760271,   81.605907,47,30
2,"BROOKSVILLE",5FD7,   28.611659,   82.367871,47,31
2,"BROOKSVILLE",47FL,   28.539858,   82.304719,47,31
2,"BUSHNELL",09FD,   28.671104,   82.087307,47,31
2,"BUSHNELL",25FL,   28.631944,   82.157778,47,31
2,"BUSHNELL",9FL1,   28.683602,   82.157587,47,31
2,"BUSHNELL",00FA,   28.645547,   82.218975,47,31
2,"BUSHNELL",4FL2,   28.594994,   82.149807,47,31
2,"COLEMAN",2FA6,   28.811099,   82.065363,47,31
2,"HERNANDO",7FD2,   28.990256,   82.330373,47,31
2,"HERNANDO",5FL7,   28.978034,   82.363708,47,31
2,"INVERNESS",INF,   28.803613,   82.318291,47,31
2,"LAKE PANASOFFKEE",FD49,   28.773599,   82.130365,47,31
2,"OXFORD",31FA,   28.959167,   82.134167,47,31
2,"CRYSTAL RIVER",CGC,   28.867611,   82.574111,47,32
2,"CRYSTAL RIVER",1FA1,   28.854925,     82.5526,47,32
2,"BAY CITY",BYY,   28.973247,   95.863452,47,58
2,"BRAZORIA",2TE0,   28.982194,   95.579669,47,58
2,"LA WARD",TX0,   28.740058,   96.468189,47,59
2,"LA WARD",47TE,   28.851655,   96.497473,47,59
2,"MARKHAM",XS07,   28.950258,    96.05996,47,59
2,"PALACIOS",3XS1,   28.767211,   96.306913,47,59
2,"PALACIOS",PSX,     28.7275,   96.250944,47,59
2,"PALACIOS",XS35,   28.739156,   96.219133,47,59
2,"BLOOMINGTON",69TX,   28.583609,   96.854429,47,60
2,"EDNA",6TE3,   28.948873,   96.549696,47,60
2,"EDNA",6TE5,   28.980817,    96.62192,47,60
2,"INDIANOLA",5TS9,   28.530278,   96.527476,47,60
2,"PORT LAVACA",PKV,   28.653306,   96.682722,47,60
2,"PORT LAVACA",10XA,   28.679947,   96.660897,47,60
2,"PORT LAVACA",9TE4,   28.569756,   96.633847,47,60
2,"VICTORIA",VCT,   28.852546,   96.918489,47,60
2,"BERCLAIR",NGT,   28.611608,    97.61257,47,62
2,"GOLIAD",18XA,     28.6591,   97.598747,47,62
2,"KENEDY",4XA2,   28.790431,   97.765458,47,62
2,"KENEDY",2R9,   28.824986,   97.865568,47,62
2,"CAMBELLTON",TE26,   28.777911,   98.343714,47,63
2,"CAMPBELLTON",0XA5,   28.685383,   98.383117,47,63
2,"KARNES CITY",2TE6,   28.887754,   98.050283,47,63
2,"PAWNEE",XS71,   28.748667,   98.045528,47,63
2,"CHARLOTTE",02TS,   28.662642,   98.723094,47,64
2,"PLEASANTON",PEZ,   28.954194,   98.519972,47,64
2,"DILLEY",6TA9,   28.612903,   99.180392,47,65
2,"DILLEY",24R,     28.6855,   99.189083,47,65
2,"DILLEY",5TS5,   28.651091,   99.288647,47,65
2,"PEARSALL",XS40,   28.805381,   99.006147,47,65
2,"PEARSALL",T30,    28.82225,   99.109028,47,65
2,"BATESVILLE",XA88,   28.978333,   99.563056,47,66
2,"BRUNDAGE",XA93,   28.619322,   99.654364,47,66
2,"CARRIZO SPRINGS",CZT,    28.52225,   99.823639,47,66
2,"CRYSTAL CITY",20R,   28.697556,   99.817667,47,66
2,"CRYSTAL CITY",8TE4,   28.814975,   99.758109,47,66
2,"LA PRYOR",72TE,   28.879056,   99.992472,47,66
2,"LA PRYOR",TE83,     28.9208,    99.75615,47,66
2,"COMETA",66TX,   28.681944,   100.02417,47,67
2,"CRYSTAL CITY",3TA9,   28.708589,   100.00728,47,67
2,"CRYSTAL CITY",TA34,   28.766921,   100.08284,47,67
2,"CRYSTAL CITY",3TA8,     28.7197,   100.05451,47,67
2,"EAGLE PASS",5TE0,   28.627764,   100.16169,47,67
2,"EAGLE PASS",5T9,   28.857093,   100.51347,47,68
2,"NEW SMYRNA BEACH",EVB,   29.055694,   80.948917,48,28
2,"CRESCENT CITY",16FD,   29.404974,   81.495906,48,29
2,"DAYTONA BEACH",DAB,   29.179917,   81.058056,48,29
2,"DAYTONA BEACH",7FL6,   29.080195,   81.046627,48,29
2,"DE LEON SPRINGS",FD90,   29.168592,   81.264784,48,29
2,"DELAND",1J6,   29.104111,   81.314194,48,29
2,"DELAND",FD86,   29.030262,   81.447012,48,29
2,"DELAND",DED,   29.067028,    81.28375,48,29
2,"DELAND",85FA,     29.0949,     81.2776,48,29
2,"ORMOND",04FL,   29.239425,   81.222005,48,29
2,"ORMOND BEACH",OMN,   29.301139,   81.113806,48,29
2,"ORMOND BEACH",2FA1,   29.251264,   81.200535,48,29
2,"ORMOND BEACH",0FD0,   29.267479,   81.230061,48,29
2,"PALM COAST",FIN,   29.465151,   81.207649,48,29
2,"PIERSON",2J8,   29.250028,   81.459333,48,29
2,"SAMSULA",8FA4,   29.010444,   81.132472,48,29
2,"BELLEVIEW",8FL3,   29.073036,   81.999531,48,30
2,"BELLEVIEW",FL58,    29.02637,   81.987863,48,30
2,"CRESCENT CITY",FD44,   29.426944,   81.604167,48,30
2,"CRESCENT CITY",2FA5,   29.472194,    81.57202,48,30
2,"CRESENT CITY",28FL,   29.441917,   81.583131,48,30
2,"OKLAWAHA",FA38,    29.12359,   81.887028,48,30
2,"WELAKA",3FL0,   29.436081,   81.656744,48,30
2,"BELLEVIEW",8FL2,   29.001092,   82.100644,48,31
2,"BELLEVIEW",2FA2,   29.018869,   82.113701,48,31
2,"CITRA",FD14,   29.375251,   82.058146,48,31
2,"CITRA",9FD5,   29.386639,   82.142872,48,31
2,"CROSS CREEK",35FA,   29.467942,   82.158761,48,31
2,"DUNNELLON",X35,   29.061767,   82.376619,48,31
2,"DUNNELLON",10FD,   29.006639,   82.404569,48,31
2,"FAIRFIELD",FA09,   29.340806,   82.263708,48,31
2,"ISLAND GROVE",2FD2,   29.479444,   82.053347,48,31
2,"LOWELL",FL80,   29.333837,   82.165895,48,31
2,"OCALA",FL19,   29.245251,   82.353711,48,31
2,"OCALA",FD29,   29.130811,   82.119256,48,31
2,"OCALA",17FL,   29.278129,   82.121385,48,31
2,"OCALA",FL61,    29.02609,   82.212315,48,31
2,"OCALA",OCF,   29.171877,   82.224115,48,31
2,"OCALA",FA49,   29.096089,   82.178981,48,31
2,"OCALA/BELLEVIEW",FD04,   29.092583,      82.032,48,31
2,"ORANGE SPRINGS",FD02,   29.484971,   82.022035,48,31
2,"REDDICK",FA50,   29.361362,   82.149816,48,31
2,"WILLISTON",X60,   29.354605,   82.470564,48,31
2,"CEDAR KEY",FA71,   29.228021,   82.943731,48,32
2,"CHIEFLAND",51FL,   29.394944,   82.869778,48,32
2,"CRYSTAL RIVER",66FD,   29.003611,   82.555278,48,32
2,"MORRISTON",FA30,   29.277396,   82.500625,48,32
2,"OLD TOWN",5FD0,   29.492736,   82.991236,48,32
2,"WILLISTON",96FL,    29.24247,   82.545383,48,32
2,"CEDAR KEY",CDK,   29.134222,   83.050472,48,33
2,"BURAS",LS87,   29.331782,   89.476562,48,45
2,"BURAS",LS84,   29.449225,   89.623708,48,46
2,"PORT SULPHUR",7LA1,   29.458273,   89.675897,48,46
2,"GALLIANO",GAO,   29.441111,   90.261111,48,47
2,"CRYSTAL BEACH",XS77,    29.46551,   94.627415,48,56
2,"GALVESTON",GLS,   29.265333,   94.860417,48,56
2,"TEXAS CITY",TS50,   29.417454,   94.998259,48,56
2,"TEXAS CITY",55TE,   29.418272,   94.904467,48,56
2,"ALTA LOMA",TX66,   29.398845,   95.078539,48,57
2,"ALVIN",6R5,    29.41475,   95.288917,48,57
2,"ALVIN",3TS3,   29.374682,   95.290491,48,57
2,"ALVIN",TE09,   29.331906,   95.276042,48,57
2,"ANGLETON",7R9,   29.165056,   95.401083,48,57
2,"ANGLETON",TE77,   29.233742,     95.4767,48,57
2,"ANGLETON",81D,   29.264967,    95.41257,48,57
2,"ANGLETON",46TX,     29.1508,   95.495221,48,57
2,"ANGLETON/LAKE JACKSON",LBX,   29.108639,   95.462083,48,57
2,"DANBURY",96TX,   29.277828,   95.351828,48,57
2,"DANBURY",77XS,   29.291844,    95.35929,48,57
2,"DANBURY",2XA2,   29.220422,   95.310881,48,57
2,"DANBURY",07TA,   29.240519,   95.344658,48,57
2,"HITCHCOCK",37TE,   29.360234,   95.009926,48,57
2,"LIVERPOOL",15XS,   29.332739,   95.334103,48,57
2,"MANVEL",3T2,   29.479083,   95.326556,48,57
2,"ROSHARON",TE88,   29.356942,   95.459403,48,57
2,"ROSHARON",91TS,   29.367408,   95.340556,48,57
2,"SANTA FE",5TA5,   29.336069,   95.115207,48,57
2,"SANTA FE",3TX4,   29.327097,   95.059333,48,57
2,"DAMON",XS21,   29.331077,    95.70467,48,58
2,"DAMON",4TA0,    29.35552,   95.663836,48,58
2,"HOUSTON",2H5,   29.499167,   95.898389,48,58
2,"NEEDVILLE",XS25,   29.384686,   95.683003,48,58
2,"NEEDVILLE",87TE,   29.451909,   95.865508,48,58
2,"NEW GULF",1TX4,    29.27334,   95.886903,48,58
2,"OLD OCEAN",08XS,   29.108056,     95.7775,48,58
2,"ROSHARON",TA33,    29.35802,   95.635224,48,58
2,"WHARTON",TS57,   29.242328,   95.980636,48,58
2,"DANEVANG",78XS,   29.053034,   96.262187,48,59
2,"EL CAMPO",TS96,   29.266916,   96.325243,48,59
2,"EL CAMPO",2TE4,   29.179189,   96.322736,48,59
2,"EL CAMPO",68TE,   29.196086,   96.491914,48,59
2,"EL CAMPO",0XS1,   29.287778,   96.349722,48,59
2,"EL CAMPO",8TE8,   29.162752,   96.225241,48,59
2,"LOUISE",T26,   29.108278,   96.398778,48,59
2,"WHARTON",94R,   29.264396,   96.007246,48,59
2,"WHARTON",ARM,   29.254278,   96.154389,48,59
2,"EDNA",26R,   29.000999,   96.581962,48,60
2,"EL CAMPO",7TE6,   29.200252,   96.554416,48,60
2,"GANADO",TS08,    29.08359,   96.500249,48,60
2,"HALLETTSVILLE",34R,   29.389958,    96.95606,48,60
2,"SHERIDAN",72TS,   29.360802,   96.622473,48,60
2,"VICTORIA",94XS,   29.001392,   96.992839,48,60
2,"YOAKUM",XS95,   29.256694,      96.987,48,60
2,"CUERO",T71,   29.083588,   97.266934,48,61
2,"SHINER",XS49,   29.490239,    97.12193,48,61
2,"SHINER",TE36,   29.391909,   97.184709,48,61
2,"YOAKUM",5TA3,   29.358577,   97.144708,48,61
2,"YOAKUM",T85,   29.313167,   97.138417,48,61
2,"STOCKDALE",2TS8,   29.220521,   97.871668,48,62
2,"ELMENDORF",6XS9,   29.296071,   98.379458,48,63
2,"ELMENDORF",28TE,   29.268295,   98.336957,48,63
2,"ELMENDORF",2TX1,   29.225241,   98.383624,48,63
2,"FLORESVILLE",7TE9,   29.027193,   98.286677,48,63
2,"FLORESVILLE",82XS,   29.102744,   98.216675,48,63
2,"FLORESVILLE",8TA0,     29.1358,     98.2764,48,63
2,"FLORESVILLE",TT05,   29.191361,   98.255125,48,63
2,"FLORESVILLE",1TE7,   29.121077,   98.365568,48,63
2,"LA VERNIA",TE12,   29.300239,    98.18362,48,63
2,"MARION",TT45,   29.498333,      98.155,48,63
2,"MARION",1TE4,   29.495509,   98.157787,48,63
2,"NEW BERLIN",TE67,   29.429122,   98.131672,48,63
2,"NEW BERLIN",TE86,   29.444444,   98.112778,48,63
2,"SAN ANTONIO",24XA,   29.320969,   98.370294,48,63
2,"SAN ANTONIO",74R,   29.284583,   98.498306,48,63
2,"SAN ANTONIO",SSF,   29.336981,   98.471044,48,63
2,"SEGUIN",45XA,   29.495111,   98.057639,48,63
2,"BIGFOOT",78TA,   29.072181,   98.783581,48,64
2,"CASTROVILLE",CVB,   29.342389,   98.851222,48,64
2,"CASTROVILLE",XS86,   29.266903,   98.925307,48,64
2,"CASTROVILLE",TE13,   29.400233,   98.887528,48,64
2,"DEVINE",23R,   29.138389,   98.941889,48,64
2,"POTEET",XS47,   29.000248,   98.571129,48,64
2,"SAN ANTONIO",SKF,   29.384233,   98.581117,48,64
2,"SOMERSET",53T,   29.216073,   98.549462,48,64
2,"VON ORMY",3XS5,   29.298015,   98.676688,48,64
2,"D'HANIS",4TS8,   29.374956,   99.341987,48,65
2,"D'HANIS",4TE9,   29.264125,   99.350598,48,65
2,"HONDO",TE57,   29.444803,   99.122797,48,65
2,"HONDO",HDO,   29.359131,   99.177492,48,65
2,"SABINAL",83TE,   29.496897,   99.493935,48,65
2,"UVALDE",2XS7,   29.450232,   99.683664,48,66
2,"UVALDE",2XS8,   29.226997,   99.826947,48,66
2,"UVALDE",UVA,   29.211333,   99.743583,48,66
2,"BRACKETTVILLE",74TX,   29.286624,   100.43369,48,67
2,"BRACKETTVILLE",TA31,    29.43051,   100.25757,48,67
2,"SPOFFORD",0XS7,   29.194019,   100.28018,48,67
2,"SPOFFORD",0XS8,   29.076076,   100.37535,48,67
2,"SPOFFORD",55XS,    29.16635,   100.41841,48,67
2,"SPOFFORD",T70,   29.118427,   100.47224,48,67
2,"UVALDE",62TX,   29.487667,   100.01497,48,67
2,"UVALDE",01TX,   29.461478,   100.11429,48,67
2,"BRACKETTVILLE",2TX3,   29.216903,   100.61703,48,68
2,"BRACKETVILLE",1TA8,   29.237167,   100.68408,48,68
2,"DEL RIO",23TS,    29.42273,    100.7387,48,68
2,"DEL RIO",DRT,   29.374207,   100.92716,48,68
2,"DEL RIO",DLF,   29.359393,   100.77791,48,68
2,"QUEMADO",50XS,   29.043298,   100.58453,48,68
2,"TERLINGUA",1XS7,     29.4502,   102.83182,48,72
2,"ALPINE",1E2,     29.4515,   103.39761,48,73
2,"MARATHON",09TS,   29.482419,   103.16489,48,73
2,"LAJITAS",T89,   29.277125,   103.68579,48,74
2,"PRESIDIO",3T9,   29.471083,   103.93642,48,74
2,"TERLINGUA /ALPINE/",3TE8,   29.319364,   103.58352,48,74
2,"HASTINGS",2FA7,   29.634353,   81.464881,49,29
2,"HASTINGS",8FL0,   29.728025,   81.439797,49,29
2,"HASTINGS",46FD,   29.668025,   81.497299,49,29
2,"ST AUGUSTINE",SGJ,   29.959252,   81.339732,49,29
2,"CAMP BLANDING MIL RES(STARKE)",2CB,   29.966907,   81.983158,49,30
2,"ELKTON",5FL4,   29.800801,   81.500913,49,30
2,"GREEN COVE SPRINGS",7FL4,   29.903021,   81.685923,49,30
2,"GREEN COVE SPRINGS",FL60,   29.972464,   81.660923,49,30
2,"HASTINGS",13FA,   29.694414,   81.513689,49,30
2,"INTERLACHEN",FL82,   29.580536,   81.861181,49,30
2,"MELROSE",FD22,   29.666912,   81.955094,49,30
2,"PALATKA",28J,   29.658382,   81.689503,49,30
2,"POMONA PARK",78FL,   29.502192,   81.578408,49,30
2,"SAN MATEO",34FL,   29.580857,   81.591687,49,30
2,"ALACHUA",63FD,   29.698056,   82.491389,49,31
2,"ALACHUA",FA62,   29.916907,   82.483171,49,31
2,"ARCHER",FL66,   29.557153,    82.49675,49,31
2,"GAINESVILLE",GNV,   29.690056,   82.271778,49,31
2,"GAINESVILLE",FD81,   29.702744,   82.425664,49,31
2,"GAINESVILLE",81FL,   29.715278,   82.099861,49,31
2,"KEYSTONE HEIGHTS",42J,    29.84475,   82.047528,49,31
2,"LAKE BUTLER",FL03,   29.991906,   82.366502,49,31
2,"MELROSE",39FA,   29.662468,   82.009263,49,31
2,"WORTHINGTON",FL54,   29.935517,   82.410667,49,31
2,"ALACHUA",63FA,   29.734167,   82.565278,49,32
2,"ARCHER",0J8,   29.618917,   82.508778,49,32
2,"BELL",86FD,   29.764722,   82.896389,49,32
2,"BELL",37FL,   29.718569,   82.844567,49,32
2,"BELL",6FL9,   29.689958,   82.871234,49,32
2,"BELL",9FL5,   29.814121,   82.925682,49,32
2,"BRANFORD",FD16,   29.965833,   82.872778,49,32
2,"BRANFORD",FL02,     29.8894,   82.798734,49,32
2,"BRANFORD",2FD0,   29.975785,   82.907349,49,32
2,"BRANFORD",FD95,   29.974944,   82.925028,49,32
2,"CHIEFLAND",73FD,   29.510795,    82.86012,49,32
2,"CHIEFLAND",79FL,   29.552738,   82.868732,49,32
2,"CHIEFLAND",FA36,   29.515128,   82.872924,49,32
2,"CHIEFLAND",6FD0,   29.565794,   82.868732,49,32
2,"FORT WHITE",FD31,   29.928013,   82.701232,49,32
2,"HIGH SPRINGS",7FL7,   29.875926,   82.641483,49,32
2,"HIGH SPRINGS",6J8,   29.720264,   82.665208,49,32
2,"TRENTON",6FL8,   29.587556,    82.87125,49,32
2,"TRENTON",35FD,   29.692333,   82.729167,49,32
2,"TRENTON",FL33,   29.668293,   82.826232,49,32
2,"CROSS CITY",CTY,   29.635528,    83.10475,49,33
2,"MAYO",33FD,   29.914389,   83.266526,49,33
2,"STEINHATCHEE",39FD,   29.729392,   83.353471,49,33
2,"KEATON BEACH",5FL1,   29.903272,   83.607924,49,34
2,"KEATON BEACH",6FL4,   29.821053,     83.5732,49,34
2,"PANACEA",2J0,   29.989456,   84.395392,49,35
2,"APALACHICOLA",F47,   29.644584,   84.915599,49,36
2,"CARRABELLE",X13,      29.842,   84.701111,49,36
2,"CARRABELLE",FA43,   29.808544,   84.595735,49,36
2,"APALACHICOLA",AAF,   29.727549,   85.027377,49,37
2,"PORT ST JOE",A51,   29.758544,   85.289085,49,37
2,"AMA",LS40,   29.951944,   90.286111,49,47
2,"BELLE CHASSE",65LA,   29.866039,   90.022293,49,47
2,"HAHNVILLE",1LA1,   29.983537,   90.434805,49,47
2,"NEW ORLEANS",MSY,   29.993278,   90.259028,49,47
2,"NEW ORLEANS",NBG,   29.827215,   90.026589,49,47
2,"HOUMA",LS59,   29.588889,   90.826111,49,48
2,"HOUMA",HUM,   29.566502,   90.660427,49,48
2,"HOUMA",LA73,   29.608574,   90.802259,49,48
2,"RACELAND",LA89,   29.731939,   90.639253,49,48
2,"THIBODAUX",0LS0,   29.749722,   90.735833,49,48
2,"THIBODAUX",L83,   29.747792,   90.832899,49,48
2,"PATTERSON",PTN,   29.709546,   91.338979,49,49
2,"CHARENTON",2LS2,   29.872222,   91.543056,49,50
2,"JEANERETTE",2R1,   29.899069,      91.666,49,50
2,"ABBEVILLE",IYA,   29.975778,   92.084222,49,51
2,"ABBEVILLE",LS68,   29.934652,   92.213461,49,51
2,"ABBEVILLE",LA60,   29.816876,   92.116793,49,51
2,"ABBEVILLE",35LA,   29.974456,   92.176128,49,51
2,"INTRACOASTAL CITY",2LA0,   29.789655,   92.156516,49,51
2,"KAPLAN",13LS,   29.993889,   92.385556,49,51
2,"GRAND CHENIER",3LA4,   29.799681,   92.803536,49,52
2,"BELL CITY",7LA9,   29.999494,   93.138025,49,53
2,"BEAUMONT/PORT ARTHUR",BPT,   29.950833,   94.020694,49,55
2,"FANNETT",7TE0,   29.913828,   94.208239,49,55
2,"WINNIE",TE73,    29.85855,   94.354075,49,55
2,"WINNIE",5XS3,   29.769666,   94.261297,49,55
2,"WINNIE/STOWELL",T90,   29.818854,   94.430979,49,55
2,"ANAHUAC",T00,   29.769815,   94.663487,49,56
2,"BAYTOWN",HPY,   29.786083,   94.952667,49,56
2,"BAYTOWN",25TA,   29.836613,   94.967427,49,56
2,"BAYTOWN",54T,   29.761894,   94.847939,49,56
2,"CROSBY",9TA3,      29.873,   94.989649,49,56
2,"DAYTON",3TE1,   29.951608,   94.904369,49,56
2,"MONT BELVIEU",4TX0,   29.863554,   94.834367,49,56
2,"OAK ISLAND",1TS0,   29.670503,   94.670751,49,56
2,"WINNIE",77XA,   29.826003,   94.511022,49,56
2,"CROSBY",1XS1,   29.938279,   95.046483,49,57
2,"FRIENDSWOOD",7XS0,   29.504677,   95.175488,49,57
2,"HOUSTON",EFD,   29.607333,    95.15875,49,57
2,"HOUSTON",39R,   29.537611,   95.423639,49,57
2,"HOUSTON",IAH,   29.984435,   95.341442,49,57
2,"HOUSTON",21XS,   29.519679,   95.275214,49,57
2,"HOUSTON",AXH,   29.506139,   95.476917,49,57
2,"HOUSTON",LVJ,   29.521278,   95.242139,49,57
2,"HOUSTON",HOU,   29.645417,   95.278889,49,57
2,"LA PORTE",T41,    29.66925,   95.064194,49,57
2,"PEARLAND",T79,   29.555789,   95.327993,49,57
2,"BROOKSHIRE",TA03,   29.757264,   95.910806,49,58
2,"BROOKSHIRE",27XS,   29.838125,   95.949972,49,58
2,"BROOKSHIRE",77TX,   29.781619,   95.914397,49,58
2,"BROOKSHIRE",TA28,   29.793786,    95.92521,49,58
2,"CYPRESS",TS07,   29.986217,   95.685663,49,58
2,"FULSHEAR",X09,   29.690083,   95.840474,49,58
2,"HOCKLEY",TA90,   29.974667,   95.818006,49,58
2,"HOUSTON",TME,   29.805028,   95.897889,49,58
2,"HOUSTON",SGR,   29.622249,   95.656534,49,58
2,"HOUSTON",IWS,   29.818194,   95.672611,49,58
2,"ORCHARD",TA97,   29.637459,   95.968844,49,58
2,"PATTISON",1TS1,   29.912726,   95.994123,49,58
2,"ROSENBERG",T54,   29.524406,   95.775228,49,58
2,"WALLER",4XS0,   29.930269,   95.963889,49,58
2,"WALLER",6XS4,   29.945961,   95.941356,49,58
2,"WALLER",37XA,   29.992833,   95.930482,49,58
2,"WALLER",6XA4,   29.991817,   95.954517,49,58
2,"BELLVILLE",06R,   29.940972,    96.24525,49,59
2,"BELLVILLE",61TX,   29.972446,   96.307187,49,59
2,"BROOKSHIRE",1XA4,   29.873714,   96.004699,49,59
2,"EAGLE LAKE",0TX8,   29.708889,   96.368467,49,59
2,"EAGLE LAKE",ELA,   29.600028,   96.321944,49,59
2,"EAGLE LAKE",5TE7,   29.719401,    96.30941,49,59
2,"HEMPSTEAD",4TA4,   29.939386,   96.060467,49,59
2,"MONAVILLE",TX42,   29.936531,   96.036528,49,59
2,"PATTISON",TS44,   29.842447,    96.02561,49,59
2,"SEALY",05TA,   29.809081,   96.263964,49,59
2,"SEALY",90TS,   29.856931,   96.139294,49,59
2,"SEALY",3TA2,   29.736622,   96.064125,49,59
2,"SEALY",1XA7,   29.733392,   96.059181,49,59
2,"SEALY",93TS,   29.748289,   96.114682,49,59
2,"SEALY",2TA4,   29.747734,   96.292743,49,59
2,"COLUMBUS",TS27,   29.716194,   96.591356,49,60
2,"COLUMBUS",66R,   29.641511,   96.515956,49,60
2,"LA GRANGE",3T5,   29.907972,       96.95,49,60
2,"LA GRANGE",9TE6,   29.916892,   96.800256,49,60
2,"WARRENTON",7TE1,   29.998972,   96.761139,49,60
2,"WEIMAR",TT00,   29.646667,   96.729444,49,60
2,"FLATONIA",2TE5,   29.695092,   97.163319,49,61
2,"GONZALES",T20,   29.529124,   97.464303,49,61
2,"HARWOOD",32TA,   29.691897,   97.433604,49,61
2,"MULDOON",XS24,   29.829672,   97.099153,49,61
2,"ROSANKY",76XA,   29.912306,   97.373306,49,61
2,"AUSTIN",HYI,    29.89275,      97.863,49,62
2,"FENTRESS",XS90,    29.76828,   97.775279,49,62
2,"GERONIMO",50TA,   29.687726,   97.996116,49,62
2,"HARWOOD",10TE,   29.666897,   97.500272,49,62
2,"KINGSBURY",85TE,   29.634194,   97.811694,49,62
2,"LOCKHART",50R,   29.850333,   97.672417,49,62
2,"LOCKHART",30TS,   29.848994,   97.768958,49,62
2,"LOCKHART",2XA5,   29.803683,   97.691217,49,62
2,"LULING",T91,   29.728282,   97.659443,49,62
2,"SAN MARCOS",7TS2,   29.831332,   97.889171,49,62
2,"SEGUIN",0TX6,   29.505042,   97.997146,49,62
2,"SEGUIN",E70,   29.602406,   97.990563,49,62
2,"SEGUIN",TE51,   29.539121,   97.835002,49,62
2,"SEGUIN",SEQ,   29.565786,   97.908337,49,62
2,"BULVERDE",86TX,   29.737167,   98.378904,49,63
2,"CANYON LAKE",34TS,   29.915772,   98.247514,49,63
2,"GARDEN RIDGE",TS55,   29.671892,   98.304458,49,63
2,"NEW BRAUNFELS",5TS8,   29.808553,   98.272514,49,63
2,"NEW BRAUNFELS",77TS,   29.799444,      98.085,49,63
2,"NEW BRAUNFELS",48TS,   29.667726,   98.198899,49,63
2,"NEW BRAUNFELS",9TA1,   29.658559,   98.137786,49,63
2,"NEW BRAUNFELS",BAZ,    29.70575,   98.043222,49,63
2,"SAN ANTONIO",1T8,   29.739111,   98.451128,49,63
2,"SAN ANTONIO",1T7,    29.81175,   98.426056,49,63
2,"SAN ANTONIO",SAT,   29.533958,   98.469057,49,63
2,"SAN ANTONIO",T94,   29.570187,   98.468389,49,63
2,"SAN ANTONIO",XS89,   29.621059,    98.45585,49,63
2,"SEGUIN",TA85,   29.565892,   98.060581,49,63
2,"STARTZVILLE",14TA,   29.894506,   98.403889,49,63
2,"UNIVERSAL CITY",RND,   29.528906,   98.278031,49,63
2,"WIMBERLEY",70XS,   29.993269,   98.043342,49,63
2,"WIMBERLY",TS25,   29.959333,   98.185806,49,63
2,"BOERNE",71TX,   29.872717,   98.732249,49,64
2,"COMFORT",17TE,   29.929105,   98.940312,49,64
2,"COMFORT",XS80,   29.972556,   98.934639,49,64
2,"PIPE CREEK",TA66,   29.714112,   98.860029,49,64
2,"PIPE CREEK",XS43,   29.661615,    98.95642,49,64
2,"SAN ANTONIO",5C1,   29.723219,   98.694557,49,64
2,"SAN ANTONIO",9TX5,   29.744666,   98.537242,49,64
2,"SAN ANTONIO",8T8,   29.510194,   98.798417,49,64
2,"SISTERDALE",7TS3,   29.932369,   98.677117,49,64
2,"WARING",8XS9,   29.957019,   98.790364,49,64
2,"BANDERA",20TS,   29.809943,   99.068091,49,65
2,"BANDERA",TE90,   29.758889,     99.1525,49,65
2,"BANDERA",TE21,   29.651337,   99.086424,49,65
2,"KERRVILLE",TA73,   29.974658,   99.168374,49,65
2,"KERRVILLE",XA43,   29.908111,   99.206903,49,65
2,"KERRVILLE",ERV,   29.976667,   99.085472,49,65
2,"MEDINA",87XS,   29.791111,   99.264167,49,65
2,"MEDINA",XS11,   29.776611,   99.359211,49,65
2,"MEDINA",XS13,   29.816609,   99.196706,49,65
2,"UTOPIA",95TA,   29.634949,   99.482269,49,65
2,"BARKSDALE",TA52,   29.816886,   99.996181,49,66
2,"CAMP WOOD",TE78,     29.5687,   99.974508,49,66
2,"LEAKEY",7TE4,   29.596895,   99.845338,49,66
2,"LEAKEY",XA31,   29.816887,   99.787839,49,66
2,"LEAKEY",57TE,   29.938826,   99.783396,49,66
2,"LEAKEY",49R,   29.745501,   99.760892,49,66
2,"UTOPIA",2XS6,   29.722533,   99.574672,49,66
2,"UTOPIA",6TX2,   29.550481,   99.516225,49,66
2,"BRACKETTVILLE",TE25,   29.601894,   100.31725,49,67
2,"BRACKETTVILLE",5XS8,   29.503703,   100.29566,49,67
2,"BRACKETTVILLE",75TX,   29.500229,   100.36702,49,67
2,"BRACKETTVILLE",1XS8,   29.634083,   100.37436,49,67
2,"BRACKETTVILLE",3TA6,   29.541896,   100.25313,49,67
2,"ROCKSPRINGS",ECU,    29.94692,   100.17385,49,67
2,"ROCKSPRINGS",8TX2,   29.978544,   100.20175,49,67
2,"ROCKSPRINGS",XS69,   29.911326,   100.00035,49,67
2,"CARTA VALLEY",2TA9,   29.811167,   100.68742,49,68
2,"CARTA VALLEY",65TS,   29.712308,   100.58407,49,68
2,"DEL RIO",54XS,   29.945472,   100.68709,49,68
2,"DEL RIO",4TE7,   29.740771,    100.9651,49,68
2,"DEL RIO",81TE,   29.541894,   100.61703,49,68
2,"DEL RIO",1TS9,   29.675319,   100.89719,49,68
2,"DEL RIO",4TE2,   29.544115,   100.67315,49,68
2,"DEL RIO",TA81,   29.793822,   100.87926,49,68
2,"DEL RIO",TS04,   29.835767,   100.97815,49,68
2,"DEL RIO",8TS8,    29.91743,   100.91288,49,68
2,"COMSTOCK",TX07,   29.934278,   101.23425,49,69
2,"COMSTOCK",0TE0,   29.692991,   101.16177,49,69
2,"LANGTRY",2TE8,   29.807542,   101.78744,49,70
2,"MARATHON",92TE,   29.966854,   102.93377,49,72
2,"MARATHON",93TE,   29.809636,    102.9085,49,72
2,"MARATHON",6TX9,   29.854913,   102.79154,49,72
2,"MARATHON",48XS,    29.92657,    103.2949,49,73
2,"MARATHON",TA64,   29.700917,      103.15,49,73
2,"ALPINE",4TE4,   29.621019,   103.67935,49,74
2,"MARFA",5TE1,       29.64,   103.94583,49,74
2,"MARFA",TS15,   29.892949,   104.26158,49,75
2,"PRESIDIO",PRS,   29.634213,   104.36149,49,75
2,"JACKSONVILLE",FD48,   30.241908,   81.449808,50,29
2,"MAYPORT",NRB,   30.391374,   81.424521,50,29
2,"JACKSONVILLE",VQQ,   30.218778,   81.877167,50,30
2,"JACKSONVILLE",HEG,   30.277778,   81.805944,50,30
2,"JACKSONVILLE",CRG,   30.336333,   81.514444,50,30
2,"JACKSONVILLE",JAX,   30.494046,   81.687847,50,30
2,"JACKSONVILLE",NIP,   30.233706,   81.676057,50,30
2,"JACKSONVILLE",NEN,   30.349495,   81.866989,50,30
2,"MIDDLEBURG",FL13,   30.068573,   81.960659,50,30
2,"MIDDLEBURG",11FL,   30.043018,   81.880934,50,30
2,"GLEN ST MARY",FD27,   30.362733,   82.226227,50,31
2,"MACCLENNY",FL11,   30.349402,   82.120946,50,31
2,"RAIFORD",FL28,   30.055794,   82.172331,50,31
2,"BRANFORD",FD71,   30.048333,   82.983889,50,32
2,"LAKE CITY",15FL,   30.153743,   82.666406,50,32
2,"LAKE CITY",FD84,   30.125232,   82.663734,50,32
2,"LAKE CITY",FL27,   30.043847,   82.604008,50,32
2,"LAKE CITY",LCQ,   30.182056,   82.576861,50,32
2,"LAKE CITY",FL50,   30.146622,   82.572344,50,32
2,"LAKE CITY",1FL3,   30.034397,   82.782069,50,32
2,"LIVE OAK",45FL,   30.237448,   82.906518,50,32
2,"LIVE OAK",FD61,   30.176614,   82.997908,50,32
2,"LIVE OAK",FL07,   30.250226,   82.924018,50,32
2,"MC ALPIN",8FD1,   30.098838,   82.927628,50,32
2,"MC ALPIN",9FD9,   30.122449,   82.967907,50,32
2,"MC ALPIN",FL10,    30.11495,   82.909017,50,32
2,"DAY",9FD7,   30.196225,   83.309044,50,33
2,"JASPER",FA93,   30.456136,   83.144233,50,33
2,"LEE",99FL,   30.447435,   83.310978,50,33
2,"LIVE OAK",FD42,   30.211613,   83.054577,50,33
2,"LIVE OAK",FL08,   30.415497,   83.016523,50,33
2,"LIVE OAK",FL09,    30.33883,   83.144304,50,33
2,"LIVE OAK",FA88,   30.425042,   83.048469,50,33
2,"LIVE OAK",9FL0,   30.092447,   83.085411,50,33
2,"LIVE OAK",24J,   30.300389,   83.024389,50,33
2,"LURAVILLE",FD50,   30.109111,   83.188748,50,33
2,"MADISON",38FA,   30.483546,   83.249865,50,33
2,"O'BRIEN",FL18,   30.090503,   83.054576,50,33
2,"PERRY",FA32,   30.103333,   83.450278,50,33
2,"GREENVILLE",20FD,   30.425486,   83.575985,50,34
2,"LAMONT",2FA9,   30.336389,   83.783611,50,34
2,"LAMONT",4FL0,   30.403611,       83.81,50,34
2,"PERRY",FA29,   30.131175,   83.551308,50,34
2,"PERRY",FPY,   30.070812,   83.581544,50,34
2,"TALLAHASSEE",FL52,   30.481031,   84.086833,50,35
2,"TALLAHASSEE",53FD,     30.4775,   84.034722,50,35
2,"TALLAHASSEE",TLH,   30.396754,   84.350869,50,35
2,"BLOUNTSTOWN",F95,    30.48703,   85.113785,50,37
2,"CLARKSVILLE",74FD,   30.464084,   85.177143,50,37
2,"CLARKSVILLE",5FD1,   30.432139,   85.288811,50,37
2,"PANAMA CITY",75FL,   30.102424,   85.479089,50,37
2,"EBRO",FD35,   30.490473,   85.839378,50,38
2,"PANAMA CITY",ECP,    30.35825,   85.795611,50,38
2,"PANAMA CITY",PAM,   30.069047,   85.574981,50,38
2,"WAUSAU",2FL0,   30.456861,   85.686039,50,38
2,"DESTIN",DTS,   30.400055,   86.471472,50,39
2,"FREEPORT",0FD3,   30.496417,   86.093833,50,39
2,"MARY ESTHER",HRT,   30.428918,   86.688801,50,40
2,"NAVARRE",1J9,   30.406306,   86.829194,50,40
2,"VALPARAISO/DESTIN-FT WALTON BEACH",VPS,   30.483219,   86.526044,50,40
2,"ELBERTA",AL55,   30.441864,   87.463868,50,41
2,"LILLIAN",AL88,   30.426587,   87.470813,50,41
2,"MILTON",24FL,       30.49,   87.085833,50,41
2,"PENSACOLA",82J,   30.398276,   87.349004,50,41
2,"PENSACOLA",PNS,   30.473417,   87.186611,50,41
2,"PENSACOLA",NPA,   30.353273,   87.317971,50,41
2,"ELBERTA",7AL9,   30.469228,   87.543911,50,42
2,"ELBERTA",AL08,   30.425008,   87.536706,50,42
2,"FAIRHOPE",CQF,     30.4605,   87.877028,50,42
2,"FOLEY",NBJ,   30.390314,    87.63156,50,42
2,"FOLEY",02AL,   30.371464,   87.764444,50,42
2,"FOLEY",5R4,   30.427667,   87.700972,50,42
2,"FOLEY",0AL1,   30.443889,   87.656944,50,42
2,"GULF SHORES",JKA,   30.289639,   87.671778,50,42
2,"MAGNOLIA SPRINGS",2AL1,   30.424086,   87.777767,50,42
2,"SUMMERDALE",4AL6,   30.466863,    87.68332,50,42
2,"BAYOU LA BATRE",5R7,    30.45525,   88.211194,50,43
2,"DAUPHIN ISLAND",4R9,   30.260492,   88.127472,50,43
2,"IRVINGTON",2AL6,   30.491981,   88.197308,50,43
2,"BILOXI",BIX,   30.410427,   88.924435,50,44
2,"GAUTIER",34MS,   30.473833,   88.696194,50,44
2,"OCEAN SPRINGS",5R2,   30.389444,   88.753444,50,44
2,"PASCAGOULA",PQL,   30.462781,   88.529228,50,44
2,"BAY ST LOUIS",HSA,   30.367806,   89.454611,50,45
2,"DIAMONDHEAD",66Y,   30.362979,   89.387654,50,45
2,"GULFPORT",GPT,   30.407269,   89.070096,50,45
2,"LAKESHORE",5MS2,   30.250806,      89.451,50,45
2,"PASS CHRISTIAN",0MS7,   30.402128,   89.325358,50,45
2,"COVINGTON",L31,   30.445054,   89.988879,50,46
2,"SLIDELL",ASD,   30.346333,   89.820806,50,46
2,"PICAYUNE",MJD,   30.487472,   89.651194,50,46
2,"COVINGTON",LS76,   30.462692,   90.170079,50,47
2,"NEW ORLEANS",NEW,   30.042417,    90.02825,50,47
2,"PONCHATOULA",44LS,   30.472194,   90.367056,50,47
2,"PONCHATOULA",32LS,   30.419608,   90.359033,50,47
2,"GONZALES",1LS0,   30.224083,   90.882042,50,48
2,"GONZALES",0LA1,   30.229363,   90.973433,50,48
2,"GONZALES",REG,   30.171367,   90.940386,50,48
2,"PRAIRIEVILLE",6LA2,   30.349861,   90.921917,50,48
2,"PRAIRIEVILLE",16LS,   30.315111,   90.907972,50,48
2,"RESERVE",APS,   30.087472,   90.582833,50,48
2,"BATON ROUGE",21LA,   30.296944,      91.215,50,49
2,"ARNAUDVILLE",22LS,   30.397778,   91.973889,50,50
2,"ARNAUDVILLE",LS91,   30.417222,   91.973611,50,50
2,"BREAUX BRIDGE",LS34,   30.310889,   91.866306,50,50
2,"BREAUX BRIDGE",LA16,   30.246031,   91.866781,50,50
2,"BREAUX BRIDGE",LA41,   30.310681,   91.939926,50,50
2,"BREAUX BRIDGE",LA76,   30.229366,   91.908451,50,50
2,"LAFAYETTE",LFT,   30.205028,    91.98775,50,50
2,"NEW IBERIA",ARA,   30.037758,   91.883896,50,50
2,"NEW IBERIA",LS38,   30.013056,   91.869167,50,50
2,"PARKS",38LS,   30.236667,   91.829722,50,50
2,"ST. MARTIN",87LA,   30.220861,   91.886444,50,50
2,"YOUNGSVILLE",33LA,   30.069647,   91.986232,50,50
2,"BRISTOL",7LA4,   30.380621,   92.146064,50,51
2,"CANKTON",0LS5,   30.304167,     92.1325,50,51
2,"CHURCH POINT",6LA5,   30.454775,   92.240575,50,51
2,"CHURCH POINT",71LA,   30.421204,   92.234199,50,51
2,"CROWLEY",LS09,   30.142781,   92.333328,50,51
2,"CROWLEY",20LS,   30.219711,   92.319794,50,51
2,"CROWLEY",99LA,   30.289369,   92.389021,50,51
2,"CROWLEY",3R2,   30.161778,   92.483972,50,51
2,"CROWLEY",LA90,   30.461034,   92.426244,50,51
2,"DUSON",LS21,   30.266444,   92.185028,50,51
2,"ESTERWOOD",00LS,   30.136278,   92.429361,50,51
2,"EUNICE",4R7,   30.466284,   92.423799,50,51
2,"EUNICE",LA57,    30.39909,   92.409021,50,51
2,"EUNICE",LA03,   30.435278,   92.333701,50,51
2,"GRAND COTEAU",08LS,    30.40925,   92.033167,50,51
2,"IOTA",2LA5,   30.344358,   92.433142,50,51
2,"KAPLAN",LA61,   30.008372,   92.241211,50,51
2,"MILTON",97LA,   30.033814,   92.055206,50,51
2,"RAYNE",12LS,   30.178611,      92.285,50,51
2,"RAYNE",LA30,   30.248194,   92.241667,50,51
2,"SCOTT",10LA,   30.247423,   92.095956,50,51
2,"SUNSET",LA92,   30.389453,   92.147383,50,51
2,"SUNSET",51LS,   30.438053,   92.116653,50,51
2,"SUNSET",5LA9,   30.435556,   92.118333,50,51
2,"BASILE",10LS,   30.491835,   92.572846,50,52
2,"BASILE",LA01,   30.483534,   92.546804,50,52
2,"ELTON",98LS,   30.434576,   92.721583,50,52
2,"GUEYDAN",46LS,   30.086111,   92.532222,50,52
2,"HAYES",1LA3,   30.030765,   92.833481,50,52
2,"IOTA",LA52,   30.368708,   92.583028,50,52
2,"IOTA",LA68,   30.315759,   92.519858,50,52
2,"IOWA",LS36,   30.250208,   92.971983,50,52
2,"JENNINGS",3R7,   30.242699,   92.673499,50,52
2,"JENNINGS",LS70,   30.340651,   92.736883,50,52
2,"LACASSINE",LA31,        30.2,   92.933333,50,52
2,"LAKE ARTHUR",LA32,   30.094661,   92.700694,50,52
2,"THORNWELL",LS14,   30.071042,   92.825147,50,52
2,"WELSH",LS18,    30.22104,   92.774866,50,52
2,"WELSH",6R1,   30.241907,   92.830747,50,52
2,"BELL CITY",52LA,   30.048375,    93.10925,50,53
2,"DE QUINCY",5R8,   30.441083,   93.473611,50,53
2,"IOWA",LA71,   30.224374,    93.00015,50,53
2,"LAKE CHARLES",CWF,   30.210583,   93.143194,50,53
2,"LAKE CHARLES",LA21,   30.254928,   93.135152,50,53
2,"LAKE CHARLES",LCH,   30.126083,   93.223417,50,53
2,"LAKE CHARLES",3LA6,   30.137708,   93.079319,50,53
2,"LAKE CHARLES",3LA8,   30.136978,   93.142522,50,53
2,"RAGLEY",7LA3,   30.482977,   93.228769,50,53
2,"SULPHUR",12LA,   30.275917,   93.357417,50,53
2,"SULPHUR",UXL,   30.131444,   93.376167,50,53
2,"WESTLAKE",LS10,   30.272149,   93.311822,50,53
2,"ORANGE",ORG,   30.068452,    93.80402,50,54
2,"ORANGEFIELD",XS33,   30.062434,   93.864615,50,54
2,"VIDOR",3XS4,   30.134377,   93.936007,50,54
2,"BEAUMONT",BMT,   30.070204,   94.215097,50,55
2,"BEAUMONT",55TX,   30.112157,   94.256296,50,55
2,"EVADALE",4TE8,   30.321042,   94.073514,50,55
2,"KOUNTZE/SILSBEE",45R,   30.336333,   94.257556,50,55
2,"NOME",XS27,   30.037714,   94.396023,50,55
2,"DAYTON",TA07,   30.007162,   94.966871,50,56
2,"DAYTON",3TS7,   30.021051,   94.946037,50,56
2,"DAYTON",3TE9,   30.105771,   94.958816,50,56
2,"DAYTON",TS35,   30.058333,   94.978056,50,56
2,"LIBERTY",T78,   30.077806,   94.698556,50,56
2,"RAYWOOD",XS58,   30.044104,   94.705754,50,56
2,"ROMAYOR",XS72,   30.483539,    94.83354,50,56
2,"SHEPHERD",XS99,   30.471038,   94.912709,50,56
2,"CLEVELAND",06TE,   30.312958,   95.027285,50,57
2,"CLEVELAND",6R3,   30.356444,   95.008028,50,57
2,"CLEVELAND",0TS5,   30.441872,   95.186326,50,57
2,"CONROE",16XS,   30.404367,    95.35985,50,57
2,"HOUSTON",CXO,   30.353396,   95.415082,50,57
2,"HOUSTON",9X1,   30.153375,   95.321989,50,57
2,"WILLIS",32TE,   30.403611,   95.438889,50,57
2,"CONROE",34XS,   30.390819,    95.53975,50,58
2,"HOCKLEY",06TX,    30.05755,   95.812894,50,58
2,"HOUSTON",T51,   30.042775,   95.667223,50,58
2,"HOUSTON",DWH,   30.061779,   95.552788,50,58
2,"MONTGOMERY",33TA,   30.332986,   95.612166,50,58
2,"MONTGOMERY",TE85,   30.342386,   95.661678,50,58
2,"PLANTERSVILLE",TS75,   30.317636,   95.857987,50,58
2,"TOMBALL",7TA0,   30.092162,   95.651611,50,58
2,"WILLIS",97TS,   30.480203,   95.539943,50,58
2,"BELLVILLE",60TX,   30.033555,   96.263574,50,59
2,"BRENHAM",11R,   30.219676,   96.374403,50,59
2,"BRENHAM",49TE,   30.283528,   96.459611,50,59
2,"BRENHAM",TA17,      30.185,   96.445556,50,59
2,"BRENHAM",9XS9,   30.275742,   96.441385,50,59
2,"BRENHAM",XS68,   30.256879,   96.328575,50,59
2,"CHAPPELL HILL",TX70,   30.051889,   96.218239,50,59
2,"HEMPSTEAD",00XA,   30.224038,   96.014153,50,59
2,"MILLICAN",XS18,   30.384652,   96.224683,50,59
2,"NAVASOTA",TS87,   30.417983,   96.079401,50,59
2,"NAVASOTA",60R,   30.367139,   96.112944,50,59
2,"BRENHAM",TX04,   30.291194,   96.526861,50,60
2,"BURTON",TA42,   30.260228,   96.597836,50,60
2,"CALDWELL",49TA,   30.486914,   96.786467,50,60
2,"GIDDINGS",9TX1,   30.143273,   96.856091,50,60
2,"GIDDINGS",GYB,   30.169278,   96.980028,50,60
2,"INDUSTRY",6TS8,   30.003333,   96.581111,50,60
2,"LEDBETTER",0TS4,   30.091886,   96.794978,50,60
2,"LEXINGTON",TE75,     30.4125,   96.966667,50,60
2,"SNOOK",08XA,   30.479253,   96.504031,50,60
2,"WARRENTON",56TX,   30.009347,   96.759603,50,60
2,"BASTROP",68XA,   30.188889,   97.414167,50,61
2,"COUPLAND",5TS2,   30.479371,   97.319162,50,61
2,"COUPLAND",TE96,   30.433167,   97.412533,50,61
2,"ELGIN",TX61,   30.330208,   97.458887,50,61
2,"ELGIN",56TS,   30.337709,   97.350273,50,61
2,"ELGIN",62TA,   30.318333,   97.302222,50,61
2,"ELGIN",1XS2,   30.380762,   97.427498,50,61
2,"ELGIN",TX72,   30.379097,   97.194712,50,61
2,"LEXINGTON",TA75,   30.391667,   97.108333,50,61
2,"PAIGE",1XA5,   30.135017,   97.142917,50,61
2,"PAIGE",9TE7,   30.245278,   97.082778,50,61
2,"SMITHVILLE",84R,   30.028222,   97.167028,50,61
2,"AUSTIN",EDC,   30.397493,   97.566394,50,62
2,"AUSTIN",AUS,   30.194527,   97.669876,50,62
2,"AUSTIN",TX05,   30.260486,   97.625278,50,62
2,"BUDA",85TX,   30.077712,   97.965563,50,62
2,"DEL VALLE",TA55,   30.167713,   97.592778,50,62
2,"ELROY",02XS,   30.147713,   97.662779,50,62
2,"LAGO VISTA",RYW,   30.498583,   97.969472,50,62
2,"LAKEWAY",3R9,   30.357491,   97.994468,50,62
2,"BLANCO",3TA5,   30.122467,   98.374783,50,63
2,"BLANCO",TX41,    30.09132,   98.364741,50,63
2,"BLANCO",TA53,   30.130144,   98.409144,50,63
2,"BLANCO",26XS,   30.114096,   98.461411,50,63
2,"DRIPPING SPRINGS",5TE3,    30.27187,   98.116958,50,63
2,"DRIPPING SPRINGS",5TE2,   30.225204,   98.141958,50,63
2,"DRIPPING SPRINGS",14TX,   30.289368,   98.173904,50,63
2,"HENLY",63XS,   30.224092,   98.288629,50,63
2,"JOHNSON CITY",XA02,     30.2802,   98.426411,50,63
2,"JOHNSON CITY",2XS1,   30.218878,    98.30274,50,63
2,"MARBLE FALLS",XS03,   30.481304,   98.281132,50,63
2,"ROUND MOUNTAIN",71TE,   30.377974,   98.376134,50,63
2,"ROUND MOUNTAIN",XS75,   30.456389,   98.489722,50,63
2,"SPICEWOOD",52TS,    30.41853,   98.162795,50,63
2,"SPICEWOOD",88R,   30.473782,   98.121436,50,63
2,"TWIN SISTERS",2XS5,    30.01049,   98.425297,50,63
2,"WIMBERLEY",4XS9,     30.0859,   98.169642,50,63
2,"WIMBERLEY",3TS1,   30.011369,   98.040503,50,63
2,"BLANCO",50TX,   30.137625,   98.525378,50,64
2,"FREDERICKSBURG",TE97,   30.187778,   98.958333,50,64
2,"FREDERICKSBURG",8TE7,   30.320754,   98.912819,50,64
2,"FREDERICKSBURG",T82,    30.24325,   98.909194,50,64
2,"FREDERICKSBURG",25XA,   30.098869,   98.704617,50,64
2,"FREDERICKSBURG",7XS7,   30.114722,   98.931111,50,64
2,"FREDERICKSBURG",XS01,   30.450192,   98.886154,50,64
2,"HYE",0TS0,   30.251711,   98.562439,50,64
2,"JOHNSON CITY",0TE7,   30.251813,   98.622531,50,64
2,"STONEWALL",30TX,   30.232361,   98.654972,50,64
2,"STONEWALL",TS76,   30.252099,   98.594746,50,64
2,"WILLOW CITY",4XS6,   30.391862,   98.661423,50,64
2,"FREDERICKSBURG",6XA0,   30.351164,   99.173056,50,65
2,"FREDERICKSBURG",44TX,   30.210481,   99.094766,50,65
2,"FREDRICKSBURG",TS36,   30.219556,   99.140833,50,65
2,"HARPER",XA41,   30.355017,   99.247533,50,65
2,"HUNT",4TA6,   30.022433,   99.383657,50,65
2,"KERRVILLE",64TE,   30.159092,   99.337269,50,65
2,"KERRVILLE",60TE,   30.141383,   99.150467,50,65
2,"MOUNTAIN HOME",44XS,   30.284428,   99.473786,50,65
2,"MOUNTAIN HOME",87TA,   30.189091,   99.269768,50,65
2,"MOUNTAIN HOME",XS20,   30.154093,   99.297824,50,65
2,"MOUNTAIN HOME",4TS5,   30.221917,     99.4984,50,65
2,"MOUNTAIN HOME",84XS,      30.255,   99.398889,50,65
2,"MOUNTAIN HOME",XS23,   30.126593,   99.471161,50,65
2,"MOUNTAIN HOME",TE33,   30.131806,   99.293611,50,65
2,"BRIGGS",15TA,   30.254362,   99.947016,50,66
2,"JUNCTION",7TA6,   30.382211,   99.619264,50,66
2,"JUNCTION",18TA,   30.136314,   99.743674,50,66
2,"MOUNTAIN HOME",XS22,   30.204088,   99.673671,50,66
2,"ROCKSPRINGS",3TA0,   30.097022,   100.40455,50,67
2,"SONORA",TE37,   30.269084,   100.45092,50,67
2,"LANGTRY",48TE,      30.021,   101.57306,50,70
2,"PANDALE",XS36,   30.253528,   101.69163,50,70
2,"SANDERSON",3TA1,   30.456653,    101.7364,50,70
2,"DRYDEN",6R6,   30.046472,   102.21317,50,71
2,"FORT STOCKTON",4TS7,   30.450169,   102.92655,50,72
2,"MARATHON",5TE5,   30.266858,   103.23362,50,73
2,"ALPINE",E38,   30.384222,   103.68358,50,74
2,"MARFA",0TA7,   30.149786,   103.90095,50,74
2,"MARFA",21TE,   30.290267,   104.00351,50,75
2,"MARFA",MRF,   30.371111,   104.01753,50,75
2,"CANDELARIA",XA95,   30.149444,    104.6825,50,76
2,"RUIDOSA",3TE4,   30.008774,   104.66465,50,76
2,"FERNANDINA BEACH",FHB,   30.611833,   81.461194,51,29
2,"CUMBERLAND ISLAND",GA20,   30.811111,   81.462778,51,29
2,"ST MARY'S",GA46,      30.927,   81.432556,51,29
2,"FERNANDINA BEACH",FL84,    30.60107,   81.570373,51,30
2,"HILLIARD",01J,   30.685967,   81.906343,51,30
2,"YULEE",83FL,   30.618848,   81.533705,51,30
2,"KINGSLAND",GA36,    30.76689,   81.716653,51,30
2,"FOLKSTON",3J6,   30.796361,   82.028167,51,31
2,"FARGO",GA25,   30.691328,   82.567631,51,32
2,"JASPER",FD63,   30.512778,   83.198333,51,33
2,"JENNINGS",FA11,   30.622431,   83.259313,51,33
2,"MADISON",7FD9,   30.624374,   83.286814,51,33
2,"HAHIRA",1GA5,    30.93103,    83.38349,51,33
2,"NAYLOR",GE01,   30.918978,   83.068839,51,33
2,"VALDOSTA",50GA,   30.950833,   83.234167,51,33
2,"VALDOSTA",7GA2,   30.778889,   83.201944,51,33
2,"VALDOSTA",VAD,     30.9687,   83.192964,51,33
2,"VALDOSTA",0GA8,   30.887141,    83.41599,51,33
2,"VALDOSTA",VLD,   30.781372,   83.276219,51,33
2,"GREENVILLE",9FL8,   30.616591,    83.65238,51,34
2,"MONTICELLO",74FL,   30.584647,   83.707937,51,34
2,"MONTICELLO",7FA8,     30.5256,   83.858258,51,34
2,"QUITMAN",4J5,   30.805183,   83.589067,51,34
2,"THOMASVILLE",TVI,   30.901472,   83.881444,51,34
2,"HAVANA",FA26,   30.537222,   84.451944,51,35
2,"HAVANA",76FD,   30.670206,     84.4149,51,35
2,"HAVANA",FD55,   30.679362,   84.369072,51,35
2,"HAVANA",9FL2,     30.6525,   84.474722,51,35
2,"MICCOSUKEE",FL12,   30.590477,   84.030447,51,35
2,"TALLAHASSE",FA25,    30.50095,     84.0781,51,35
2,"TALLAHASSEE /HAVANA/",68J,   30.547306,   84.373833,51,35
2,"CAIRO",70J,   30.887972,   84.154722,51,35
2,"QUINCY",2J9,   30.597886,    84.55744,51,36
2,"QUINCY",49FD,   30.611944,   84.641667,51,36
2,"ATTAPULGUS",4GE1,    30.72375,   84.541111,51,36
2,"BAINBRIDGE",83GA,   30.999722,   84.506111,51,36
2,"BAINBRIDGE",BGE,   30.971598,   84.636928,51,36
2,"ALTHA",50FD,   30.518249,   85.198811,51,37
2,"CYPRESS",2FL3,   30.672584,   85.083452,51,37
2,"FOUNTAIN",68FD,   30.522222,   85.376667,51,37
2,"GRACEVILLE",FD26,   30.981849,   85.492433,51,37
2,"GREENWOOD",5FL8,   30.888244,   85.167707,51,37
2,"MALONE",3FL8,   30.946278,   85.273819,51,37
2,"MALONE",56FD,    30.96463,   85.069373,51,37
2,"MARIANNA",21FD,   30.694638,   85.310761,51,37
2,"MARIANNA",MAI,   30.838221,   85.182224,51,37
2,"BONIFAY",FA55,   30.779722,   85.768333,51,38
2,"BONIFAY",1J0,   30.843886,   85.601749,51,38
2,"CHIPLEY",FD94,   30.718889,   85.606667,51,38
2,"CRESTVIEW",FD03,      30.803,   86.436478,51,39
2,"CRESTVIEW",FL81,   30.781854,   86.467173,51,39
2,"DEFUNIAK SPRINGS",0FD5,   30.820183,   86.344392,51,39
2,"DEFUNIAK SPRINGS",54J,   30.731111,   86.153778,51,39
2,"DEFUNIAK SPRINGS",0FD9,   30.652136,   86.109384,51,39
2,"DEFUNIAK SPRINGS",69FD,   30.844722,   86.281389,51,39
2,"FLORALA",05FA,   30.918889,   86.218333,51,39
2,"NICEVILLE",FL17,   30.519641,   86.438282,51,39
2,"BAKER",55FD,    30.81852,   86.688011,51,40
2,"BAKER",18FD,   30.854074,   86.667177,51,40
2,"CRESTVIEW",CEW,   30.778831,   86.522113,51,40
2,"CRESTVIEW",EGI,   30.648587,   86.521959,51,40
2,"HAROLD",8FL6,   30.673525,   86.851904,51,40
2,"HOLT",FD93,   30.685469,   86.747178,51,40
2,"MILTON",NFJ,   30.506944,   86.959722,51,40
2,"MILTON",2R4,   30.637621,   86.993653,51,40
2,"MILTON",NGS,   30.610833,       86.94,51,40
2,"MUNSON",8FD3,   30.877685,   86.854404,51,40
2,"VALPARAISO",FL34,   30.631858,   86.747178,51,40
2,"SEMINOLE",AL69,   30.508529,   87.491647,51,41
2,"CENTURY",FD89,   30.827131,   87.358311,51,41
2,"JAY",56FL,   30.876153,   87.208106,51,41
2,"JAY",50FL,   30.853333,   87.239444,51,41
2,"JAY",85FL,   30.969047,   87.055425,51,41
2,"MILTON",93FD,   30.754634,   87.177471,51,41
2,"MILTON",16FL,   30.725631,   87.200764,51,41
2,"MILTON",NSE,   30.722472,   87.023903,51,41
2,"MILTON",NDZ,   30.698573,   87.014409,51,41
2,"PACE",NRQ,   30.616667,   87.133333,51,41
2,"WALNUT HILL",48FL,   30.798567,   87.473289,51,41
2,"WALNUT HILL",49FL,   30.977127,   87.494981,51,41
2,"BAY MINETTE",1R8,   30.870333,   87.819333,51,42
2,"CREOLA",15A,   30.909139,   87.996333,51,42
2,"DAPHNE",4AL3,   30.591806,   87.822583,51,42
2,"LOXLEY",57AL,   30.653194,    87.72375,51,42
2,"LOXLEY",1AL5,   30.636389,   87.747778,51,42
2,"LOXLEY",AL35,   30.619636,   87.704432,51,42
2,"LOXLEY",AL97,   30.645119,   87.670564,51,42
2,"ROBERTSDALE",1AL4,   30.544722,   87.559444,51,42
2,"ROBERTSDALE",AL84,   30.558527,   87.604151,51,42
2,"SUMMERDALE",NFD,   30.507629,   87.646877,51,42
2,"MOBILE",BFM,   30.626778,   88.068083,51,43
2,"MOBILE",MOB,   30.691417,   88.242833,51,43
2,"MOBILE",26AL,   30.631389,   88.279722,51,43
2,"MOBILE",62AL,   30.683524,   88.371956,51,43
2,"SEMMES",AL74,   30.764355,   88.305841,51,43
2,"ST ELMO",2R5,   30.501917,   88.275111,51,43
2,"WILMER",AL94,   30.812688,   88.377234,51,43
2,"LUCEDALE",MS26,   30.802222,     88.5475,51,44
2,"LUCEDALE",22MS,   30.840278,   88.574722,51,44
2,"GULFPORT",MS82,   30.510472,   89.147264,51,45
2,"PICAYUNE",5MS5,   30.545125,   89.463065,51,45
2,"WIGGINS",M24,      30.843,     89.1615,51,45
2,"BOGALUSA",BXA,   30.813686,   89.864964,51,46
2,"BUSH",2LA8,   30.593175,   89.873478,51,46
2,"CARRIERE",13MS,   30.633333,   89.663889,51,46
2,"MC NEIL",MS93,   30.726578,   89.731736,51,46
2,"PICAYUNE",MS61,   30.630381,   89.732617,51,46
2,"PICAYUNE",MS48,    30.62189,      89.697,51,46
2,"POPLARVILLE",MS88,    30.77755,   89.726123,51,46
2,"POPLARVILLE",M13,   30.786581,   89.504536,51,46
2,"AMITE",9LA9,   30.733519,   90.450091,51,47
2,"AMITE",LA79,   30.718519,   90.357866,51,47
2,"COVINGTON",LA87,   30.509636,   90.152857,51,47
2,"COVINGTON",23LA,   30.630819,   90.080192,51,47
2,"FOLSOM",3LS8,   30.651667,   90.114722,51,47
2,"FOLSOM",LA26,   30.661111,   90.233333,51,47
2,"FRANKLINTON",2R7,   30.819444,   90.112528,51,47
2,"HAMMOND",HDC,   30.521687,   90.418381,51,47
2,"HAMMOND",LS86,   30.681944,   90.419256,51,47
2,"HAMMOND",LA13,   30.578245,   90.315919,51,47
2,"LORANGER",LS26,   30.636157,   90.307639,51,47
2,"ROBERT",LS92,   30.597411,   90.315919,51,47
2,"ALBANY",25LA,   30.546069,   90.576333,51,48
2,"CLINTON",4LA8,   30.707684,   90.874267,51,48
2,"INDEPENDENCE",14LA,    30.61551,   90.536051,51,48
2,"KENTWOOD",76LS,   30.956208,   90.546725,51,48
2,"KENTWOOD",86LA,    30.97379,   90.665654,51,48
2,"WALKER",0LA9,   30.586297,   90.861486,51,48
2,"WATSON",LS39,   30.573301,   90.979629,51,48
2,"BATON ROUGE",BTR,   30.532917,   91.149889,51,49
2,"CLINTON",LA83,   30.896013,   91.045937,51,49
2,"ERWINVILLE",66LA,   30.510467,   91.392331,51,49
2,"JACKSON",LA3,   30.807778,   91.213333,51,49
2,"JACKSON",2LA6,   30.833515,   91.166774,51,49
2,"NEW ROADS",HZR,   30.718333,   91.478667,51,49
2,"NEW ROADS",0LS7,   30.612767,   91.484172,51,49
2,"PORT ALLEN",LA46,   30.506467,   91.307486,51,49
2,"PRIDE",LA15,   30.623417,   91.032361,51,49
2,"SLAUGHTER",LS25,   30.704629,    91.06066,51,49
2,"SLAUGHTER",01LS,   30.722639,   91.077361,51,49
2,"SLAUGHTER",LS77,   30.727101,   91.148551,51,49
2,"ST FRANCISVILLE",LS35,   30.762528,    91.27725,51,49
2,"ST FRANCISVILLE",21LS,   30.870389,   91.431111,51,49
2,"WILSON",58LA,   30.919624,   91.166774,51,49
2,"ANGOLA",LA67,   30.951568,   91.584839,51,50
2,"MARINGOUIN",7LA0,   30.522107,   91.530981,51,50
2,"MELVILLE",2LS3,   30.616626,   91.769167,51,50
2,"PORT BARRE",55LA,   30.618306,   91.945889,51,50
2,"PORT BARRE",17LS,   30.607931,   91.975278,51,50
2,"SIMMESPORT",22LA,   30.997546,   91.881092,51,50
2,"BUNKIE",2LA4,   30.929081,   92.179292,51,51
2,"BUNKIE",2R6,   30.956747,     92.2341,51,51
2,"BUNKIE",LA77,   30.963247,    92.17457,51,51
2,"COTTONPORT",LA48,   30.993856,   92.044567,51,51
2,"EUNICE",91LA,   30.534643,   92.367352,51,51
2,"MAMOU",LA25,   30.697419,   92.414021,51,51
2,"MORROW",1LA5,   30.801292,   92.063167,51,51
2,"OPELOUSAS",OPL,   30.558389,   92.099389,51,51
2,"VILLE PLATTE",38LA,   30.784362,   92.182346,51,51
2,"WASHINGTON",8TA9,   30.643817,   92.058661,51,51
2,"GLENMORA",11LS,   30.976022,   92.569028,51,52
2,"KINDER",3LA1,   30.558533,   92.804313,51,52
2,"OAKDALE",ACP,     30.7505,   92.688491,51,52
2,"OAKDALE",6LA4,   30.807139,   92.591807,51,52
2,"DE RIDDER",DRI,   30.831722,   93.339917,51,53
2,"DE RIDDER",34LA,   30.771585,   93.271274,51,53
2,"DRY CREEK",44LA,    30.64742,   93.055155,51,53
2,"KIRBYVILLE",T12,   30.646565,   93.914903,51,54
2,"NEWTON",61R,   30.884056,   93.742472,51,54
2,"JASPER",JAS,   30.885694,   94.034944,51,55
2,"VILLAGE MILLS",XA91,   30.533333,   94.438056,51,55
2,"WOODVILLE",09R,   30.775201,   94.458533,51,55
2,"GOODRICH",TE38,   30.592701,   94.909377,51,56
2,"LIVINGSTON",00R,   30.685861,   95.017917,51,57
2,"NEW WAVERLY",XS09,     30.5375,   95.436389,51,57
2,"NEW WAVERLY",73TX,   30.569528,   95.482361,51,57
2,"TRINITY",57TX,   30.940362,   95.358956,51,57
2,"TRINITY",XA52,   30.923528,     95.2935,51,57
2,"HUNTSVILLE",UTS,   30.746889,   95.587167,51,58
2,"HUNTSVILLE",57TS,   30.798317,   95.542164,51,58
2,"MADISONVILLE",TT20,   30.964722,   95.834722,51,58
2,"MADISONVILLE",51R,   30.912833,      95.952,51,58
2,"BRYAN",CFD,   30.715694,   96.331361,51,59
2,"BRYAN",83TX,   30.633533,   96.483578,51,59
2,"COLLEGE STATION",CLL,   30.588042,   96.362544,51,59
2,"IOLA",3TE0,   30.731583,   96.131068,51,59
2,"BRYAN",13TE,   30.656032,   96.538301,51,60
2,"CALDWELL",RWV,   30.515474,   96.704086,51,60
2,"CALDWELL",7TA5,   30.587146,   96.634139,51,60
2,"CAMERON",T35,   30.879062,   96.972188,51,60
2,"HEARNE",1TE5,   30.816303,   96.601081,51,60
2,"HEARNE",LHB,   30.872083,   96.622194,51,60
2,"MILANO",XS17,   30.709084,   96.901926,51,60
2,"ROCKDALE",RCK,   30.631376,   96.989487,51,60
2,"BUCKHOLTS",06TA,    30.90852,   97.116936,51,61
2,"BUCKHOLTS",XA32,   30.911472,   97.171278,51,61
2,"DAVILLA",14XS,   30.808523,   97.273886,51,61
2,"ROCKDALE",4XA4,   30.683553,   97.143378,51,61
2,"TAYLOR",47XA,   30.510556,   97.412778,51,61
2,"TAYLOR",41XS,   30.539089,   97.418889,51,61
2,"TAYLOR",T74,   30.572639,   97.443194,51,61
2,"ANDICE",TA49,    30.75515,   97.799864,51,62
2,"ANDICE",1XA0,   30.793683,   97.901217,51,62
2,"BRIGGS",TA27,    30.83796,   97.950298,51,62
2,"BRIGGS",XS79,   30.824386,   97.958736,51,62
2,"CEDAR PARK",40XS,   30.517635,   97.780818,51,62
2,"GEOGETOWN",TS01,   30.712691,   97.650287,51,62
2,"GEORGETOWN",0XA7,   30.662403,   97.622478,51,62
2,"GEORGETOWN",07TS,      30.625,   97.572778,51,62
2,"GEORGETOWN",GTU,   30.678806,   97.679389,51,62
2,"GEORGETOWN",TX92,   30.596029,   97.669453,51,62
2,"GEORGETOWN",05TE,   30.722133,   97.791403,51,62
2,"GEORGETOWN",30TA,   30.591862,   97.722509,51,62
2,"JARRELL",6TA8,   30.831833,   97.670239,51,62
2,"JARRELL",40TE,   30.788672,   97.655694,51,62
2,"KILLEEN",67TE,   30.949624,   97.796684,51,62
2,"KILLEEN",69TS,   30.998789,   97.755851,51,62
2,"LIBERTY HILL",91TE,   30.723972,   97.862917,51,62
2,"LIBERTY HILL",9TX4,   30.659633,   97.911125,51,62
2,"SALADO",2TX,   30.920735,   97.540504,51,62
2,"BERTRAM",12TX,   30.821389,   98.080556,51,63
2,"BERTRAM",XA12,   30.694722,   98.032778,51,63
2,"BRIGGS",99XA,     30.8652,   98.004167,51,63
2,"BUCHANAN DAM",84TX,   30.741293,    98.37864,51,63
2,"BURNET",BMQ,   30.738927,    98.23861,51,63
2,"BURNET",TA63,   30.822917,   98.110889,51,63
2,"BURNET",2TA0,   30.845165,   98.272914,51,63
2,"GRANITE SHOALS",2G5,   30.589355,   98.370304,51,63
2,"HORSESHOE BAY",DZB,   30.527051,   98.358757,51,63
2,"KINGSLAND",TS18,   30.654351,   98.478641,51,63
2,"KINGSLAND",44TE,   30.683517,   98.416973,51,63
2,"LAMPASAS",69TE,   30.926288,   98.236417,51,63
2,"LIBERTY HILL",XS12,   30.678128,    98.01735,51,63
2,"MARBLE FALLS",86TA,   30.612687,   98.297524,51,63
2,"SPICEWOOD",8TA3,   30.516859,   98.174186,51,63
2,"SPICEWOOD",0XS6,   30.501027,   98.146963,51,63
2,"SUNRISE BEACH VILLAGE",2KL,   30.599222,   98.409222,51,63
2,"CHEROKEE",41TX,   30.974736,   98.642597,51,64
2,"KINGSLAND",54TX,   30.677417,   98.525267,51,64
2,"LLANO",XS00,   30.637222,   98.748333,51,64
2,"LLANO",TS46,   30.737375,   98.703672,51,64
2,"LLANO",31XA,   30.885083,   98.595589,51,64
2,"LLANO",AQO,   30.784222,   98.659889,51,64
2,"LLANO",44TS,   30.577686,   98.833654,51,64
2,"HEXT",14TE,   30.916841,   99.483673,51,65
2,"MASON",0TA8,   30.670833,   99.331944,51,65
2,"MASON",5TX1,   30.793128,   99.216586,51,65
2,"MASON",8TX6,   30.940392,   99.189914,51,65
2,"MASON",T92,   30.732193,   99.184006,51,65
2,"MASON",XS08,    30.87684,   99.199498,51,65
2,"MASON",1XS4,   30.633744,   99.194606,51,65
2,"MASON",6TX1,   30.728833,   99.340181,51,65
2,"PONTOTOC",3XA7,   30.890817,   99.006183,51,65
2,"JUNCTION",JCT,   30.511111,   99.762889,51,66
2,"JUNCTION",52TE,   30.516854,   99.517003,51,66
2,"MASON",5XA6,   30.771206,   99.515764,51,66
2,"MENARD",TE15,   30.891008,   99.632566,51,66
2,"MENARD",T50,   30.932472,   99.809228,51,66
2,"MENARD",XS15,   30.771011,   99.900351,51,66
2,"ELDORADO",6TA0,   30.799572,    100.3341,51,67
2,"MENARD",XA92,       30.87,   100.10278,51,67
2,"SONORA",9TE2,   30.568367,   100.44419,51,67
2,"ELDORADO",27R,   30.862222,   100.61086,51,68
2,"SONORA",0XS2,   30.555451,   100.53125,51,68
2,"SONORA",SOA,   30.585694,   100.64856,51,68
2,"OZONA",OZA,   30.735194,   101.20219,51,69
2,"OZONA",4TA8,   30.616845,   101.01705,51,69
2,"IRAAN",2F0,   30.906222,   101.88981,51,70
2,"SHEFFIELD",9TX9,   30.748218,   101.96541,51,70
2,"SHEFFIELD",09TX,   30.739052,   102.02374,51,71
2,"FORT STOCKTON",FST,    30.91525,   102.91278,51,72
2,"TOYAHVALE",16TA,   30.919722,   103.78278,51,74
2,"KENT",32TX,   30.792006,   104.25086,51,75
2,"BRUNSWICK",BQK,   31.259035,   81.466316,52,29
2,"DARIEN",GA21,   31.461334,   81.338709,52,29
2,"DARIEN",08GA,    31.42578,   81.285929,52,29
2,"JEKYLL ISLAND",09J,   31.074472,   81.427778,52,29
2,"ST SIMONS ISLAND",SSI,   31.151966,    81.39106,52,29
2,"NAHUNTA",4J1,   31.206083,      81.906,52,30
2,"PATTERSON",1GE6,   31.372439,   82.123452,52,31
2,"WAYCROSS",GA47,   31.185221,   82.273458,52,31
2,"WAYCROSS",AYS,   31.248389,   82.395389,52,31
2,"DOUGLAS",DQH,   31.476738,   82.860566,52,32
2,"HOMERVILLE",HOE,   31.056889,   82.775278,52,32
2,"ADEL",15J,   31.137121,   83.453822,52,33
2,"NASHVILLE",4J2,   31.212545,   83.225257,52,33
2,"NASHVILLE",1GA8,   31.178531,   83.226542,52,33
2,"TIFTON",TMA,   31.429556,   83.489222,52,33
2,"MOULTRIE",MGR,   31.085579,   83.802809,52,34
2,"MOULTRIE",MUL,   31.137687,    83.70406,52,34
2,"MOULTRIE",09GA,   31.111298,   83.684058,52,34
2,"SYLVESTER",13GA,   31.366572,   83.754897,52,34
2,"ALBANY",GA14,   31.402955,   84.322687,52,35
2,"BAINBRIDGE",GE21,   31.019847,   84.395472,52,35
2,"BAINBRIDGE",GA42,   31.072469,   84.393375,52,35
2,"CAMILLA",CXU,   31.213167,   84.235222,52,35
2,"ARLINGTON",4GA8,   31.415454,   84.712974,52,36
2,"ARLINGTON",GA22,   31.438509,   84.708251,52,36
2,"BLAKELY",BIJ,   31.397509,   84.894798,52,36
2,"DONALSONVILLE",17J,   31.006972,   84.877611,52,36
2,"DOTHAN",DHN,   31.321028,   85.449472,52,37
2,"HEADLAND",0J6,   31.364139,   85.312528,52,37
2,"MADRID",7AL7,     31.0645,   85.439389,52,37
2,"BLAKELY",66GA,   31.474722,   85.002778,52,37
2,"FORT GAINES",79GA,   31.491283,   85.016594,52,37
2,"ENTERPRISE",EDN,   31.299722,   85.899833,52,38
2,"FORT RUCKER/OZARK",OZR,   31.275775,    85.71335,52,38
2,"GENEVA",33J,   31.052625,   85.868944,52,38
2,"HARTFORD",3AL1,   31.050417,   85.685278,52,38
2,"HARTFORD",AL62,   31.082956,   85.683544,52,38
2,"OZARK",36AL,   31.492889,   85.534278,52,38
2,"OZARK",71J,   31.431812,   85.620534,52,38
2,"PINCKARD",84AL,   31.302611,   85.523139,52,38
2,"PINCKARD",7AL5,   31.289903,   85.540478,52,38
2,"SAMSON",5AL8,      31.105,   85.993056,52,38
2,"SLOCOMB",AL41,   31.116011,   85.625489,52,38
2,"ANDALUSIA",79J,   31.308361,   86.392222,52,39
2,"ELBA",14J,   31.410042,   86.090336,52,39
2,"FLORALA",0J4,   31.042474,   86.311561,52,39
2,"KINSTON",5AL7,       31.25,   86.166667,52,39
2,"SAMSON",1A4,   31.103703,     86.0626,52,39
2,"ATMORE",0R1,   31.016139,    87.44675,52,41
2,"BREWTON",12J,   31.050833,   87.065972,52,41
2,"EVERGREEN",GZH,      31.415,   87.043361,52,41
2,"FLOMATON",0AL5,   31.032222,   87.252778,52,41
2,"MONROEVILLE",MVC,   31.458056,   87.351028,52,41
2,"JACKSON",4R3,    31.47056,   87.895901,52,42
2,"PERDIDO",AL33,   31.036031,   87.593808,52,42
2,"CHATOM",6AL6,   31.388583,   88.092583,52,43
2,"CHATOM",5R1,   31.451667,   88.194427,52,43
2,"LUCEDALE",4MS5,   31.001428,   88.516975,52,44
2,"RICHTON",M59,   31.317032,   88.934862,52,44
2,"CAMP SHELBY",SH1,    31.20547,   89.176044,52,45
2,"HATTIESBURG",HBG,   31.264944,   89.252889,52,45
2,"HATTIESBURG-LAUREL",PIB,   31.467139,   89.337056,52,45
2,"LUMBERTON",4R1,   31.015333,   89.482556,52,45
2,"PURVIS",33MS,   31.100556,   89.417778,52,45
2,"COLUMBIA",9MS9,   31.202544,   89.749756,52,46
2,"COLUMBIA",0R0,      31.297,   89.812833,52,46
2,"COLUMBIA",5MS3,      31.175,   89.803056,52,46
2,"FOXWORTH",32MS,   31.194167,     89.9525,52,46
2,"FOXWORTH",46MS,      31.295,      89.985,52,46
2,"MC COMB",MCB,   31.178444,   90.471861,52,47
2,"TYLERTOWN",T36,   31.146011,   90.168145,52,47
2,"LIBERTY",MS49,   31.162953,   90.817324,52,48
2,"CROSBY",C71,   31.296401,   91.052537,52,49
2,"WOODVILLE",MS57,   31.220636,     91.2456,52,49
2,"MOREAUVILLE",5LA1,   31.027966,   91.981232,52,50
2,"VIDALIA",LA40,   31.343889,   91.592778,52,50
2,"ALEXANDRIA",ESF,   31.394903,   92.295772,52,51
2,"ALEXANDRIA",05LS,   31.252222,   92.475833,52,51
2,"ALEXANDRIA",LA35,   31.161793,   92.421674,52,51
2,"HESSMER",LA50,   31.048131,   92.138236,52,51
2,"MARKSVILLE",MKV,   31.094667,   92.069056,52,51
2,"PINEVILLE",2L0,   31.342192,   92.443578,52,51
2,"POLLOCK",L66,   31.477472,   92.461167,52,51
2,"ALEXANDRIA",AEX,   31.327372,   92.548556,52,52
2,"ALEXANDRIA",9LA6,   31.306848,   92.611532,52,52
2,"BOYCE",LA10,   31.358889,     92.7225,52,52
2,"COLFAX",LA17,   31.482183,   92.661375,52,52
2,"FOREST HILL",07LA,      31.053,   92.632875,52,52
2,"HINESTON",70LA,   31.169073,   92.756259,52,52
2,"WOODWORTH",1R4,   31.126353,   92.501289,52,52
2,"FORT POLK",POE,   31.044782,   93.191642,52,53
2,"LEESVILLE",L39,   31.168194,   93.342472,52,53
2,"LEESVILLE",57LS,   31.208889,   93.276111,52,53
2,"LEESVILLE",19LA,   31.117022,   93.154317,52,53
2,"FAIRMOUNT",71TS,   31.218656,   93.701897,52,54
2,"PINELAND",T24,   31.233522,   93.981856,52,54
2,"WIERGATE",4XS5,   31.121859,   93.802959,52,54
2,"SAN AUGUSTINE",86TS,   31.483514,   94.033526,52,55
2,"APPLE SPRINGS",XA71,   31.277333,      94.974,52,56
2,"CORRIGAN",TA43,     31.0475,   94.854444,52,56
2,"HUNTINGTON",8TA8,   31.169079,   94.532426,52,56
2,"LUFKIN",LFK,   31.234028,       94.75,52,56
2,"LUFKIN",2TA1,   31.390184,   94.691041,52,56
2,"LUFKIN",25TX,   31.312831,   94.644331,52,56
2,"LUFKIN",TX49,   31.291667,   94.699444,52,56
2,"CROCKETT",DKR,   31.306972,   95.403833,52,57
2,"CROCKETT",1TA4,   31.458513,   95.296054,52,57
2,"GROVETON",33R,   31.084333,   95.164111,52,57
2,"KENNARD",63TE,   31.353514,   95.205772,52,57
2,"KENNARD",TS99,   31.350489,   95.159883,52,57
2,"LATEXO",8TS3,   31.390179,   95.473282,52,57
2,"CENTERVILLE",TE01,   31.304903,   95.796621,52,58
2,"CENTERVILLE",24TA,   31.213238,   95.827454,52,58
2,"CENTERVILLE",70TA,   31.193503,   95.893731,52,58
2,"CROCKETT",80TS,    31.32768,   95.573006,52,58
2,"CROCKETT",85XS,   31.103611,   95.702811,52,58
2,"GRAPELAND",7XS3,   31.476566,   95.634953,52,58
2,"MADISONVILLE",47TS,   31.047964,   95.917731,52,58
2,"MIDWAY",TA82,   31.061067,   95.751494,52,58
2,"FRANKLIN",1TE9,    31.27175,    96.43965,52,59
2,"HILLTOP LAKES",0TE4,   31.080808,   96.214981,52,59
2,"JEWETT",8TX0,   31.428389,   96.134861,52,59
2,"JEWETT",40TA,   31.312956,   96.220521,52,59
2,"MARQUEZ",TA23,   31.261291,   96.216354,52,59
2,"NORMANGEE",6TS6,   31.041575,   96.201627,52,59
2,"FRANKLIN",TX75,   31.009722,   96.540833,52,60
2,"MARLIN",T15,   31.340667,   96.852028,52,60
2,"RIESEL",XA15,   31.426944,   96.979722,52,60
2,"EDDY",TS29,   31.294617,    97.29695,52,61
2,"LOTT",TS81,   31.157444,    97.07525,52,61
2,"LOTT",63XA,   31.215617,   97.003822,52,61
2,"MC GREGOR",XS57,   31.465356,   97.404792,52,61
2,"MC GREGOR",TE84,   31.465164,   97.475292,52,61
2,"MOFFAT",6TS4,   31.186287,   97.390563,52,61
2,"MOODY",XA47,   31.309722,   97.484806,52,61
2,"ROBINSON",TE17,   31.439058,   97.146946,52,61
2,"ROBINSON",XA51,   31.418333,   97.125833,52,61
2,"TEMPLE",5TA1,   31.193508,   97.407231,52,61
2,"TEMPLE",TPL,     31.1519,   97.407663,52,61
2,"TEMPLE",TS92,   31.214619,   97.426676,52,61
2,"TROY",7XA4,   31.161306,   97.302417,52,61
2,"WACO",PWG,   31.484917,   97.316528,52,61
2,"WACO",5TA2,   31.454612,   97.250284,52,61
2,"FORT HOOD(KILLEEN)",HLR,   31.138741,   97.714486,52,62
2,"FORT HOOD(KILLEEN)",22XS,      31.371,   97.666964,52,62
2,"FORT HOOD/KILLEEN",GRK,    31.06725,   97.828917,52,62
2,"FORT HOOD/KILLEEN/",23XS,   31.358501,    97.67113,52,62
2,"GATESVILLE",GOP,   31.421276,   97.796968,52,62
2,"GATESVILLE",2TX5,   31.453497,   97.751411,52,62
2,"KILLEEN",ILE,   31.085833,     97.6865,52,62
2,"TEMPLE",19TX,   31.238228,   97.514181,52,62
2,"THE GROVE/RANCH",23TX,   31.249617,   97.522792,52,62
2,"GOLDTHWAITE",TA76,   31.431389,   98.466944,52,63
2,"KEMPNER",6TS1,   31.177947,   98.073083,52,63
2,"LAMPASAS",71XS,   31.166856,   98.245839,52,63
2,"LAMPASAS",TE48,   31.044897,   98.042803,52,63
2,"LAMPASAS",LZZ,   31.106194,   98.195917,52,63
2,"LAMPASAS",76TA,   31.301419,   98.224372,52,63
2,"LAMPASAS",1TX0,   31.026953,   98.353053,52,63
2,"LOMETA",XA44,   31.266111,   98.423889,52,63
2,"LOMETA",7TE3,     31.2335,   98.466982,52,63
2,"STAR",49XS,   31.448333,   98.321111,52,63
2,"BROWNWOOD",3TA4,   31.485833,   98.976111,52,64
2,"GOLDTHWAITE",8TX3,   31.342943,   98.615598,52,64
2,"GOLDTHWAITE",T37,   31.429067,   98.608356,52,64
2,"MULLIN",TA24,   31.472525,   98.702019,52,64
2,"SAN SABA",2TX9,   31.327814,   98.804769,52,64
2,"SAN SABA",81R,    31.23575,   98.717702,52,64
2,"SAN SABA",37TX,   31.321554,   98.865601,52,64
2,"BRADY",BBD,   31.179278,   99.323917,52,65
2,"BRADY",12TE,    31.31683,   99.233662,52,65
2,"BRADY",94TX,    31.43766,   99.315609,52,65
2,"BRADY",XS78,   31.385417,   99.099833,52,65
2,"PEAR VALLEY",8XS0,    31.30605,   99.492819,52,65
2,"RICHLAND SPRINGS",XS61,   31.114889,    99.00338,52,65
2,"PAINT ROCK",06TS,   31.421592,   99.836575,52,66
2,"SAN ANGELO",5TE6,   31.269167,   100.46083,52,67
2,"SAN ANGELO",94TA,    31.30572,    100.4587,52,67
2,"SAN ANGELO",SJT,   31.357748,    100.4963,52,67
2,"KINCKERBOKER",5XA0,   31.255583,    100.6476,52,68
2,"MERTZON",03XS,   31.318056,   100.75417,52,68
2,"SAN ANGELO",TS65,   31.358496,   100.61034,52,68
2,"BIG LAKE",E41,   31.197749,    101.4754,52,69
2,"RANKIN",49F,   31.227028,   101.95292,52,70
2,"CRANE",E13,   31.411574,   102.36047,52,71
2,"MC CAMEY",E48,   31.125148,   102.22541,52,71
2,"BALMORHEA",3XS8,   31.100203,   103.96139,52,74
2,"PECOS",96XA,   31.284444,   103.64389,52,74
2,"PECOS",PEQ,   31.382389,   103.51072,52,74
2,"KENT",XS44,   31.015278,   104.21231,52,75
2,"VAN HORN",VHN,   31.057833,   104.78381,52,76
2,"VAN HORN",88TA,   31.455958,   104.84439,52,76
2,"ANIMAS",NM64,   31.458706,   108.86256,52,84
2,"BISBEE",P04,    31.36399,   109.88313,52,86
2,"DOUGLAS",P03,   31.371314,   109.68995,52,86
2,"DOUGLAS",DGL,   31.342603,   109.50645,52,86
2,"DOUGLAS BISBEE",DUG,   31.468944,   109.60375,52,86
2,"HEREFORD",03AZ,   31.433432,   110.08397,52,87
2,"PALOMINAS",AZ26,   31.369167,     110.125,52,87
2,"NOGALES",OLS,   31.417722,   110.84789,52,88
2,"MIDWAY",9GA2,     31.8025,     81.3975,53,29
2,"SAVANNAH",GA39,   31.984375,   81.246222,53,29
2,"SHELLMAN BLUFF",72GA,   31.583554,   81.233153,53,29
2,"SHELLMAN BLUFF",1GA0,   31.641035,   81.328333,53,29
2,"FORT STEWART(HINESVILLE)",LHW,   31.887819,   81.562655,53,30
2,"HINESVILLE",GA19,   31.844831,   81.687586,53,30
2,"JESUP",JES,   31.553972,     81.8825,53,30
2,"BAXLEY",BHC,   31.713833,   82.393778,53,31
2,"ALMA",AMG,   31.536056,   82.506553,53,32
2,"HAZLEHURST",AZE,    31.88519,   82.647891,53,32
2,"FITZGERALD",FZG,   31.683905,   83.270904,53,33
2,"IRWINVILLE",0GE1,   31.665461,   83.447106,53,33
2,"ASHBURN",GE12,   31.748611,   83.573611,53,34
2,"ASHBURN",75J,   31.687611,   83.632944,53,34
2,"CORDELE",CKF,   31.988833,   83.773917,53,34
2,"SYLVESTER",SYV,   31.557155,   83.894036,53,34
2,"ALBANY",ABY,   31.535528,   84.194472,53,35
2,"DAWSON",16J,   31.743288,   84.419291,53,35
2,"DAWSON",9GA3,   31.839609,   84.481583,53,35
2,"LEESBURG",8GA3,   31.768731,   84.125678,53,35
2,"CUTHBERT",25J,   31.701889,   84.826972,53,36
2,"EDISON",GA48,   31.586111,   84.790556,53,36
2,"ABBEVILLE",0J0,   31.600222,   85.238308,53,37
2,"CLAYTON",11A,   31.883333,   85.485222,53,37
2,"EUFAULA",EUF,   31.951306,   85.128917,53,37
2,"JACK",AL37,   31.555028,   85.977278,53,38
2,"LAPINE",4AL9,   31.974722,   86.293889,53,39
2,"LUVERNE",04A,   31.736387,   86.262455,53,39
2,"TROY",AL77,   31.740556,   86.007028,53,39
2,"TROY",TOI,       31.86,   86.013889,53,39
2,"CHAPMAN",5AL1,   31.680713,   86.681917,53,40
2,"FORT DEPOSIT",67A,   31.972371,   86.591641,53,40
2,"GREENVILLE",68AL,     31.8084,      86.525,53,40
2,"GREENVILLE",PRN,   31.845694,    86.61075,53,40
2,"GREENVILLE",71AL,   31.808786,   86.523525,53,40
2,"CAMDEN",61A,    31.97975,   87.339111,53,41
2,"WAYNESBORO",2R0,   31.643554,   88.635095,53,44
2,"BAY SPRINGS",00M,    31.95375,   89.235333,53,45
2,"LAUREL",LUL,   31.673028,   89.172806,53,45
2,"SEMINARY",0MS2,   31.541834,    89.39173,53,45
2,"TAYLORSVILLE",MS39,   31.820993,   89.458399,53,45
2,"MAGEE",17M,   31.862769,   89.800621,53,46
2,"PRENTISS",M43,   31.595306,   89.906444,53,46
2,"BROOKHAVEN",1R7,   31.605833,   90.409306,53,47
2,"BROOKHAVEN",38MS,   31.549067,   90.309067,53,47
2,"CRYSTAL SPRINGS",M11,   31.902444,    90.36675,53,47
2,"CRYSTAL SPRINGS",6MS2,   31.983861,   90.335361,53,47
2,"MONTICELLO",MS50,   31.579336,   90.111197,53,47
2,"BARLOW",20MS,     31.8285,   90.652833,53,48
2,"HERMANVILLE",MS59,      31.997,   90.842167,53,48
2,"FERRIDAY",1LS8,   31.682109,    91.49873,53,49
2,"ST JOSEPH",L33,   31.973219,   91.238733,53,49
2,"ST. JOSEPH",LA53,     31.9775,   91.263889,53,49
2,"WATERPROOF",68LS,   31.815071,    91.37064,53,49
2,"NATCHEZ",HEZ,   31.613661,   91.297336,53,49
2,"CLAYTON",37LA,   31.727665,   91.582899,53,50
2,"JONESVILLE",L32,   31.620258,   91.834292,53,50
2,"VIDALIA",0R4,      31.562,   91.506472,53,50
2,"JENA",1R1,   31.668815,   92.157596,53,51
2,"OLLA",L47,   31.896097,   92.217883,53,51
2,"WINNFIELD",0R5,   31.963662,   92.660261,53,52
2,"COUSHATTA",0R7,   31.990278,   93.307611,53,53
2,"MANY",3R4,     31.5445,   93.485972,53,53
2,"NATCHITOCHES",IER,    31.73572,   93.099136,53,53
2,"ZWOLLE",5LS9,   31.531346,   93.707415,53,54
2,"CENTER",F17,   31.831583,   94.156417,53,55
2,"SAN AUGUSTINE",78R,   31.540431,   94.170067,53,55
2,"ALTO",9TA8,   31.684067,   94.977161,53,56
2,"LANEVILLE",10TS,   31.997881,   94.799815,53,56
2,"NACOGDOCHES",OCH,   31.577764,   94.710111,53,56
2,"REKLAW",7TA7,   31.839894,   94.961328,53,56
2,"JACKSONVILLE",1TE3,   31.917391,   95.207168,53,57
2,"JACKSONVILLE",JSO,    31.86933,   95.217405,53,57
2,"ATHENS",TX25,   31.989233,   95.951025,53,58
2,"OAKWOOD",89TS,   31.566872,   95.766671,53,58
2,"PALESTINE",11XA,   31.949722,   95.713056,53,58
2,"PALESTINE",PSN,   31.779694,   95.706306,53,58
2,"TENNESSEE COLONY",TA70,   31.783502,   95.897463,53,58
2,"FAIRFIELD",7XS6,   31.794444,   96.207972,53,59
2,"FAIRFIELD",2TA6,   31.862663,   96.197472,53,59
2,"MEXIA",11TS,   31.657946,   96.411367,53,59
2,"TEAGUE",68F,    31.66175,     96.3105,53,59
2,"DAWSON",5TS3,   31.974167,   96.678333,53,60
2,"GROESBECK",01TS,    31.56525,   96.546097,53,60
2,"HILL",9XS1,   31.835556,   96.952778,53,60
2,"HUBBARD",1TS2,   31.824325,   96.778464,53,60
2,"MALONE",XS55,   31.929322,   96.938886,53,60
2,"MEXIA",LXY,   31.641178,   96.514459,53,60
2,"PURDON",83TA,   31.900278,   96.600278,53,60
2,"WACO",TA57,   31.623777,   96.992496,53,60
2,"ABBOTT",TX03,   31.875159,   97.066947,53,61
2,"CENTER",TX45,   31.766828,   97.129448,53,61
2,"CHINA SPRING",04TX,   31.732222,   97.368889,53,61
2,"CHINA SPRING",4TA2,    31.74225,   97.319861,53,61
2,"CHINA SPRING",3T8,   31.678556,   97.362556,53,61
2,"LAGUNA PARK",TX82,    31.86368,   97.381176,53,61
2,"VALLEY MILLS",9F1,   31.620996,   97.429459,53,61
2,"WACO",XA85,   31.641944,   97.314444,53,61
2,"WACO",31TX,   31.596831,   97.330011,53,61
2,"WACO",2TS3,    31.67933,   97.240563,53,61
2,"WACO",CNW,   31.637806,   97.074139,53,61
2,"WACO",ACT,   31.612194,   97.230306,53,61
2,"WACO",TE92,   31.594397,   97.370875,53,61
2,"WACO",73F,   31.623776,   97.022498,53,61
2,"WACO",75TE,   31.747384,   97.246119,53,61
2,"CLIFTON",7F7,   31.817133,   97.569569,53,62
2,"CLIFTON",TX48,   31.832222,   97.718889,53,62
2,"CRANFILLS GAP",TX97,   31.764875,   97.796414,53,62
2,"CRANFILLS GAP",TX52,   31.794599,   97.773914,53,62
2,"IREDELL",13XA,   31.952119,   97.835778,53,62
2,"IREDELL",79TX,    31.90125,   97.854333,53,62
2,"MERIDIAN",4TE6,   31.838817,   97.795164,53,62
2,"MORGAN",84TE,   31.988067,   97.543181,53,62
2,"VALLEY MILLS",5XA1,   31.630786,   97.707572,53,62
2,"EDNA HILL",81TS,   31.936408,   98.345603,53,63
2,"HAMILTON",MNZ,   31.665917,   98.148639,53,63
2,"HAMILTON",1TX6,   31.698488,   98.096422,53,63
2,"HAMILTON",8XA7,   31.693653,   98.105875,53,63
2,"HICO",TA78,    31.97237,   98.061424,53,63
2,"BROWNWOOD",BWD,   31.793611,     98.9565,53,64
2,"BROWNWOOD",10XS,   31.779525,   98.909286,53,64
2,"COMANCHE",MKN,   31.920306,   98.599194,53,64
2,"MULLIN",7TE5,   31.679167,   98.663611,53,64
2,"MULLIN",TA89,   31.523774,   98.800326,53,64
2,"COLEMAN",COM,   31.841139,   99.403611,53,65
2,"COLEMAN",88XS,   31.600461,   99.416003,53,65
2,"BALLINGER",E30,   31.674472,      99.977,53,66
2,"WINTERS",5TA6,     31.9332,   99.895658,53,66
2,"WINTERS",77F,   31.947194,    99.98585,53,66
2,"STERLING CITY",TS95,   31.643611,   100.96953,53,68
2,"STERLING CITY",96TE,   31.903028,   100.87161,53,68
2,"GARDEN CITY",TS13,   31.769778,   101.31084,53,69
2,"STERLING CITY",58XS,   31.830694,   101.05595,53,69
2,"STERLING CITY",46TE,   31.849722,      101.06,53,69
2,"GARDEN CITY",73XS,   31.786111,   101.53444,53,70
2,"MIDLAND",MAF,   31.942528,   102.20192,53,71
2,"MIDLAND",7T7,   31.855083,   102.07394,53,71
2,"ODESSA",71TA,   31.830792,   102.24757,53,71
2,"ODESSA",ODO,   31.921415,   102.38713,53,71
2,"CRANE",8TE2,   31.527914,    102.5282,53,72
2,"MONAHANS",E01,   31.582472,   102.90903,53,72
2,"WINK",INK,   31.779806,   103.20169,53,73
2,"PINE SPRINGS",2TA3,   31.718177,     104.598,53,76
2,"DELL CITY",2E5,   31.947622,   105.19178,53,77
2,"SALT FLAT",76TE,   31.500121,   105.08384,53,77
2,"SALT FLAT",65TX,   31.775133,   105.43132,53,77
2,"CLINT",TA62,    31.55855,   106.20363,53,79
2,"EL PASO",ELP,   31.807333,   106.37636,53,79
2,"FABENS",E35,   31.515673,    106.1472,53,79
2,"FORT BLISS/EL PASO/",BIF,   31.849529,   106.38005,53,79
2,"SANTA TERESA",NM05,    31.90927,    106.6411,53,80
2,"SANTA TERESA",DNA,   31.880444,   106.70325,53,80
2,"COLUMBUS",0NM0,   31.823711,   107.62697,53,82
2,"COLUMBUS",NM09,   31.867321,   107.63586,53,82
2,"COLUMBUS",NM78,   31.877876,   107.64558,53,82
2,"ANIMAS",NM12,   31.917644,   108.78072,53,84
2,"PLAYAS",NM86,   31.936759,   108.53672,53,84
2,"DOUGLAS",AZ17,   31.502222,   109.39111,53,85
2,"PORTAL",8AZ5,   31.897944,   109.05692,53,85
2,"PORTAL",25AZ,   31.815947,   109.05728,53,85
2,"RODEO",NM90,   31.903025,   109.02548,53,85
2,"RODEO",NM70,       31.95,   109.04167,53,85
2,"MCNEAL",2AZ9,   31.602318,   109.65146,53,86
2,"PEARCE",6AZ5,   31.857483,   109.54232,53,86
2,"PEARCE",7AZ4,   31.938611,   109.58833,53,86
2,"BENSON",31AZ,   31.963694,   110.25979,53,87
2,"BENSON",E95,   31.999444,   110.35797,53,87
2,"FORT HUACHUCA SIERRA VISTA",FHU,   31.588472,   110.34439,53,87
2,"HUACHUCA CITY",11AZ,   31.683702,   110.29008,53,87
2,"HUACHUCA CITY/TOMBSTONE",AZ21,   31.745833,   110.24778,53,87
2,"SIERRA VISTA",1AZ6,   31.556667,   110.11083,53,87
2,"ST DAVID",09AZ,   31.925333,   110.03817,53,87
2,"TOMBSTONE",74AZ,   31.619611,   110.04736,53,87
2,"TOMBSTONE",P29,   31.671306,   110.02153,53,87
2,"CONTINENTAL",35AZ,   31.843696,   110.97676,53,88
2,"GREEN VALLEY",14AZ,   31.909222,   111.12097,53,89
2,"TUCSON",6AZ8,   31.941111,   111.12028,53,89
2,"SELLS",E78,   31.932583,   111.89425,53,90
2,"BEAUFORT",ARW,   32.412167,   80.634354,54,28
2,"BEAUFORT",NBC,   32.480567,   80.719244,54,28
2,"BEAUFORT",SC74,   32.461857,   80.600939,54,28
2,"HILTON HEAD ISLAND",HXD,   32.224495,   80.697401,54,28
2,"RIDGELAND",3J1,   32.496851,   80.993149,54,28
2,"CLYO",9GA1,   32.448889,   81.336944,54,29
2,"GUYTON",GA43,   32.321389,   81.426667,54,29
2,"SAVANNAH",GA35,     32.1575,   81.396667,54,29
2,"SAVANNAH",SVN,    32.01002,   81.145988,54,29
2,"SAVANNAH",SAV,   32.127583,   81.202139,54,29
2,"SPRINGFIELD",2GA2,   32.394634,   81.280665,54,29
2,"CLAXTON",CWV,   32.195054,   81.869479,54,30
2,"STATESBORO",1GA4,   32.328519,   81.755389,54,30
2,"STATESBORO",TBR,    32.48275,   81.736944,54,30
2,"COLLINS",8GA5,   32.222778,   82.131389,54,31
2,"METTER",MHP,   32.373972,   82.081444,54,31
2,"OAK PARK",13GE,   32.360833,   82.318056,54,31
2,"REIDSVILLE",RVJ,   32.059486,   82.153574,54,31
2,"VIDALIA",VDI,   32.192722,   82.371167,54,31
2,"MC RAE",MQW,   32.096994,   82.879408,54,32
2,"SOPERTON",3GA8,   32.329444,      82.635,54,32
2,"SOPERTON",4J8,   32.387389,   82.563389,54,32
2,"COCHRAN",48A,   32.400661,   83.278408,54,33
2,"DUBLIN",GE26,   32.381667,   83.059722,54,33
2,"DUBLIN",23GE,   32.383056,        83.1,54,33
2,"EASTMAN",EZM,   32.216389,   83.128667,54,33
2,"HAWKINSVILLE",51A,   32.283667,   83.437972,54,33
2,"MONTROSE",4GE3,   32.498889,   83.191667,54,33
2,"PINEVIEW",44GA,   32.104337,   83.482946,54,33
2,"LILLY",5GA6,   32.149887,   83.861288,54,34
2,"PINEHURST",47GA,   32.219722,   83.855278,54,34
2,"UNADILLA",94GA,   32.262938,   83.787122,54,34
2,"AMERICUS",4GA0,   32.123486,   84.129967,54,35
2,"AMERICUS",ACJ,   32.110806,   84.188861,54,35
2,"AMERICUS",9GA5,   32.058219,   84.290189,54,35
2,"MONTEZUMA",53A,   32.303063,   84.007468,54,35
2,"PLAINS",4GA5,   32.088662,    84.37251,54,35
2,"BUENA VISTA",82A,   32.282806,   84.503694,54,36
2,"FORT BENNING(COLUMBUS)",LSF,   32.331781,   84.987152,54,36
2,"LUMPKIN",63GE,   32.047358,   84.740064,54,36
2,"RICHLAND",05GA,   32.071389,   84.714444,54,36
2,"CRAWFORD",AL51,   32.416111,   85.299167,54,37
2,"HURTSBORO",AL05,   32.221336,   85.471783,54,37
2,"PHENIX CITY",2AL8,   32.421111,   85.248056,54,37
2,"ROBA",AL25,   32.242369,   85.601059,54,38
2,"TUSKEGEE",27AL,   32.453528,   85.558156,54,38
2,"TUSKEGEE",06A,   32.460472,   85.680028,54,38
2,"UNION SPRINGS",07A,   32.167592,   85.811197,54,38
2,"MONTGOMERY",AL12,     32.3608,   86.120725,54,39
2,"MONTGOMERY",MXF,   32.382944,   86.365778,54,39
2,"MONTGOMERY",MGM,   32.300639,   86.393972,54,39
2,"PIKE ROAD",AL79,   32.269586,    86.09885,54,39
2,"WETUMPKA",2AL3,   32.455414,   86.119167,54,39
2,"PRATTVILLE",1A9,   32.438722,   86.512694,54,40
2,"SELMA",SEM,   32.343947,   86.987806,54,40
2,"DEMOPOLIS",DYA,   32.463833,   87.954056,54,42
2,"THOMASTON",3AL7,      32.285,       87.52,54,42
2,"BUTLER",09A,   32.119306,   88.127472,54,43
2,"MERIDIAN",MEI,   32.332611,   88.751861,54,44
2,"MERIDIAN",0MS0,   32.475192,   88.616943,54,44
2,"QUITMAN",23M,   32.085954,   88.739025,54,44
2,"FOREST",2M4,   32.354944,   89.488167,54,45
2,"HICKORY",14MS,   32.345278,   89.034167,54,45
2,"NEWTON",M23,   32.312007,    89.13565,54,45
2,"BRANDON",6MS6,   32.401461,   89.897082,54,46
2,"BRANDON",MS20,   32.454444,   89.904444,54,46
2,"BRANDON",MS11,   32.208482,   89.941748,54,46
2,"BRANDON",6MS1,   32.455833,   89.969722,54,46
2,"PELAHATCHIE",4MS0,   32.300424,   89.858967,54,46
2,"PISGAH",MS08,   32.473889,   89.851778,54,46
2,"BOLTON",7MS7,   32.373825,    90.43695,54,47
2,"BRANDON",5MS6,   32.423517,   90.007586,54,47
2,"FLORENCE",MS58,   32.165427,   90.043972,54,47
2,"FLOWOOD",MS90,   32.315556,   90.143611,54,47
2,"JACKSON",HKS,   32.334778,   90.222528,54,47
2,"JACKSON",JAN,   32.311167,   90.075889,54,47
2,"MADISON",MBO,   32.438667,   90.103111,54,47
2,"POCAHONTAS",MS71,   32.495141,   90.292868,54,47
2,"RAYMOND",4MS2,   32.212056,   90.450278,54,47
2,"RAYMOND",JVW,   32.304472,   90.410528,54,47
2,"STAR",MS69,   32.108762,   90.046472,54,47
2,"TALLULAH",60LA,   32.339156,   90.976878,54,48
2,"EDWARDS",MS24,   32.246816,   90.582321,54,48
2,"VICKSBURG",VKS,   32.239139,   90.928194,54,48
2,"DELHI",0M9,   32.410722,   91.498528,54,49
2,"NEWELLTON",LS83,   32.062655,   91.254279,54,49
2,"TALLULAH",9LS5,   32.303889,   91.128611,54,49
2,"TALLULAH",M80,   32.416308,   91.148858,54,49
2,"TALLULAH",TVR,   32.351611,   91.027689,54,49
2,"TENDAL",9LS9,      32.405,   91.343056,54,49
2,"YOKENA",MS45,   32.156263,   91.124554,54,49
2,"BASKIN",05LA,   32.265421,   91.697921,54,50
2,"JIGGER",LS16,   32.011268,   91.755127,54,50
2,"MONROE",LS20,   32.256106,   91.719886,54,50
2,"MONROE",LS15,   32.296233,   91.540042,54,50
2,"MONROE",40LA,   32.345981,   91.969576,54,50
2,"RAYVILLE",M79,    32.48542,   91.771066,54,50
2,"WINNSBORO",6LA6,   32.218207,   91.868185,54,50
2,"WINNSBORO",F89,   32.153007,   91.698557,54,50
2,"COLUMBIA",F86,   32.122167,     92.0545,54,51
2,"MONROE",LA34,   32.405228,   92.066439,54,51
2,"JONESBORO",F88,      32.202,   92.732944,54,52
2,"COUSHATTA",LA51,   32.018217,    93.43073,54,53
2,"BOSSIER CITY",68LA,   32.330556,   93.517222,54,54
2,"KEITHVILLE",5F5,     32.3446,   93.799897,54,54
2,"KEITHVILLE",56LA,   32.345157,   93.818236,54,54
2,"MANSFIELD",3F3,   32.072778,   93.765611,54,54
2,"SHREVEPORT",1LA4,   32.300467,   93.636533,54,54
2,"SHREVEPORT",LA56,   32.341823,   93.658511,54,54
2,"SHREVEPORT",SHV,   32.446528,   93.826028,54,54
2,"CARTHAGE",4F2,   32.176083,   94.298806,54,55
2,"HENDERSON",RFI,   32.141723,   94.851728,54,56
2,"KILGORE",4TX6,    32.41265,   94.818269,54,56
2,"LONGVIEW",GGG,      32.384,     94.7115,54,56
2,"ARP",TX24,   32.275153,   95.083555,54,57
2,"BERRYVILLE",3TX1,   32.091667,   95.444722,54,57
2,"BULLARD",0XS9,   32.134042,   95.339583,54,57
2,"FRANKSTON",T25,    32.08175,   95.452503,54,57
2,"JACKSONVILLE",17XA,   32.013889,   95.296389,54,57
2,"MOUNT SELMAN",6X0,     32.0975,   95.294861,54,57
2,"TROUP",TE91,   32.039331,   95.082778,54,57
2,"TYLER",16TS,   32.222654,   95.318007,54,57
2,"TYLER",TYR,   32.353556,   95.402972,54,57
2,"TYLER",38XA,   32.408056,   95.389444,54,57
2,"WINONA",TA61,   32.473478,   95.165781,54,57
2,"ATHENS",F44,   32.163848,   95.828353,54,58
2,"ATHENS",5TA8,   32.013333,   95.928333,54,58
2,"ATHENS",2XS3,   32.016828,   95.700238,54,58
2,"BEN WHEELER",TA37,   32.427681,   95.711389,54,58
2,"BROWNSBORO",TX40,     32.2535,   95.655492,54,58
2,"CANTON",91TA,   32.445972,   95.918856,54,58
2,"LARUE",TA50,   32.175986,   95.635514,54,58
2,"MALAKOFF",2TS4,   32.139722,   95.970278,54,58
2,"MURCHISON",71XA,   32.352931,   95.716328,54,58
2,"POYNOR",XS91,     32.0865,   95.599333,54,58
2,"CHATFIELD",1XA8,   32.232506,   96.397511,54,59
2,"CORSICANA",CRS,   32.028056,   96.400583,54,59
2,"CORSICANA",6TX6,   32.082556,   96.356667,54,59
2,"CORSICANA",TX51,   32.200149,   96.329424,54,59
2,"CORSICANA",90TE,   32.195703,   96.438592,54,59
2,"CROSSROADS",7TS4,   32.056167,   96.045972,54,59
2,"GUN BARREL CITY",74XA,   32.354722,   96.145556,54,59
2,"KAUFMAN",XA42,   32.375556,   96.387067,54,59
2,"KAUFMAN",0TA4,   32.497916,   96.270534,54,59
2,"KERENS",63TX,   32.010311,   96.177128,54,59
2,"KERENS",4TX5,    32.22987,   96.259699,54,59
2,"SCURRY",9TE0,   32.399167,   96.383558,54,59
2,"BARDWELL",TX29,   32.289034,   96.704436,54,60
2,"BLOOMING GROVE",4TE1,   32.079444,   96.710278,54,60
2,"CORSICANA",TA05,   32.037654,   96.531652,54,60
2,"CORSICANA",4XS1,   32.133889,   96.520639,54,60
2,"ENNIS",F41,   32.329694,   96.663889,54,60
2,"MIDLOTHIAN/WAXAHACHIE",JWY,   32.458293,   96.912526,54,60
2,"MILFORD",TE50,   32.173205,   96.966111,54,60
2,"PALMER",T13,   32.477383,   96.685417,54,60
2,"WAXAHACHIE",51TE,   32.472479,   96.789893,54,60
2,"WAXAHACHIE",54TA,   32.299722,   96.873333,54,60
2,"WAXAHACHIE",TA60,   32.394309,    96.77944,54,60
2,"WAXAHACHIE",25XS,   32.486528,   96.846388,54,60
2,"ALVARADO",TX78,   32.329167,   97.231944,54,61
2,"ALVARADO",9TS6,   32.378889,   97.178333,54,61
2,"ALVARADO",6XS2,   32.346248,   97.198578,54,61
2,"ALVARADO",TA01,   32.341811,    97.25029,54,61
2,"BLUM",05TX,   32.129167,   97.404167,54,61
2,"BLUM",87TX,   32.110586,   97.356181,54,61
2,"BYNUM",08TS,   32.029339,   97.010608,54,61
2,"CLEBURNE",TX46,   32.409586,   97.387239,54,61
2,"CLEBURNE",CPT,    32.35375,    97.43375,54,61
2,"GODLEY",59TX,   32.487222,   97.490278,54,61
2,"GRANDVIEW",XA75,      32.324,   97.099667,54,61
2,"GRANDVIEW",3XA0,   32.313889,   97.231111,54,61
2,"GRANDVIEW",11TE,   32.300146,   97.204455,54,61
2,"GRANDVIEW",22TA,   32.215381,   97.140217,54,61
2,"HILLSBORO",INJ,   32.083639,    97.09725,54,61
2,"JOSHUA",TE45,   32.469862,   97.465298,54,61
2,"JOSHUA",8TS5,   32.467918,    97.36835,54,61
2,"KEENE",TX67,     32.3606,     97.3025,54,61
2,"LILLIAN",85TA,   32.463158,   97.149856,54,61
2,"MAYPEARL",34TE,   32.232092,   97.008612,54,61
2,"MAYPEARL",TA26,   32.296361,   97.056806,54,61
2,"MAYPEARL",19XS,   32.297194,   97.086892,54,61
2,"PARKER",65XS,   32.223204,    97.28168,54,61
2,"PARKER",TE16,   32.250425,   97.297236,54,61
2,"PARKER",TX74,   32.261389,   97.275278,54,61
2,"PEORIA",TE99,     32.0215,   97.253733,54,61
2,"RIO VISTA",TE47,   32.209037,   97.317792,54,61
2,"RIO VISTA",3TX6,   32.233481,   97.380849,54,61
2,"VENUS",9XA4,   32.355753,   97.039822,54,61
2,"VENUS",75TS,   32.416389,   97.091944,54,61
2,"WHITNEY",37XS,   32.000154,    97.41696,54,61
2,"WHITNEY",78TE,   32.020431,   97.331122,54,61
2,"CLEBURNE",13TX,   32.153389,   97.559222,54,62
2,"GLEN ROSE",XA04,   32.237619,   97.899644,54,62
2,"GLEN ROSE",41TA,   32.237319,   97.870639,54,62
2,"GLEN ROSE",TS61,   32.211667,   97.642167,54,62
2,"GLEN ROSE",TA35,   32.200485,   97.842353,54,62
2,"GLEN ROSE",09TE,   32.266808,   97.866976,54,62
2,"GLEN ROSE",TX93,   32.166811,   97.833641,54,62
2,"GLEN ROSE",8TS7,   32.244865,   97.726139,54,62
2,"GODLEY",20T,   32.470695,   97.560301,54,62
2,"GODLEY",TX95,    32.41403,   97.532244,54,62
2,"GRANBURY",GDJ,   32.444417,   97.816944,54,62
2,"GRANBURY",0TX0,   32.419584,   97.712805,54,62
2,"GRANBURY",TS89,   32.351139,   97.808722,54,62
2,"GRANBURY",0TX1,   32.353689,    97.67615,54,62
2,"GRANBURY",66TE,   32.365521,   97.645011,54,62
2,"MORGAN",TX36,   32.060917,   97.588583,54,62
2,"MORGAN",TX28,   32.021667,   97.677639,54,62
2,"MORGAN",43TA,   32.025151,   97.626411,54,62
2,"WALNUT SPRINGS",TS03,   32.061537,   97.737804,54,62
2,"WALNUT SPRINGS",74TE,   32.061389,   97.794833,54,62
2,"CLAIRETTE",62XS,   32.022368,   98.133648,54,63
2,"DE LEON",TS14,   32.108667,      98.488,54,63
2,"DUBLIN",9F0,   32.068199,   98.325321,54,63
2,"DUBLIN",17XS,   32.177763,    98.43505,54,63
2,"GORDON",83TS,   32.426667,   98.419722,54,63
2,"HICO",2TX2,   32.026535,   98.010034,54,63
2,"STEPHENVILLE",17TX,   32.448745,   98.255044,54,63
2,"STEPHENVILLE",SEP,   32.215333,   98.177667,54,63
2,"CISCO",3F2,   32.415028,   98.996833,54,64
2,"CISCO",48XA,   32.319358,   98.987936,54,64
2,"EASTLAND",ETN,   32.414889,   98.809694,54,64
2,"GORMAN",0TE6,   32.204304,    98.66561,54,64
2,"RANGER",TA25,   32.431722,    98.59475,54,64
2,"RANGER",F23,   32.451475,   98.681512,54,64
2,"RISING STAR",TX88,   32.159919,     98.9478,54,64
2,"CISCO",GZN,   32.365833,   99.023694,54,65
2,"CLYDE",4XA3,   32.253611,   99.498611,54,65
2,"CROSS PLAINS",TX11,   32.140033,   99.158733,54,65
2,"MORAN",57XS,   32.492022,   99.146178,54,65
2,"ABILENE",TX00,   32.448889,       99.62,54,66
2,"ABILENE",ABI,   32.411333,   99.681889,54,66
2,"ABILENE",DYS,   32.418476,   99.856545,54,66
2,"ABILENE",82TS,   32.450126,   99.650364,54,66
2,"ABILENE",35TX,   32.484549,      99.826,54,66
2,"SWEETWATER",SWW,   32.467361,   100.46656,54,67
2,"SWEETWATER",86XS,   32.400121,   100.36705,54,67
2,"SWEETWATER",TA00,   32.384167,   100.27861,54,67
2,"WINGATE",TE08,   32.149578,   100.15982,54,67
2,"COLORADO CITY",T88,   32.468428,   100.92112,54,68
2,"COLORADO CITY",1TS8,   32.287623,   100.72222,54,68
2,"BIG SPRING",BPG,   32.212611,   101.52164,54,70
2,"BIG SPRING",TX31,   32.073737,   101.56429,54,70
2,"STANTON",63F,   32.173583,   101.82247,54,70
2,"GARDENDALE",12XA,   32.039333,   102.34858,54,71
2,"MIDLAND",7TX5,   32.217059,   102.15987,54,71
2,"MIDLAND",MDD,    32.03657,   102.10153,54,71
2,"MIDLAND",7TX7,    32.06945,   102.02569,54,71
2,"ANDREWS",E11,   32.330753,   102.52969,54,72
2,"JAL",E26,   32.131078,   103.15485,54,73
2,"CARLSBAD",CNM,   32.337444,   104.26336,54,75
2,"LAS CRUCES",LRU,   32.289417,   106.92197,54,80
2,"DEMING",NM08,   32.262589,   107.40391,54,81
2,"DEMING",DMN,   32.262389,     107.719,54,82
2,"DEMING",NM26,   32.100091,   107.82281,54,82
2,"LORDSBURG",LSB,   32.333464,   108.69174,54,84
2,"WILLCOX",AZ14,   32.024722,   109.95972,54,86
2,"WILLCOX",P33,   32.245417,   109.89464,54,86
2,"WILLCOX",4AZ9,   32.113056,   109.76167,54,86
2,"WILLCOX",93AZ,   32.224653,   110.00782,54,87
2,"TUCSON",DMA,   32.166364,   110.88317,54,88
2,"TUCSON",TUS,   32.116069,   110.94101,54,88
2,"MARANA",AVQ,   32.409556,   111.21839,54,89
2,"TUCSON",57AZ,   32.448062,   111.00177,54,89
2,"TUCSON",RYN,   32.142211,   111.17458,54,89
2,"AJO",P01,   32.452889,   112.86142,54,92
2,"MOUNT PLEASANT",LRO,   32.897833,   79.782861,55,26
2,"MOUNT PLEASANT",SC65,   32.823786,   79.806749,55,26
2,"CHARLESTON",CHS,   32.898639,   80.040528,55,27
2,"CHARLESTON",JZI,   32.701028,    80.00325,55,27
2,"CHARLESTON",SC42,   32.686944,   80.106389,55,27
2,"CHARLESTON",SC06,   32.632125,   80.092317,55,27
2,"MEGGETT",SC51,   32.704623,   80.253154,55,27
2,"RUFFIN",67SC,   32.948611,     80.7675,55,28
2,"WALTERBORO",29SC,   32.900642,   80.852119,55,28
2,"WALTERBORO",RBW,      32.921,   80.640611,55,28
2,"ALLENDALE",AQX,   32.995112,   81.270237,55,29
2,"ESTILL",02SC,   32.758502,   81.224825,55,29
2,"GARNETT",SC12,   32.672117,   81.311215,55,29
2,"HAMPTON",3J0,     32.8665,      81.081,55,29
2,"MILLEN",2J5,   32.893028,   81.965222,55,30
2,"ROCKY FORD",0GE9,   32.693889,   81.798611,55,30
2,"STATESBORO",03GA,   32.562306,   81.857694,55,30
2,"SYLVANIA",76GA,   32.744722,   81.613056,55,30
2,"SYLVANIA",JYL,   32.645523,   81.596612,55,30
2,"GARFIELD",7GA3,   32.663333,   82.075278,55,31
2,"KITE",15GA,   32.680162,   82.479019,55,31
2,"LOUISVILLE",2J3,   32.985944,   82.384806,55,31
2,"MIDVILLE",92GE,   32.845278,   82.270833,55,31
2,"SWAINSBORO",SBO,   32.609139,   82.369944,55,31
2,"WADLEY",82GA,   32.808768,   82.385266,55,31
2,"DUBLIN",DBN,   32.564722,   82.984972,55,32
2,"EAST DUBLIN",9GA8,   32.693611,   82.898889,55,32
2,"SANDERSVILLE",OKZ,   32.966374,   82.837488,55,32
2,"WRIGHTSVILLE",01GE,   32.674444,   82.771111,55,32
2,"DANVILLE",7GA4,   32.580989,    83.26766,55,33
2,"BYRON",GE27,   32.602222,   83.754167,55,34
2,"FORT VALLEY",1GE4,   32.501111,   83.933333,55,34
2,"FORT VALLEY",GE25,   32.683333,   83.856944,55,34
2,"FORT VALLEY",GA99,   32.548759,   83.801852,55,34
2,"FORT VALLEY",5GE1,   32.570278,   83.721944,55,34
2,"FT VALLEY",GA81,   32.547778,   83.826944,55,34
2,"MACON",MAC,   32.821764,   83.561935,55,34
2,"MACON",MCN,   32.692833,   83.649222,55,34
2,"PERRY",PXE,   32.510583,   83.767333,55,34
2,"WARNER ROBINS",WRB,   32.640171,   83.591921,55,34
2,"WARNER ROBINS",5A2,   32.560639,    83.67675,55,34
2,"BARNESVILLE",GA86,   32.983889,   84.095556,55,35
2,"BUTLER",6A1,   32.568236,   84.246687,55,35
2,"ROBERTA",0GA9,   32.713596,   84.028539,55,35
2,"TALBOTTON",3GA1,   32.728333,   84.356944,55,35
2,"THOMASTON",OPN,   32.955003,   84.264086,55,35
2,"COLUMBUS",CSG,   32.516333,   84.938861,55,36
2,"MULBERRY GROVE",GE04,   32.666944,   84.965556,55,36
2,"PINE MOUNTAIN",PIM,   32.840694,   84.882444,55,36
2,"WARM SPRINGS",5A9,     32.9385,   84.696444,55,36
2,"WAVERLY HALL",1GE9,   32.714444,   84.718056,55,36
2,"WOODLAND",1GE2,   32.844444,   84.543889,55,36
2,"WOODLAND",6GE2,   32.832778,   84.537778,55,36
2,"AUBURN",AUO,   32.615111,      85.434,55,37
2,"LANETT",7A3,   32.811843,   85.229485,55,37
2,"OPELIKA",AL89,   32.718742,    85.36689,55,37
2,"LAGRANGE",GA98,   32.948611,   85.053889,55,37
2,"ALEXANDER CITY",ALX,    32.91475,   85.962944,55,38
2,"OUR TOWN",AL71,   32.803738,   85.980519,55,38
2,"WETUMPKA",08A,   32.527333,   86.331028,55,39
2,"CLANTON",02A,   32.850484,   86.611432,55,40
2,"CLANTON",01AL,   32.945956,   86.513868,55,40
2,"MAPLESVILLE",AL76,   32.848737,   86.869988,55,40
2,"CENTREVILLE",0A8,   32.936939,   87.090547,55,41
2,"MARION",A08,     32.5105,   87.384778,55,41
2,"AKRON",AL03,     32.8475,   87.713889,55,42
2,"EUTAW",3A7,   32.820417,   87.865083,55,42
2,"GREENSBORO",7A0,    32.68154,   87.662069,55,42
2,"MOUNDVILLE",AL44,    32.96949,   87.637021,55,42
2,"GEIGER",AL43,   32.908462,   88.333367,55,43
2,"SCOOBA",3MS8,   32.942194,   88.363472,55,43
2,"MERIDIAN",NJW,   32.798927,   88.834526,55,44
2,"MERIDIAN",NMM,   32.553481,   88.555264,55,44
2,"PHILADELPHIA",MS70,   32.735412,   88.925888,55,44
2,"SHUQUALAK",1MS8,   32.940129,    88.57921,55,44
2,"PHILADELPHIA",MS96,   32.766801,    89.10006,55,45
2,"PHILADELPHIA",MPE,   32.799212,   89.125997,55,45
2,"UNION",3MS9,   32.580992,     89.1366,55,45
2,"CANTON",7MS1,   32.606944,   89.983333,55,46
2,"CANTON",MS29,   32.601944,   89.863889,55,46
2,"CANTON",MS36,       32.65,   89.970833,55,46
2,"CARTHAGE",08M,   32.761583,   89.530389,55,46
2,"GOODMAN",1MS2,   32.942959,   89.929902,55,46
2,"CANTON",7MS4,   32.603708,   90.192789,55,47
2,"CANTON",4MS9,   32.665972,   90.067639,55,47
2,"FLORA",3MS6,   32.554306,   90.302868,55,47
2,"FLORA",3MS3,   32.515861,   90.351167,55,47
2,"LINWOOD",MS06,   32.790412,   90.138142,55,47
2,"YAZOO CITY",99MS,   32.712408,   90.294872,55,47
2,"YAZOO CITY",87I,     32.8835,      90.464,55,47
2,"ROLLING FORK",04MS,   32.939572,   90.837322,55,48
2,"ROLLING FORK",5MS1,   32.954293,   90.845933,55,48
2,"ROLLING FORK",MS35,   32.981236,   90.965381,55,48
2,"VICKSBURG",MS43,   32.551805,    90.83038,55,48
2,"DARNELL",9LS1,   32.696092,   91.386644,55,49
2,"LAKE PROVIDENCE",0M8,   32.825879,   91.187665,55,49
2,"LAKE PROVIDENCE",6LA1,   32.984013,   91.205943,55,49
2,"LAKE PROVIDENCE",46LA,   32.606986,   91.382778,55,49
2,"OAK GROVE",2LA7,   32.965854,   91.425862,55,49
2,"OAK GROVE",9M6,   32.847649,   91.404056,55,49
2,"TRANSYLVANIA",82LS,   32.691708,   91.109325,55,49
2,"BASTROP",BQP,   32.756083,   91.880583,55,50
2,"BASTROP",LA63,   32.971667,   91.830833,55,50
2,"MER ROUGE",5LS6,   32.765135,   91.796237,55,50
2,"MONROE",0LS9,    32.50431,   91.982075,55,50
2,"OAK RIDGE",01LA,   32.639027,   91.773736,55,50
2,"FARMERVILLE",F87,   32.724956,   92.337166,55,51
2,"MONROE",LA33,   32.576531,   92.113745,55,51
2,"MONROE",MLU,   32.510861,   92.037667,55,51
2,"ARCADIA",5F0,   32.532083,   92.952778,55,52
2,"RUSTON",RSN,   32.514602,   92.588443,55,52
2,"HOMER",5F4,   32.788508,   93.003661,55,53
2,"MINDEN",MNE,   32.646028,   93.298083,55,53
2,"MINDEN",90LA,   32.613889,   93.323611,55,53
2,"SPRINGHILL",SPH,   32.983722,   93.409167,55,53
2,"BELCHER",0LA3,   32.749319,   93.873486,55,54
2,"BENTON",LA81,   32.629847,   93.657628,55,54
2,"BOSSIER CITY",BAD,   32.501933,   93.662628,55,54
2,"GILLIAM",LA54,    32.83764,   93.837679,55,54
2,"OIL CITY",LA11,   32.791417,   93.956542,55,54
2,"SHREVEPORT",DTN,   32.540822,   93.743834,55,54
2,"VIVIAN",3F4,   32.861333,   94.010154,55,55
2,"BIVINS",TE72,   32.898053,   94.162219,55,55
2,"JEFFERSON",24F,   32.744314,   94.304689,55,55
2,"JEFFERSON",6F7,      32.827,   94.354528,55,55
2,"MARSHALL",ASL,     32.5205,   94.307778,55,55
2,"AVINGER",61TA,   32.884022,   94.607703,55,56
2,"AVINGER",6TE9,   32.816802,    94.61687,55,56
2,"GILMER",JXI,   32.698032,   94.948868,55,56
2,"GLADEWATER",07F,   32.528833,    94.97175,55,56
2,"LONGVIEW",3TS0,   32.508481,   94.700209,55,56
2,"LONGVIEW",XS02,     32.5101,   94.824544,55,56
2,"LONGVIEW",2XA7,      32.615,   94.765556,55,56
2,"BIG SANDY",18TE,   32.585197,   95.063914,55,57
2,"BIG SANDY",91XA,   32.623653,   95.113939,55,57
2,"HAWKINS",1TX9,   32.637638,   95.161334,55,57
2,"HAWKINS",16TE,   32.697635,   95.207723,55,57
2,"MINEOLA",XA46,   32.693636,   95.454361,55,57
2,"MINEOLA",TX62,   32.633468,   95.439121,55,57
2,"MINEOLA/QUITMAN",JDD,   32.742194,   95.496472,55,57
2,"WINNSBORO",F51,   32.938846,   95.278861,55,57
2,"CANTON",7F5,   32.586245,   95.862744,55,58
2,"CANTON",TA86,   32.605966,   95.934967,55,58
2,"CANTON",1TA7,   32.615833,   95.868104,55,58
2,"EMORY",67TX,   32.911486,    95.73835,55,58
2,"GOLDEN",XA90,   32.757222,   95.527778,55,58
2,"LONE OAK",9XS7,   32.947064,   95.958578,55,58
2,"MINEOLA",3F9,   32.676675,   95.510958,55,58
2,"POINT",TE74,   32.953611,   95.866944,55,58
2,"VAN",00TX,   32.544452,    95.67313,55,58
2,"VAN",51TX,   32.539581,   95.668296,55,58
2,"VAN",5XS5,   32.542778,   95.708611,55,58
2,"WILLS POINT",76F,   32.681417,   95.984139,55,58
2,"YANTIS",XS48,   32.953889,     95.5775,55,58
2,"CADDO MILLS",18TX,     32.9525,   96.228056,55,59
2,"CADDO MILLS",XA33,   32.958703,   96.264422,55,59
2,"CANTON",TX43,    32.50986,   96.002747,55,59
2,"CHISHOLM",20XS,   32.835283,   96.378731,55,59
2,"CRANDALL",9TX2,   32.637075,   96.408333,55,59
2,"DALLAS",1F7,   32.812944,   96.352028,55,59
2,"FORNEY",01TE,   32.737629,   96.428041,55,59
2,"FORNEY",TA18,   32.707075,   96.479431,55,59
2,"GREENVILLE",37TS,   32.990674,   96.039971,55,59
2,"GREENVILLE",XS14,   32.969444,   96.070556,55,59
2,"KAUFMAN",TA46,   32.562636,   96.401095,55,59
2,"KAUFMAN",28XS,   32.645966,   96.325259,55,59
2,"KAUFMAN",8TS6,   32.533192,   96.322481,55,59
2,"MC CLENDON-CHISHOLM",19TA,   32.822348,   96.416929,55,59
2,"QUINLAN",T14,   32.952496,   96.095893,55,59
2,"ROCKWALL",T48,   32.868122,   96.219142,55,59
2,"ROCKWALL",F46,   32.930594,   96.435486,55,59
2,"ROYSE CITY",68TS,   32.875124,   96.287757,55,59
2,"ROYSE CITY",33XA,   32.856956,    96.30829,55,59
2,"TERRELL",TRL,   32.708494,   96.267094,55,59
2,"WILLS POINT",2TS9,   32.757417,   96.057222,55,59
2,"WILLS POINT",8TE1,   32.748444,   96.043953,55,59
2,"DALLAS",ADS,   32.968556,   96.836444,55,60
2,"DALLAS",RBD,   32.681306,   96.868778,55,60
2,"DALLAS",DAL,   32.845945,   96.850877,55,60
2,"GARLAND",TX91,   32.907624,   96.596937,55,60
2,"LANCASTER",LNC,   32.577604,   96.717503,55,60
2,"LAWRENCE",6TA3,   32.721389,   96.723889,55,60
2,"MESQUITE",HQZ,   32.746963,   96.530417,55,60
2,"MIDLOTHIAN",T56,   32.512812,   96.926777,55,60
2,"OVILLA",TS71,   32.527915,   96.943892,55,60
2,"SEAGOVILLE",5TA9,   32.609167,   96.526111,55,60
2,"ARLINGTON",GKY,   32.663861,   97.094278,55,61
2,"BURLESON",3TX9,   32.527638,   97.280848,55,61
2,"BURLESON",8TS1,   32.541804,   97.241958,55,61
2,"DALLAS-FORT WORTH",DFW,   32.897233,   97.037695,55,61
2,"EVERMAN",00TS,   32.607939,   97.242322,55,61
2,"FORT WORTH",AFW,   32.990386,   97.319441,55,61
2,"FORT WORTH",FTW,    32.81977,    97.36245,55,61
2,"FORT WORTH",NFW,   32.769186,   97.441535,55,61
2,"FORT WORTH",FWS,    32.56537,    97.30837,55,61
2,"FORT WORTH",TS00,   32.788185,   97.180846,55,61
2,"FORT WORTH",T67,   32.931237,   97.411686,55,61
2,"FORT WORTH",4T2,   32.977632,   97.492294,55,61
2,"FORT WORTH",TS73,   32.775129,   97.487799,55,61
2,"FORT WORTH",9F9,   32.627028,   97.354007,55,61
2,"GRAND PRAIRIE",GPM,   32.698778,   97.046917,55,61
2,"KELLER",7TX4,   32.966791,   97.275294,55,61
2,"KENNEDALE",4TX4,   32.627913,   97.191956,55,61
2,"MANSFIELD",6TX7,   32.537638,   97.130843,55,61
2,"MANSFIELD",6TX8,   32.555971,   97.206401,55,61
2,"WESTLAKE",4TX2,   32.966791,   97.233626,55,61
2,"ALEDO",TX15,   32.751518,   97.612803,55,62
2,"AZLE",73TE,      32.925,   97.558333,55,62
2,"BROCK",TA51,    32.68041,   97.937261,55,62
2,"BROCK",58TX,   32.651264,   97.934146,55,62
2,"CRESSON",3XA8,   32.514167,   97.595278,55,62
2,"CRESSON",TE52,   32.535969,   97.588633,55,62
2,"FORT WORTH",50F,   32.581833,   97.590778,55,62
2,"FORT WORTH",2TE2,   32.829267,   97.534943,55,62
2,"MILLSAP",TE34,    32.76263,   97.972819,55,62
2,"MINERAL WELLS",12TS,   32.908457,   97.977262,55,62
2,"MINERAL WELLS",TX34,   32.847958,   97.984306,55,62
2,"POOLVILLE",27XA,   32.979389,   97.889917,55,62
2,"SPRINGTOWN",61TE,    32.98679,   97.619747,55,62
2,"SPRINGTOWN",93XS,   32.929097,   97.713928,55,62
2,"WEATHERFORD",08TX,   32.858181,   97.747529,55,62
2,"WEATHERFORD",XA86,   32.566975,   97.807492,55,62
2,"WEATHERFORD",6TA7,    32.82846,   97.779476,55,62
2,"WEATHERFORD",F78,   32.572912,   97.872534,55,62
2,"WEATHERFORD",WEA,   32.746287,   97.682452,55,62
2,"WEATHERFORD",XS53,   32.850489,   97.862247,55,62
2,"WEATHERFORD",TA19,   32.674576,   97.783642,55,62
2,"GRAFORD",F35,   32.923325,   98.436873,55,63
2,"GRAHAM",4TA3,   32.898733,   98.460054,55,63
2,"MINERAL WELLS",0TS7,   32.833459,   98.125322,55,63
2,"MINERAL WELLS",MWL,   32.781606,   98.060175,55,63
2,"PALO PINTO",TA65,   32.821234,   98.478665,55,63
2,"SANTO",86TE,     32.6478,   98.148136,55,63
2,"THURBER",24TX,   32.500131,    98.38366,55,63
2,"WHITT",5TX,   32.968455,   98.011429,55,63
2,"BRECKENRIDGE",TE40,   32.674846,   98.826176,55,64
2,"BRECKENRIDGE",BKD,    32.71875,   98.891583,55,64
2,"ALBANY",T23,   32.721389,   99.267583,55,65
2,"MORAN",1TA1,   32.628333,   99.140278,55,65
2,"ABILENE",TX02,   32.526513,   99.612864,55,66
2,"ANSON",TX20,   32.793169,   99.877873,55,66
2,"STAMFORD",F56,   32.910472,   99.734167,55,66
2,"WEATHERFORD",54TS,   32.811225,   99.851761,55,66
2,"HAMLIN",16TX,   32.849675,   100.13665,55,67
2,"HAMLIN",1TX7,   32.805665,   100.18371,55,67
2,"ROTAN/ROBY",56F,   32.824306,   100.41283,55,67
2,"SNYDER",60XS,   32.893325,   100.89391,55,68
2,"SNYDER",SNK,   32.693389,   100.95047,55,68
2,"ACKERLY",75TA,   32.534277,   101.72514,55,70
2,"LAMESA",XA77,   32.748611,   101.77944,55,70
2,"LAMESA",LUV,   32.756306,   101.92022,55,70
2,"LAMESA",9TE3,   32.577883,   101.93098,55,70
2,"DENVER CITY",E57,    32.97466,    102.8451,55,72
2,"SEAGRAVES",F97,   32.954553,    102.5409,55,72
2,"SEMINOLE",GNC,   32.675333,   102.65267,55,72
2,"SEMINOLE",5TA0,   32.732047,   102.94382,55,72
2,"SEMINOLE",39TE,   32.718161,   102.73825,55,72
2,"HOBBS",NM83,   32.766781,   103.20882,55,73
2,"HOBBS",HOB,     32.6875,   103.21733,55,73
2,"LOVINGTON",E06,   32.953944,   103.40878,55,73
2,"DENVER CITY",1TA5,   32.941769,   103.00049,55,73
2,"ARTESIA",NM47,   32.780113,   104.38135,55,75
2,"ARTESIA",ATS,   32.851944,   104.46758,55,75
2,"CARLSBAD",62NM,   32.598725,   104.42635,55,75
2,"ALAMOGORDO",ALM,   32.839417,   105.99114,55,78
2,"ALAMOGORDO",52NM,   32.634069,   105.68745,55,78
2,"LA LUZ",72NM,   32.958421,   105.96304,55,78
2,"ALAMOGORDO",HMN,   32.851858,   106.10854,55,79
2,"ALAMOGORDO",7NM1,   32.935278,   106.04528,55,79
2,"TRUTH OR CONSEQUENCES",9NM9,   32.989547,   106.96947,55,80
2,"HATCH",E05,   32.660292,   107.19541,55,81
2,"MIMBRES",NM69,   32.814164,      107.94,55,82
2,"SILVER CITY",SVC,   32.636547,   108.15639,55,83
2,"SILVER CITY",94E,    32.76202,   108.20838,55,83
2,"CLIFTON/MORENCI",CFT,   32.957039,   109.21116,55,85
2,"PIMA",E37,   32.847843,   109.88175,55,86
2,"SAFFORD",SAD,   32.853333,   109.63508,55,86
2,"SOLOMON",3AZ8,   32.762289,   109.65341,55,86
2,"KLONDYKE",AN01,   32.816667,   110.31667,55,87
2,"KLONDYKE",AZ45,   32.729235,   110.29648,55,87
2,"SAN MANUEL",E77,    32.63644,   110.64729,55,88
2,"COOLIDGE",P08,   32.936023,   111.42647,55,89
2,"COOLIDGE",37AZ,   32.935618,   111.48457,55,89
2,"MARANA",MZJ,   32.509833,   111.32533,55,89
2,"REDROCK",AZ63,   32.527778,   111.19583,55,89
2,"CASA GRANDE",CGZ,   32.954889,   111.76683,55,90
2,"ELOY",EE0,   32.689503,   111.54932,55,90
2,"ELOY",E60,   32.806722,   111.58663,55,90
2,"ELOY",AZ04,   32.660847,   111.68153,55,90
2,"MARICOPA",A39,   32.990549,    111.9189,55,90
2,"STANFIELD",5AZ7,   32.847222,      111.95,55,90
2,"STANFIELD",55AZ,   32.873942,   111.95986,55,90
2,"MARICOPA",41AZ,   32.986162,    112.0257,55,91
2,"MARICOPA",AZ31,   32.996715,   112.27237,55,91
2,"MOBILE",0AZ4,    32.98227,   112.28709,55,91
2,"MOBILE",5AZ6,      32.925,   112.25944,55,91
2,"STANFIELD",AZ61,   32.901716,   112.23792,55,91
2,"GILA BEND",GXF,   32.887847,   112.71961,55,92
2,"GILA BEND",E63,   32.960169,   112.67364,55,92
2,"GILA BEND",GAX,    32.88525,   112.81631,55,92
2,"PALOMA",29AZ,   32.905603,   112.90017,55,92
2,"WELLTON",AZ60,   32.723433,   113.93831,55,94
2,"WELLTON",AZ06,   32.786336,    113.9386,55,94
2,"YUMA PROVING GROUND(YUMA)",LGF,   32.864585,   114.39298,55,95
2,"SAN LUIS",44A,   32.516306,   114.69839,55,96
2,"SOMERTON",54AZ,   32.600884,   114.66579,55,96
2,"SOMERTON",AZ25,    32.55705,   114.67895,55,96
2,"YUMA",NYL,   32.656574,   114.60599,55,96
2,"HOLTVILLE",L04,   32.844944,    115.2685,55,97
2,"BRAWLEY",BWC,   32.992937,   115.51726,55,98
2,"CALEXICO",CXL,   32.667444,   115.51758,55,98
2,"EL CENTRO",23CN,   32.788944,   115.52972,55,98
2,"EL CENTRO",NJK,   32.826633,   115.66856,55,98
2,"IMPERIAL",IPL,   32.834222,   115.57875,55,98
2,"AGUA CALIENTE SPRINGS",L54,   32.955694,   116.29472,55,99
2,"JACUMBA",L78,   32.615881,   116.16554,55,99
2,"OCOTILLO",0CA6,   32.749444,   116.01611,55,99
2,"ALPINE",1CA6,   32.765054,   116.72252,55,100
2,"CHULA VISTA",0CL3,   32.633372,   116.89031,55,100
2,"SAN DIEGO",SDM,   32.572278,   116.98017,55,100
2,"SAN DIEGO/EL CAJON",SEE,   32.826222,   116.97244,55,100
2,"IMPERIAL BEACH",NRS,   32.566157,   117.11352,55,101
2,"SAN DIEGO",NKX,   32.868529,   117.14319,55,101
2,"SAN DIEGO",MYF,   32.815722,   117.13956,55,101
2,"SAN DIEGO",NZY,   32.698196,   117.21311,55,101
2,"SAN DIEGO",SAN,   32.733556,   117.18967,55,101
2,"GEORGETOWN",GGE,   33.311417,   79.320306,56,25
2,"ANDREWS",PHH,     33.4517,   79.526177,56,26
2,"MCCLELLANVILLE",2SC7,   33.051667,   79.541389,56,26
2,"CROSS",SC37,   33.271497,   80.254242,56,27
2,"GOOSE CREEK",SC98,   33.054333,   80.083417,56,27
2,"HOLLY HILL",5J5,   33.300417,   80.394333,56,27
2,"HOLLY HILL",SC17,    33.35794,   80.459814,56,27
2,"MONCKS CORNER",MKS,     33.1855,    80.03625,56,27
2,"SUMMERVILLE",DYB,   33.062278,   80.280917,56,27
2,"VANCE",SC87,   33.442778,   80.455556,56,27
2,"BRANCHVILLE",SC91,   33.306547,   80.848151,56,28
2,"EHRHARDT",SC69,   33.120556,   80.950833,56,28
2,"ORANGEBURG",44SC,   33.481944,   80.777083,56,28
2,"ORANGEBURG",1DS,   33.387778,   80.911111,56,28
2,"ORANGEBURG",OGB,   33.456918,   80.859407,56,28
2,"ST GEORGE",6J2,     33.1955,   80.508472,56,28
2,"BAMBERG",99N,   33.304528,   81.108417,56,29
2,"BARNWELL",BNL,   33.257668,   81.388219,56,29
2,"EHRHARDT",SC55,   33.005716,   81.048437,56,29
2,"EHRHARDT",SC35,   33.089604,   81.008157,56,29
2,"AUGUSTA",AGS,   33.369944,     81.9645,56,30
2,"WAYNESBORO",3GA7,     33.1625,   81.768333,56,30
2,"WAYNESBORO",GE30,   33.221111,   81.995278,56,30
2,"WAYNESBORO",5GA1,   33.209167,   81.929167,56,30
2,"LANGLEY",SC20,   33.484304,   81.825945,56,30
2,"AUGUSTA",DNL,   33.466583,   82.039389,56,31
2,"BLYTHE",61GA,   33.301809,   82.172343,56,31
2,"WAYNESBORO",BXG,   33.041278,   82.002778,56,31
2,"WRENS",65J,   33.222778,     82.3845,56,31
2,"EATONTON",9GA9,   33.218056,   83.317222,56,33
2,"EATONTON",32GA,   33.454167,   83.277778,56,33
2,"MILLEDGEVILLE",MLJ,   33.154226,   83.241403,56,33
2,"MILLEDGEVILLE",9GA6,   33.097778,   83.404722,56,33
2,"FORSYTH",GA76,   33.154849,   83.898795,56,34
2,"INDIAN SPRINGS",98GA,    33.20568,   83.912407,56,34
2,"JACKSON",62GA,   33.324565,   83.916296,56,34
2,"MONTICELLO",GA06,     33.3325,   83.726944,56,34
2,"BARNESVILLE",GA59,   33.100126,   84.058524,56,35
2,"BROOKS",GA61,   33.269009,   84.497148,56,35
2,"CONCORD",1GE5,   33.101236,   84.393533,56,35
2,"CONCORD",GA68,   33.114846,    84.44909,56,35
2,"CONCORD",GA75,   33.087347,     84.4052,56,35
2,"CONCORD",GA73,   33.161789,   84.453258,56,35
2,"CONCORD",GA74,   33.041793,   84.412422,56,35
2,"CONCORD",4GA1,   33.044848,   84.398255,56,35
2,"CONCORD",2GA5,   33.041793,   84.432144,56,35
2,"FAYETTEVILLE",GA94,   33.491503,   84.489372,56,35
2,"FAYETTEVILLE",GA90,   33.452058,   84.409369,56,35
2,"FAYETTEVILLE",19GA,   33.423727,   84.499927,56,35
2,"GRIFFIN",10GA,   33.325114,   84.298257,56,35
2,"GRIFFIN",GA62,   33.255117,   84.400203,56,35
2,"GRIFFIN",6A2,   33.226972,   84.274944,56,35
2,"GRIFFIN",4GA7,   33.134564,   84.254088,56,35
2,"GRIFFIN",5GA5,   33.259838,   84.349369,56,35
2,"GRIFFIN",8GA6,   33.162222,   84.320556,56,35
2,"HAMPTON",0GA0,   33.356226,   84.367146,56,35
2,"HAMPTON",HMP,   33.389906,   84.331033,56,35
2,"HOLLONVILLE",GA29,   33.156233,   84.431035,56,35
2,"LOCUST GROVE",GE53,   33.316667,   84.150278,56,35
2,"LOCUST GROVE",GA04,    33.36567,   84.165196,56,35
2,"LOCUST GROVE",GE33,   33.304444,   84.136667,56,35
2,"LOVEJOY",GA89,   33.475833,   84.276944,56,35
2,"MILNER",77GA,   33.164008,   84.213531,56,35
2,"SUNNYSIDE",0GE4,   33.331389,   84.266667,56,35
2,"VAUGHN",8GA9,   33.276784,   84.410758,56,35
2,"WILLIAMSON",96GA,   33.185833,   84.368056,56,35
2,"WILLIAMSON",5GA3,   33.160121,   84.365201,56,35
2,"WILLIAMSON",GA2,   33.183453,    84.37159,56,35
2,"WOOLSEY",GA82,   33.332861,   84.400778,56,35
2,"ZEBULON",9GA0,    33.05707,   84.342421,56,35
2,"ZEBULON",GA10,   33.068953,   84.351953,56,35
2,"ZEBULON",3GA9,   33.133456,   84.377423,56,35
2,"ATLANTA",FFC,   33.357722,   84.572528,56,36
2,"ATLANTA",CCO,   33.311566,   84.769755,56,36
2,"GRANTVILLE",80GA,    33.25873,   84.844657,56,36
2,"HARALSON",6GA1,   33.199011,   84.583816,56,36
2,"HARALSON",5GA0,   33.227621,   84.544371,56,36
2,"HOGANSVILLE",6GE4,   33.168694,   84.830361,56,36
2,"LUTHERSVILLE",1GA2,   33.177344,   84.748543,56,36
2,"LUTHERSVILLE",74GA,   33.225722,   84.665889,56,36
2,"MORELAND",91GA,   33.273611,   84.793333,56,36
2,"NEWNAN",2GE8,   33.464167,   84.663333,56,36
2,"NEWNAN",17GA,   33.466667,   84.865667,56,36
2,"PALMETTO",GA31,   33.473611,   84.673611,56,36
2,"SENOIA",64GA,   33.283453,   84.538816,56,36
2,"SHARPSBURG",29GA,   33.384283,   84.631944,56,36
2,"WHITESBURG",95GA,   33.455947,   84.942995,56,36
2,"ROANOKE",7A5,   33.129678,   85.372215,56,37
2,"CENTRALHATCHEE",7GE5,   33.359167,     85.1175,56,37
2,"FRANKLIN",1GE3,   33.253889,   85.170278,56,37
2,"FRANKLIN/GLENN",5GA7,   33.201786,     85.2305,56,37
2,"LAGRANGE",LGC,    33.00915,   85.073204,56,37
2,"LAGRANGE",GA44,    33.07929,   85.031605,56,37
2,"ROOPVILLE",8GA1,   33.421225,   85.161889,56,37
2,"ASHLAND/LINEVILLE",26A,   33.284197,   85.808965,56,38
2,"HARPERSVILLE",AL92,   33.307334,    86.40359,56,39
2,"SYLACAUGA",SCD,   33.171833,   86.305528,56,39
2,"TALLADEGA",8AL2,   33.355426,   86.262135,56,39
2,"ALABASTER",EET,   33.177778,   86.783222,56,40
2,"BESSEMER",EKY,   33.312611,   86.926306,56,40
2,"COLUMBIANA",1AL2,   33.247153,   86.597917,56,40
2,"MONTEVALLO",5AL3,   33.152895,   86.851378,56,40
2,"WILSONVILLE",AL17,   33.234003,   86.513037,56,40
2,"TUSCALOOSA",TCL,   33.220628,   87.611401,56,42
2,"ALICEVILLE",AIV,   33.106744,   88.197175,56,43
2,"REFORM",3M8,   33.386753,   88.006579,56,43
2,"COLUMBUS",UBS,   33.465333,    88.38075,56,43
2,"COLUMBUS/W POINT/STARKVILLE",GTR,   33.448278,   88.591389,56,44
2,"MACON",20M,   33.133722,      88.536,56,44
2,"STARKVILLE",STF,   33.433111,   88.848611,56,44
2,"STARKVILLE",M51,   33.497679,   88.681422,56,44
2,"ACKERMAN",9M4,   33.303458,     89.2284,56,45
2,"LOUISVILLE",LMS,   33.146194,     89.0625,56,45
2,"KOSCIUSKO",OSX,    33.09025,   89.542028,56,46
2,"VAIDEN",3MS5,   33.301833,   89.814333,56,46
2,"WINONA",5A6,   33.464988,   89.730217,56,46
2,"GREENWOOD",GWO,   33.493309,   90.086677,56,47
2,"LEXINGTON",19M,   33.125461,   90.025557,56,47
2,"TCHULA",MS40,   33.225556,   90.246667,56,47
2,"BELZONI",1M2,   33.145181,   90.515285,56,48
2,"GLEN ALLAN",MS13,   33.075679,   90.953436,56,48
2,"GREENVILLE",MS30,   33.302117,   90.990061,56,48
2,"GREENVILLE",GLH,   33.482881,   90.985614,56,48
2,"HOLLANDALE",14M,   33.182515,   90.830493,56,48
2,"INDIANOLA",IDL,   33.485722,   90.678889,56,48
2,"INVERNESS",MS77,   33.331787,   90.643148,56,48
2,"INVERNESS",MS21,   33.332065,   90.582035,56,48
2,"DERMOTT",4M5,   33.487953,   91.442611,56,49
2,"EUDORA",7AR1,   33.050067,   91.340731,56,49
2,"LAKE VILLAGE",M32,   33.346528,   91.315556,56,49
2,"GLEN ALLAN",MS75,   33.014013,   91.038994,56,49
2,"HOLLANDALE",90MS,   33.143333,       91.06,56,49
2,"CROSSETT",CRT,   33.178333,   91.880194,56,50
2,"WILMOT",05XS,     33.0785,   91.561833,56,50
2,"EL DORADO",F43,    33.19125,   92.663222,56,52
2,"EL DORADO",ELD,   33.221238,   92.811749,56,52
2,"MAGNOLIA",AGO,   33.227472,      93.217,56,53
2,"STEPHENS",4F8,   33.443194,   93.054306,56,53
2,"TEXARKANA",TXK,   33.453722,   93.991028,56,54
2,"ATLANTA",ATA,   33.102528,   94.195028,56,55
2,"LINDEN",5TX8,   33.032075,    94.37936,56,55
2,"NEW BOSTON",70XA,   33.392714,   94.441422,56,55
2,"OLD BOSTON",7TX9,   33.358732,     94.4377,56,55
2,"TEXARKANA",21TX,   33.499567,   94.094358,56,55
2,"BOGATA",6TE4,   33.440311,   94.927992,56,56
2,"BOXELDER/LYDIA",TX35,   33.456581,   94.849317,56,56
2,"DAINGERFIELD",8F5,   33.148059,   94.700149,56,56
2,"MOUNT PLEASANT",OSA,   33.096889,    94.96175,56,56
2,"PITTSBURG",XA23,   33.017778,       94.97,56,56
2,"MOUNT PLEASANT",XS70,   33.140583,   95.022581,56,57
2,"MOUNT VERNON",F53,   33.215333,   95.237222,56,57
2,"PICKTON",TS54,   33.014841,   95.434394,56,57
2,"WINNSBORO",77TE,   33.036678,   95.293183,56,57
2,"CAMPBELL",TS11,    33.10706,   95.929967,56,58
2,"COMMERCE",2F7,   33.292861,   95.896417,56,58
2,"COOPER",3TS9,   33.379276,   95.603568,56,58
2,"CUMBY",TA06,   33.161225,   95.805796,56,58
2,"LONE OAK",XA45,   33.021167,   95.930833,56,58
2,"SULPHUR SPRINGS",94TS,   33.210075,   95.532725,56,58
2,"SULPHUR SPRINGS",SLR,   33.159833,   95.621139,56,58
2,"TIRA",XA17,   33.321667,     95.5636,56,58
2,"ANNA",88XA,   33.337444,   96.480222,56,59
2,"BLUE RIDGE",99XS,   33.294014,   96.446889,56,59
2,"BLUE RIDGE",70TE,   33.321667,   96.324058,56,59
2,"CADDO MILLS",7F3,   33.036222,   96.243139,56,59
2,"FARMERSVILLE",6XS3,    33.13845,   96.385539,56,59
2,"FARMERSVILLE",8TA5,   33.163171,   96.322203,56,59
2,"FARMERSVILLE",TX6,   33.092944,   96.390028,56,59
2,"FLOYD",TA08,    33.14956,   96.273868,56,59
2,"GREENVILLE",0TX9,   33.250113,   96.116918,56,59
2,"GREENVILLE",31TS,   33.190393,   96.189143,56,59
2,"GREENVILLE",GVT,   33.067833,   96.065333,56,59
2,"GREENVILLE",77TA,   33.150833,   96.011944,56,59
2,"LEONARD",TE06,   33.379277,   96.316925,56,59
2,"LEONARD",5TX2,   33.422331,   96.216922,56,59
2,"LEONARD",6TA2,   33.372222,   96.362222,56,59
2,"MERIT",31XS,   33.183725,   96.270256,56,59
2,"NEVADA",3TE3,   33.074014,      96.432,56,59
2,"PRINCETON",34TA,   33.167061,   96.487209,56,59
2,"ROYSE CITY",TT32,   33.011917,   96.410472,56,59
2,"TOM BEAN",23TA,   33.487331,   96.455818,56,59
2,"TRENTON",52TA,   33.463998,    96.35026,56,59
2,"TRENTON",48TX,   33.451919,   96.377289,56,59
2,"VAN ALSTYNE",97XS,   33.432833,   96.479467,56,59
2,"WESTMINSTER",66XS,     33.3965,   96.488597,56,59
2,"WESTMINSTER",41TS,   33.378445,   96.448318,56,59
2,"WOLFE CITY",42TX,   33.316778,   96.066916,56,59
2,"AUBREY",XS60,   33.318421,   96.906003,56,60
2,"AUBREY",5XA9,   33.338294,   96.996544,56,60
2,"AUBREY",2TE3,   33.294167,   96.928056,56,60
2,"CELINA",T80,   33.376521,   96.728936,56,60
2,"CELINA",9S1,   33.368276,   96.754694,56,60
2,"CELINA",79TS,   33.304281,   96.747218,56,60
2,"DALLAS",F69,   33.023455,   96.836946,56,60
2,"DALLAS",46TS,   33.128173,    96.50971,56,60
2,"DALLAS",TKI,   33.177065,   96.588767,56,60
2,"FRISCO",TA77,   33.149286,   96.898892,56,60
2,"LITTLE ELM",76TX,   33.147342,    96.97584,56,60
2,"MC KINNEY",T31,    33.20845,   96.741941,56,60
2,"MC KINNEY",TS63,   33.245948,   96.564156,56,60
2,"MCKINNEY",61XA,   33.239375,   96.699708,56,60
2,"MCKINNEY",XS42,   33.266375,   96.516722,56,60
2,"PROSPER",47TA,    33.25595,    96.88528,56,60
2,"TIOGA",8XS6,   33.452222,   96.832778,56,60
2,"VAN ALSTYNE",06XA,   33.445983,   96.570797,56,60
2,"ARGYLE",TX22,   33.102196,   97.155704,56,61
2,"AUBREY",06XS,   33.324722,   97.044167,56,61
2,"BOLIVAR",TX32,   33.376389,   97.243333,56,61
2,"DECATUR",XA34,   33.241667,      97.428,56,61
2,"DECATUR",76T,   33.269167,   97.451861,56,61
2,"DECATUR",58T,   33.166028,   97.479889,56,61
2,"DECATUR",XA98,     33.3027,   97.458067,56,61
2,"DECATUR",09T,   33.281321,   97.496693,56,61
2,"DENTON",DTO,   33.201961,   97.199097,56,61
2,"DENTON",3XS0,   33.268451,   97.071121,56,61
2,"DENTON",2TS0,   33.155676,   97.138068,56,61
2,"DENTON",TE81,   33.309722,   97.092778,56,61
2,"DENTON",4TA1,   33.302894,   97.111401,56,61
2,"ERA",TE39,   33.442272,   97.272378,56,61
2,"ERA",TX94,   33.452683,   97.275579,56,61
2,"ERA",TX39,   33.477239,   97.250644,56,61
2,"FLOWER MOUND",0TX5,   33.024012,   97.119734,56,61
2,"JUSTIN",3T6,   33.133611,   97.297028,56,61
2,"JUSTIN",05TS,   33.129287,   97.358631,56,61
2,"JUSTIN",0TS1,   33.098732,   97.272517,56,61
2,"JUSTIN",3TX7,   33.140833,   97.371111,56,61
2,"JUSTIN",3TX2,   33.080678,   97.348908,56,61
2,"JUSTIN",2TX7,   33.094566,   97.396131,56,61
2,"JUSTIN",16X,   33.080611,   97.358417,56,61
2,"JUSTIN",XA0,   33.148167,   97.280028,56,61
2,"JUSTIN",7XA2,   33.148883,   97.374014,56,61
2,"JUSTIN",3TX3,   33.119565,   97.319741,56,61
2,"KRUM",4TX8,   33.248729,   97.223905,56,61
2,"KRUM",E58,   33.306456,   97.347128,56,61
2,"KRUM",2TX8,   33.308171,   97.379744,56,61
2,"KRUM",TA47,   33.301389,      97.245,56,61
2,"KRUM",XA72,   33.276944,   97.289444,56,61
2,"KRUM",85XA,    33.30955,   97.311161,56,61
2,"LAKE DALLAS",30F,   33.131389,   97.014194,56,61
2,"LEWISVILLE",5TX6,   33.016789,    97.07251,56,61
2,"LEWISVILLE",TA21,   33.018178,   97.119178,56,61
2,"MOUNTAIN SPRINGS",XA78,   33.462308,   97.070981,56,61
2,"PONDER",74T,   33.183011,   97.254612,56,61
2,"RHOME",7TS0,   33.094444,   97.427222,56,61
2,"RHOME",TA02,   33.102899,   97.464189,56,61
2,"RHOME",T76,   33.149287,   97.496135,56,61
2,"ROANOKE",52F,   33.049845,   97.232237,56,61
2,"ROSSTON",XA16,   33.494167,   97.465556,56,61
2,"SANGER",XA03,   33.427753,   97.271279,56,61
2,"SANGER",T87,   33.342222,       97.27,56,61
2,"SANGER",TS74,   33.362614,   97.294463,56,61
2,"SANGER",TX33,   33.341782,    97.30863,56,61
2,"SANGER",TE24,   33.393169,   97.205292,56,61
2,"SANGER",T58,   33.331783,   97.230294,56,61
2,"SANGER",58F,   33.366056,   97.146389,56,61
2,"SANGER",TX96,   33.399281,   97.256961,56,61
2,"SANGER",6X8,       33.34,   97.103056,56,61
2,"SHADY SHORES",5TX0,   33.173453,   97.051398,56,61
2,"SLIDELL",3TX,   33.392851,   97.353847,56,61
2,"SLIDELL",T28,   33.354494,   97.439058,56,61
2,"VALLEY VIEW",3XA1,    33.47395,   97.169267,56,61
2,"VALLEY VIEW",1XA6,   33.473728,   97.122433,56,61
2,"ALVORD",TE76,   33.368453,   97.686256,56,62
2,"BOYD",TA87,    33.10745,   97.548108,56,62
2,"BOYD",6TS2,   33.015833,      97.635,56,62
2,"BRIDGEPORT",XBP,    33.17396,   97.828427,56,62
2,"BRIDGEPORT",TX37,   33.131784,   97.768643,56,62
2,"BRIDGEPORT",3TA7,   33.143728,   97.804478,56,62
2,"CHICO",69XA,   33.349956,   97.776206,56,62
2,"CHICO",XA07,      33.275,   97.716667,56,62
2,"DECATUR",LUD,    33.25425,     97.5805,56,62
2,"DECATUR",XA99,   33.134383,    97.60705,56,62
2,"DECATUR",TX64,   33.299282,   97.527249,56,62
2,"DECATUR",5TS4,   33.144563,   97.601694,56,62
2,"PARADISE",0XA0,   33.014006,   97.708481,56,62
2,"PARADISE",4XS2,   33.170556,   97.731667,56,62
2,"SPRINGTOWN",6XS7,   33.045278,   97.674806,56,62
2,"JACKSBORO",TA59,   33.099284,   98.289493,56,63
2,"JACKSBORO",TE55,   33.421667,   98.190556,56,63
2,"JACKSBORO",21F,   33.227861,   98.146444,56,63
2,"JACKSBORO",TS02,   33.119561,   98.230602,56,63
2,"JERMYN",04XA,   33.283933,   98.402861,56,63
2,"LOVING",95TS,   33.230833,   98.489722,56,63
2,"ARCHER CITY",TX21,   33.477885,   98.547555,56,64
2,"GRAHAM",RPH,   33.110722,   98.554778,56,64
2,"GRAHAM",10TT,   33.015111,   98.626083,56,64
2,"OLNEY",ONY,   33.350889,   98.819167,56,64
2,"THROCKMORTON",72F,   33.180004,   99.149762,56,65
2,"HASKELL",15F,   33.191487,   99.717873,56,66
2,"KNOX CITY",F75,   33.438151,   99.812869,56,66
2,"KNOX CITY",TT10,   33.429028,   99.947778,56,66
2,"KNOX CITY",4TX7,   33.419539,   99.865648,56,66
2,"MUNDAY",37F,   33.468722,   99.586222,56,66
2,"ASPERMONT",6TE8,   33.168985,   100.21705,56,67
2,"ASPERMONT",T60,    33.17034,   100.19728,56,67
2,"GUTHRIE",1TX3,   33.425087,   100.54206,56,68
2,"JAYTON",22F,   33.229111,   100.56911,56,68
2,"JAYTON",TS62,   33.200094,   100.51845,56,68
2,"SPUR",TA16,   33.442864,   100.85457,56,68
2,"JUSTICEBURG",TS21,   33.084833,   101.11483,56,69
2,"POST",2TE7,   33.228167,   101.13535,56,69
2,"POST",9TX6,   33.175095,   101.02402,56,69
2,"POST",5F1,   33.203306,   101.33822,56,69
2,"POST",TS22,   33.136989,   101.46627,56,69
2,"LUBBOCK",47XS,     33.4725,   101.78528,56,70
2,"LUBBOCK",F82,   33.485642,   101.81266,56,70
2,"LUBBOCK",82TE,   33.421253,   101.93854,56,70
2,"SLATON",F49,   33.485233,   101.66168,56,70
2,"TAHOKA",2F4,      33.181,   101.81939,56,70
2,"BROWNFIELD",BFE,   33.173139,   102.19292,56,71
2,"ROPESVILLE",TS84,   33.401797,   102.31023,56,71
2,"WOLFFORTH",96TS,   33.395581,   102.00946,56,71
2,"PLAINS",F98,   33.217194,   102.83008,56,72
2,"TATUM",18T,   33.260806,   103.27849,56,73
2,"ROSWELL",NM20,   33.252048,   104.44247,56,75
2,"ROSWELL",NM87,   33.238278,   104.47056,56,75
2,"ARTESIA",01NM,   33.008611,   104.54028,56,76
2,"ROSWELL",ROW,    33.29987,    104.5294,56,76
2,"HOPE",68NM,   33.028709,   105.12692,56,77
2,"PICACHO",82NM,   33.170096,   105.13387,56,77
2,"RUIDOSO",SRR,   33.460944,   105.53014,56,78
2,"TULAROSA",NM28,   33.057028,   106.02527,56,79
2,"TRUTH OR CONSEQUENCES",TCS,   33.235361,   107.26989,56,81
2,"CHLORIDE",NM51,   33.328417,   107.66189,56,82
2,"SILVER CITY",13NM,    33.41951,   108.13949,56,83
2,"SILVER CITY",1NM0,   33.212015,    108.0256,56,83
2,"GLENWOOD",E94,    33.35284,   108.86729,56,84
2,"GLENWOOD",NM55,   33.362778,   108.86361,56,84
2,"CLIFTON",AZ66,   33.340547,   109.49447,56,85
2,"FORT THOMAS",5AZ9,   33.032778,    109.9875,56,86
2,"GLOBE",P13,   33.353139,   110.66736,56,88
2,"KEARNY",E67,   33.047194,   110.90906,56,88
2,"SUPERIOR",E81,   33.277834,   111.12707,56,89
2,"CHANDLER",CHD,   33.269111,   111.81111,56,90
2,"CHANDLER",P19,   33.298771,   111.91579,56,90
2,"MESA",FFZ,   33.460841,   111.72833,56,90
2,"PHOENIX",IWA,   33.307824,   111.65546,56,90
2,"QUEEN CREEK",5AZ3,   33.208725,   111.61724,56,90
2,"GOODYEAR",GYR,   33.423278,   112.37536,56,91
2,"LAVEEN",AZ90,   33.353379,   112.12737,56,91
2,"MARICOPA",AZ78,   33.011111,   112.28167,56,91
2,"MARICOPA",40AZ,   33.078938,   112.12903,56,91
2,"MARICOPA",AZ43,   33.054167,   112.17361,56,91
2,"MARICOPA",2AZ4,   33.053661,    112.1457,56,91
2,"MARICOPA",AZ13,   33.016992,   112.28126,56,91
2,"MOBILE",1AZ0,   33.111944,   112.26917,56,91
2,"PHOENIX",PHX,   33.434278,   112.01158,56,91
2,"BUCKEYE",BXK,   33.420417,   112.68618,56,92
2,"BUCKEYE",10AZ,   33.366708,   112.61878,56,92
2,"GILA BEND",AZ05,     33.1125,   112.66167,56,92
2,"TONOPAH",99AZ,   33.395556,   113.22306,56,93
2,"TONOPAH",56AZ,   33.481983,   113.00213,56,93
2,"PALO VERDE",CN98,   33.245556,   114.71028,56,96
2,"CALIPATRIA",CLR,   33.131333,   115.52139,56,98
2,"NORTH SHORE",63CA,   33.481139,   115.87416,56,98
2,"SALTON CITY",SAS,   33.241194,   115.95258,56,98
2,"BORREGO SPRINGS",58CL,   33.191928,    116.2801,56,99
2,"BORREGO SPRINGS",L08,   33.259028,   116.32097,56,99
2,"JULIAN",04CL,   33.081711,    116.4414,56,99
2,"OCOTILLO WELLS",L90,   33.147778,   116.13158,56,99
2,"ESCONDIDO",37CL,   33.324478,   116.99031,56,100
2,"PAUMA VALLEY",CL33,    33.31059,   116.99808,56,100
2,"RAMONA",CA76,   33.070322,   116.75197,56,100
2,"RAMONA",RNM,   33.039167,   116.91525,56,100
2,"SANTA YSABEL",0CA5,   33.143098,    116.7453,56,100
2,"SANTA YSABEL",25CA,   33.179207,   116.79252,56,100
2,"CARLSBAD",CRQ,    33.12825,   117.28008,56,101
2,"ESCONDIDO",8CL1,   33.186149,   117.00197,56,101
2,"FALLBROOK",L18,   33.354167,   117.25083,56,101
2,"OCEANSIDE",OKB,   33.217976,   117.35151,56,101
2,"OCEANSIDE",NFG,   33.301256,   117.35517,56,101
2,"VALLEY CENTER",2CA4,   33.258924,   117.09225,56,101
2,"AVALON",AVX,   33.404997,   118.41577,56,103
2,"SAN CLEMENTE ISLAND",NUC,   33.022747,   118.58849,56,104
2,"SAN NICOLAS ISLAND",NSI,   33.239782,    119.4582,56,105
2,"OAK ISLAND",SUT,   33.930806,   78.073361,57,23
2,"OCEAN ISLE BEACH",60J,   33.908506,   78.436672,57,23
2,"LORIS",SC21,   33.941838,   78.833079,57,24
2,"MYRTLE BEACH",MYR,   33.679741,   78.928321,57,24
2,"NORTH MYRTLE BEACH",CRE,    33.81175,   78.723944,57,24
2,"CONWAY",HYW,   33.828488,   79.122176,57,25
2,"ANDREWS",SC57,   33.540569,   79.534175,57,26
2,"JOHNSONVILLE",SC94,   33.889444,   79.506389,57,26
2,"KINGSTREE",CKI,   33.717222,   79.856972,57,26
2,"KINGSTREEE",34SC,   33.771833,    79.96625,57,26
2,"LAKE CITY",51J,   33.853581,   79.768119,57,26
2,"SCRANTON",SC60,   33.904051,   79.683953,57,26
2,"TURBEVILLE",SC48,   33.884327,   79.999795,57,26
2,"MANNING",SC41,   33.666111,   80.243889,57,27
2,"MANNING",SC38,     33.7075,   80.080556,57,27
2,"MANNING",MNI,   33.587101,    80.20867,57,27
2,"SUMMERTON",3SC2,   33.601944,   80.306111,57,27
2,"SUMTER",SSC,   33.972724,   80.470564,57,27
2,"SUMTER",SMS,   33.995026,   80.361329,57,27
2,"CAMERON",SC03,   33.559317,   80.648339,57,28
2,"COLUMBIA",CUB,   33.970472,    80.99525,57,28
2,"EASTOVER",MMT,    33.92077,   80.801142,57,28
2,"HOPKINS",1SC2,   33.933786,   80.796111,57,28
2,"ST MATTHEWS",SC07,   33.675375,   80.950181,57,28
2,"ST. MATTHEWS",SC90,   33.676592,   80.948147,57,28
2,"COLUMBIA",CAE,   33.938838,   81.119536,57,29
2,"GASTON",SC13,   33.840706,   81.183709,57,29
2,"GASTON",2SC8,    33.78682,   81.094817,57,29
2,"GILBERT",SC45,   33.884035,   81.381768,57,29
2,"LEXINGTON",SC99,   33.963861,   81.358292,57,29
2,"NORTH",XNO,   33.609491,   81.081177,57,29
2,"PELION",SC23,   33.764038,   81.358713,57,29
2,"PELION",6J0,   33.794639,   81.245861,57,29
2,"PERRY",SC95,   33.629316,   81.329722,57,29
2,"SUMMIT",24SC,   33.935833,   81.429722,57,29
2,"AIKEN",AIK,   33.649389,   81.685028,57,30
2,"AIKEN",92SC,    33.52135,   81.578361,57,30
2,"AIKEN",SC67,   33.537361,    81.59875,57,30
2,"AIKEN",4SC7,   33.589722,     81.5025,57,30
2,"BATESBURG",SC46,   33.850977,   81.548437,57,30
2,"GRANITEVILLE",S17,   33.645691,   81.867056,57,30
2,"SALUDA",6J4,   33.926793,   81.794628,57,30
2,"TRENTON",6J6,   33.736861,    81.81875,57,30
2,"APPLING",0GE7,   33.520278,     82.3725,57,31
2,"LINCOLNTON",3GE8,   33.843457,   82.479018,57,31
2,"MC CORMICK",S19,   33.908097,    82.26693,57,31
2,"THOMSON",HQU,   33.529722,   82.516944,57,32
2,"WASHINGTON",IIY,   33.779417,   82.815833,57,32
2,"ATHENS",AHN,   33.948639,   83.325917,57,33
2,"BOSTWICK",GE35,   33.731389,   83.469722,57,33
2,"GREENSBORO",3J7,   33.597972,    83.13825,57,33
2,"MADISON",1GE7,   33.517222,   83.439722,57,33
2,"MADISON",52A,   33.612125,   83.460444,57,33
2,"ATLANTA",CVC,   33.632247,   83.846619,57,34
2,"BOSTWICK",GA16,   33.724287,   83.566834,57,34
2,"CONYERS",36GA,   33.730109,   83.974633,57,34
2,"CONYERS",GA80,    33.78233,     83.9888,57,34
2,"COVINGTON",07GA,      33.675,   83.763056,57,34
2,"COVINGTON",9GE7,   33.531389,   83.791944,57,34
2,"COVINGTON",GA83,   33.546783,   83.805458,57,34
2,"JERSEY",0GA6,   33.733446,   83.818791,57,34
2,"LAWRENCEVILLE",LZU,   33.978076,   83.962377,57,34
2,"LOGANVILLE",6GA4,   33.797055,   83.851292,57,34
2,"MADISON",GA50,     33.5975,   83.517778,57,34
2,"MONROE",1GA9,   33.761506,   83.652671,57,34
2,"MONROE",67GA,   33.859282,   83.587667,57,34
2,"MONROE",D73,   33.782528,   83.692806,57,34
2,"MONROE",GA00,   33.825556,   83.639722,57,34
2,"NEWBORN",2GA0,   33.526785,   83.638796,57,34
2,"OXFORD",2GA1,   33.680669,   83.852682,57,34
2,"SNELLVILLE",2GA9,   33.809167,   83.999722,57,34
2,"SOCIAL CIRCLE",18GA,   33.693174,   83.657672,57,34
2,"WINDER",WDR,    33.98269,   83.667217,57,34
2,"ATLANTA",PDK,   33.876002,   84.302031,57,35
2,"ATLANTA",ATL,     33.6367,   84.427864,57,35
2,"ATLANTA",GA53,   33.815105,   84.371871,57,35
2,"LITHONIA",00GA,     33.7675,   84.068333,57,35
2,"STOCKBRIDGE",7GA7,   33.535556,   84.179056,57,35
2,"STOCKBRIDGE",3GA0,     33.5275,   84.156944,57,35
2,"ATLANTA",FTY,   33.779126,   84.521366,57,36
2,"ATLANTA",PUJ,   33.912043,   84.940619,57,36
2,"CARROLLTON",5GA9,    33.60125,   84.914861,57,36
2,"DOUGLASVILLE",4GA6,   33.662054,   84.680489,57,36
2,"DOUGLASVILLE",25GA,   33.659554,   84.662989,57,36
2,"DOUGLASVILLE",0GE0,   33.782051,   84.800771,57,36
2,"FAYETTEVILLE",GA92,   33.519444,   84.514444,57,36
2,"FAYETTEVILLE",GA95,   33.526224,    84.50215,57,36
2,"MARIETTA",MGE,   33.914442,   84.514247,57,36
2,"TYRONE",51GA,   33.508056,   84.600486,57,36
2,"VILLA RICA",3GA5,   33.637054,    84.93883,57,36
2,"VILLA RICA",20GA,   33.756556,   84.885063,57,36
2,"VILLA RICA",81GA,   33.640943,    84.90494,57,36
2,"WHITESBURG",3GA6,   33.570556,   84.898333,57,36
2,"WHITESBURG",6GA5,   33.578166,   84.906884,57,36
2,"WHITESBURG",5GA2,   33.573166,   84.909662,57,36
2,"WHITESBURG",7GA9,   33.570556,   84.897778,57,36
2,"CARROLLTON",78GA,   33.504279,   85.017164,57,37
2,"CARROLLTON",8GA8,   33.577333,   85.002998,57,37
2,"CARROLLTON",6GA8,   33.507778,   85.185556,57,37
2,"CARROLLTON",CTJ,   33.631696,   85.152264,57,37
2,"CARROLLTON",27GA,   33.658442,   85.009944,57,37
2,"TEMPLE",0GA3,   33.770106,   85.060779,57,37
2,"ANNISTON",ANB,   33.588167,   85.858111,57,38
2,"JACKSONVILLE",3AL5,   33.835306,   85.763917,57,38
2,"ASHVILLE",AL60,    33.83871,   86.211365,57,39
2,"GADSDEN",GAD,   33.972649,   86.089083,57,39
2,"MOODY",1AL8,   33.611111,   86.474444,57,39
2,"ODENVILLE",3AL6,   33.656778,   86.412472,57,39
2,"ONEONTA",20A,   33.971278,   86.380389,57,39
2,"PELL CITY",PLR,   33.558833,   86.249056,57,39
2,"STEELE",7AL2,   33.864821,   86.310836,57,39
2,"TALLADEGA",ASN,   33.569504,   86.051201,57,39
2,"BIRMINGHAM",BHM,   33.563889,   86.752306,57,40
2,"BIRMINGHAM",AL40,   33.543162,   86.985828,57,40
2,"GARDENDALE",AL18,   33.676215,   86.867494,57,40
2,"PINSON",AL16,   33.726768,   86.723602,57,40
2,"BREMEN",AL30,   33.990833,   87.077778,57,41
2,"JASPER",JFX,      33.902,   87.313833,57,41
2,"FAYETTE",M95,   33.709106,   87.815209,57,42
2,"WINFIELD",AL54,   33.863333,   87.845278,57,42
2,"VERNON",M55,   33.846719,   88.115476,57,43
2,"ABERDEEN/AMORY",M40,    33.87375,   88.489667,57,43
2,"CALEDONIA",2MS3,   33.612917,   88.368611,57,43
2,"COLUMBUS",CBM,   33.645175,   88.445919,57,43
2,"HOUSTON",2MS9,   33.832936,   88.922679,57,44
2,"OKOLONA",5MS8,   33.873056,   88.723889,57,44
2,"WEST POINT",M83,   33.584028,   88.666694,57,44
2,"CALHOUN CITY",MS76,   33.774869,   89.244775,57,45
2,"EUPORA",06M,   33.534833,   89.313111,57,45
2,"HOUSTON",M44,   33.886493,   89.022981,57,45
2,"HOUSTON",0MS9,   33.800671,   89.027283,57,45
2,"PITTSBORO",04M,   33.930083,   89.343278,57,45
2,"GRENADA",GNF,   33.832444,   89.798167,57,46
2,"GRENADA",2MS8,   33.789562,   89.874194,57,46
2,"CHARLESTON",MS33,   33.980631,   90.166908,57,47
2,"CHARLESTON",09M,   33.991361,   90.078556,57,47
2,"GREENWOOD",8MS1,   33.585044,   90.097736,57,47
2,"BENOIT",MS37,   33.653446,   90.988994,57,48
2,"CLEVELAND",RNV,   33.762528,   90.757944,57,48
2,"DREW",M37,   33.776392,   90.525008,57,48
2,"MERIGOLD",MS95,   33.847334,   90.725098,57,48
2,"SHAW",1MS0,   33.599837,   90.781207,57,48
2,"SHELBY",MS03,   33.924277,   90.787045,57,48
2,"SHELBY",93MS,   33.971611,   90.767972,57,48
2,"MC GEHEE",7M1,   33.620221,   91.364841,57,49
2,"TILLAR",AR79,   33.693164,   91.379564,57,49
2,"TILLAR",5AR1,   33.712607,   91.461233,57,49
2,"BENOIT",0MS8,   33.699276,   91.165112,57,49
2,"DUMAS",0M0,   33.884528,   91.534278,57,50
2,"MONTICELLO",LLQ,   33.638556,      91.751,57,50
2,"STAR CITY",55M,   33.926417,   91.861111,57,50
2,"FORDYCE",5M4,   33.845792,   92.365529,57,51
2,"HAMPTON",0R6,   33.522611,   92.460278,57,51
2,"WARREN",3M9,   33.560443,   92.085389,57,51
2,"CAMDEN",CDH,   33.622806,   92.763389,57,52
2,"GURDON",5M8,   33.923778,   93.168139,57,53
2,"PRESCOTT",2AR7,   33.849111,   93.479139,57,53
2,"PRESCOTT",4F7,   33.803889,   93.362167,57,53
2,"HOPE",M18,   33.719981,   93.658904,57,54
2,"MINERAL SPRINGS",2AR6,   33.881755,   93.928465,57,54
2,"NASHVILLE",M77,   33.997194,   93.838083,57,54
2,"ASHDOWN",08AR,   33.723611,   94.145278,57,55
2,"ASHDOWN",57AR,   33.660556,   94.241667,57,55
2,"TEXARKANA",AR44,   33.512624,   94.013522,57,55
2,"IDABEL",4O4,   33.909361,   94.859361,57,56
2,"ANNONA",TX19,   33.536222,   94.907161,57,56
2,"CLARKSVILLE",LBR,    33.59264,   95.064147,57,57
2,"PARIS",XS30,   33.605107,   95.481899,57,57
2,"PARIS",PRX,   33.636611,    95.45075,57,57
2,"BOSWELL",OL26,   33.905556,   95.836111,57,58
2,"HONEY GROVE",02XA,   33.591319,   95.882864,57,58
2,"PARIS",39TA,   33.652604,   95.655794,57,58
2,"PARIS",XS88,   33.857383,   95.704794,57,58
2,"PETTY",4TX3,   33.661214,   95.833578,57,58
2,"BOKCHITO",OK68,   33.878781,   96.082528,57,59
2,"CALERA",OK90,   33.902044,   96.472214,57,59
2,"DURANT",DUA,   33.939698,   96.395059,57,59
2,"BELLS",20TA,   33.559167,   96.409444,57,59
2,"BELLS",99TE,   33.605833,   96.415556,57,59
2,"BELLS",2XS4,   33.661389,   96.406389,57,59
2,"BELLS",65TE,   33.568167,   96.397167,57,59
2,"BONHAM",F00,   33.613092,   96.179325,57,59
2,"ECTOR",TX68,   33.591772,   96.276648,57,59
2,"RAVENNA",09TA,   33.724417,   96.298306,57,59
2,"REVENNA",TX47,   33.707683,    96.22385,57,59
2,"KINGSTON",F31,   33.991056,   96.642722,57,60
2,"COLLINSVILLE",2XA4,   33.580833,   96.800278,57,60
2,"COLLINSVILLE",T32,   33.571498,   96.907225,57,60
2,"DENISON",9XS4,   33.734271,   96.626661,57,60
2,"DORCHESTER",6TS3,    33.53629,   96.680417,57,60
2,"GORDONVILLE",3T0,   33.839346,   96.810069,57,60
2,"HOWE",1TE8,   33.548994,   96.558319,57,60
2,"POTTSBORO",TS85,   33.810556,   96.703889,57,60
2,"POTTSBORO",9TX7,   33.841769,   96.669719,57,60
2,"POTTSBORO",TE68,   33.744117,   96.659883,57,60
2,"SADLER",15TX,   33.754547,   96.843558,57,60
2,"SADLER",XS31,   33.701772,   96.831945,57,60
2,"SHERMAN",9XS2,   33.653819,   96.776892,57,60
2,"SHERMAN",11TX,   33.666773,    96.69055,57,60
2,"SHERMAN",14XA,   33.658019,   96.788158,57,60
2,"SHERMAN",TA93,   33.633306,   96.733567,57,60
2,"SHERMAN",SWI,   33.624139,   96.586139,57,60
2,"SHERMAN/DENISON",GYI,   33.714191,    96.67436,57,60
2,"WHITESBORO",36TX,   33.720939,   96.861391,57,60
2,"WHITESBORO",69XS,   33.753403,   96.830247,57,60
2,"WHITESBORO",T29,   33.630426,   96.940971,57,60
2,"WHITESBORO",68XS,   33.721303,   96.869817,57,60
2,"WHITESBORO",TA80,   33.893157,   96.928062,57,60
2,"BURNEYVILLE",37K,   33.925972,   97.296361,57,61
2,"MARIETTA",1OK9,   33.975099,   97.089178,57,61
2,"MARIETTA",OK29,   33.935934,   97.054455,57,61
2,"THACKERVILLE",OK31,   33.778542,   97.131458,57,61
2,"GAINESVILLE",GLE,   33.652194,   97.197278,57,61
2,"GAINESVILLE",TX81,       33.55,   97.038056,57,61
2,"GAINESVILLE",XS62,   33.568942,   97.190578,57,61
2,"LINDSAY",7T0,   33.593611,   97.218889,57,61
2,"MUENSTER",XA48,   33.641511,    97.31565,57,61
2,"WOODBINE",80XS,   33.643333,   97.002222,57,61
2,"BOWIE",0F2,   33.601667,   97.775556,57,62
2,"BOWIE",1XA1,   33.647667,      97.829,57,62
2,"FORESTBURG",64XA,   33.581981,   97.549744,57,62
2,"BELLEVUE",8XS2,   33.570167,   98.114467,57,63
2,"BELLEVUE",XA09,   33.581944,   98.061111,57,63
2,"HENRIETTA",8TS2,   33.783434,   98.216989,57,63
2,"HENRIETTA",TE10,   33.815378,   98.228101,57,63
2,"WICHITA FALLS",CWC,   33.860617,   98.490399,57,63
2,"WICHITA FALLS",SPS,   33.988803,   98.491903,57,63
2,"ARCHER CITY",T39,   33.582326,   98.618668,57,64
2,"HOLLIDAY",4TA5,   33.852598,   98.646169,57,64
2,"WICHITA FALLS",29TA,   33.873053,   98.645906,57,64
2,"WICHITA FALLS",7TX0,   33.828602,   98.572753,57,64
2,"WICHITA FALLS",F14,    33.94761,   98.616148,57,64
2,"SEYMOUR",60F,   33.648517,   99.261306,57,65
2,"CROWELL",2XA0,   33.979251,   99.712871,57,66
2,"GUTHRIE",6TE6,   33.642783,    100.3472,57,67
2,"GUTHRIE",1TX2,   33.716752,   100.15038,57,67
2,"TRUSCOTT",26TX,   33.764807,   100.01788,57,67
2,"MATADOR",8TE0,   33.964722,   100.78868,57,68
2,"CROSBYTON",8F3,   33.623833,   101.24086,57,69
2,"MC ADOO",18XS,   33.800082,   101.03375,57,69
2,"RALLS",30TE,   33.811193,   101.39627,57,69
2,"ABERNATHY",F83,   33.845914,   101.76295,57,70
2,"IDALOU",2TX6,   33.681751,    101.6685,57,70
2,"LUBBOCK",LBB,   33.663667,   101.82056,57,70
2,"LEVELLAND",LLN,   33.552528,   102.37253,57,71
2,"LITTLEFIELD",LIU,   33.923944,   102.38667,57,71
2,"LUBBOCK",8XS8,   33.590278,   102.03667,57,71
2,"SHALLOWATER",TA67,   33.748119,   102.06593,57,71
2,"MORTON",F85,   33.729264,   102.73382,57,72
2,"CAPITAN",4AZ2,   33.702026,   105.38387,57,77
2,"CAPITAN",NM84,   33.544527,   105.37554,57,77
2,"CARRIZOZO",F37,   33.648903,   105.89622,57,78
2,"SOCORRO",95E,   33.818956,   106.64501,57,80
2,"TRUTH OR CONSEQUENCES",NM37,   33.576453,   107.90005,57,82
2,"RESERVE",0NM7,   33.520894,   108.54284,57,84
2,"RESERVE",T16,   33.694339,   108.84998,57,84
2,"WHITERIVER",E24,   33.810608,   109.98574,57,86
2,"ROOSEVELT",88AZ,   33.640908,   111.05692,57,89
2,"CAREFREE",18AZ,   33.818095,   111.89792,57,90
2,"SCOTTSDALE",SDL,   33.622889,   111.91053,57,90
2,"GLENDALE",GEU,   33.526917,   112.29514,57,91
2,"GLENDALE",LUF,   33.534967,    112.3832,57,91
2,"PEORIA",P48,   33.800591,   112.25072,57,91
2,"PHOENIX",DVT,   33.688306,   112.08256,57,91
2,"MORRISTOWN",0AZ5,   33.865866,   112.60337,57,92
2,"MORRISTOWN",12AZ,   33.853921,   112.65323,57,92
2,"MORRISTOWN",AZ32,   33.847533,   112.58795,57,92
2,"MORRISTOWN",AZ28,   33.821503,   112.57312,57,92
2,"TONOPAH",AZ85,   33.533927,   112.96018,57,92
2,"WICKENBURG",AZ64,   33.952253,   112.68657,57,92
2,"WICKENBURG",E25,   33.970629,   112.79509,57,92
2,"AGUILA",27AZ,    33.91935,   113.16782,57,93
2,"AGUILA",28AZ,   33.922807,    113.1813,57,93
2,"BOUSE",62AZ,   33.860058,   113.92981,57,94
2,"SALOME",2AZ1,   33.759197,   113.61548,57,94
2,"SALOME",AZ40,   33.787417,   113.64242,57,94
2,"SALOME",0AZ2,   33.778056,   113.64167,57,94
2,"WENDEN",AZ01,   33.847778,   113.57028,57,94
2,"QUARTZSITE",15AZ,   33.761389,   114.45944,57,95
2,"BLYTHE",BLH,   33.619167,   114.71689,57,96
2,"BLYTHE",56CL,   33.591969,   114.60551,57,96
2,"DESERT CENTER",CN64,   33.747722,   115.32525,57,97
2,"CHIRIACO SUMMIT",L77,   33.664811,   115.71041,57,98
2,"DESERT CENTER",73CL,   33.698907,   115.63693,57,98
2,"PALM SPRINGS",UDD,   33.748438,   116.27481,57,99
2,"PALM SPRINGS",TRM,   33.626671,   116.15965,57,99
2,"ANZA",54CL,   33.520862,   116.79669,57,100
2,"BANNING",BNG,   33.922556,   116.85097,57,100
2,"HEMET",86CL,   33.597406,   116.88349,57,100
2,"PALM SPRINGS",PSP,   33.829667,   116.50669,57,100
2,"HEMET",HMT,   33.734028,   117.02231,57,101
2,"LAKE ELSINORE",CA42,   33.643611,   117.42917,57,101
2,"LAKE ELSINORE",CA89,   33.632978,   117.30157,57,101
2,"MURRIETA",2CN3,   33.511111,   117.32861,57,101
2,"MURRIETA/TEMECULA",F70,   33.574179,   117.12847,57,101
2,"PERRIS",L65,   33.764639,     117.219,57,101
2,"RIVERSIDE",RIV,   33.881943,   117.25902,57,101
2,"RIVERSIDE",RAL,   33.951889,   117.44511,57,101
2,"RIVERSIDE/RUBIDOUX/",RIR,   33.988788,   117.40991,57,101
2,"TEMECULA",37CA,   33.506973,   117.07142,57,101
2,"CHINO",CNO,   33.974779,   117.63648,57,102
2,"CORONA",AJO,   33.897654,   117.60244,57,102
2,"FULLERTON",FUL,   33.872014,   117.97978,57,102
2,"SANTA ANA",SNA,   33.675667,   117.86822,57,102
2,"CARSON",64CL,      33.855,   118.27617,57,103
2,"COMPTON",CPM,   33.889917,   118.24381,57,103
2,"HAWTHORNE",HHR,   33.922861,   118.33508,57,103
2,"LONG BEACH",LGB,    33.81793,   118.15189,57,103
2,"LOS ALAMITOS",SLI,    33.79003,   118.05142,57,103
2,"LOS ANGELES",LAX,   33.942496,   118.40805,57,103
2,"TORRANCE",TOA,   33.803383,   118.33961,57,103
2,"SANTA BARBARA",44CA,   33.989801,   119.67969,57,106
2,"CAROLINA BEACH",03NC,   34.104338,   77.904167,58,22
2,"HOLLY RIDGE",N21,   34.490492,   77.532125,58,22
2,"HOLLY RIDGE",01NC,   34.475278,   77.581389,58,22
2,"WILMINGTON",ILM,   34.271139,   77.902889,58,22
2,"ELIZABETHTOWN",17NC,    34.46628,   78.328613,58,23
2,"SUPPLY",NC43,    34.12517,   78.338058,58,23
2,"WILMINGTON",33NC,   34.426944,   78.089444,58,23
2,"WINNABOW",77NC,   34.152115,   78.105549,58,23
2,"CLARKTON",2NR2,   34.457778,   78.618333,58,24
2,"TABOR CITY",81NC,   34.040833,       78.74,58,24
2,"WHITEVILLE",NR82,   34.097222,   78.719722,58,24
2,"WHITEVILLE",CPC,   34.272861,      78.715,58,24
2,"LORIS",5J9,   34.088417,   78.864917,58,24
2,"FAIR BLUFF",89NC,   34.266389,   79.023611,58,25
2,"LUMBERTON",53NC,   34.378756,   79.079286,58,25
2,"DILLON",DLC,   34.449056,   79.368583,58,25
2,"DILLON",SC89,      34.475,   79.393611,58,25
2,"GREEN SEA",S79,   34.185556,   79.020588,58,25
2,"MARION",MAO,   34.181167,   79.334722,58,25
2,"DARLINGTON",6J7,   34.281528,   79.927611,58,26
2,"DARLINGTON",UDG,   34.449384,   79.890061,58,26
2,"DARLINGTON",21SC,   34.347883,       79.88,58,26
2,"FLORENCE",42SC,   34.162361,   79.666167,58,26
2,"FLORENCE",FLO,   34.185361,   79.723889,58,26
2,"TIMMONSVILLE",58J,   34.135575,   79.921411,58,26
2,"TIMMONSVILLE",SC29,   34.110712,   79.901455,58,26
2,"BISHOPVILLE",52J,   34.244485,   80.236034,58,27
2,"HARTSVILLE",SC16,   34.377932,   80.005344,58,27
2,"HARTSVILLE",HVS,   34.403083,   80.119222,58,27
2,"LAMAR",SC19,   34.167655,   80.077568,58,27
2,"SUMTER",00SC,   34.009444,   80.267222,58,27
2,"BOYKIN",SC44,   34.128764,   80.547303,58,28
2,"CAMDEN",CDN,   34.283583,   80.564861,58,28
2,"ELGIN",12SC,   34.141389,   80.746667,58,28
2,"GILBERT",SC14,   34.062644,   81.409824,58,29
2,"WINNSBORO",FDW,   34.315722,   81.108556,58,29
2,"MOUNTVILLE",SC56,   34.363459,   81.993161,58,30
2,"NEWBERRY",EOE,   34.309333,   81.640667,58,30
2,"NEWBERRY",19SC,   34.353833,   81.802358,58,30
2,"ABBEVILLE",SC81,   34.151506,   82.353737,58,31
2,"ABBEVILLE",SC92,   34.103176,   82.281792,58,31
2,"GREENWOOD",GRD,   34.250394,   82.157809,58,31
2,"HONEA PATH",SC01,   34.446389,   82.364444,58,31
2,"WATERLOO",2SC5,   34.291667,   82.053889,58,31
2,"ELBERTON",EBA,   34.095389,   82.817472,58,32
2,"HARTWELL",0GA2,   34.377882,   82.945699,58,32
2,"HARTWELL",0GA1,   34.477881,   82.897087,58,32
2,"ANDERSON",AND,   34.494583,   82.709389,58,32
2,"IVA",SC34,   34.297052,   82.683743,58,32
2,"CANON",18A,   34.340361,   83.130806,58,33
2,"CARNESVILLE",3GE3,   34.411944,   83.184167,58,33
2,"CARNESVILLE",33GA,       34.26,   83.286667,58,33
2,"COMMERCE",02GA,   34.202608,   83.429049,58,33
2,"CLERMONT",GA09,   34.451667,   83.788611,58,34
2,"CORNELIA",AJR,   34.499852,   83.556665,58,34
2,"FLOWERY BRANCH",GA01,   34.176944,   83.935833,58,34
2,"GAINESVILLE",GVL,   34.272626,   83.830226,58,34
2,"GILLSVILLE",97GA,    34.26816,   83.672114,58,34
2,"JEFFERSON",JCA,   34.176139,   83.561694,58,34
2,"TALMO",85GA,   34.172328,   83.731005,58,34
2,"CANTON",CNI,   34.312219,   84.422153,58,35
2,"CUMMING",4GA9,    34.24232,   84.057132,58,35
2,"CUMMING",6GA0,   34.132598,   84.199363,58,35
2,"DAWSONVILLE",09GE,   34.458418,   84.180371,58,35
2,"JASPER",JZP,   34.453472,   84.457222,58,35
2,"WOODSTOCK",5GA4,   34.105931,    84.44854,58,35
2,"ATLANTA",RYY,   34.013167,   84.597028,58,36
2,"CALHOUN",CZL,   34.455389,   84.939167,58,36
2,"CARTERSVILLE",VPC,   34.123148,   84.848707,58,36
2,"EUHARLEE",02GE,   34.175278,   84.924444,58,36
2,"CAVE SPRING",53GA,   34.167778,   85.258611,58,37
2,"CEDARTOWN",4A4,   34.018694,   85.146472,58,37
2,"PLAINVILLE",22GA,   34.429255,   85.054391,58,37
2,"ROME",RMG,   34.350778,   85.158667,58,37
2,"SHANNON",2GA8,   34.349813,   85.076892,58,37
2,"CEDAR BLUFF",AL32,   34.322589,   85.643714,58,38
2,"CENTRE",PYP,   34.089917,   85.610083,58,38
2,"CENTRE",AL27,   34.105653,   85.565794,58,38
2,"FORT PAYNE",2AL5,   34.392778,      85.665,58,38
2,"FORT PAYNE",4A9,   34.473694,   85.721389,58,38
2,"ALBERTVILLE",8A0,   34.229111,    86.25575,58,39
2,"BOAZ",8AL3,   34.141767,   86.088567,58,39
2,"GUNTERSVILLE",8A1,   34.406189,    86.26087,58,39
2,"BLOUNTSVILLE",AL29,   34.129264,   86.633327,58,40
2,"CULLMAN",CMD,   34.268694,   86.858028,58,40
2,"HANCEVILLE",2AL7,   34.062778,   86.723056,58,40
2,"HARTSELLE",5M0,   34.408222,   86.932944,58,40
2,"HUNTSVILLE",4AL8,   34.490542,   86.673433,58,40
2,"ADDISON",2A8,   34.217142,   87.158158,58,41
2,"DOUBLE SPRINGS",3M2,   34.144221,   87.327814,58,41
2,"MOULTON",AL34,    34.44704,   87.386133,58,41
2,"HALEYVILLE",1M4,   34.280333,   87.600417,58,42
2,"HAMILTON",HAB,   34.116944,   87.998222,58,42
2,"RUSSELLVILLE",M22,   34.445083,   87.711639,58,42
2,"BELMONT",01M,   34.491818,    88.20121,58,43
2,"SMITHVILLE",MS63,   34.054274,   88.371153,58,43
2,"FULTON",8MS2,   34.233889,   88.507222,58,44
2,"OKOLONA",5A4,   34.015806,   88.726194,58,44
2,"SHANNON",4MS4,   34.157694,   88.760222,58,44
2,"TUPELO",TUP,      34.269,   88.769889,58,44
2,"BRUCE",MS80,   34.001906,   89.315094,58,45
2,"PONTOTOC",22M,   34.275556,   89.038028,58,45
2,"BATESVILLE",PMU,     34.3635,   89.892889,58,46
2,"OXFORD",UOX,   34.384333,   89.536806,58,46
2,"WATER VALLEY",33M,   34.167861,   89.684889,58,46
2,"MARKS",MMS,   34.231444,   90.289556,58,47
2,"TUTWILER",MS41,   34.003025,   90.425881,58,47
2,"ELAINE",7AR7,   34.321197,   90.857669,58,48
2,"LUNDELL",24AR,   34.198056,   90.952778,58,48
2,"ALLIGATOR",MS09,   34.101776,   90.701212,58,48
2,"CLARKSDALE",CKM,   34.299722,   90.512306,58,48
2,"CLARKSDALE",02CD,   34.129606,   90.524025,58,48
2,"ROCHDALE",02MS,   34.100107,   90.846771,58,48
2,"ALMYRA",M73,   34.412479,   91.465306,58,49
2,"DE WITT",5M1,   34.262278,     91.3075,58,49
2,"DE WITT",49AR,   34.214444,   91.457778,58,49
2,"PINE BLUFF",PBF,   34.174513,   91.935604,58,50
2,"SHERRILL",99A,   34.406222,    91.95875,58,50
2,"SHERRILL",AR22,   34.381485,   91.958472,58,50
2,"SHERIDAN",9M8,   34.327528,   92.351333,58,51
2,"WHITE HALL",10AR,   34.262861,   92.121611,58,51
2,"MALVERN",M78,   34.333316,   92.761499,58,52
2,"ARKADELPHIA",41AR,   34.123333,   93.349722,58,53
2,"ARKADELPHIA",ADF,   34.099806,   93.066083,58,53
2,"HOT SPRINGS",HOT,   34.478028,   93.096222,58,53
2,"POINT CEDAR",0AR3,   34.328029,   93.259289,58,53
2,"MURFREESBORO",02AR,   34.116944,     93.6965,58,54
2,"DE QUEEN",DEQ,      34.047,   94.399361,58,55
2,"BROKEN BOW",90F,   34.013167,   94.758333,58,56
2,"ANTLERS",80F,   34.193568,   95.649864,58,58
2,"HUGO",HHW,   34.033639,   95.542056,58,58
2,"ATOKA",AQR,   34.398339,    96.14806,58,59
2,"CADDO",9OK4,   34.115975,   96.311025,58,59
2,"DURANT",66OK,   34.088984,    96.42166,58,59
2,"ARDMORE",OK85,   34.300093,   96.916955,58,60
2,"KINGSTON",12OK,   34.002175,   96.770147,58,60
2,"MADILL",1F4,   34.140402,   96.812032,58,60
2,"MILBURN",2OK1,   34.192302,   96.518658,58,60
2,"RAVIA",OK28,   34.229167,   96.749167,58,60
2,"TISHOMINGO",73OK,   34.357028,   96.734861,58,60
2,"TISHOMINGO",01OL,    34.37257,   96.716037,58,60
2,"TISHOMINGO",0F9,     34.1985,     96.6745,58,60
2,"ARDMORE",1F0,   34.146972,   97.122667,58,61
2,"ARDMORE",ADM,   34.303873,   97.020597,58,61
2,"ARDMORE",OK17,    34.21825,   97.052567,58,61
2,"ARDMORE",OK62,   34.248703,   97.209181,58,61
2,"ARDMORE",OK23,     34.1983,   97.231167,58,61
2,"HEALDTON",F32,   34.254894,   97.472928,58,61
2,"LONE GROVE",OK24,   34.206217,   97.231117,58,61
2,"MARIETTA",OL27,   34.031389,   97.009306,58,61
2,"SPRINGER",22OK,   34.315278,   97.175833,58,61
2,"COMANCHE",25OK,   34.314444,   97.995556,58,62
2,"DUNCAN",DUC,   34.471306,   97.959861,58,62
2,"COMANCHE",OK11,   34.314136,   98.010522,58,63
2,"RANDLETT",15OK,   34.176389,   98.309722,58,63
2,"TEMPLE",OK79,   34.256757,   98.241156,58,63
2,"WALTERS",OK12,   34.399167,   98.266389,58,63
2,"WALTERS",3O5,   34.372584,   98.405886,58,63
2,"BURKBURNETT",4XA5,    34.03775,      98.496,58,63
2,"WICHITA FALLS",52XA,   34.048544,   98.426994,58,63
2,"CHATTANOOGA",92F,   34.368861,   98.682139,58,64
2,"FREDERICK",FDR,   34.352096,   98.983909,58,64
2,"GRANDFIELD",1O1,   34.237589,   98.742009,58,64
2,"TIPTON",1O8,   34.458625,   99.171333,58,65
2,"VERNON",28TX,   34.085919,   99.455086,58,65
2,"VERNON",29TX,   34.094531,   99.365638,58,65
2,"VERNON",53TA,   34.154253,   99.264247,58,65
2,"VERNON",F05,   34.225667,    99.28375,58,65
2,"QUANAH",F01,   34.277111,   99.759682,58,66
2,"CHILDRESS",CDS,   34.433778,     100.288,58,67
2,"PADUCAH",TX12,   34.278939,   100.09285,58,67
2,"PADUCAH",3F6,   34.027633,     100.282,58,67
2,"PADUCAH",2TS5,   34.023333,   100.34361,58,67
2,"FLOYDADA",41F,   34.001528,   101.33025,58,69
2,"LOCKNEY",TE70,   34.131525,   101.42285,58,69
2,"LOCKNEY",5XS7,   34.229736,   101.46374,58,69
2,"QUITAGUE",3TS5,   34.361669,   101.08334,58,69
2,"SILVERTON",79XS,   34.466731,   101.30044,58,69
2,"HALE CENTER",1TX5,   34.129242,   101.90879,58,70
2,"HALFWAY",0TA2,   34.216739,   101.92546,58,70
2,"KRESS",29F,   34.392833,   101.75992,58,70
2,"KRESS",6TX4,     34.3434,   101.54434,58,70
2,"PLAINVIEW",PVW,   34.168147,   101.71734,58,70
2,"PLAINVIEW",9TX3,   34.168961,   101.63517,58,70
2,"PLAINVIEW",7TA3,   34.180906,    101.8374,58,70
2,"PLAINVIEW",6TS0,    34.08922,   101.74046,58,70
2,"DIMMITT",7TS8,    34.40375,   102.45417,58,71
2,"HART",1TX8,   34.369516,    102.0838,58,71
2,"OLTON",XS06,   34.122906,   102.17129,58,71
2,"GOODLAND",TX99,   34.006752,   102.98661,58,72
2,"MULESHOE",1TE0,   34.269522,   102.71716,58,72
2,"MULESHOE",2T1,   34.185136,    102.6411,58,72
2,"SUDAN",XA05,    34.10105,   102.62423,58,72
2,"SUDAN",9XS6,   34.053143,   102.52214,58,72
2,"CLOVIS",NM42,   34.415833,   103.14778,58,73
2,"CLOVIS",CVS,   34.382775,   103.32215,58,73
2,"CLOVIS",CVN,    34.42659,   103.07758,58,73
2,"PORTALES",PRZ,   34.145472,   103.41033,58,73
2,"FORT SUMNER",NM38,   34.117301,    104.4272,58,75
2,"FORT SUMNER",FSU,   34.487771,   104.21695,58,75
2,"CORONA",2NM9,   34.199167,   105.16417,58,77
2,"CORONA",NM25,   34.124239,   105.67138,58,78
2,"CLAUNCH",57NM,   34.088679,   106.11917,58,79
2,"BELEN",55NM,   34.483397,   106.61308,58,80
2,"SOCORRO",ONM,   34.022472,   106.90314,58,80
2,"MAGDALENA",N29,   34.094151,   107.29717,58,81
2,"MAGDALENA",NM01,     34.0975,    107.2975,58,81
2,"PIE TOWN",25NM,   34.476944,   108.03111,58,83
2,"PIE TOWN",NM41,   34.061167,   108.09645,58,83
2,"PIE TOWN",NM66,   34.415183,     108.077,58,83
2,"APACHE CREEK",13Q,   34.004306,   108.67978,58,84
2,"QUEMADO",NM80,   34.340327,   108.51451,58,84
2,"SPRINGERVILLE",JTC,   34.129417,   109.31086,58,85
2,"SHOW LOW",21AZ,   34.352262,   109.97011,58,86
2,"CIBECUE",Z95,   34.003333,   110.44417,58,87
2,"SHOW LOW",SOW,   34.265472,   110.00567,58,87
2,"TAYLOR",TYL,   34.452722,   110.11503,58,87
2,"OVERGAARD",AZ82,    34.39726,   110.52985,58,88
2,"YOUNG",58AZ,   34.093611,   110.93278,58,88
2,"YOUNG",24AZ,   34.158097,    110.9354,58,88
2,"PAYSON",PAN,   34.256836,   111.33926,58,89
2,"CROWN KING",AZ72,   34.241056,   112.36278,58,91
2,"WICKENBURG",23AZ,   34.019473,   112.82574,58,92
2,"AGUILA",26AZ,   34.011972,   113.20297,58,93
2,"PARKER",P20,   34.149833,   114.26783,58,95
2,"PARKER DAM",5CL7,   34.308731,   114.18889,58,95
2,"DESERT CENTER",72CL,   34.134178,   115.11914,58,97
2,"TWENTYNINE PALMS",2CA3,   34.160001,    115.9975,58,98
2,"TWENTYNINE PALMS",43CL,   34.206111,   115.99778,58,98
2,"TWENTYNINE PALMS",TNP,   34.131583,   115.94581,58,98
2,"TWENTYNINE PALMS",2CA2,   34.162779,   116.04806,58,99
2,"TWENTYNINE PALMS",NXP,    34.29611,    116.1621,58,99
2,"YUCCA VALLEY",L22,   34.129833,   116.40689,58,99
2,"BIG BEAR CITY",L35,   34.263778,   116.85603,58,100
2,"LUCERNE VALLEY",7CA1,   34.414722,   116.62252,58,100
2,"LUCERNE VALLEY",51CA,   34.423611,   116.61697,58,100
2,"YUCCA VALLEY",2CA8,   34.420555,   116.61058,58,100
2,"YUCCA VALLEY",6CA5,   34.337224,   116.57974,58,100
2,"HESPERIA",L26,   34.376944,   117.31606,58,101
2,"LAKE ARROWHEAD",2CN8,   34.304167,   117.15139,58,101
2,"REDLANDS",REI,    34.08525,   117.14639,58,101
2,"SAN BERNARDINO",SBD,   34.095361,   117.23489,58,101
2,"LA VERNE",POC,   34.091667,   117.78178,58,102
2,"LLANO",46CN,   34.484717,   117.82645,58,102
2,"ONTARIO",ONT,   34.056014,   117.60119,58,102
2,"UPLAND",CCB,   34.111611,   117.68739,58,102
2,"BURBANK",BUR,   34.200694,   118.35867,58,103
2,"EL MONTE",EMT,   34.086009,   118.03485,58,103
2,"LOS ANGELES",WHP,   34.259325,   118.41343,58,103
2,"SANTA MONICA",SMO,   34.015822,   118.45131,58,103
2,"VAN NUYS",VNY,   34.209806,   118.48997,58,103
2,"CAMARILLO",CMA,    34.21375,   119.09436,58,105
2,"OXNARD",OXR,   34.200807,   119.20723,58,105
2,"OXNARD",NTD,   34.119274,   119.11959,58,105
2,"SANTA PAULA",SZP,   34.347018,   119.06162,58,105
2,"SANTA BARBARA",CA97,   34.019726,   119.85291,58,106
2,"SANTA BARBARA",SBA,   34.426191,   119.84149,58,106
2,"ATLANTIC",12NC,   34.883333,       76.35,59,19
2,"ATLANTIC",NC54,   34.877664,   76.356583,59,19
2,"CEDAR ISLAND",NC17,   34.980165,   76.307969,59,19
2,"BEAUFORT",05NC,   34.759444,   76.644722,59,20
2,"BEAUFORT",MRH,   34.733759,   76.660355,59,20
2,"CHERRY POINT",NKT,   34.903169,   76.880773,59,20
2,"HAVELOCK",NC87,   34.881827,   76.942721,59,20
2,"HAVELOCK",62NC,   34.936826,   76.944666,59,20
2,"NEWPORT",6NC7,   34.751389,   76.906111,59,20
2,"CAPE CARTERET",60NC,   34.705162,   77.051058,59,21
2,"CAPE CARTERET",4NC5,   34.730439,   77.050503,59,21
2,"JACKSONVILLE",52NC,   34.844564,     77.2662,59,21
2,"JACKSONVILLE",NCA,   34.708433,   77.439661,59,21
2,"MAYSVILLE",8NC7,   34.935431,   77.273422,59,21
2,"POLLOCKSVILLE",1NC4,   34.995436,   77.257733,59,21
2,"SWANSBORO",NJM,   34.690133,   77.029031,59,21
2,"BURGAW",7NC1,   34.527945,   77.850261,59,22
2,"HOLLY RIDGE",14NC,   34.516667,       77.55,59,22
2,"JACKSONVILLE",OAJ,   34.829167,   77.612139,59,22
2,"JACKSONVILLE",N22,   34.710853,   77.584986,59,22
2,"ATKINSON",NC65,   34.559613,   78.268054,59,23
2,"CLINTON",CTZ,   34.974939,   78.365629,59,23
2,"CLINTON",NC69,   34.871004,   78.474172,59,23
2,"WALLACE",ACZ,   34.717861,   78.003889,59,23
2,"WALLACE",NC48,   34.750108,   78.061519,59,23
2,"AMMON",17NR,   34.783769,   78.576956,59,24
2,"BLADENBORO",3W6,   34.542861,   78.778167,59,24
2,"DUBLIN",NC82,   34.669614,   78.702517,59,24
2,"ELIZABETHTOWN",EYF,   34.601804,   78.579271,59,24
2,"FAYETTEVILLE",FAY,   34.991222,   78.880278,59,24
2,"FAYETTEVILLE",2GC,   34.893692,   78.843531,59,24
2,"PARKTON",61NC,   34.871275,   78.965584,59,24
2,"ROSEBORO",87NC,   34.916111,   78.600278,59,24
2,"ST. PAULS",06NC,     34.8275,   78.930278,59,24
2,"WHITE OAK",NC86,   34.733611,   78.753056,59,24
2,"FAIRMONT",NC70,   34.504886,   79.102535,59,25
2,"LUMBERTON",LBT,   34.609806,   79.059556,59,25
2,"MAXTON",MEB,   34.792172,   79.365896,59,25
2,"PARKTON",NC71,   34.917942,   79.052531,59,25
2,"PARKTON",32NC,   34.896389,   79.043056,59,25
2,"RED SPRINGS",9NR8,   34.792164,   79.197894,59,25
2,"ROWLAND",8NC,   34.576117,   79.248817,59,25
2,"ROCKINGHAM",RCZ,   34.891303,   79.759598,59,26
2,"BENNETTSVILLE",BBP,   34.621709,   79.734359,59,26
2,"CHERAW",CQW,   34.712861,      79.957,59,26
2,"CLIO",9W9,   34.561417,   79.538083,59,26
2,"MARSHVILLE",46NC,   34.892778,   80.373333,59,27
2,"CHERAW",SC61,   34.617932,   80.151733,59,27
2,"PAGELAND",PYG,   34.742139,   80.345194,59,27
2,"WAXHAW",2NC1,   34.997439,   80.801642,59,28
2,"WAXHAW",07NC,   34.833204,   80.751178,59,28
2,"WAXHAW",N52,   34.863817,   80.747983,59,28
2,"WEDDINGTON",NC21,   34.991816,   80.748403,59,28
2,"LANCASTER",T73,   34.674317,   80.682291,59,28
2,"LANCASTER",LKR,   34.722904,    80.85459,59,28
2,"LANCASTER",SC76,    34.80265,   80.680066,59,28
2,"CHESTER",DCM,   34.789333,   81.195778,59,29
2,"ROCK HILL",55SC,   34.909722,      81.075,59,29
2,"ROCK HILL",UZA,   34.987833,   81.057167,59,29
2,"CROSS ANCHOR",16SC,   34.625128,   81.898432,59,30
2,"LAURENS",LUX,   34.507111,   81.946944,59,30
2,"SPARTANBURG",SPA,   34.916417,   81.955778,59,30
2,"UNION",35A,   34.686953,   81.641167,59,30
2,"WOODRUFF",3SC4,   34.773611,   81.986389,59,30
2,"WOODRUFF",SC00,   34.671686,   81.997611,59,30
2,"GREENVILLE",GYH,   34.758306,   82.376417,59,31
2,"GREENVILLE",GMU,   34.847944,       82.35,59,31
2,"GREENVILLE",25SC,   34.960556,   82.339444,59,31
2,"GREER",SC72,   34.822899,   82.148165,59,31
2,"GREER",GSP,   34.895671,   82.218859,59,31
2,"SIMPSONVILLE",SC47,   34.761389,   82.161389,59,31
2,"WILLIAMSON",SC82,   34.585517,   82.352283,59,31
2,"WILLIAMSTON",SC43,   34.593726,   82.399012,59,31
2,"WOODRUFF",SC39,   34.816667,   82.083333,59,31
2,"CLEMSON",CEU,   34.672222,   82.885889,59,32
2,"EASLEY",SC86,   34.861907,   82.581356,59,32
2,"PICKENS",SC75,   34.998175,   82.734855,59,32
2,"PICKENS",LQK,   34.809972,   82.702889,59,32
2,"SENECA",SC24,   34.671667,   82.913611,59,32
2,"SIX MILE",SC52,    34.81233,   82.818753,59,32
2,"WEST UNION",SC26,   34.808056,   82.998611,59,32
2,"CLARKESVILLE",GA30,   34.675917,   83.424281,59,33
2,"CLAYTON",GA18,   34.832871,   83.409606,59,33
2,"CLAYTON",GE99,   34.914183,   83.459425,59,33
2,"TOCCOA",TOC,   34.592812,   83.296372,59,33
2,"WALHALLA",SC70,      34.725,      83.085,59,33
2,"BLAIRSVILLE",DZJ,   34.854444,   83.997333,59,34
2,"CLARKESVILLE",GA45,   34.660181,     83.5011,59,34
2,"CLARKESVILLE",GA67,   34.768149,   83.592949,59,34
2,"CLEVELAND",21GE,   34.549722,   83.822222,59,34
2,"CLEVELAND",0GE5,   34.561763,   83.713513,59,34
2,"BLUE RIDGE",57GA,   34.857669,   84.383011,59,35
2,"DAHLONEGA",9A0,   34.583139,   84.019972,59,35
2,"SUCHES",GA87,   34.698146,   84.012691,59,35
2,"CRANDALL",2GE7,   34.958056,   84.779167,59,36
2,"DALTON",DNN,   34.722939,   84.870241,59,36
2,"DALTON",GA72,   34.881667,   84.889722,59,36
2,"ELLIJAY",49A,   34.628194,   84.526556,59,36
2,"ETON",4GA4,   34.846746,   84.754661,59,36
2,"TENNGA",55GE,   34.980632,   84.741605,59,36
2,"CHICKAMAUGA",GA77,   34.872083,   85.250361,59,37
2,"LAFAYETTE",9A5,   34.688403,   85.290353,59,37
2,"LAFAYETTE",GE05,   34.615556,   85.343056,59,37
2,"LAYFAYETTE",GE11,   34.605833,   85.461944,59,37
2,"LOOKOUT MOUNTAIN",3GA3,   34.871111,     85.4375,59,37
2,"RINGGOLD",GA03,   34.869521,   85.199675,59,37
2,"SUMMERVILLE",GA23,   34.578333,   85.383889,59,37
2,"TRENTON",0GE3,   34.902803,   85.460406,59,37
2,"TUNNEL HILL",86GA,   34.867856,    85.06106,59,37
2,"FLAT ROCK",4AL7,   34.744722,   85.689833,59,38
2,"MENTONE",AL09,   34.540857,   85.592293,59,38
2,"STEVENSON",7A6,   34.886276,   85.803289,59,38
2,"NEW HOPE",TN50,   34.991468,   85.650802,59,38
2,"GURLEY",AL10,   34.651201,   86.416932,59,39
2,"HUNTSVILLE",3M5,   34.747361,   86.460972,59,39
2,"OWENS CROSSROADS",3AL8,   34.619167,   86.466944,59,39
2,"SCOTTSBORO",4A6,   34.688694,   86.005944,59,39
2,"WOODVILLE",4AL5,   34.666347,   86.222286,59,39
2,"ARDMORE",1M3,   34.979083,   86.883278,59,40
2,"DECATUR",DCU,   34.654056,   86.945361,59,40
2,"HARVEST",00AL,    34.86481,   86.770278,59,40
2,"HAZEL GREEN",AL99,   34.980733,   86.684006,59,40
2,"HAZEL GREEN",M38,      34.916,   86.647111,59,40
2,"HAZEL GREEN",8AL7,   34.980472,   86.692306,59,40
2,"HUNTSVILLE",AL93,   34.885643,   86.709998,59,40
2,"HUNTSVILLE",MDQ,   34.859361,   86.557528,59,40
2,"HUNTSVILLE",HSV,   34.637197,   86.775054,59,40
2,"REDSTONE ARSNL HUNTSVILLE",HUA,   34.678655,   86.684782,59,40
2,"COURTLAND",9A4,   34.658158,   87.348558,59,41
2,"FLORENCE",0AL9,       34.85,     87.6325,59,42
2,"MUSCLE SHOALS",5AL5,   34.692086,   87.651219,59,42
2,"MUSCLE SHOALS",MSL,   34.745306,   87.610222,59,42
2,"IUKA",15M,   34.773333,   88.166083,59,43
2,"BOONEVILLE/BALDWYN",8M1,   34.591861,     88.6485,59,44
2,"CORINTH",CRX,   34.914968,   88.603484,59,44
2,"ASHLAND",MS14,   34.813889,   89.199617,59,45
2,"HOLLY SPRINGS",19MS,   34.837417,   89.261333,59,45
2,"HOLLY SPRINGS",3MS1,   34.806944,   89.461667,59,45
2,"NEW ALBANY",M72,    34.54901,   89.024436,59,45
2,"RIPLEY",25M,   34.722722,   89.014694,59,45
2,"SLADEN",4MS3,   34.956028,   89.394028,59,45
2,"BYHALIA",7MS3,   34.710889,   89.719194,59,46
2,"COLDWATER",08MS,   34.662222,   89.868333,59,46
2,"HERNANDO",MS9,   34.796431,   89.913222,59,46
2,"HERNANDO",MS64,   34.848342,   89.877992,59,46
2,"HOLLY SPRINGS",M41,   34.804361,   89.521111,59,46
2,"OLIVE BRANCH",OLV,    34.97875,   89.786861,59,46
2,"RED BANKS",MS55,    34.81093,   89.578414,59,46
2,"COLLIERVILLE",01TN,   34.995926,    89.73064,59,46
2,"HERNANDO",H75,   34.798154,   90.037036,59,47
2,"TUNICA",30M,   34.659083,   90.376222,59,47
2,"TUNICA",UTA,   34.685056,   90.347778,59,47
2,"WALLS",MS65,   34.940491,   90.201557,59,47
2,"BRICKEYS",15AR,   34.825861,   90.543333,59,48
2,"FORREST CITY",FCY,   34.941998,   90.774966,59,48
2,"HELENA/WEST HELENA",HEE,     34.5765,   90.675889,59,48
2,"MARIANNA",3AR0,   34.822278,   90.846944,59,48
2,"MARIANNA",6M7,    34.78275,   90.809972,59,48
2,"MARVELL",12AR,   34.515444,   90.973722,59,48
2,"PALESTINE",AR17,   34.983426,   90.915116,59,48
2,"BRINKLEY",M36,   34.880278,   91.176444,59,49
2,"CLARENDON",4M8,   34.646589,   91.394717,59,49
2,"HOLLY GROVE",2A6,   34.582444,   91.165222,59,49
2,"BUTLERVILLE",12XS,     34.9547,   91.837925,59,50
2,"CARLISLE",4M3,   34.808222,   91.712111,59,50
2,"COY",1AR1,   34.527178,   91.872664,59,50
2,"DES ARC",1AR2,   34.986783,     91.5503,59,50
2,"HAZEN",AR10,   34.806667,   91.608333,59,50
2,"HAZEN",6M0,   34.759214,   91.638046,59,50
2,"HAZEN",21AR,   34.717592,   91.539019,59,50
2,"LONOKE",39AR,   34.911597,   91.837083,59,50
2,"LONOKE",2AR0,   34.868117,   91.974253,59,50
2,"LONOKE",1AR9,   34.814372,   91.994814,59,50
2,"STUTTGART",SGT,   34.599479,      91.575,59,50
2,"BENTON",SUZ,   34.590389,   92.479444,59,51
2,"CABOT",4AR2,       34.91,   92.006667,59,51
2,"CAMP ROBINSON/LITTLE ROCK",RBM,   34.846924,   92.300142,59,51
2,"ENGLAND",17AR,   34.553056,   92.091389,59,51
2,"JACKSONVILLE",79AR,   34.852867,   92.048199,59,51
2,"JACKSONVILLE",LRF,   34.917512,   92.145001,59,51
2,"LITTLE ROCK",LIT,   34.729444,   92.224778,59,51
2,"MAYFLOWER",AR34,   34.982032,   92.445157,59,51
2,"NORTH LITTLE ROCK",ORK,   34.833139,   92.254139,59,51
2,"NORTH LITTLE ROCK",AR55,   34.739813,   92.090144,59,51
2,"WOODSON",9AR4,   34.523092,   92.167656,59,51
2,"BIGELOW",AR13,   34.986199,   92.633496,59,52
2,"HOT SPRINGS",77AR,     34.5975,   92.936944,59,52
2,"LITTLE ROCK",3AR6,   34.727578,   92.516839,59,52
2,"BRIGGSVILLE",9AR1,   34.933472,   93.517222,59,54
2,"MOUNT IDA",7M3,   34.529081,   93.529424,59,54
2,"MENA",MEZ,   34.545389,   94.202639,59,55
2,"WALDRON",M27,      34.876,   94.108889,59,55
2,"TALIHINA",6F1,   34.707771,   95.073786,59,57
2,"WILBURTON",08OK,   34.931486,   95.258303,59,57
2,"WILBURTON",H05,   34.920207,   95.393903,59,57
2,"ATOKA",6OK7,   34.595922,   95.863042,59,58
2,"MC ALESTER",MLC,   34.882389,   95.783472,59,58
2,"ASHLAND",OK74,   34.829538,   96.034165,59,59
2,"COAL GATE",0OK4,   34.660648,   96.253613,59,59
2,"COALGATE",08F,   34.531759,   96.233054,59,59
2,"NON",5OK2,   34.776667,   96.245278,59,59
2,"ADA",ADH,   34.804262,     96.6712,59,60
2,"ADA",OK80,   34.728699,   96.601119,59,60
2,"ADA",3OK0,      34.705,   96.576667,59,60
2,"SASAKWA",26OK,   34.952681,   96.612528,59,60
2,"SASAKWA",90OK,   34.949258,   96.614242,59,60
2,"STRATFORD",9OK5,   34.778333,     96.9275,59,60
2,"STRATFORD",9OK7,     34.7925,   96.908333,59,60
2,"SULPHUR",F30,   34.527044,   96.990188,59,60
2,"DAVIS",97F,   34.546475,   97.108353,59,61
2,"ELMORE CITY",0OK1,   34.657025,   97.401692,59,61
2,"LEXINGTON",OK64,   34.976389,   97.336944,59,61
2,"MAYSVILLE",1OK7,   34.800076,    97.48225,59,61
2,"PAULS VALLEY",PVJ,   34.709563,   97.223346,59,61
2,"PURCELL",3O3,    34.98335,   97.382638,59,61
2,"ALEX",00AS,   34.942803,   97.818019,59,62
2,"BRAY",1OK3,   34.576078,   97.814144,59,62
2,"CHICKASHA",OK60,   34.987417,   97.810783,59,62
2,"DUNCAN",OK97,   34.533414,   97.766977,59,62
2,"DUNCAN",OK67,   34.547094,   97.909617,59,62
2,"LINDSAY",3OK5,   34.728611,   97.605833,59,62
2,"LINDSAY",1K2,   34.849451,   97.585292,59,62
2,"MARLOW",OK81,   34.684142,   97.866694,59,62
2,"MARLOW",OK89,   34.693436,   97.898156,59,62
2,"MARLOW",61OK,   34.683856,   97.928033,59,62
2,"MARLOW",2OK0,   34.656931,   97.792481,59,62
2,"NINNEKAH",O14,   34.890389,   97.998194,59,62
2,"RUSH SPRINGS",OK40,   34.728253,   97.900578,59,62
2,"RUSH SPRINGS",4OK2,   34.815369,   97.974297,59,62
2,"VELMA",4OK5,   34.550082,   97.600306,59,62
2,"ELGIN",OL29,   34.762556,   98.446833,59,63
2,"ELGIN",OK03,   34.778503,   98.273144,59,63
2,"FORT SILL",FSI,   34.649827,   98.402185,59,63
2,"LAWTON",OK07,   34.518167,   98.325639,59,63
2,"LAWTON",OK08,   34.533411,   98.350328,59,63
2,"LAWTON",LAW,   34.567714,   98.416637,59,63
2,"LAWTON",71OK,   34.576211,      98.483,59,63
2,"MARLOW",92OK,   34.730739,   98.014461,59,63
2,"MARLOW",7OK8,    34.66155,   98.102794,59,63
2,"MARLOW",OK91,   34.643097,   98.044017,59,63
2,"MARLOW",84OK,   34.664608,   98.077317,59,63
2,"MARLOW",0OK8,   34.614167,   98.023333,59,63
2,"COOPERTON",OL09,   34.883395,   98.750345,59,64
2,"MOUNTAIN VIEW",2OK5,    34.92895,   98.739788,59,64
2,"ALTUS",LTS,   34.667975,    99.26775,59,65
2,"ALTUS",AXS,   34.698806,   99.338472,59,65
2,"ALTUS",OK82,   34.691734,   99.344809,59,65
2,"ALTUS",OK83,   34.568333,   99.351667,59,65
2,"ALTUS",91OK,   34.642014,   99.371198,59,65
2,"HOBART",HBR,   34.989917,   99.053059,59,65
2,"LONE WOLF",1OK5,    34.98339,   99.229524,59,65
2,"MANGUM",7OK2,   34.976446,   99.499811,59,65
2,"OLUSTEE",F09,   34.512574,   99.429533,59,65
2,"SNYDER",07OK,   34.633405,   99.033689,59,65
2,"SNYDER",4O1,   34.627722,      99.014,59,65
2,"HOLLIS",O35,   34.705305,   99.908565,59,66
2,"MANGUM",2K4,   34.892611,   99.528222,59,66
2,"WELLINGTON",F06,   34.844866,   100.19519,59,67
2,"WELLINGTON",0TX4,   34.968056,   100.02722,59,67
2,"WELLINGTON",36XS,   34.891806,   100.12032,59,67
2,"CLARENDON",E34,     34.9115,   100.86936,59,68
2,"MEMPHIS",F21,   34.739589,    100.5297,59,68
2,"CLAUDE",5TA4,   34.900053,   101.31711,59,69
2,"TULIA",I06,   34.566825,   101.78146,59,70
2,"TULIA",XS76,   34.510861,    101.8166,59,70
2,"TULIA",1TA2,   34.650059,   101.50045,59,70
2,"WAYSIDE",6TE7,   34.837556,   101.57879,59,70
2,"DIMMITT",T55,   34.566736,   102.32269,59,71
2,"HEREFORD",HRX,   34.860699,   102.32588,59,71
2,"BOVINA",7TS9,   34.603617,   102.85984,59,72
2,"FRIONA",X54,   34.654234,   102.69188,59,72
2,"FORREST",65NM,   34.726733,   103.60968,59,74
2,"MC ALISTER",NM73,   34.772286,   103.85608,59,74
2,"SANTA ROSA",SXU,   34.935672,   104.64256,59,76
2,"VAUGHN",N17,    34.60458,   105.19182,59,77
2,"ESTANCIA",E92,   34.763393,   106.04141,59,79
2,"MORIARTY",NM02,   34.922274,   106.16725,59,79
2,"MORIARTY",0E0,   34.978167,   106.00003,59,79
2,"MOUNTAINAIR",M10,   34.533333,   106.22389,59,79
2,"WILLARD",NM49,   34.581452,   106.07529,59,79
2,"BELEN",BRG,   34.645862,   106.83634,59,80
2,"BOSQUE",NM40,   34.540172,    106.7779,59,80
2,"BOSQUE",NM88,    34.54325,   106.75989,59,80
2,"LOS LUNAS",NM89,    34.77575,   106.52113,59,80
2,"LOS LUNAS",E98,   34.761008,   106.74494,59,80
2,"PIE TOWN",NM30,   34.513056,   108.03611,59,83
2,"FENCE LAKE",NM91,   34.622333,   108.79019,59,84
2,"ST JOHNS",SJN,   34.518556,   109.37875,59,85
2,"HOLBROOK",P14,   34.940722,    110.1385,59,87
2,"HEBER",6AZ2,   34.616806,   110.62796,59,88
2,"CAMP VERDE",19AZ,   34.605024,   111.86515,59,90
2,"RIMROCK",48AZ,   34.650856,   111.78821,59,90
2,"SEDONA",SEZ,   34.848589,   111.78845,59,90
2,"CHINO VALLEY",59AZ,   34.744467,   112.44517,59,91
2,"COTTONWOOD",P52,   34.730056,   112.03514,59,91
2,"PRESCOTT",PRC,   34.654833,   112.41922,59,91
2,"CAMP WOOD",33AZ,    34.79863,   112.97019,59,92
2,"PAULDEN",AZ57,   34.930833,    112.5125,59,92
2,"PRESCOTT",AZ27,   34.910019,   112.53406,59,92
2,"PRESCOTT",AZ46,   34.766411,   112.54906,59,92
2,"SKULL VALLEY",16AZ,   34.508913,    112.6799,59,92
2,"BAGDAD",E51,   34.592894,   113.17195,59,93
2,"KINGMAN",4AZ6,   34.998064,    113.4616,59,93
2,"KINGMAN",AZ71,   34.870757,   113.58664,59,94
2,"LAKE HAVASU CITY",HII,   34.571124,   114.35828,59,95
2,"LAKE HAVASU CITY",9AZ2,   34.582778,   114.02778,59,95
2,"YUCCA",AZ34,   34.691428,   114.09774,59,95
2,"CHEMEHUEVI VALLEY",49X,   34.528889,   114.43197,59,95
2,"BULLHEAD CITY",A09,   34.888167,   114.61664,59,96
2,"MOHAVE VALLEY",45AZ,   34.913306,   114.58008,59,96
2,"GOFFS",CL29,   34.835256,   114.95697,59,96
2,"NEEDLES",EED,   34.766347,   114.62328,59,96
2,"CADIZ",CA90,   34.513889,   115.51944,59,98
2,"BARSTOW",5CA4,   34.728769,   116.15868,59,99
2,"DAGGETT",DAG,   34.853722,   116.78669,59,100
2,"YERMO",CN23,   34.961651,   116.67531,59,100
2,"ADELANTO",52CL,   34.537493,    117.4606,59,101
2,"APPLE VALLEY",APV,   34.575333,   117.18619,59,101
2,"APPLE VALLEY",27CA,   34.561106,    117.0806,59,101
2,"HELENDALE",CA70,   34.758041,   117.49672,59,101
2,"LENWOOD",6CA8,   34.856389,    117.1375,59,101
2,"VICTORVILLE",8CA0,   34.583883,   117.26671,59,101
2,"VICTORVILLE",VCV,   34.597472,     117.383,59,101
2,"ADELANTO",11CL,    34.62999,   117.65339,59,102
2,"ADELANTO",0CL1,   34.569436,   117.55556,59,102
2,"EDWARDS",9L2,   34.990785,   117.86319,59,102
2,"EDWARDS",EDW,   34.908088,   117.88553,59,102
2,"EL MIRAGE",99CL,    34.62499,   117.60506,59,102
2,"PALMDALE",CL13,   34.515273,   117.76201,59,102
2,"PALMDALE",04CA,   34.566622,   117.67038,59,102
2,"AGUA DULCE",L70,   34.503515,   118.31316,59,103
2,"LANCASTER",WJF,   34.741056,   118.21864,59,103
2,"LANCASTER",1CL1,   34.794147,   118.27758,59,103
2,"MOJAVE",1CL2,   34.942474,    118.1698,59,103
2,"PALMDALE",PMD,   34.629389,   118.08455,59,103
2,"ROSAMOND",L00,     34.8705,   118.20542,59,103
2,"ROSAMOND",CL74,   34.831923,   118.40091,59,103
2,"GORMAN/LANCASTER",CL46,   34.767758,   118.73176,59,104
2,"CUYAMA",CL25,   34.935529,   119.45179,59,105
2,"FRAZIER PARK",02CL,   34.761092,   119.05899,59,105
2,"CUYAMA",5CN4,   34.923633,    119.5715,59,106
2,"NEW CUYAMA",L88,   34.939944,   119.68558,59,106
2,"LOMPOC",LPC,   34.665619,    120.4675,59,107
2,"SANTA MARIA",SMX,   34.899944,   120.45808,59,107
2,"SANTA YNEZ",0CA3,   34.587488,   120.01348,59,107
2,"SANTA YNEZ",IZA,   34.606815,   120.07555,59,107
2,"SANTA YNEZ",0CA4,   34.622209,   120.06542,59,107
2,"LOMPOC",VBG,   34.737337,   120.58431,59,108
2,"HATTERAS",HSE,   35.232806,   75.617806,60,18
2,"OCRACOKE",W95,   35.101167,   75.965972,60,18
2,"SLADESVILLE",NC73,   35.438778,   76.449369,60,19
2,"AURORA",NC12,   35.389612,   76.784656,60,20
2,"WHARTONVILLE",74NC,   35.096389,   76.629722,60,20
2,"DOVER",66NC,   35.174444,   77.483611,60,21
2,"NEW BERN",NC20,   35.089861,   77.170833,60,21
2,"NEW BERN",EWN,   35.072853,    77.04302,60,21
2,"POLLOCKSVILLE",13NC,   35.033492,   77.249678,60,21
2,"TRENTON",NR37,   35.057222,   77.461944,60,21
2,"WINTERVILLE",05N,   35.482185,   77.355774,60,21
2,"GOLDSBORO",GSB,   35.339385,   77.960594,60,22
2,"GOLDSBORO",GWW,   35.460556,   77.964917,60,22
2,"HOOKERTON",58NR,   35.425306,   77.597333,60,22
2,"KENANSVILLE",DPL,   35.000028,   77.981667,60,22
2,"KINSTON",ISO,   35.331444,   77.608833,60,22
2,"KINSTON",6NC9,   35.202107,   77.750532,60,22
2,"PINK HILL",NR10,   35.050719,   77.736087,60,22
2,"GOLDSBORO",2NC4,   35.337941,   78.154716,60,23
2,"GRANTHAM",6NC0,   35.289064,   78.179594,60,23
2,"MOUNT OLIVE",W40,   35.221454,   78.038617,60,23
2,"NEWTON GROVE",63NC,   35.275145,   78.433865,60,23
2,"NEWTON GROVE",NC76,   35.316089,   78.386186,60,23
2,"NEWTON GROVE",70NR,   35.219467,   78.366861,60,23
2,"PRINCETON",NC72,   35.451025,   78.159428,60,23
2,"ANGIER",NC44,   35.466944,   78.683889,60,24
2,"ANGIER",27NR,   35.469444,   78.654444,60,24
2,"DUNN",NC22,   35.227533,   78.555183,60,24
2,"ERWIN",HRJ,   35.380156,   78.732236,60,24
2,"FAYETTEVILLE",6NC3,   35.086389,   78.772222,60,24
2,"FAYETTEVILLE",47NC,   35.138056,   78.822778,60,24
2,"FORT BRAGG",FBG,   35.132069,   78.936207,60,24
2,"LILLINGTON",NR77,   35.486111,   78.850278,60,24
2,"LINDEN",9NC2,   35.218218,   78.796412,60,24
2,"LINDEN",4NC3,   35.227514,   78.817261,60,24
2,"SALEMBURG",9NR7,   35.018333,   78.565833,60,24
2,"BROADWAY",09NC,   35.329325,   79.030025,60,25
2,"CAMERON",8NC1,   35.376266,   79.240857,60,25
2,"CAMERON",84NC,   35.273333,   79.248611,60,25
2,"CAMP MACKALL",HFF,   35.036302,   79.497513,60,25
2,"CARTHAGE",BQ1,   35.341667,   79.436944,60,25
2,"CARTHAGE",NR88,   35.280833,   79.387778,60,25
2,"FAYETTEVILLE",POB,   35.170889,   79.014496,60,25
2,"PINEHURST/SOUTHERN PINES",SOP,   35.237423,   79.389034,60,25
2,"RAEFORD",5W4,    35.01986,   79.191004,60,25
2,"RAEFORD",NR20,   35.030556,   79.236667,60,25
2,"RAEFORD",94NC,   35.009611,   79.260033,60,25
2,"SANFORD",82NC,   35.308056,   79.073333,60,25
2,"MOUNT GILEAD",NR02,   35.237778,   79.995556,60,26
2,"PINEHURST",N26,   35.133889,       79.63,60,26
2,"STAR",43A,   35.384654,   79.790262,60,26
2,"ALBEMARLE",VUJ,   35.416694,   80.150791,60,27
2,"GOLD HILL",4NC9,     35.4485,   80.342583,60,27
2,"LOCUST",5NC3,   35.299386,   80.457833,60,27
2,"LOCUST",3NC3,   35.246944,     80.4075,60,27
2,"MARSHVILLE",3NC4,   35.053483,   80.408953,60,27
2,"MONROE",24NC,   35.127222,      80.475,60,27
2,"MOUNT PLEASANT",NC79,   35.407086,   80.357561,60,27
2,"MOUNT PLEASANT",62NR,   35.429444,   80.450278,60,27
2,"MT PLEASANT",9NC7,   35.369722,       80.44,60,27
2,"MT. PLEASANT",9NR4,      35.355,   80.431389,60,27
2,"WADESBORO",AFP,   35.020638,   80.077118,60,27
2,"WINGATE",1NC6,   35.055982,   80.450065,60,27
2,"CHARLOTTE",CLT,    35.21375,   80.949056,60,28
2,"CONCORD",4NC8,   35.422362,   80.620623,60,28
2,"CONCORD",NC77,   35.455695,   80.575622,60,28
2,"CONCORD",JQF,    35.38777,   80.709132,60,28
2,"CONCORD",NC19,   35.391807,   80.575622,60,28
2,"CONCORD",NC35,   35.402918,   80.622012,60,28
2,"HARRISBURG",3NC6,   35.311808,   80.644235,60,28
2,"HUNTERSVILLE",NC05,    35.40875,   80.794238,60,28
2,"INDIAN TRAIL",28A,   35.120979,   80.587289,60,28
2,"MONROE",EQY,   35.017416,   80.622056,60,28
2,"MONROE",9NC3,   35.070833,   80.566389,60,28
2,"CHERRYVILLE",NR42,   35.452222,   81.459061,60,29
2,"GASTONIA",AKH,   35.202623,   81.149876,60,29
2,"LINCOLNTON",IPJ,   35.483142,   81.161506,60,29
2,"CLOVER",39SC,   35.158436,     81.2256,60,29
2,"YORK",01SC,   35.032079,   81.252778,60,29
2,"CAROLEEN",8NC2,   35.289289,   81.785101,60,30
2,"FOREST CITY",69NC,   35.434013,   81.851212,60,30
2,"HARRIS",NC02,   35.212621,   81.866493,60,30
2,"RUTHERFORDTON",28NR,     35.3475,      81.995,60,30
2,"RUTHERFORDTON",FQD,   35.428222,   81.935078,60,30
2,"SHELBY",NC97,   35.368744,   81.523589,60,30
2,"SHELBY",EHO,    35.25575,    81.60075,60,30
2,"CHESNEE",SC88,   35.147346,   81.794269,60,30
2,"GAFFNEY",38SC,   35.177778,   81.747778,60,30
2,"SPARTANBURG",SC40,   35.057342,   81.944828,60,30
2,"ASHEVILLE",NC67,   35.467778,     82.4525,60,31
2,"FLETCHER",4NC6,    35.44456,   82.479564,60,31
2,"HENDERSONVILLE",0A7,   35.307617,   82.433174,60,31
2,"HENDERSONVILLE",8NC9,   35.307222,   82.433611,60,31
2,"RUTHERFORDTON",58NC,   35.346785,   82.055108,60,31
2,"TRYON",56NC,   35.206667,   82.031944,60,31
2,"ZIRCONIA",08NR,   35.217778,   82.426111,60,31
2,"CLEVELAND",SC78,   35.090672,     82.4954,60,31
2,"GREER",66SC,   35.034057,   82.298508,60,31
2,"LANDRUM",33A,   35.157333,    82.12375,60,31
2,"ASHEVILLE",AVL,   35.434444,   82.542729,60,32
2,"BREVARD",NC16,   35.222614,   82.726792,60,32
2,"BREVARD",3NR3,   35.270278,   82.644167,60,32
2,"BRYSON CITY",57NC,   35.426484,   83.458215,60,33
2,"FRANKLIN",1A5,   35.222312,   83.419997,60,33
2,"SYLVA",24A,   35.317211,   83.209704,60,33
2,"ANDREWS",RHP,    35.19523,   83.863039,60,34
2,"HAYESVILLE",NC08,   35.085369,   83.736282,60,34
2,"COPPERHILL",1A3,   35.015806,   84.346833,60,35
2,"TELLICO PLAINS",85TN,   35.381667,   84.303889,60,35
2,"ATHENS",MMI,   35.399194,   84.561778,60,36
2,"BIRCHWOOD",4TN1,   35.371139,   84.961522,60,36
2,"CLEVELAND",RZR,   35.212336,   84.799199,60,36
2,"DAYTON",2A0,    35.48625,   84.931083,60,36
2,"BAKEWELL",96TN,     35.3673,     85.1617,60,37
2,"CHATTANOOGA",1A0,   35.187571,   85.177734,60,37
2,"CHATTANOOGA",CHA,   35.035194,   85.203556,60,37
2,"COLLEGEDALE",FGU,   35.044421,   85.020067,60,37
2,"WHITWELL",TN89,   35.258405,   85.452742,60,37
2,"ALTAMONT",88TN,   35.423303,   85.783546,60,38
2,"JASPER",APT,   35.060667,   85.585306,60,38
2,"PELHAM",7TN1,   35.320634,   85.853589,60,38
2,"SEWANEE",UOS,   35.205146,   85.898147,60,38
2,"BELVIDERE",1TN3,   35.139667,   86.222167,60,39
2,"ESTILL SPRINGS",TN67,    35.24786,   86.128597,60,39
2,"FAYETTEVILLE",08TN,   35.298914,   86.474357,60,39
2,"TULLAHOMA",TN39,   35.305636,   86.236656,60,39
2,"TULLAHOMA",AYX,   35.392458,   86.085765,60,39
2,"TULLAHOMA",6TN4,   35.421944,   86.290278,60,39
2,"TULLAHOMA",THA,   35.380029,   86.246354,60,39
2,"WINCHESTER",TN52,   35.138139,   86.081095,60,39
2,"WINCHESTER",BGF,   35.177534,   86.066166,60,39
2,"CULLEOKA",9TN5,   35.458333,   86.956944,60,40
2,"FAYETTEVILLE",FYM,   35.059694,      86.564,60,40
2,"LEWISBURG",TN12,   35.473422,   86.681247,60,40
2,"PULASKI",6TN5,   35.248078,   86.831067,60,40
2,"SHELBYVILLE",8TN2,   35.398889,   86.553889,60,40
2,"LAWRENCEBURG",2M2,   35.234306,   87.257944,60,41
2,"PULASKI",GZS,   35.154083,   87.057056,60,41
2,"CLIFTON",M29,   35.383034,   87.968268,60,42
2,"HOHENWALD",TN21,   35.447576,   87.506111,60,42
2,"SAVANNAH",SNH,    35.17025,   88.216722,60,43
2,"SELMER",SZY,   35.202944,   88.498361,60,43
2,"BOLIVAR",M08,   35.215139,    89.04325,60,45
2,"GRAND JUNCTION",6TN7,   35.023889,      89.205,60,45
2,"HICKORY VALLEY",7TN5,   35.133806,   89.186806,60,45
2,"HICKORY VALLEY",2TN2,    35.22165,   89.190178,60,45
2,"MEMPHIS",3TN6,   35.096755,   89.280626,60,45
2,"MOSCOW",4TN3,   35.118333,   89.367778,60,45
2,"SOMERVILLE",FYE,   35.207694,   89.394444,60,45
2,"TOONE",TN37,   35.404246,   89.022285,60,45
2,"ARLINGTON",TN47,   35.288975,   89.741193,60,46
2,"BRIGHTON",TN58,   35.391667,   89.656528,60,46
2,"COLLIERVILLE",TN70,   35.026203,   89.702583,60,46
2,"EADS",4TN4,       35.19,   89.638611,60,46
2,"EADS",8TN1,   35.196389,   89.626944,60,46
2,"EADS",TN18,   35.204255,   89.666747,60,46
2,"MEMPHIS",MEM,   35.042411,   89.976679,60,46
2,"MILLINGTON",2M8,    35.27848,   89.932997,60,46
2,"MILLINGTON",NQA,   35.356639,   89.870417,60,46
2,"OAKLAND",7TN4,   35.172778,     89.5625,60,46
2,"ROSEMARK",TN01,   35.347307,   89.819528,60,46
2,"ROSSVILLE",54M,   35.054024,   89.580026,60,46
2,"CRAWFORDSVILLE",0AR2,   35.266754,   90.350099,60,47
2,"EARLE",63AR,   35.251476,   90.459824,60,47
2,"TURRELL",5AR2,      35.375,   90.206389,60,47
2,"WEST MEMPHIS",AWM,   35.135056,   90.234444,60,47
2,"MEMPHIS",M01,   35.200693,   90.053975,60,47
2,"MEMPHIS",TN43,   35.095925,   90.113982,60,47
2,"MILLINGTON",2TN4,   35.318056,   90.035278,60,47
2,"COLT",DRP,   35.120052,   90.826501,60,48
2,"COLT",7AR3,   35.151111,   90.815556,60,48
2,"FISHER",48AR,    35.48375,   90.840903,60,48
2,"AUGUSTA",M60,   35.271906,   91.270331,60,49
2,"BEEDEVILLE",1AR0,   35.400725,   91.129375,60,49
2,"GREGORY",36AR,   35.206389,   91.318889,60,49
2,"GREGORY",94AR,   35.156383,   91.331881,60,49
2,"MC CRORY",2AR4,   35.228417,   91.093167,60,49
2,"MC CRORY",AR46,   35.189344,   91.050375,60,49
2,"BALD KNOB",M74,   35.299472,   91.557694,60,50
2,"GRIFFITHVILLE",3AR5,   35.117864,   91.611883,60,50
2,"HEBER SPRINGS",3AR8,   35.466746,   91.966814,60,50
2,"SEARCY",26AR,     35.2155,   91.807833,60,50
2,"SEARCY",7AR4,   35.292222,       91.89,60,50
2,"SEARCY",SRC,    35.21061,   91.737539,60,50
2,"SEARCY",35AR,   35.311806,   91.875636,60,50
2,"CABOT",3AR3,   35.059581,   92.082014,60,51
2,"CABOT",73AR,   35.048522,   92.053742,60,51
2,"CABOT",3AR4,   35.005656,   92.077444,60,51
2,"CABOT",4AR1,   35.041267,   92.101017,60,51
2,"CONWAY",AR06,     35.2325,   92.343333,60,51
2,"CONWAY",AR88,   35.054808,   92.354043,60,51
2,"EL PASO",6AR0,   35.060556,   92.116111,60,51
2,"GREENBRIER",12A,    35.17753,   92.335067,60,51
2,"GREENBRIER",52AR,   35.280081,   92.241539,60,51
2,"GUY",20AR,   35.307858,   92.320153,60,51
2,"NAYLOR",19AR,   35.153972,    92.22075,60,51
2,"ROSE BUD",AR12,   35.318986,   92.032389,60,51
2,"CONWAY",CXW,   35.019889,   92.555111,60,52
2,"MORRILTON",AR43,   35.100085,   92.783499,60,52
2,"MORRILTON",07AR,   35.194527,   92.800166,60,52
2,"MORRILTON",BDQ,   35.136195,   92.713497,60,52
2,"MORRILTON",MPJ,   35.138833,   92.909194,60,52
2,"SPRINGFIELD",16AR,   35.301111,   92.573333,60,52
2,"BELLEVILLE",25AR,   35.133423,   93.475187,60,53
2,"CENTERVILLE",AR03,   35.118697,   93.201564,60,53
2,"CHICKALA",AR05,   35.215919,     93.3049,60,53
2,"CLARKSVILLE",H35,   35.470694,   93.427155,60,53
2,"DANVILLE",32A,   35.086944,   93.427528,60,53
2,"DOVER",AR89,   35.400082,   93.066006,60,53
2,"RUSSELLVILLE",RUE,   35.259283,   93.092622,60,53
2,"ALTUS",54AR,   35.392856,   93.758706,60,54
2,"BOONEVILLE",4M2,   35.149526,    93.86339,60,54
2,"OZARK",2AR1,   35.369847,   93.843061,60,54
2,"PARIS /SUBIACO/",7M6,   35.299115,   93.681614,60,54
2,"FORT CHAFFEE",AZU,   35.275092,   94.225209,60,55
2,"FORT SMITH",FSM,   35.336583,   94.367444,60,55
2,"MURRY SPUR",83OK,   35.256761,   94.577997,60,56
2,"POTEAU",RKR,   35.021639,    94.62125,60,56
2,"POTEAU",OK59,   35.022321,   94.704394,60,56
2,"SALLISAW",OK34,    35.48426,   94.841893,60,56
2,"SALLISAW",89OK,    35.44315,    94.89745,60,56
2,"SALLISAW",JSV,    35.43825,   94.802917,60,56
2,"STIGLER",GZL,   35.288167,   95.093889,60,57
2,"CANADIAN",91F,    35.15635,   95.621253,60,58
2,"EUFAULA",OK04,   35.309444,   95.808333,60,58
2,"EUFAULA",F08,   35.298304,   95.627371,60,58
2,"EUFAULA",0F7,   35.388667,   95.600278,60,58
2,"HENRYETTA",F10,    35.40688,   96.015833,60,59
2,"HOLDENVILLE",F99,   35.085861,   96.416667,60,59
2,"OKEMAH",F81,   35.405269,   96.305539,60,59
2,"WETUMKA",8OL1,   35.227866,   96.229451,60,59
2,"PRAGUE",O47,   35.480778,    96.71875,60,60
2,"SEMINOLE",SRE,   35.274459,   96.675379,60,60
2,"SHAWNEE",SNL,   35.357306,   96.942833,60,60
2,"TECUMSEH",36OK,   35.272294,   96.881686,60,60
2,"GOLDSBY",1K4,   35.155068,   97.470394,60,61
2,"GOLDSBY",OK02,   35.110833,   97.481667,60,61
2,"GOLDSBY",5OK4,   35.117013,   97.450587,60,61
2,"GOLDSBY",39OK,   35.111483,   97.479253,60,61
2,"HARRAH",1OL2,   35.488953,   97.191975,60,61
2,"LEXINGTON",O44,   35.092293,   97.336418,60,61
2,"LEXINGTON",5OL5,   35.002222,   97.190278,60,61
2,"MIDWEST CITY",2OK2,   35.329353,   97.269735,60,61
2,"NORMAN",10OK,   35.166738,   97.216971,60,61
2,"NORMAN",OUN,   35.245556,   97.472139,60,61
2,"OKLAHOMA CITY",TIK,    35.41475,   97.386639,60,61
2,"SHAWNEE",3OK9,   35.321786,   97.040083,60,61
2,"AMBER",8OK7,   35.174722,   97.748056,60,62
2,"BLANCHARD",2OK3,   35.098056,     97.7425,60,62
2,"BLANCHARD",8OK1,   35.168333,   97.710833,60,62
2,"CHICKASHA",CHK,   35.097361,   97.967694,60,62
2,"CHICKASHA",17OK,   35.100344,   97.786225,60,62
2,"CHICKASHA",6OK2,   35.062843,   97.895321,60,62
2,"EL RENO",8OK2,   35.475053,   97.928881,60,62
2,"NEWCASTLE",2OK7,   35.258397,   97.662817,60,62
2,"NEWCASTLE",76OK,   35.284786,   97.616983,60,62
2,"NORMAN",80OK,   35.158382,   97.548229,60,62
2,"OKLAHOMA CITY",RCE,   35.488083,   97.823556,60,62
2,"OKLAHOMA CITY",OKC,   35.393074,   97.600762,60,62
2,"TUTTLE",4OK4,   35.287563,   97.664206,60,62
2,"TUTTLE",53OK,   35.243522,   97.763983,60,62
2,"ANADARKO",F68,   35.052194,   98.264056,60,63
2,"EL RENO",RQO,   35.472722,    98.00575,60,63
2,"HINTON",OK70,   35.430572,   98.257681,60,63
2,"HINTON",46OK,   35.475144,   98.451628,60,63
2,"HINTON",29OK,   35.468522,   98.486925,60,63
2,"CARNEGIE",86F,   35.123722,    98.57525,60,64
2,"CORDELL",F36,   35.296299,   98.967716,60,64
2,"EAKLY",6OK8,   35.359499,   98.571176,60,64
2,"HYDRO",08OL,   35.408088,   98.605478,60,64
2,"HYDRO",16OK,   35.449911,   98.586214,60,64
2,"HYDRO",OK77,   35.415878,   98.542486,60,64
2,"HYDRO",05OK,   35.471364,   98.541708,60,64
2,"HYDRO",32OK,   35.499139,   98.615917,60,64
2,"BURNS FLAT",CSM,   35.339839,   99.200499,60,65
2,"BURNS FLAT",OK98,   35.366692,   99.222394,60,65
2,"ELK CITY",ELK,   35.430778,   99.394278,60,65
2,"GRANITE",81OK,   35.026389,   99.339444,60,65
2,"ERICK",O13,    35.20075,   99.881056,60,66
2,"SAYRE",3O4,   35.167709,   99.657806,60,66
2,"SHAMROCK",2F1,   35.234611,   100.18531,60,67
2,"WHEELER",T59,   35.451083,   100.19992,60,67
2,"MC LEAN",2E7,   35.246861,   100.54681,60,68
2,"MCLEAN",0TS9,   35.340106,   100.62958,60,68
2,"PAMPA",XS28,   35.454128,   100.99381,60,68
2,"CONWAY",55T,   35.214472,   101.41103,60,69
2,"PANHANDLE",T45,   35.361694,   101.36508,60,69
2,"PANHANDLE",3TE5,   35.330604,   101.38517,60,69
2,"AMARILLO",2TX0,   35.064499,   101.84936,60,70
2,"AMARILLO",1E7,   35.063889,   101.87758,60,70
2,"AMARILLO",XS39,   35.077017,   101.69137,60,70
2,"AMARILLO",1E4,   35.143722,   101.83922,60,70
2,"AMARILLO",AMA,   35.219361,   101.70592,60,70
2,"AMARILLO",H81,   35.081425,    101.7558,60,70
2,"AMARILLO",TDW,   35.169889,   101.82586,60,70
2,"AMARILLO",7TX8,   35.107556,   102.03825,60,71
2,"HEREFORD",5XS2,   35.033389,   102.20048,60,71
2,"VEGA",E52,   35.230714,   102.39877,60,71
2,"WILDORADO",5TS7,   35.201725,   102.15161,60,71
2,"ADRIAN",46XS,   35.402675,   102.80761,60,72
2,"TUCUMCARI",TCC,   35.182778,   103.60319,60,74
2,"CONCHAS DAM",E89,   35.367839,   104.18051,60,75
2,"ANTON CHICO",NM76,   35.260833,   104.91889,60,76
2,"ROWE",NM92,   35.295767,    105.6115,60,78
2,"EDGEWOOD",1N1,   35.094611,   106.16456,60,79
2,"ALBUQUERQUE",ABQ,   35.038932,   106.60826,60,80
2,"ALBUQUERQUE",AEG,   35.144909,   106.79517,60,80
2,"CUBERO",NM74,   35.087541,   107.56311,60,82
2,"GRANTS",GNT,   35.167278,   107.90206,60,82
2,"RAMAH",NM56,    35.16531,   108.45896,60,83
2,"ZUNI",XNI,   35.060675,    108.9376,60,84
2,"WINSLOW",INW,    35.02191,   110.72252,60,88
2,"FLAGSTAFF",FLG,   35.140316,   111.66924,60,90
2,"WILLIAMS",CMR,     35.3055,   112.19436,60,91
2,"PAULDEN",AZ09,   35.027844,   112.67446,60,92
2,"SELIGMAN",P23,   35.335075,    112.8865,60,92
2,"KINGMAN",73AZ,   35.201944,   113.36083,60,93
2,"SELIGMAN",52AZ,   35.383332,   113.30076,60,93
2,"HACKBERRY",68AZ,   35.475122,   113.76919,60,94
2,"KINGMAN",IGM,   35.259478,   113.93805,60,94
2,"KINGMAN",AZ97,   35.348329,   113.68883,60,94
2,"BULLHEAD CITY",1AZ8,    35.29583,   114.37302,60,95
2,"BULLHEAD CITY",IFP,   35.154611,   114.55933,60,96
2,"BULLHEAD CITY",A20,   35.005639,   114.56503,60,96
2,"CAL NEV ARI",1L4,   35.305549,   114.88275,60,96
2,"SEARCHLIGHT",1L3,   35.444556,   114.90936,60,96
2,"BAKER",0O2,   35.286278,   116.08136,60,99
2,"BARSTOW",00CA,   35.354972,   116.88521,60,100
2,"FORT IRWIN/BARSTOW",BYS,    35.28053,   116.63003,60,100
2,"BORON",57CL,   35.003587,     117.607,60,102
2,"CALIFORNIA CITY",L71,    35.15125,   118.01667,60,103
2,"MOJAVE",CN37,   35.383637,   118.22029,60,103
2,"MOJAVE",MHV,   35.058944,   118.15061,60,103
2,"TEHACHAPI",L94,   35.101078,   118.42314,60,103
2,"TEHACHAPI",TSP,   35.134994,    118.4393,60,103
2,"ARVIN",5CL8,   35.176139,   118.92315,60,104
2,"BAKERSFIELD",L45,   35.324875,   118.99602,60,104
2,"BAKERSFIELD",7CA2,   35.176667,   118.92722,60,104
2,"CALIENTE",62CL,   35.407179,   118.50009,60,104
2,"BAKERSFIELD",BFL,   35.433861,   119.05767,60,105
2,"BAKERSFIELD",81CA,   35.097778,   119.07111,60,105
2,"BUTTONWILLOW",L62,   35.353444,   119.47972,60,105
2,"TAFT",L17,   35.141658,   119.43784,60,105
2,"PASO ROBLES",74CN,   35.476358,   120.30902,60,107
2,"OCEANO",L52,   35.101529,   120.62232,60,108
2,"SAN LUIS OBISPO",SBP,   35.237278,   120.64261,60,108
2,"SANTA MARGARITA",5CL1,   35.404722,     120.525,60,108
2,"ENGELHARD",7W6,   35.562042,   75.955656,61,18
2,"MANTEO",MQI,   35.918983,   75.695536,61,18
2,"FAIRFIELD",23NR,   35.560556,   76.234722,61,19
2,"PLYMOUTH",7NC,   35.731689,   76.671259,61,20
2,"PLYMOUTH",PMZ,   35.810778,   76.758361,61,20
2,"BETHEL",NR40,   35.820833,   77.378889,61,21
2,"GREENVILLE",PGV,   35.635694,   77.384083,61,21
2,"GRIMESLAND",NC49,   35.528425,   77.198175,61,21
2,"WASHINGTON",OCW,   35.570472,   77.049806,61,21
2,"WILLIAMSTON",MCZ,   35.862193,   77.178203,61,21
2,"FARMVILLE",N08,   35.556667,   77.560556,61,22
2,"ROCKY MOUNT",RWI,   35.856253,   77.891933,61,22
2,"TARBORO",ETC,   35.937263,    77.54648,61,22
2,"WILSON",W03,   35.770407,   77.969791,61,22
2,"BUNN",7NC5,   35.931183,   78.244753,61,23
2,"BUNN",1NC5,   35.933194,   78.348583,61,23
2,"KENLY",7NC3,   35.596389,   78.098611,61,23
2,"KNIGHTDALE",W17,   35.797722,    78.43701,61,23
2,"MIDDLESEX",75NC,   35.849321,   78.183605,61,23
2,"SMITHFIELD",JNX,   35.540938,   78.390326,61,23
2,"SPRING HOPE",42NC,   35.957778,   78.170556,61,23
2,"ZEBULON",51NC,   35.860167,   78.345333,61,23
2,"ANGIER",4NC2,   35.545278,   78.592778,61,24
2,"APEX",NC81,   35.751818,   78.859729,61,24
2,"APEX",NC11,    35.74154,   78.924731,61,24
2,"FUQUAY/VARINA",78NC,   35.544326,   78.747513,61,24
2,"GARNER",NC99,   35.674321,   78.607227,61,24
2,"GARNER",4NC7,   35.696264,   78.537503,61,24
2,"RALEIGH",5W5,   35.620389,   78.700278,61,24
2,"RALEIGH/DURHAM",RDU,   35.877639,   78.787472,61,24
2,"CHAPEL HILL",NC34,   35.978922,   79.126861,61,25
2,"CHAPEL HILL",5NC5,   35.981528,   79.273072,61,25
2,"CHAPEL HILL",3NC9,   35.875144,   79.087234,61,25
2,"PITTSBORO",8NC4,   35.729865,   79.312795,61,25
2,"PITTSBORO",9NC8,   35.686889,   79.218806,61,25
2,"SANFORD",NC00,       35.56,   79.193611,61,25
2,"SANFORD",TTA,   35.582439,   79.101338,61,25
2,"SILER CITY",8NC6,   35.693733,   79.410958,61,25
2,"SILER CITY",22NC,   35.821111,   79.468333,61,25
2,"ASHEBORO",HBI,   35.654528,    79.89475,61,26
2,"ASHEBORO",1NC0,   35.722081,   79.941428,61,26
2,"ASHEBORO",25NC,   35.633333,       79.71,61,26
2,"ASHEBORO",7NC9,   35.727359,   79.911149,61,26
2,"GREENSBORO",80NC,   35.998969,   79.689276,61,26
2,"GREENSBORO",3A4,   35.941944,     79.6855,61,26
2,"HIGH POINT",NC03,   35.906894,   79.989819,61,26
2,"JULIAN",N88,   35.926525,   79.627525,61,26
2,"LIBERTY",2A5,   35.911786,   79.617646,61,26
2,"LIBERTY",N61,   35.873748,   79.527522,61,26
2,"PLEASANT GARDEN",64NC,   35.901944,     79.7725,61,26
2,"RAMSEUR",09NR,       35.65,       79.65,61,26
2,"RAMSEUR",NC13,   35.753772,   79.667825,61,26
2,"SILER CITY",SCR,   35.704274,   79.504298,61,26
2,"ADVANCE",6NC8,   35.938192,   80.384499,61,27
2,"GOLD HILL",NC25,   35.509029,   80.311168,61,27
2,"GOLD HILL",1NC8,   35.515833,   80.258056,61,27
2,"LEXINGTON",EXX,   35.781141,   80.303774,61,27
2,"LEXINGTON",2NC6,   35.799582,   80.396166,61,27
2,"LEXINGTON",48NC,   35.781106,   80.417128,61,27
2,"MOCKSVILLE",8A7,   35.914915,   80.456806,61,27
2,"THOMASVILLE",N97,   35.830137,   80.107545,61,27
2,"THOMASVILLE",NC31,   35.764858,   80.024209,61,27
2,"CATAWBA",NC26,   35.660742,   80.973339,61,28
2,"CHINA GROVE",NC29,   35.620139,   80.597565,61,28
2,"CLEVELAND",0NC8,   35.755695,   80.735347,61,28
2,"HARMONY",NC75,   35.898333,   80.720278,61,28
2,"KANNAPOLIS",NC64,   35.527778,   80.696667,61,28
2,"KANNAPOLIS",NC39,   35.524305,   80.647846,61,28
2,"KANNAPOLIS",50NC,      35.545,   80.668611,61,28
2,"KANNAPOLIS",2NC8,   35.525416,    80.63979,61,28
2,"KANNAPOLIS",41NC,   35.521806,      80.522,61,28
2,"KANNAPOLIS",6NC2,    35.51125,   80.558121,61,28
2,"LANDIS",44NC,   35.543333,   80.651944,61,28
2,"MOCKSVILLE",4NC0,    35.89905,   80.617656,61,28
2,"MOCKSVILLE",5NC2,   35.984861,   80.511417,61,28
2,"MOCKSVILLE",5NC1,   35.793194,   80.512281,61,28
2,"MOORESVILLE",1NC2,   35.654722,   80.789444,61,28
2,"MOORESVILLE",35NC,   35.538333,   80.751389,61,28
2,"MOORESVILLE",14A,   35.613869,   80.899431,61,28
2,"MOORESVILLE",NC30,   35.614027,   80.741459,61,28
2,"SALISBURY",88NC,     35.6325,   80.685278,61,28
2,"SALISBURY",RUQ,   35.645883,   80.520292,61,28
2,"SALISBURY",NC93,   35.777778,   80.501389,61,28
2,"STATESVILLE",NC15,   35.957077,   80.978965,61,28
2,"STATESVILLE",SVH,      35.765,   80.953889,61,28
2,"STATESVILLE",NC09,   35.884242,   80.772764,61,28
2,"DENVER",6NC1,     35.5918,   81.079522,61,29
2,"HICKORY",HKY,   35.741146,   81.389551,61,29
2,"HICKORY",E40,   35.652077,   81.357864,61,29
2,"LENOIR",NC27,   35.944575,   81.490094,61,29
2,"MAIDEN",N92,     35.5743,   81.117301,61,29
2,"SHERRILLS FORD",20NC,   35.592356,   81.055911,61,29
2,"STONY POINT",3NC5,   35.813369,   81.069242,61,29
2,"TAYLORSVILLE",NC59,   35.850688,    81.14397,61,29
2,"TAYLORSVILLE",6NC4,   35.905688,   81.139526,61,29
2,"TAYLORSVILLE",NC58,   35.920966,   81.120081,61,29
2,"TAYLORSVILLE",NR04,   35.960278,   81.173056,61,29
2,"TAYLORSVILLE",NC2,   35.930833,   81.196667,61,29
2,"LENOIR",18NC,   35.889019,   81.613709,61,30
2,"MORGANTON",3NC0,   35.690406,   81.712319,61,30
2,"MORGANTON",MRN,   35.820222,   81.611417,61,30
2,"MORGANTON",NC52,   35.728462,   81.728986,61,30
2,"NEBO",6NR6,   35.662222,   81.872778,61,30
2,"SPRUCE PINE",7A8,   35.945361,   81.996222,61,30
2,"BURNSVILLE",2NC0,   35.868724,   82.341794,61,31
2,"MARION",9A9,    35.72068,   82.009831,61,31
2,"MARS HILL",33NR,   35.939167,   82.514722,61,32
2,"DANDRIDGE",21TN,   35.985278,   83.092222,61,33
2,"KNOXVILLE",DKX,   35.963833,   83.873667,61,34
2,"KNOXVILLE",TYS,   35.809374,   83.995321,61,34
2,"KNOXVILLE",TN98,   35.885638,   83.957684,61,34
2,"MARYVILLE",TN87,   35.692583,   83.998793,61,34
2,"SEVIERVILLE",GKT,   35.857759,   83.528705,61,34
2,"SEYMOUR",1TN8,   35.829078,   83.777149,61,34
2,"SEYMOUR",3TN4,    35.88092,   83.727119,61,34
2,"SEYMOUR",TN20,   35.812279,   83.774642,61,34
2,"FARRAGUT",8TN3,   35.841667,   84.181111,61,35
2,"GREENBACK",5TN4,   35.670556,   84.115833,61,35
2,"GREENBACK",0TN2,   35.655912,    84.18547,61,35
2,"KINGSTON",2TN7,   35.804444,   84.415833,61,35
2,"LENOIR CITY",80TN,   35.826667,       84.33,61,35
2,"LENOIR CITY",TN71,   35.794521,    84.34159,61,35
2,"LENOIR CITY",3TN8,   35.763967,   84.187415,61,35
2,"LENOIR CITY",TN74,   35.800077,   84.319367,61,35
2,"LOUISVILLE",44TN,   35.840908,   84.075719,61,35
2,"MADISONVILLE",MNV,   35.545232,     84.3804,61,35
2,"PHILADELPHIA",TN09,   35.713964,   84.411038,61,35
2,"SWEETWATER",TN17,   35.582296,   84.487985,61,35
2,"VONORE",07TN,   35.568611,   84.241111,61,35
2,"CROSSVILLE",4TN2,   35.883402,   84.968842,61,36
2,"KINGSTON",12TN,   35.823685,   84.538823,61,36
2,"NIOTA",TN30,   35.547222,       84.51,61,36
2,"ROCKWOOD",RKW,   35.922333,   84.689778,61,36
2,"SPRING CITY",TN41,   35.772778,   84.765278,61,36
2,"SWEETWATER",TN64,   35.544167,   84.532778,61,36
2,"CROSSVILLE",CSV,   35.951292,   85.084978,61,37
2,"PIKEVILLE",TN66,   35.744513,   85.047177,61,37
2,"SPENCER",TN85,   35.638956,   85.397192,61,37
2,"MANCHESTER",00TN,   35.515909,   85.953596,61,38
2,"MC MINNVILLE",RNC,   35.698699,    85.84382,61,38
2,"MORRISON",66TN,   35.523383,   85.846472,61,38
2,"SMITHVILLE",0A3,   35.985444,   85.809111,61,38
2,"MILTON",41TN,   35.900833,   86.207222,61,39
2,"MORRISON",43TN,   35.618056,     86.0025,61,39
2,"MURFREESBORO",TN83,   35.722291,   86.274993,61,39
2,"MURFREESBORO",0TN5,   35.867361,   86.497778,61,39
2,"MURFREESBORO",MBT,   35.878658,   86.377471,61,39
2,"MURFREESBORO",8TN6,   35.921111,   86.344722,61,39
2,"MURFREESBORO",7TN3,   35.970833,   86.393056,61,39
2,"MURFREESBURG",TN65,   35.666389,   86.485278,61,39
2,"SHELBYVILLE",SYI,   35.559389,   86.442472,61,39
2,"CHAPEL HILL",TN27,   35.671375,   86.721528,61,40
2,"COLUMBIA",51TN,   35.533056,   86.976944,61,40
2,"COLUMBIA",06TN,   35.697291,   86.956947,61,40
2,"EAGLEVILLE",TN07,   35.687222,   86.606389,61,40
2,"EAGLEVILLE",TN14,   35.689722,   86.635833,61,40
2,"EAGLEVILLE",9TN1,       35.73,   86.537778,61,40
2,"LEWISBURG",LUG,   35.506974,   86.803888,61,40
2,"LEWISBURG",2TN3,   35.509903,     86.6907,61,40
2,"MURFREESBORO",02TN,   35.780556,   86.584167,61,40
2,"MURFREESBORO",TN68,   35.768677,   86.546667,61,40
2,"NASHVILLE",TN97,   35.806944,   86.612222,61,40
2,"SPRING HILL",0TN0,   35.676667,   86.896667,61,40
2,"CENTERVILLE",GHM,   35.837417,   87.445389,61,41
2,"COLUMBIA/MOUNT PLEASANT",MRC,   35.554389,   87.179139,61,41
2,"HOHENWALD",0M3,   35.545972,   87.597333,61,42
2,"LINDEN",M15,   35.594839,   87.876629,61,42
2,"HUNTINGDON",TN16,   35.994507,   88.461163,61,43
2,"LEXINGTON-PARSONS",PVE,   35.656362,   88.195352,61,43
2,"HUMBOLDT",M53,   35.802194,   88.874944,61,44
2,"JACKSON",MKL,   35.599889,   88.915611,61,44
2,"JACKSON",4TN9,   35.610833,   88.694722,61,44
2,"TRENTON",TGC,   35.932455,    88.84894,61,44
2,"DYERSBURG",DYR,   35.997972,   89.406583,61,45
2,"HALLS",M31,   35.903407,   89.397294,61,45
2,"BLYTHEVILLE",BYH,   35.964333,   89.943944,61,46
2,"BLYTHEVILLE",HKA,   35.940417,   89.830806,61,46
2,"GOSNELL",70AR,   35.994515,   89.997311,61,46
2,"COVINGTON",9TN7,   35.534444,      89.735,61,46
2,"COVINGTON",8TN9,   35.515556,   89.677778,61,46
2,"COVINGTON",M04,   35.583365,   89.587222,61,46
2,"RIPLEY",TN36,   35.762021,   89.551187,61,46
2,"BLACK OAK",2AR8,   35.831106,   90.370414,61,47
2,"MANILA",MXA,   35.894444,   90.154583,61,47
2,"MARKED TREE",6M8,    35.53309,   90.400089,61,47
2,"MARKED TREE",34AR,   35.581111,   90.385278,61,47
2,"OSCEOLA",7M4,   35.691139,   90.010111,61,47
2,"CASH",9AR9,   35.826974,   90.907992,61,48
2,"JONESBORO",23AR,   35.825889,   90.547194,61,48
2,"JONESBORO",7AR9,   35.956381,   90.812983,61,48
2,"JONESBORO",AN37,   35.782262,   90.651955,61,48
2,"JONESBORO",JBR,   35.831711,   90.646422,61,48
2,"JONESBORO",7AR6,   35.795794,   90.802375,61,48
2,"JONESBORO",81AR,   35.919208,   90.729713,61,48
2,"WEINER",5AR7,   35.686667,   90.793611,61,48
2,"WEINER",8M2,   35.590272,   90.913672,61,48
2,"CHARLOTTE",28AR,   35.833333,   91.433333,61,49
2,"NEWPORT",43AR,   35.611389,   91.241389,61,49
2,"NEWPORT",M19,   35.637722,   91.176389,61,49
2,"BATESVILLE",BVX,   35.726222,   91.647444,61,50
2,"CLINTON",CCA,    35.59775,   92.451583,61,51
2,"CLINTON",2A2,   35.650719,   92.403813,61,51
2,"GREERS FERRY",1AR6,   35.503328,   92.196708,61,51
2,"GREERS FERRY",30AR,   35.544361,   92.056167,61,51
2,"GREERS FERRY",33AR,   35.602222,     92.1425,61,51
2,"GREERS FERRY",7AR2,     35.5572,     92.1321,61,51
2,"HEBER SPRINGS",HBZ,   35.511694,   92.013009,61,51
2,"HIGDEN",06AR,   35.544522,   92.184874,61,51
2,"MOUNTAIN VIEW",7M2,    35.86448,   92.090339,61,51
2,"MARSHALL",4A5,   35.898694,   92.656333,61,52
2,"SNOWBALL",4AR9,   35.914847,   92.899713,61,52
2,"OZARK",51AR,   35.677444,   93.732294,61,54
2,"OZARK",7M5,   35.510696,   93.839308,61,54
2,"WESLEY",AR27,   35.938967,    93.84575,61,54
2,"LINCOLN",68AR,   35.934094,   94.415925,61,55
2,"COOKSON",OK06,   35.647778,       94.95,61,56
2,"COOKSON",44M,   35.704972,   94.936139,61,56
2,"STILWELL",1PP,   35.757185,   94.649857,61,56
2,"MUSKOGEE",MKO,    35.65775,   95.361639,61,57
2,"TAHLEQUAH",TQH,   35.930278,   95.004528,61,57
2,"WAGONER",H68,   35.965694,   95.341806,61,57
2,"WAGONER",OL20,   35.997322,   95.258849,61,57
2,"COWETA",93OK,   35.934544,   95.591367,61,58
2,"COWETA",OL31,   35.940357,   95.727607,61,58
2,"HASKELL",OK25,   35.813333,   95.753333,61,58
2,"HASKELL",2K9,   35.832861,   95.667417,61,58
2,"MOUNDS",OK13,   35.845833,   95.971111,61,58
2,"OKMULGEE",OKM,   35.668111,   95.948528,61,58
2,"BEGGS",51OK,   35.793611,   96.029722,61,59
2,"BEGGS",OK50,   35.751667,    96.15375,61,59
2,"BRISTOW",3F7,   35.807049,   96.421135,61,59
2,"BRISTOW",OK69,   35.796264,   96.428147,61,59
2,"BRISTOW",1OK0,   35.894528,   96.279448,61,59
2,"MOUNDS",OK36,   35.882083,   96.004861,61,59
2,"MOUNDS",2OK4,   35.816763,   96.058607,61,59
2,"SAPULPA",OL23,   35.950091,   96.104443,61,59
2,"CHANDLER",CQB,   35.724083,   96.820278,61,60
2,"CHANDLER",8OK6,   35.815049,   96.873889,61,60
2,"CUSHING",CUH,   35.950028,   96.773417,61,60
2,"STROUD",SUD,   35.789583,   96.655667,61,60
2,"WELLSTON",43OK,    35.66673,   96.983638,61,60
2,"EDMOND",7OK1,   35.742139,   97.361358,61,61
2,"EDMOND",33OK,   35.750053,   97.400316,61,61
2,"GUTHRIE",0OK5,   35.888937,   97.400318,61,61
2,"GUTHRIE",0OK6,   35.801718,    97.38615,61,61
2,"GUTHRIE",GOK,   35.851523,   97.416178,61,61
2,"GUTHRIE",74OK,   35.947725,   97.489285,61,61
2,"JACKTOWN",OK00,    35.51625,   97.022111,61,61
2,"JONES",9OK9,   35.561633,   97.255833,61,61
2,"LUTHER",OK55,   35.714501,   97.225867,61,61
2,"LUTHER",5OK9,   35.721944,   97.204722,61,61
2,"LUTHER",OL24,    35.73616,   97.189083,61,61
2,"WELLSTON",OK96,   35.756448,   97.084753,61,61
2,"CASHION",4OK6,   35.840167,   97.671225,61,62
2,"CASHION",85OK,   35.818139,   97.662833,61,62
2,"CASHION",56OK,   35.803608,   97.579878,61,62
2,"EDMOND",1OK8,   35.729773,   97.541431,61,62
2,"EL RENO",99F,   35.516719,   97.979494,61,62
2,"GUTHRIE",55OL,   35.780431,   97.568392,61,62
2,"KINGFISHER",1OK1,   35.824736,    97.80505,61,62
2,"KINGFISHER",F92,   35.876672,   97.952938,61,62
2,"KINGFISHER",6OK0,   35.891389,   97.958889,61,62
2,"OKARCHE",3OK1,   35.730046,   97.966996,61,62
2,"OKLAHOMA CITY",HSD,   35.601833,   97.706167,61,62
2,"OKLAHOMA CITY",PWA,   35.534164,   97.647053,61,62
2,"PIEDMONT",2OK9,   35.658056,   97.629167,61,62
2,"CALUMET",47OK,   35.583661,   98.040052,61,63
2,"EL RENO",28OK,    35.50283,   98.040607,61,63
2,"GEARY",OL28,   35.583878,   98.304101,61,63
2,"HINTON",OK61,    35.51835,   98.466553,61,63
2,"HINTON",OK10,   35.539378,   98.430189,61,63
2,"HINTON",2O8,   35.507222,   98.342556,61,63
2,"HYDRO",3OK2,   35.551967,   98.467903,61,63
2,"WATONGA",JWG,   35.864556,    98.42075,61,63
2,"CLINTON",CLK,   35.538273,   98.932789,61,64
2,"GEARY",0OK3,   35.619494,   98.522571,61,64
2,"HYDRO",1OK2,   35.502881,   98.537517,61,64
2,"HYDRO",1OK6,   35.522072,   98.523183,61,64
2,"HYDRO",5OK0,    35.54135,    98.59455,61,64
2,"HYDRO",60OK,   35.502414,   98.509242,61,64
2,"HYDRO",OL10,   35.653056,   98.605833,61,64
2,"HYDRO",7OK4,   35.607986,   98.638508,61,64
2,"THOMAS",5OK8,     35.7298,     98.6587,61,64
2,"THOMAS",1O4,   35.733667,   98.730528,61,64
2,"WATONGA",OL18,   35.789722,   98.596944,61,64
2,"WEATHERFORD",OJA,   35.545806,     98.6685,61,64
2,"CHEYENNE",93F,   35.603235,   99.703012,61,66
2,"CANADIAN",XA96,     35.6625,   100.32389,61,67
2,"CANADIAN",HHF,   35.895111,   100.40389,61,67
2,"CANADIAN",TE04,     35.7025,     100.285,61,67
2,"MIAMI",3E0,   35.713932,   100.60319,61,68
2,"MIAMI",5TE8,   35.761154,   100.75181,61,68
2,"PAMPA",PPA,      35.613,   100.99625,61,68
2,"BORGER",BGD,   35.700889,   101.39367,61,69
2,"PAMPA",TX13,   35.889278,   101.03014,61,69
2,"SKELLYTOWN",7XS5,   35.531994,    101.1613,61,69
2,"SKELLYTOWN",3TE6,   35.570044,   101.16905,61,69
2,"DUMAS",DUX,   35.857431,   102.01331,61,71
2,"NARA VISA",NM52,   35.574722,   103.28722,61,73
2,"ROSEBUD",NM29,   35.834204,   103.43662,61,73
2,"ALBERT",NM10,   35.879203,   103.81302,61,74
2,"BELL RANCH",NM33,   35.547545,   104.08386,61,75
2,"BELL RANCH",NM32,   35.702104,   104.06224,61,75
2,"ROY",NM17,   35.930591,   104.18387,61,75
2,"LAS VEGAS",NM53,   35.512778,   104.58167,61,76
2,"LAS VEGAS",LVS,   35.654222,   105.14239,61,77
2,"LOS ALAMOS",LAM,   35.879686,   106.26869,61,79
2,"SANTA FE",SAF,   35.617111,   106.08942,61,79
2,"CUBA",NM2,   35.951772,   106.95753,61,80
2,"CROWNPOINT",0E8,   35.717659,    108.2016,61,83
2,"GALLUP",GUP,   35.511058,   108.78931,61,84
2,"WINDOW ROCK",RQE,   35.652056,   109.06739,61,85
2,"POLACCA",P10,   35.791611,   110.42339,61,87
2,"GRAND CANYON",GCN,   35.952361,   112.14697,61,91
2,"GRAND CANYON",40G,   35.650646,   112.14805,61,91
2,"PEACH SPRINGS",L37,   35.527235,    113.2475,61,93
2,"PEACH SPRINGS",3AZ5,   35.572214,   113.29243,61,93
2,"PEACH SPRINGS",1G4,   35.986111,   113.81692,61,94
2,"DOLAN SPRINGS",AZ49,   35.788867,    114.1321,61,95
2,"WHITE HILLS",AZ50,   35.716389,      114.48,61,95
2,"BOULDER CITY",BVU,   35.947308,   114.86108,61,96
2,"JEAN",0L7,   35.768264,   115.32962,61,97
2,"LAS VEGAS",HND,   35.972861,   115.13444,61,97
2,"JEAN",NV42,   35.775809,   115.63139,61,98
2,"SANDY VALLEY",04NV,   35.755531,   115.66473,61,98
2,"SANDY VALLEY",3L2,   35.792944,   115.62642,61,98
2,"SHOSHONE",L61,   35.968611,   116.26928,61,99
2,"TRONA",L72,   35.812667,   117.32692,61,101
2,"CHINA LAKE",NID,     35.6857,   117.69211,61,102
2,"INYOKERN",IYK,   35.658741,   117.82953,61,102
2,"KERNVILLE",L05,   35.728222,   118.41972,61,103
2,"DELANO",DLO,   35.745556,    119.2365,61,105
2,"FAMOSO",L73,   35.596389,   119.12828,61,105
2,"SHAFTER",MIT,   35.507475,   119.19213,61,105
2,"WASCO",L19,   35.619861,   119.35372,61,105
2,"LOST HILLS",2CN4,   35.666389,   119.89639,61,106
2,"SHANDON",0CA9,   35.594969,   120.33877,61,107
2,"CAMP ROBERTS",CA62,   35.719135,   120.76795,61,108
2,"PASO ROBLES",33CL,   35.568305,    120.7974,61,108
2,"PASO ROBLES",PRB,   35.672889,   120.62708,61,108
2,"WHITLEY GARDEN",95CA,   35.669136,    120.5485,61,108
2,"CAMBRIA",66CA,   35.607748,   121.11019,61,109
2,"SAN SIMEON",CN66,    35.66341,   121.19841,61,109
2,"COROLLA",7NC2,   36.253495,   75.788524,62,18
2,"GRANDY",NC36,   36.208889,   75.864444,62,18
2,"KILL DEVIL HILLS",FFA,   36.017583,   75.671583,62,18
2,"CURRITUCK",ONX,   36.399944,   76.015444,62,19
2,"ELIZABETH CITY",3NR4,   36.280833,   76.336667,62,19
2,"ELIZABETH CITY",ECG,   36.260583,   76.174556,62,19
2,"ELIZABETH CITY",1NC3,   36.180714,   76.149096,62,19
2,"ELIZABETH CITY",NC28,   36.200158,   76.235767,62,19
2,"HERTFORD",86NC,   36.262517,   76.491442,62,19
2,"HERTFORD",NC01,   36.096222,   76.327056,62,19
2,"MOYOCK",NC61,   36.459444,   76.210833,62,19
2,"WINFALL",54NC,   36.239444,   76.417222,62,19
2,"AHOSKIE",15NC,   36.239722,   76.973889,62,20
2,"EDENTON",16NC,   36.196111,   76.665278,62,20
2,"EDENTON",EDE,   36.027734,   76.567092,62,20
2,"AHOSKIE",ASJ,   36.297528,   77.170861,62,21
2,"HOBGOOD",NC84,    36.04256,    77.37722,62,21
2,"SCOTLAND NECK",2NC7,   36.167933,   77.398858,62,21
2,"SCOTLAND NECK",NC66,   36.131267,   77.295799,62,21
2,"ENFIELD",76NC,   36.159876,   77.624696,62,22
2,"ENFIELD",NC45,   36.217222,     77.6375,62,22
2,"JACKSON",10NC,   36.343056,   77.509444,62,22
2,"RED OAK",19NC,   36.064875,   77.923039,62,22
2,"ROANOKE RAPIDS",IXA,   36.329792,   77.635231,62,22
2,"WHITAKERS",6NC5,   36.024972,   77.659394,62,22
2,"KITTRELL",NC56,   36.204722,   78.468889,62,23
2,"LOUISBURG",79NC,   36.134316,   78.281939,62,23
2,"LOUISBURG",00NC,    36.08515,   78.371386,62,23
2,"LOUISBURG",LHZ,   36.023349,   78.330263,62,23
2,"DURHAM",8NC8,   36.060145,   78.783339,62,24
2,"OXFORD",HNZ,   36.361139,   78.529833,62,24
2,"ROXBORO",TDF,   36.284611,   78.984639,62,24
2,"BURLINGTON",BUY,   36.049728,   79.473008,62,25
2,"EFLAND",29NC,   36.090583,   79.170803,62,25
2,"ELON",0NC1,   36.258117,   79.485744,62,25
2,"ELON COLLEGE",71NC,   36.263333,   79.449722,62,25
2,"HURDLE MILLS",4W4,   36.283473,   79.078901,62,25
2,"LEASBURG",68NC,   36.399584,    79.12807,62,25
2,"ROXBORO",NC40,   36.499722,   79.118611,62,25
2,"YANCEYVILLE",6W4,   36.399778,   79.392694,62,25
2,"GIBSONVILLE",59NC,   36.097358,   79.555302,62,26
2,"GREENSBORO",W88,   36.173611,   79.803056,62,26
2,"GREENSBORO",9NC9,   36.210136,   79.895036,62,26
2,"GREENSBORO",GSO,   36.101326,   79.941123,62,26
2,"MADISON",0NC7,   36.357222,     79.9975,62,26
2,"REIDSVILLE",NC37,   36.340136,   79.841147,62,26
2,"REIDSVILLE",SIF,   36.437222,      79.851,62,26
2,"REIDSVILLE",6A5,      36.324,   79.709333,62,26
2,"RUFFIN",38NC,   36.476015,   79.595432,62,26
2,"ADVANCE",30NC,   36.048611,   80.456944,62,27
2,"CLEMMONS",NC32,   36.025833,   80.436389,62,27
2,"LEWISVILLE",08NC,   36.067637,   80.465612,62,27
2,"OAK RIDGE",N83,   36.195136,   80.005317,62,27
2,"WALNUT COVE",13NR,     36.2975,   80.161667,62,27
2,"WALNUT COVE",7NC7,   36.346804,   80.173659,62,27
2,"WALNUT COVE",N63,   36.301526,   80.148379,62,27
2,"WINSTON SALEM",NC63,   36.135137,   80.184769,62,27
2,"WINSTON SALEM",INT,   36.133714,   80.221988,62,27
2,"BOONVILLE",26NC,   36.222914,   80.715621,62,28
2,"BOONVILLE",3NC1,   36.205414,   80.658397,62,28
2,"ELKIN",ZEF,       36.28,   80.786056,62,28
2,"HAMPTONVILLE",75NR,   36.092014,   80.788975,62,28
2,"JONESVILLE",78A,   36.202356,   80.868127,62,28
2,"MOUNT AIRY",MWK,   36.461362,    80.55321,62,28
2,"YADKINVILLE",80C,   36.060514,     80.6901,62,28
2,"YADKINVILLE",NC42,   36.067361,   80.701111,62,28
2,"BAILEYTON",71TN,   36.383333,   80.736667,62,28
2,"JEFFERSON",GEV,   36.432472,     81.4185,62,29
2,"JEFFERSON",NC50,   36.460126,   81.361487,62,29
2,"NORTH WILKESBORO",UKF,   36.223602,   81.098606,62,29
2,"BANNER ELK",NC06,   36.160403,    81.89678,62,30
2,"BOONE",NC14,   36.196795,    81.63955,62,30
2,"MOUNTAIN CITY",6A4,   36.417833,   81.825139,62,30
2,"BRISTOL/JOHNSON/KINGSPORT",TRI,   36.475208,   82.407415,62,31
2,"ELIZABETHTON",0A9,   36.371558,   82.172724,62,31
2,"GRAY",93TN,   36.361389,   82.451111,62,31
2,"JOHNSON CITY",0A4,   36.363717,   82.309026,62,31
2,"JOHNSON CITY",5TN2,   36.374519,   82.389914,62,31
2,"JONESBOROUGH",5TN5,   36.333889,   82.480278,62,31
2,"CHUCKEY",04TN,   36.183333,   82.678889,62,32
2,"FALL BRANCH",20TN,   36.363667,   82.590667,62,32
2,"FALL BRANCH",65TN,   36.334167,   82.661667,62,32
2,"GREENEVILLE",GCY,   36.195722,   82.811361,62,32
2,"GREENVILLE",4TN5,   36.150833,     82.6325,62,32
2,"JONESBOROUGH",97TN,     36.2775,   82.586667,62,32
2,"JONESBOROUGH",17TN,   36.299444,   82.604167,62,32
2,"MOSHEIM",8TN4,   36.244722,   82.968889,62,32
2,"ROGERSVILLE",RVN,   36.457583,   82.885028,62,32
2,"TELFORD",TN02,   36.208733,   82.539567,62,32
2,"BEAN STATION",40TN,   36.347471,   83.267349,62,33
2,"MORRISTOWN",MOR,   36.179389,   83.375444,62,33
2,"ROGERSVILLE",1TN2,   36.445925,   83.112392,62,33
2,"BLAINE",98TN,     36.1425,   83.604167,62,34
2,"BLAINE",4TN0,   36.151944,   83.732778,62,34
2,"DANDRIDGE",86TN,   36.015001,   83.547485,62,34
2,"SHARPS CHAPEL",TN10,   36.338969,   83.778801,62,34
2,"SHARPS CHAPEL",TN13,   36.328333,   83.825556,62,34
2,"TAZEWELL",3A2,   36.408896,   83.557186,62,34
2,"JACKSBORO",JAU,   36.334089,   84.162965,62,35
2,"KNOXVILLE",TN94,   36.001111,   84.074444,62,35
2,"LAFOLLETTE",TN44,   36.346667,   84.012222,62,35
2,"NORRIS",0TN6,   36.183412,   84.099086,62,35
2,"OLIVER SPRINGS",TN08,   36.037578,    84.30687,62,35
2,"JAMESTOWN",2A1,   36.349694,   84.946639,62,36
2,"ONEIDA",SCX,   36.455694,    84.58575,62,36
2,"COOKEVILLE",TN80,   36.233394,   85.426362,62,37
2,"LIVINGSTON",8A3,     36.4135,   85.310444,62,37
2,"MAYLAND",TN56,   36.072289,   85.113851,62,37
2,"COOKEVILLE",4TN6,   36.247183,   85.511583,62,38
2,"COOKEVILLE",5TN9,    36.11395,   85.594979,62,38
2,"DOWELLTOWN",2TN8,   36.024722,   85.949167,62,38
2,"GAINESBORO",1A7,   36.396817,   85.641325,62,38
2,"SPARTA",SRB,   36.056738,   85.530106,62,38
2,"GALLATIN",XNX,   36.375083,   86.408417,62,39
2,"LEBANON",1TN0,   36.246686,   86.303333,62,39
2,"LEBANON",TN96,   36.041172,   86.358325,62,39
2,"LEBANON",10TN,   36.071944,   86.354444,62,39
2,"LEBANON",M54,   36.190411,    86.31569,62,39
2,"LEBANON",TN26,     36.0575,     86.3955,62,39
2,"LEBANON",9TN9,   36.019444,   86.288056,62,39
2,"NASHVILLE",JWN,   36.183022,   86.886495,62,40
2,"NASHVILLE",BNA,   36.124475,   86.678181,62,40
2,"NASHVILLE",TN79,   36.172279,   86.959724,62,40
2,"SMYRNA",MQY,    36.00897,    86.52009,62,40
2,"SPRINGFIELD",9TN4,   36.457667,      86.946,62,40
2,"SPRINGFIELD",8TN5,   36.486025,      86.911,62,40
2,"BURNS",6TN9,   36.061389,   87.247222,62,41
2,"CHAPMANSBORO",TN77,   36.321833,   87.150667,62,41
2,"CLARKSVILLE",19TN,   36.499444,   87.190278,62,41
2,"CLARKSVILLE",36TN,      36.477,   87.139833,62,41
2,"CLARKSVILLE",TN23,   36.494444,   87.321944,62,41
2,"DICKSON",M02,   36.127957,    87.42984,62,41
2,"PLEASANTVIEW",7TN0,   36.435556,   87.091389,62,41
2,"PLEASANTVIEW",6TN1,   36.405278,   87.082222,62,41
2,"DOVER",8TN7,   36.400833,   87.991667,62,42
2,"MC KINNON",M93,   36.316722,   87.916696,62,42
2,"WAVERLY",0M5,   36.116611,   87.738167,62,42
2,"BIG SANDY",39TN,   36.279722,   88.043611,62,43
2,"CAMDEN",0M4,   36.009542,   88.124728,62,43
2,"CAMDEN",9TN2,   36.163889,   88.205278,62,43
2,"HUNTINGDON",HZD,   36.089297,   88.463299,62,43
2,"PARIS",PHT,   36.335944,   88.384444,62,43
2,"PARIS",42TN,   36.411944,   88.265556,62,43
2,"PARIS",50TN,     36.2166,   88.209678,62,43
2,"DRESDEN",3TN3,   36.263333,   88.757222,62,44
2,"UNION CITY",UCY,   36.379744,   88.985704,62,44
2,"TIPTONVILLE",0M2,   36.475333,   89.346306,62,45
2,"CARUTHERSVILLE",M05,   36.169111,   89.676472,62,46
2,"GIDEON",M85,   36.443756,   89.903838,62,46
2,"HAYTI",M28,    36.22425,   89.728833,62,46
2,"PORTAGEVILLE",3MO4,   36.450619,   89.628135,62,46
2,"STEELE",M12,   36.095611,   89.859472,62,46
2,"PARAGOULD",3AR9,   36.055214,    90.36685,62,47
2,"PIGGOTT",7M7,   36.378206,   90.166242,62,47
2,"POLLARD",AR93,   36.485614,    90.28038,62,47
2,"RECTOR",7M8,   36.250063,   90.319546,62,47
2,"CAMPBELL",34M,   36.486056,   90.015694,62,47
2,"HORNERSVILLE",37M,   36.041997,   90.149134,62,47
2,"KENNETT",TKX,   36.225862,   90.036641,62,47
2,"CORNING",4M9,   36.404231,   90.647926,62,48
2,"PARAGOULD",PGR,   36.063806,   90.509194,62,48
2,"POCAHONTAS",M70,     36.2455,   90.955222,62,48
2,"WALNUT RIDGE",ARG,   36.124667,   90.925111,62,48
2,"ASH FLAT",CVK,   36.264889,   91.562667,62,50
2,"HORSESHOE BEND",6M2,   36.221361,   91.755474,62,50
2,"MELBOURNE",42A,   36.070972,   91.830139,62,50
2,"SAGE",2AR2,   36.015183,   91.796617,62,50
2,"SALEM",7M9,   36.355908,   91.830955,62,50
2,"CALICO ROCK",37T,   36.164528,   92.144472,62,51
2,"HENDERSON",75AR,   36.296178,   92.215989,62,51
2,"MOUNTAIN HOME",BPK,   36.368943,    92.47052,62,51
2,"MOUNTAIN HOME",76AR,   36.349667,   92.450556,62,51
2,"COTTER",61AR,   36.308401,   92.530718,62,52
2,"FLIPPIN",FLP,   36.290889,    92.59025,62,52
2,"FLIPPIN",6AR9,   36.415278,   92.694444,62,52
2,"FLIPPIN",45AR,    36.36725,   92.640222,62,52
2,"LAKEVIEW",3M0,   36.349056,   92.555806,62,52
2,"OAKLAND",8AR1,   36.489444,   92.642222,62,52
2,"HARRISON",HRO,   36.261521,   93.154729,62,53
2,"HARRISON",3AR2,   36.320067,   93.201567,62,53
2,"PONCA",37AR,   36.052361,   93.367325,62,53
2,"BERRYVILLE",4M1,   36.381333,   93.624556,62,54
2,"BERRYVILLE",17A,    36.32825,   93.622214,62,54
2,"BUSCH",62AR,   36.464814,   93.869283,62,54
2,"EUREKA SPRINGS",18AR,   36.344167,   93.831667,62,54
2,"EUREKA SPRINGS",7AR0,   36.431444,   93.699306,62,54
2,"EUREKA SPRINGS",55AR,   36.429722,   93.695556,62,54
2,"GARFIELD",40AR,   36.396572,   93.909786,62,54
2,"HUNTSVILLE",H34,   36.078056,   93.755028,62,54
2,"KINGSTON",05AR,   36.000633,    93.57025,62,54
2,"MARBLE",1AR4,   36.162222,   93.607222,62,54
2,"BENTONVILLE",VBT,    36.34525,   94.219336,62,55
2,"BENTONVILLE",58AR,   36.405833,   94.175278,62,55
2,"CAVE SPRINGS",6AR1,   36.277908,     94.1966,62,55
2,"CENTERTON",2AR5,   36.383056,   94.293889,62,55
2,"DECATUR",5M5,   36.343611,   94.444833,62,55
2,"FAYETTEVILLE",FYV,   36.005083,   94.170056,62,55
2,"FAYETTEVILLE",67AR,   36.097778,     94.3075,62,55
2,"FAYETTEVILLE/SPRINGDALE/ROGERS",XNA,   36.281579,   94.307766,62,55
2,"GRAVETTE",AR09,   36.413889,   94.438889,62,55
2,"LOWELL",AR91,   36.225909,   94.032144,62,55
2,"LOWELL",3AR7,   36.264739,   94.165417,62,55
2,"ROGERS",AR11,   36.288889,   94.090278,62,55
2,"ROGERS",ROG,   36.372417,   94.106972,62,55
2,"SILOAM SPRINGS",SLG,   36.191861,       94.49,62,55
2,"SILOAM SPRINGS",38AR,   36.118828,   94.468214,62,55
2,"SPRINGDALE",ASG,   36.176389,    94.11925,62,55
2,"GENTRY",1AR5,   36.299444,   94.584722,62,56
2,"DISNEY",OK95,   36.488971,   94.958292,62,56
2,"JAY",62OK,   36.339247,     94.9204,62,56
2,"ADAIR",OK18,   36.423417,   95.171067,62,57
2,"CLAREMORE",GCM,   36.292722,   95.479611,62,57
2,"INOLA",O18,   36.143987,   95.417749,62,57
2,"LANGLEY",OK30,   36.491751,   95.050241,62,57
2,"PEGGS",67OK,   36.033149,   95.078014,62,57
2,"PRYOR",OK21,   36.333427,   95.304413,62,57
2,"PRYOR",H71,   36.225389,   95.330056,62,57
2,"TAHLEQUAH",6OK1,   36.001481,   95.003014,62,57
2,"VINITA",5OK3,    36.48842,   95.143855,62,57
2,"CLAREMORE",95OK,   36.267594,     95.6307,62,58
2,"CLAREMORE",OK20,   36.383403,     95.6495,62,58
2,"CLAREMORE",K11,   36.218167,   95.651889,62,58
2,"COLLINSVILLE",OK93,   36.333427,   95.883601,62,58
2,"COLLINSVILLE",OK58,   36.397315,    95.90499,62,58
2,"COLLINSVILLE",09OK,   36.354539,   95.863883,62,58
2,"COLLINSVILLE",OK94,   36.354576,   95.803222,62,58
2,"INOLA",0K6,   36.179347,   95.580275,62,58
2,"INOLA",55OK,   36.223987,   95.578311,62,58
2,"OOLAGAH",OK15,   36.376111,   95.705278,62,58
2,"OOLOGAH",OK37,   36.469536,   95.667756,62,58
2,"OWASSO",O38,   36.266763,   95.783596,62,58
2,"TULSA",1H6,   36.138917,   95.825056,62,58
2,"TULSA",RVS,   36.039584,   95.984595,62,58
2,"TULSA",TUL,   36.198389,   95.888111,62,58
2,"VERA",OK01,   36.428981,   95.903322,62,58
2,"AVANT",98OK,   36.489167,   96.052778,62,59
2,"CLEVELAND",95F,   36.284167,   96.463333,62,59
2,"HOMINY",H92,    36.44275,   96.387222,62,59
2,"SAND SPRINGS",3OK7,   36.241752,   96.134172,62,59
2,"SAND SPRINGS",3OK8,   36.116749,   96.233618,62,59
2,"SAND SPRINGS",OWP,   36.175278,   96.151833,62,59
2,"SANDSPRINGS",00OK,   36.198918,   96.217682,62,59
2,"SAPULPA",03OK,   36.041197,   96.161389,62,59
2,"SKIATOOK",OL19,   36.415278,   96.056111,62,59
2,"SKIATOOK",2F6,   36.355148,   96.010728,62,59
2,"SPERRY",79OK,   36.313675,   96.085706,62,59
2,"WESTPORT",4F1,   36.221417,     96.3465,62,59
2,"JENNINGS",0OK9,   36.213398,   96.636972,62,60
2,"OILTON",40OK,   36.116067,   96.538075,62,60
2,"PAWNEE",H97,   36.377311,   96.805208,62,60
2,"STILLWATER",6OK9,   36.141556,   96.943194,62,60
2,"PERRY",F22,   36.385611,   97.277222,62,61
2,"PERRY",OL12,   36.421667,   97.161667,62,61
2,"STILLWATER",88OK,   36.193381,   97.090731,62,61
2,"STILLWATER",SWO,   36.161389,   97.085889,62,61
2,"DOVER",35OK,   36.053997,   97.842358,62,62
2,"ENID",WDG,   36.375944,   97.789417,62,62
2,"ENID",END,   36.339806,   97.917239,62,62
2,"FAIRMONT",1OK,   36.365236,   97.667842,62,62
2,"HENESSEY",9OK8,   36.075609,   97.906167,62,62
2,"HENNESSEY",4OK0,   36.161544,   97.861949,62,62
2,"HENNESSEY",OK51,   36.104204,   97.937002,62,62
2,"HENNESSEY",34OK,   36.046992,   97.874903,62,62
2,"HENNESSEY",OK56,   36.068103,   97.849714,62,62
2,"HENNESSEY",OK48,   36.155364,   97.848344,62,62
2,"CARRIER",8OK4,   36.442222,   98.103889,62,63
2,"CLEO SPRINGS",OL25,   36.402778,     98.4525,62,63
2,"DRUMMOND",OK99,   36.288278,   98.023111,62,63
2,"FAIRVIEW",6K4,   36.291194,   98.475806,62,63
2,"MENO",4O7,   36.372167,   98.178444,62,63
2,"MENO",6OK3,   36.358947,   98.143872,62,63
2,"OKEENE",O65,   36.112537,   98.308683,62,63
2,"OKEENE",8OK0,   36.068333,   98.289167,62,63
2,"CHESTER",OK72,   36.212717,   98.903292,62,64
2,"SEILING",1S4,   36.155361,   98.933694,62,64
2,"MOORELAND",MDF,   36.484767,   99.194167,62,65
2,"VICI",5O1,   36.141056,   99.303361,62,65
2,"GAGE",GAG,   36.295972,   99.775735,62,66
2,"WOODWARD",WWR,      36.438,   99.522667,62,66
2,"BOOKER",TS79,   36.324061,   100.39661,62,67
2,"BOOKER",TS78,     36.3917,   100.46875,62,67
2,"DARROUZETT",TX38,   36.379479,   100.34319,62,67
2,"FOLLETT",T93,   36.440806,   100.12381,62,67
2,"HIGGINS",1X1,   36.105903,   100.02571,62,67
2,"PERRYTON",PYX,   36.412918,   100.75158,62,68
2,"GRUVER",E19,   36.233726,   101.43219,62,69
2,"SPEARMAN",E42,      36.221,    101.1945,62,69
2,"SUNRAY",X43,   36.029202,   101.82878,62,70
2,"DALHART",25TS,   36.091699,   102.41575,62,71
2,"STRATFORD",H70,   36.345639,   102.04925,62,71
2,"DALHART",DHT,   36.022472,   102.54739,62,72
2,"TEXLINE",TA13,   36.256419,   102.87048,62,72
2,"CLAYTON",CAO,   36.446278,   103.14994,62,73
2,"SPRINGER",S42,   36.331522,   104.61785,62,76
2,"ANGEL FIRE",AXX,      36.422,   105.28991,62,77
2,"TAOS",SKX,   36.451694,   105.67308,62,78
2,"ESPANOLA",E14,   36.026119,   106.04541,62,79
2,"GAVILAN",NM99,   36.427131,   107.00083,62,81
2,"LINDRITH",E32,   36.291406,   107.05615,62,81
2,"GALLUP",NM27,   36.422503,   108.86148,62,84
2,"CHINLE",E91,   36.109306,   109.57547,62,86
2,"KAYENTA",38AZ,   36.471736,    110.4179,62,87
2,"ROCKY RIDGE",50AZ,   36.059722,   110.58819,62,88
2,"TUBA CITY",T03,   36.092639,   111.38308,62,89
2,"WHITMORE",1Z1,     36.2565,   113.23089,62,93
2,"MEADVIEW",L25,   36.093222,   114.04672,62,95
2,"TEMPLE BAR",U30,   36.020444,   114.33492,62,95
2,"OVERTON",0L9,   36.311028,   114.46389,62,95
2,"LAS VEGAS",LAS,   36.080044,   115.15223,62,97
2,"LAS VEGAS",LSV,     36.2362,   115.03426,62,97
2,"LAS VEGAS",VGT,   36.210703,   115.19444,62,97
2,"PAHRUMP",NV98,   36.150278,   115.89972,62,98
2,"PAHRUMP",74P,   36.272059,   115.99526,62,98
2,"PAHRUMP",NV00,   36.255517,   115.99253,62,98
2,"DEATH VALLEY JUNCTION",70CL,   36.295789,   116.42587,62,99
2,"DEATH VALLEY NATIONAL PARK",L06,     36.4605,   116.87981,62,100
2,"KENNEDY MEADOWS",68CN,   36.022166,   118.09536,62,103
2,"SPRINGVILLE",CA44,   36.149948,   118.80232,62,104
2,"EXETER",CN63,   36.242478,   119.14942,62,105
2,"PORTERVILLE",PTV,   36.029583,   119.06272,62,105
2,"STRATHMORE",1Q1,   36.162389,   119.05064,62,105
2,"TULARE",TLR,   36.156583,   119.32656,62,105
2,"VISALIA",D86,   36.447917,   119.31872,62,105
2,"VISALIA",VIS,   36.318639,   119.39286,62,105
2,"WOODLAKE",O42,   36.398778,   119.10681,62,105
2,"CORCORAN",24CL,   36.088672,   119.54163,62,106
2,"CORCORAN",43CN,   36.102639,   119.59467,62,106
2,"HANFORD",HJO,   36.316722,   119.62767,62,106
2,"LEMOORE",NLC,   36.333127,   119.95216,62,106
2,"LEMOORE",32CA,   36.333284,   119.82514,62,106
2,"LEMOORE",CN15,   36.368164,   119.78499,62,106
2,"STRATFORD",CA49,   36.204118,   119.84097,62,106
2,"STRATFORD",CA05,   36.160229,   119.81346,62,106
2,"STRATFORD",12CL,   36.156896,   119.84958,62,106
2,"STRATFORD",36CA,   36.131897,   119.98569,62,106
2,"STRATFORD",92CA,   36.120785,   119.88847,62,106
2,"COALINGA",3O8,   36.248111,   120.23847,62,107
2,"COALINGA",C80,   36.162111,   120.29483,62,107
2,"FIVE POINTS",5CA7,   36.336063,   120.24737,62,107
2,"SAN ARDO",CA88,   36.026076,   120.90768,62,108
2,"GREENFIELD",3CA7,   36.328299,   121.18659,62,109
2,"KING CITY",KIC,   36.228556,   121.12131,62,109
2,"SOLEDAD",3CA9,   36.363298,   121.31021,62,109
2,"FENTRESS",NFE,   36.692036,   76.134564,63,19
2,"NORFOLK",CPK,   36.665611,   76.320667,63,19
2,"NORFOLK",PVG,   36.780765,    76.45128,63,19
2,"NORFOLK",ORF,   36.894604,   76.201229,63,19
2,"NORFOLK",NGU,   36.937468,   76.289278,63,19
2,"VIRGINIA BEACH",NTU,   36.822742,   76.031897,63,19
2,"VIRGINIA BEACH",42VA,   36.678904,   76.032776,63,19
2,"GATES",9NC4,   36.509444,   76.664167,63,20
2,"FRANKLIN",FKN,   36.700296,   76.902136,63,20
2,"HOLLAND",2VA8,   36.683762,   76.829959,63,20
2,"HOLLAND",62VA,   36.669873,   76.728567,63,20
2,"SUFFOLK",SFQ,   36.682888,   76.599623,63,20
2,"WHALEYVILLE",VG37,   36.589318,   76.638008,63,20
2,"WINDSOR",3VA8,    36.85626,   76.682178,63,20
2,"SEABOARD",45NC,   36.528056,   77.454722,63,21
2,"BOYKINS",VG28,   36.549041,   77.191356,63,21
2,"EMPORIA",EMV,   36.686861,    77.48275,63,21
2,"WAKEFIELD",AKQ,   36.987222,   77.001139,63,21
2,"LAWRENCEVILLE",LVL,   36.772833,    77.79425,63,22
2,"MACON",NC10,   36.541813,   78.058048,63,23
2,"PASCHALL",70NC,   36.544589,    78.14805,63,23
2,"BOYDTON",3VG4,   36.734008,   78.408189,63,23
2,"BOYDTON",23VG,   36.709722,   78.428056,63,23
2,"CHASE CITY",1VA8,   36.861944,   78.411111,63,23
2,"CHASE CITY",VA25,   36.764308,   78.360553,63,23
2,"KENBRIDGE",W31,   36.960403,   78.185111,63,23
2,"SOUTH HILL",AVC,   36.688278,   78.054472,63,23
2,"ALTON",00VA,      36.576,   78.999167,63,24
2,"CHASE CITY",CXE,   36.788336,   78.501554,63,24
2,"CLARKSVILLE",W63,    36.59575,   78.560139,63,24
2,"CLARKSVILLE",VG34,   36.584586,   78.500832,63,24
2,"CLOVER",07VA,   36.819584,   78.783062,63,24
2,"SOUTH BOSTON",1VA7,   36.665973,   78.722505,63,24
2,"SOUTH BOSTON",W78,   36.709372,   78.848337,63,24
2,"DANVILLE",95VA,   36.623194,   79.355855,63,25
2,"DANVILLE",DAN,   36.572472,    79.33625,63,25
2,"HALIFAX",33VA,   36.784304,   79.049736,63,25
2,"SOUTH BOSTON",3VG9,   36.701944,   79.133889,63,25
2,"MARTINSVILLE",VA12,   36.646804,   79.796981,63,26
2,"MARTINSVILLE",6VA2,   36.741804,   79.847815,63,26
2,"RIDGEWAY",VA02,   36.585416,   79.893929,63,26
2,"ROCKY MOUNT",VG58,   36.945333,   79.796667,63,26
2,"ROCKY MOUNT",VG40,   36.886822,   79.863925,63,26
2,"ROCKY MOUNT",0VA4,    36.95014,   79.879478,63,26
2,"LAWSONVILLE",NR94,   36.523067,   80.277625,63,27
2,"CRITZ",VA27,    36.55986,   80.137826,63,27
2,"FLOYD",09VA,   36.976518,   80.493944,63,27
2,"FLOYD",VA06,   36.994296,   80.454496,63,27
2,"HILLSVILLE",00VI,   36.663333,     80.4995,63,27
2,"MARTINSVILLE",MTV,    36.63075,   80.018333,63,27
2,"MARTINSVILLE",VA72,   36.600138,   80.038656,63,27
2,"PATRICK SPRINGS",VG16,   36.625136,   80.170603,63,27
2,"STUART",1VA1,   36.736132,   80.445407,63,27
2,"WOOLWINE",6VA9,   36.842634,   80.238382,63,27
2,"GALAX",25VG,     36.6356,     80.9139,63,28
2,"GALAX HILLSVILLE",HLX,   36.766111,    80.82356,63,28
2,"HILLSVILLE",57VA,    36.71915,   80.547314,63,28
2,"SPARTA",3NC7,   36.519295,   81.136753,63,29
2,"MARION/WYTHEVILLE",MKJ,   36.894861,   81.349944,63,29
2,"ABINGDON",32VA,   36.677778,   81.928722,63,30
2,"CHILHOWIE",VA11,   36.807893,    81.70123,63,30
2,"BRISTOL",1TN9,   36.503817,   82.181789,63,31
2,"KINGSPORT",3TN0,      36.535,   82.423889,63,31
2,"ABINGDON",VJI,   36.687103,   82.033327,63,31
2,"ST. PAUL",19VA,   36.889722,   82.297778,63,31
2,"CHURCH HILL",77TN,   36.509167,   82.681667,63,32
2,"CHURCH HILL",45TN,   36.506667,   82.711667,63,32
2,"WISE",LNP,   36.987518,   82.529997,63,32
2,"HARLAN",I35,   36.859331,   83.358474,63,33
2,"SNEEDVILLE",TN11,   36.501477,   83.255454,63,33
2,"JONESVILLE",0VG,   36.654083,   83.217833,63,33
2,"MIDDLESBORO",1A6,    36.61025,   83.737306,63,34
2,"PINE KNOT",18I,   36.695389,     84.3915,63,35
2,"WILLIAMSBURG",72KY,   36.765083,   84.199379,63,35
2,"WILLIAMSBURG",BYL,   36.794999,   84.199517,63,35
2,"BURNSIDE",08KY,   36.973089,   84.626036,63,36
2,"MONTICELLO",EKQ,   36.855278,   84.856139,63,36
2,"FOUNTAIN RUN",6KY4,   36.753333,   85.953889,63,38
2,"FOUNTAIN RUN",2KT4,   36.797028,   85.966944,63,38
2,"GLASGOW",4KY1,   36.894369,   85.775519,63,38
2,"TOMPKINSVILLE",TZV,   36.729028,   85.652389,63,38
2,"BOWLING GREEN",BWG,   36.964528,   86.419667,63,39
2,"BOWLING GREEN",0KY5,     36.8125,      86.375,63,39
2,"BOWLING GREEN",2KY3,   36.834722,   86.458333,63,39
2,"LAFAYETTE",3M7,   36.520028,   86.058056,63,39
2,"PORTLAND",1M5,   36.592861,   86.476917,63,39
2,"WESTMORELAND",38TN,   36.625278,   86.273333,63,39
2,"AUBURN",34KY,   36.911353,    86.78555,63,40
2,"FRANKLIN",0KY1,   36.765722,   86.617436,63,40
2,"FRANKLIN",8KY3,   36.728056,   86.725556,63,40
2,"FRANKLIN",35KY,   36.711152,   86.636107,63,40
2,"RUSSELLVILLE",4M7,   36.799611,   86.810917,63,40
2,"SPRINGFIELD",3TN9,   36.613333,   86.810278,63,40
2,"SPRINGFIELD",M91,   36.536694,   86.921167,63,40
2,"ELKTON",5KY4,   36.802133,   87.176721,63,41
2,"FORT CAMPBELL/HOPKINSVILLE",HOP,   36.672956,    87.49182,63,41
2,"HOPKINSVILLE",HVC,   36.856972,   87.455083,63,41
2,"CLARKSVILLE",95TN,   36.526583,   87.172806,63,41
2,"CLARKSVILLE",CKV,   36.621861,   87.414944,63,41
2,"CLARKSVILLE",TN53,   36.555882,   87.448344,63,41
2,"FORT CAMPBELL(CLARKSVILLE)",EOD,   36.567653,   87.481458,63,41
2,"CADIZ",1M9,   36.817801,   87.907517,63,42
2,"CADIZ",5KY5,   36.862549,   87.790293,63,42
2,"BENTON",42KY,   36.776443,   88.222255,63,43
2,"MURRAY",28KY,   36.575889,   88.313372,63,43
2,"MURRAY",CEY,   36.664581,   88.372776,63,43
2,"MURRAY",54KY,   36.731111,   88.247222,63,43
2,"CLINTON",0KY7,   36.636111,   88.998611,63,44
2,"CUNNINGHAM",74KY,   36.898667,   88.846724,63,44
2,"FULTON",1M7,   36.525639,   88.917833,63,44
2,"MAYFIELD",M25,   36.769639,   88.584667,63,44
2,"CHARLESTON",CHQ,   36.842137,   89.359658,63,45
2,"EAST PRAIRIE",MO57,   36.707001,   89.466742,63,45
2,"DEXTER",DXE,   36.775417,    89.94125,63,46
2,"MALDEN",MU04,    36.58978,   89.920089,63,46
2,"MALDEN",MAW,   36.598205,   89.992548,63,46
2,"MATTHEWS",65MO,   36.732825,   89.582128,63,46
2,"NEW MADRID",EIW,   36.535306,   89.599722,63,46
2,"SIKESTON",SIK,   36.898889,    89.56175,63,46
2,"DUDLEY",MO54,   36.781998,   90.088986,63,47
2,"POPLAR BLUFF",MO67,   36.711167,   90.313995,63,47
2,"POPLAR BLUFF",POF,   36.773944,   90.324861,63,47
2,"POPLAR BLUFF",MU88,      36.858,   90.399758,63,47
2,"DONIPHAN",X33,   36.693861,   90.784472,63,48
2,"FAIRDEALING",MO58,    36.65839,   90.640395,63,48
2,"GRANDIN",1MO6,   36.836165,   90.722342,63,48
2,"WILLIAMSVILLE",79MO,   36.986667,   90.543333,63,48
2,"WILLIAMSVILLE",MO73,   36.987552,   90.558449,63,48
2,"MOUNTAIN VIEW",MNF,   36.992833,   91.714472,63,50
2,"THAYER",42M,   36.522326,   91.572519,63,50
2,"WEST PLAINS",88MO,   36.701727,   91.802648,63,50
2,"WEST PLAINS",94MO,   36.805336,   91.881261,63,50
2,"WEST PLAINS",UNO,   36.878423,   91.902674,63,50
2,"WILLOW SPRINGS",1H5,   36.989618,   91.954076,63,50
2,"GAINESVILLE",H27,   36.613828,   92.399597,63,51
2,"GAINESVILLE",11MU,   36.657916,   92.465579,63,51
2,"GAINESVILLE",MU48,   36.648395,   92.220435,63,51
2,"AVA",MO77,   36.975054,   92.542666,63,52
2,"AVA",AOV,   36.971887,   92.681946,63,52
2,"THEODOSIA",MO56,   36.514231,   92.640166,63,52
2,"THEODOSIA",26MO,   36.613394,   92.784614,63,52
2,"BRANSON",BBG,   36.532083,   93.200544,63,53
2,"BRANSON",PLK,   36.625928,   93.228923,63,53
2,"BRANSON WEST",FWB,     36.6985,    93.40225,63,53
2,"CEDARCREEK",MU24,   36.571731,   93.036843,63,53
2,"KIMBERLING CITY",MO64,   36.609786,   93.444631,63,53
2,"KIRBYVILLE",MO65,   36.583397,   93.102956,63,53
2,"OZARK",18MO,   36.962554,   93.170737,63,53
2,"OZARK",MU70,   36.995054,   93.138792,63,53
2,"AURORA",2H2,   36.962306,   93.695333,63,54
2,"CASSVILLE",94K,   36.697417,   93.900528,63,54
2,"EAGLE ROCK",MU98,   36.518056,   93.684222,63,54
2,"GOLDEN",MO04,   36.561814,   93.639264,63,54
2,"GOLDEN",MO32,   36.529411,   93.676969,63,54
2,"MONETT",56MO,   36.970893,   93.924097,63,54
2,"PURDY",MU41,     36.7952,   93.899517,63,54
2,"SHELL KNOB",MO06,   36.622378,   93.539942,63,54
2,"SHELL KNOB",21MU,   36.564925,   93.509633,63,54
2,"SHELL KNOB",MO00,   36.592218,   93.663815,63,54
2,"ANDERSON",MO13,   36.640433,   94.489347,63,55
2,"GRANBY",44MU,   36.908056,       94.31,63,55
2,"MONETT",HFJ,   36.906222,    94.01275,63,55
2,"NEOSHO",EOS,   36.810806,   94.391694,63,55
2,"PINEVILLE",7MO3,   36.600073,   94.350213,63,55
2,"JOPLIN",MO49,   36.970278,   94.576667,63,56
2,"AFTON",3O9,   36.577577,     94.8619,63,56
2,"FAIRLAND",69OK,   36.728684,   94.850512,63,56
2,"GROVE",GMJ,   36.606778,   94.738556,63,56
2,"MIAMI",MIO,   36.909222,     94.8875,63,56
2,"MIAMI",70OK,   36.833675,   94.904119,63,56
2,"CHELSEA",OK78,   36.559107,   95.431694,63,57
2,"KETCHUM",1K8,   36.546361,   95.013528,63,57
2,"SOUTH COFFEYVILLE",OK88,   36.914456,   95.463297,63,57
2,"VINITA",2OK6,   36.724167,   95.342056,63,57
2,"VINITA",H04,   36.614616,   95.151695,63,57
2,"VINTA",OK05,   36.782556,   95.413167,63,57
2,"BARTLESVILLE",9OK3,   36.703701,   95.840538,63,58
2,"NOWATA",H66,   36.720922,   95.625256,63,58
2,"SOUTH COFFEYVILLE",45OK,   36.912583,   95.603033,63,58
2,"TALALA",OK42,   36.578567,   95.686553,63,58
2,"BARTLESVILLE",BVO,   36.763361,   96.011194,63,59
2,"BARTLESVILLE",0OK2,   36.610556,   96.098056,63,59
2,"PAWHUSKA",H76,   36.671726,   96.405569,63,59
2,"PONCA CITY",27OK,   36.742258,   96.963925,63,60
2,"BLACKWELL",BKN,   36.745111,   97.349583,63,61
2,"BLACKWELL",6OK6,   36.795865,   97.316988,63,61
2,"PONCA CITY",PNC,   36.731917,   97.099778,63,61
2,"PONCA CITY",OK49,   36.650039,   97.016982,63,61
2,"KREMLIN",OK66,   36.556698,   97.833668,63,62
2,"LAMONT",02OK,   36.618889,      97.535,63,62
2,"MEDFORD",O53,   36.790584,   97.748997,63,62
2,"POND CREEK",48OK,   36.723333,       97.61,63,62
2,"POND CREEK",2K1,    36.66253,   97.808666,63,62
2,"CARRIER",OK71,   36.503744,   98.008839,63,63
2,"CHEROKEE",4O5,   36.788308,   98.358431,63,63
2,"CHEROKEE",CKA,    36.73569,    98.12361,63,63
2,"MANCHESTER",OK46,   36.958915,   98.075341,63,63
2,"MANCHESTER",OK47,   36.941693,   98.017006,63,63
2,"ALVA",AVK,   36.773367,   98.670187,63,64
2,"ALVA",OK43,   36.530589,    98.63675,63,64
2,"ALVA",OK14,   36.835222,   98.657722,63,64
2,"WAYNOKA",1K5,     36.5713,   98.854664,63,64
2,"ALVA",OK54,   36.996696,   99.004823,63,65
2,"BUFFALO",96OK,   36.848889,   99.456667,63,65
2,"FREEDOM",K77,   36.758494,   99.102011,63,65
2,"MOORELAND",35OL,   36.633089,   99.151212,63,65
2,"BUFFALO",BFK,   36.863301,   99.618731,63,66
2,"FORGAN",OK39,   36.966694,   100.31709,63,67
2,"BEAVER",K44,   36.797948,   100.52691,63,68
2,"BEAVER",3OK6,   36.736667,   100.58889,63,68
2,"HOOKER",O45,   36.857083,   101.22709,63,69
2,"GUYMON",GUY,   36.684155,   101.50697,63,70
2,"TEXHOMA",K49,   36.505611,   101.81367,63,70
2,"KERRICK",5TE4,   36.508359,   102.39213,63,71
2,"BOISE CITY",17K,   36.774306,   102.51044,63,72
2,"CLAYTON",NM14,   36.979139,    103.1985,63,73
2,"RATON",RTN,   36.742439,   104.50173,63,76
2,"QUESTA",N24,   36.800306,    105.5975,63,78
2,"TAOS",NM03,   36.662139,   105.72021,63,78
2,"ENSENADA",NM48,   36.730569,   106.49503,63,79
2,"CHAMA",NM16,   36.866679,   106.56726,63,80
2,"CHAMA",NM24,   36.921679,   106.56031,63,80
2,"DULCE",24N,   36.828535,   106.88419,63,80
2,"NAVAJO DAM",1V0,   36.808291,   107.65261,63,82
2,"AZTEC",N19,   36.836949,   108.02866,63,83
2,"FARMINGTON",FMN,    36.74125,   108.22994,63,83
2,"SHIPROCK",5V5,   36.697665,   108.70097,63,84
2,"KAYENTA",0V7,   36.716444,   110.22844,63,87
2,"PAGE",PGA,   36.926069,   111.44835,63,89
2,"MARBLE CANYON",AZ03,   36.734431,   111.75266,63,90
2,"MARBLE CANYON",L41,   36.810806,   111.64444,63,90
2,"PAGE",44AZ,    36.93193,   111.96962,63,90
2,"COLORADO CITY",AZC,   36.959944,   113.01389,63,93
2,"MESQUITE",67L,   36.833139,   114.05589,63,95
2,"OVERTON",U08,   36.568111,   114.44333,63,95
2,"INDIAN SPRINGS",INS,   36.586344,   115.67737,63,98
2,"MERCURY",NV65,   36.619944,   116.03228,63,99
2,"MERCURY",NV11,   36.945786,   116.03781,63,99
2,"BEATTY",BTY,   36.861139,   116.78639,63,100
2,"DEATH VALLEY NATIONAL PARK",L09,   36.603833,   117.15922,63,101
2,"INDEPENDENCE",2O7,   36.816372,   118.20493,63,103
2,"LONE PINE",O26,   36.588694,   118.04939,63,103
2,"DUNLAP",77CL,   36.717726,   119.13706,63,105
2,"REEDLEY",42CN,   36.709116,   119.40485,63,105
2,"REEDLEY",CA13,   36.606895,   119.46346,63,105
2,"REEDLEY",O32,      36.671,   119.45103,63,105
2,"SANGER",9CA7,   36.771861,   119.44516,63,105
2,"CARUTHERS",65CL,   36.514394,   119.76403,63,106
2,"CLOVIS",CL24,    36.84995,   119.51013,63,106
2,"DEL REY",0CA0,   36.652744,   119.58711,63,106
2,"FOWLER",11CA,   36.673283,   119.72153,63,106
2,"FRESNO",FCH,   36.732124,   119.82033,63,106
2,"FRESNO",FAT,   36.776556,   119.71883,63,106
2,"FRESNO",E79,   36.840167,   119.86939,63,106
2,"SELMA",CA40,   36.521339,   119.67013,63,106
2,"SELMA",CA41,   36.583284,   119.63986,63,106
2,"SELMA",0Q4,   36.581001,   119.65698,63,106
2,"FIREBAUGH",F34,   36.859989,   120.46447,63,107
2,"MADERA",49CL,   36.905502,   120.17739,63,107
2,"MADERA",MAE,   36.986507,   120.11263,63,107
2,"MENDOTA",M90,   36.758611,   120.37139,63,107
2,"SAN JOAQUIN",CA32,   36.583284,   120.25099,63,107
2,"DOS PALOS",28CA,   36.962447,   120.63018,63,108
2,"DOS PALOS",CL01,   36.899948,   120.66768,63,108
2,"FIREBAUGH",CN22,   36.706521,   120.86003,63,108
2,"HOLLISTER",9CL2,    36.87162,   121.33715,63,109
2,"HOLLISTER",1C9,   36.952833,   121.46264,63,109
2,"HOLLISTER",CVH,   36.893347,   121.41027,63,109
2,"MARINA",OAR,   36.681528,   121.76167,63,110
2,"MONTEREY",MRY,   36.586952,   121.84278,63,110
2,"SALINAS",SNS,   36.662787,   121.60637,63,110
2,"WATSONVILLE",CA66,   36.906064,   121.84301,63,110
2,"WATSONVILLE",WVI,   36.935722,   121.78964,63,110
2,"CAPE CHARLES",VG33,   37.154586,   75.956874,64,18
2,"CAPE CHARLES",VG30,   37.227084,   75.976876,64,18
2,"CAPE CHARLES",VG09,   37.227778,   75.983333,64,18
2,"CHERITON",24VA,   37.288193,   75.999655,64,18
2,"CHERITON",21VA,   37.303194,   75.934931,64,18
2,"MACHIPONGO",3VG2,   37.388333,     75.8925,64,18
2,"WEIRWOOD",9VG,   37.458469,   75.878819,64,18
2,"CAPE CHARLES",VG39,   37.220833,     76.0075,64,19
2,"GLOUCESTER COURT HOUSE",0VA9,   37.447361,   76.453837,64,19
2,"HAMPTON",LFI,   37.082886,   76.360539,64,19
2,"MATHEWS",5VG2,   37.454436,   76.372192,64,19
2,"MATHEWS",9VA1,   37.405416,   76.388279,64,19
2,"NEWPORT NEWS",PHF,   37.131889,   76.492972,64,19
2,"FORT EUSTIS",FAF,   37.132609,   76.608936,64,20
2,"GLOUCESTER",92VA,   37.344722,   76.564444,64,20
2,"IVOR",VA56,   37.003483,   76.827459,64,20
2,"SMITHFIELD",31VA,   37.023759,   76.588565,64,20
2,"SURRY",VA33,   37.044317,    76.76825,64,20
2,"SURRY",2VA2,   37.145982,   76.789959,64,20
2,"WILLIAMSBURG",W94,   37.312794,   76.638217,64,20
2,"WILLIAMSBURG",JGG,   37.239175,   76.716096,64,20
2,"CHARLES CITY",VA05,   37.338656,   77.197806,64,21
2,"HOPEWELL",VG42,   37.252361,   77.152667,64,21
2,"MATOACA",VA73,   37.244595,   77.494153,64,21
2,"RICHMOND",4VA3,    37.42987,   77.394426,64,21
2,"AMELIA COURT HOUSE",2VA3,   37.316828,    77.86655,64,22
2,"BLACKSTONE",BKT,   37.074767,   77.956598,64,22
2,"PETERSBURG",PTB,   37.184302,   77.506175,64,22
2,"RICHMOND",FCI,   37.406444,   77.524833,64,22
2,"CREWE",W81,   37.181012,   78.098475,64,23
2,"FARMVILLE",VA34,   37.283485,   78.449718,64,23
2,"FARMVILLE",FVX,   37.357528,   78.437806,64,23
2,"FARMVILLE",05VA,   37.224167,   78.418611,64,23
2,"APPOMATTOX",94VA,   37.263056,   78.849444,64,24
2,"APPOMATTOX",10VA,   37.386256,   78.813069,64,24
2,"CONCORD",VA24,    37.41431,   78.964186,64,24
2,"CULLEN",VA28,   37.121259,   78.643613,64,24
2,"FARMVILLE",14VG,   37.168056,   78.500833,64,24
2,"KEYSVILLE",VG01,   37.062372,   78.561694,64,24
2,"REDHOUSE",7VA5,   37.189034,   78.829733,64,24
2,"BEDFORD",20VG,   37.288683,   79.446917,64,25
2,"BEDFORD",91VA,   37.327642,   79.404751,64,25
2,"BROOKNEAL",0V4,   37.141722,   79.016389,64,25
2,"FOREST",W90,   37.271728,     79.3359,64,25
2,"LYNCHBURG",W24,   37.377921,   79.122245,64,25
2,"LYNCHBURG",LYH,   37.325389,   79.201222,64,25
2,"RUSTBURG",VA13,   37.265422,   79.042798,64,25
2,"BEDFORD",0VA1,   37.233476,   79.585309,64,26
2,"BEDFORD",VG25,   37.348473,   79.571978,64,26
2,"BURNT CHIMNEY",70VA,   37.075418,   79.827255,64,26
2,"FINCASTLE",VA04,   37.492076,   79.928654,64,26
2,"MONETA",VA68,   37.118754,   79.602808,64,26
2,"MONETA",2VA0,   37.112643,   79.609197,64,26
2,"MONETA",W91,   37.107722,   79.592472,64,26
2,"ROANOKE",ROA,   37.325472,   79.975417,64,26
2,"ROCKY MOUNT",81VA,   37.118056,   79.788611,64,26
2,"ROCKY MOUNT",VG53,   37.043611,   79.801389,64,26
2,"BLACKSBURG",VA10,   37.280131,   80.301436,64,27
2,"BLACKSBURG",BCB,   37.209387,    80.41209,64,27
2,"NEW CASTLE",VA85,   37.483463,   80.099769,64,27
2,"SALEM",6VA4,   37.284857,   80.069762,64,27
2,"DUBLIN",PSK,   37.137345,   80.678482,64,28
2,"TAZEWELL",VA07,   37.095672,   81.369271,64,29
2,"BLUEFIELD",BLF,   37.295948,   81.207519,64,29
2,"RICHLANDS",JFZ,    37.06375,   81.798278,64,30
2,"WELCH",I25,   37.416781,   81.528994,64,30
2,"BELCHER",57KY,   37.369444,   82.324167,64,31
2,"CLINTWOOD",VA75,   37.065361,   82.444167,64,31
2,"CHAVIES",44KY,   37.352593,   83.342402,64,33
2,"HAZARD",CPF,   37.387361,   83.261611,64,33
2,"ANNVILLE",1KT9,   37.311833,   83.942633,64,34
2,"LONDON",LOZ,   37.086889,   84.077389,64,35
2,"LONDON",9KY4,   37.023742,   84.122056,64,35
2,"SOMERSET",SME,   37.053583,   84.615639,64,36
2,"SOMERSET",68KY,   37.023333,   84.729722,64,36
2,"STANFORD",00KY,   37.409444,   84.619722,64,36
2,"CAMPBELLSVILLE",AAS,   37.358278,   85.309417,64,37
2,"COLUMBIA",I96,    37.08534,   85.347184,64,37
2,"JAMESTOWN",K24,   37.009694,    85.10275,64,37
2,"LIBERTY",53KT,   37.308556,   85.059111,64,37
2,"GLASGOW",GLW,   37.031778,    85.95375,64,38
2,"HISEVILLE",04KY,   37.135054,   85.789416,64,38
2,"CUB RUN",69KY,      37.327,   86.154756,64,39
2,"LEITCHFIELD",M20,    37.39975,   86.261278,64,39
2,"HARTFORD",JQD,   37.458556,   86.849833,64,40
2,"GREENVILLE",M21,   37.226222,   87.156389,64,41
2,"MADISONVILLE",2I0,   37.355927,    87.39822,64,41
2,"SACRAMENTO",80KY,   37.396156,   87.235552,64,41
2,"SACRAMENTO",17KY,   37.393934,   87.258886,64,41
2,"DAWSON SPRINGS",8M7,   37.185917,      87.675,64,42
2,"PRINCETON",2M0,   37.115132,   87.857082,64,42
2,"PROVIDENCE",8M9,   37.424111,   87.735972,64,42
2,"ROSICLARE",95IL,   37.486161,    88.40004,64,43
2,"BURNA",23KY,   37.230833,   88.318611,64,43
2,"CALVERT CITY",M34,   37.009791,   88.299403,64,43
2,"MARION",5M9,   37.336272,   88.109725,64,43
2,"METROPOLIS",M30,   37.182944,   88.750667,64,44
2,"PADUCAH",PAH,   37.060288,   88.772959,64,44
2,"CAIRO",CIR,   37.064139,   89.219528,64,45
2,"CAIRO",92IL,   37.038939,    89.32091,64,45
2,"DONGOLA",6IL5,   37.386439,   89.160356,64,45
2,"CAPE GIRARDEAU",CGI,   37.225306,    89.57075,64,46
2,"JACKSON",1MU7,   37.465328,   89.612041,64,46
2,"MILLERSVILLE",0MU8,   37.438662,   89.758986,64,46
2,"CENTERVILLE",MO96,   37.416159,   90.963457,64,48
2,"PIEDMONT",PYN,   37.126137,   90.713529,64,48
2,"VAN BUREN",MO72,   37.038975,   90.858567,64,48
2,"ELLINGTON",93MO,   37.203281,   91.123312,64,49
2,"ROUND SPRING",MU34,   37.336213,    91.39374,64,49
2,"VAN BUREN",MO5,   37.009389,   91.006889,64,49
2,"HOUSTON",M48,   37.330222,   91.973167,64,50
2,"HOUSTON",MU25,   37.437823,   91.949322,64,50
2,"CABOOL",TVB,   37.132444,   92.083972,64,51
2,"HOUSTON",6MO3,   37.349167,   92.128333,64,51
2,"LYNCHBURG",78MO,   37.456557,   92.404131,64,51
2,"MOUNTAIN GROVE",1MO,   37.120861,   92.310107,64,51
2,"MOUNTAIN GROVE",MO80,   37.160607,   92.323496,64,51
2,"MANSFIELD",03B,   37.126778,   92.621611,64,52
2,"MARSHFIELD",MO85,   37.251716,   92.833784,64,52
2,"SEYMOUR",H58,    37.18405,   92.737053,64,52
2,"ELKLAND",MU63,   37.435044,   93.066849,64,53
2,"FAIR GROVE",MO68,   37.405322,   93.099628,64,53
2,"FAIR GROVE",MO14,   37.422778,   93.208611,64,53
2,"FAIR GROVE",0MU9,   37.337789,   93.164078,64,53
2,"OZARK",MO66,   37.058989,   93.145297,64,53
2,"OZARK",6MO7,   37.029219,   93.166848,64,53
2,"ROGERSVILLE",MO18,   37.122754,   93.092132,64,53
2,"ROGERSVILLE",MO31,   37.050006,   93.072856,64,53
2,"SPARTA",9MO5,     37.0625,   93.098403,64,53
2,"SPRINGFIELD",MU12,   37.140327,   93.215462,64,53
2,"SPRINGFIELD",3DW,   37.222706,   93.248349,64,53
2,"SPRINGFIELD",MO2,    37.17515,   93.128933,64,53
2,"SPRINGFIELD",39MO,   37.118661,   93.204906,64,53
2,"SPRINGFIELD",SGF,   37.245667,   93.388639,64,53
2,"STRAFFORD",MO01,   37.250047,   93.106014,64,53
2,"WILLARD",2MO1,   37.320046,   93.419916,64,53
2,"WILLARD",09MO,   37.378378,   93.363248,64,53
2,"WILLARD",41MO,   37.360879,   93.495753,64,53
2,"EVERTON",MO34,   37.359722,     93.6625,64,54
2,"LOCKWOOD",MO95,   37.393949,   93.959968,64,54
2,"LOCKWOOD",MU27,   37.468101,   93.929382,64,54
2,"MILLER",MO9,   37.229813,   93.930208,64,54
2,"MOUNT VERNON",2MO,    37.06839,    93.88493,64,54
2,"MOUNT VERNON",77MO,   37.090333,   93.769372,64,54
2,"REPUBLIC",1MU0,   37.166719,   93.562698,64,54
2,"ALBA",00MO,   37.202835,   94.412448,64,55
2,"AVILLA",0MU1,   37.246667,   94.173889,64,55
2,"CARTHAGE",MO33,   37.129226,   94.253831,64,55
2,"CARTHAGE",2MO8,   37.135059,   94.364112,64,55
2,"CARTHAGE",2MO6,   37.231517,   94.311281,64,55
2,"CARTHAGE",3MO5,   37.128115,   94.216111,64,55
2,"CARTHAGE",27MO,   37.193889,   94.224167,64,55
2,"CARTHAGE",80MO,   37.276536,   94.351897,64,55
2,"GOLDEN CITY",7MO7,   37.399742,   94.209594,64,55
2,"JASPER",78MU,   37.296443,   94.195221,64,55
2,"JASPER",08MO,   37.395606,   94.283836,64,55
2,"JOPLIN",JLN,   37.153168,   94.498808,64,55
2,"LAMAR",LLU,   37.485972,      94.312,64,55
2,"BAXTER SPRINGS",78KS,   37.016733,   94.800228,64,56
2,"PITTSBURG",PTS,   37.450056,   94.731222,64,56
2,"CARL JUNCTION",25MO,   37.185833,   94.551111,64,56
2,"CARL JUNCTION",MO22,   37.191667,   94.549722,64,56
2,"ALTAMONT",3KS8,   37.256149,   95.334049,64,57
2,"ERIE",11KS,   37.461172,   95.241944,64,57
2,"GALESBURG",36KS,   37.475371,   95.343644,64,57
2,"OSWEGO",K67,   37.159389,     95.0415,64,57
2,"PARSONS",8KS5,   37.316728,    95.28025,64,57
2,"PARSONS",50KS,   37.378264,   95.339783,64,57
2,"PARSONS",39KS,   37.298143,   95.262931,64,57
2,"PARSONS",0KS8,   37.381572,   95.375894,64,57
2,"COFFEYVILLE",CFV,      37.094,      95.572,64,58
2,"ELK CITY",05KS,   37.266172,    95.95915,64,58
2,"INDEPENDENCE",16KS,   37.223492,   95.598331,64,58
2,"INDEPENDENCE",IDP,   37.157926,    95.77895,64,58
2,"INDEPENDENCE",66KS,   37.163889,   95.872222,64,58
2,"NEODESHA",2K7,   37.435364,   95.646119,64,58
2,"PARSONS",PPF,   37.330814,   95.506175,64,58
2,"MOLINE",2K6,   37.380917,   96.271111,64,59
2,"SEDAN",61K,   37.148385,    96.18527,64,59
2,"ARKANSAS CITY",3KS2,   37.060469,   96.998711,64,60
2,"WINFILED",00FD,   37.255011,   96.960372,64,60
2,"BELLE PLAINE",SN10,   37.395671,   97.209847,64,61
2,"BELLE PLAINE",SN32,   37.425553,   97.269956,64,61
2,"DOUGLASS",SN52,   37.479201,   97.012639,64,61
2,"OXFORD",55K,   37.269108,   97.093354,64,61
2,"UDALL",18KS,   37.370856,   97.107261,64,61
2,"UDALL",3KS3,   37.403156,   97.194278,64,61
2,"WELLINGTON",EGT,   37.324996,   97.388356,64,61
2,"WINFIELD/ARKANSAS CITY",WLD,   37.168611,   97.037528,64,61
2,"ARGONIA",2K8,   37.275367,    97.75875,64,62
2,"CALDWELL",01K,   37.036611,   97.585556,64,62
2,"CONWAY SPRINGS",SN36,   37.426408,   97.637828,64,62
2,"HARPER",SN70,   37.251409,   97.954504,64,62
2,"NORWICH",49K,   37.455574,   97.833665,64,62
2,"ANTHONY",ANY,   37.158528,   98.079639,64,63
2,"HARPER",5KS3,   37.279464,   98.018116,64,63
2,"HARPER",8K2,   37.278186,   98.043478,64,63
2,"KIOWA",42KS,    37.01069,   98.454528,64,63
2,"KIOWA",4KS,   37.045164,   98.570181,64,64
2,"MEDICINE LODGE",99KS,   37.409325,   98.649392,64,64
2,"MEDICINE LODGE",K51,   37.266017,   98.548069,64,64
2,"COLDWATER",3K8,   37.222861,   99.332028,64,65
2,"ASHLAND",K58,   37.166694,   99.775128,64,66
2,"MINNEOLA",75KS,   37.386558,   99.866142,64,66
2,"FOWLER",18K,   37.384278,   100.18619,64,67
2,"MEADE",SN12,   37.363912,   100.47126,64,67
2,"MEADE",MEJ,   37.278675,   100.35646,64,67
2,"MINNEOLA",SN94,   37.466689,   100.00041,64,67
2,"MINNEOLA",04KS,   37.398547,   100.03709,64,67
2,"LIBERAL",LBL,   37.043917,   100.95997,64,68
2,"MONTEZUMA",98KS,   37.449503,   100.50645,64,68
2,"PLAINS",2KS5,   37.270855,   100.58793,64,68
2,"SATANTA",SN98,   37.420831,   100.94211,64,68
2,"SATANTA",1K9,   37.456667,   100.98461,64,68
2,"SUBLETTE",19S,   37.496861,   100.83292,64,68
2,"HUGOTON",HQG,   37.163083,   101.37053,64,69
2,"MOSCOW",SN97,   37.326413,   101.19766,64,69
2,"ELKHART",EHA,   37.000778,   101.88003,64,70
2,"WALSH",4CO3,   37.391683,   102.27963,64,71
2,"SPRINGFIELD",8V7,   37.458722,     102.618,64,72
2,"BRANSON",06CO,   37.387514,   103.69106,64,74
2,"TRINIDAD",TAD,   37.259224,   104.34086,64,75
2,"TRINIDAD",0CD5,   37.490472,   104.14408,64,75
2,"FORT GARLAND",CO92,    37.46434,   105.40652,64,77
2,"SAN LUIS",33CO,      37.065,   105.46361,64,77
2,"STONEWALL",3CO4,   37.070853,   105.01861,64,77
2,"ALAMOSA",CO14,   37.421944,   105.66611,64,78
2,"ALAMOSA",CO83,   37.484444,   105.74639,64,78
2,"ALAMOSA",2CO2,   37.477822,    105.6158,64,78
2,"ALAMOSA",ALS,   37.435125,   105.86788,64,78
2,"BLANCA",05V,   37.411119,   105.55168,64,78
2,"PAGOSA SPRINGS",PSO,   37.286249,   107.05601,64,81
2,"DURANGO",00C,   37.203178,    107.8692,64,82
2,"DURANGO",DRO,   37.151528,   107.75378,64,82
2,"CORTEZ",CEZ,      37.303,   108.62806,64,84
2,"CORTEZ",CO27,   37.467769,   108.66454,64,84
2,"BLUFF",66V,      37.255,   109.63303,64,86
2,"MEXICAN HAT",03UT,   37.120834,   109.98596,64,86
2,"MONUMENT VALLEY",UT25,   37.016667,   110.20068,64,87
2,"HALLS CROSSING",U96,   37.435306,   110.56428,64,88
2,"NAVAJO MOUNTAIN TRDNG POST",04UT,    37.00833,   110.79514,64,88
2,"BIG WATER",22UT,   37.025156,   111.62975,64,90
2,"KANAB",UT30,   37.342481,   112.22353,64,91
2,"ALTON",UT24,   37.493314,   112.64549,64,92
2,"ALTON",UT00,   37.472203,   112.62216,64,92
2,"KANAB",KNB,   37.010511,   112.53148,64,92
2,"HURRICANE",1L8,   37.140246,   113.30605,64,93
2,"HURRICANE",UT47,   37.101928,   113.31384,64,93
2,"LEEDS",UT54,   37.253315,   113.33412,64,93
2,"NEW HARMONY",2UT5,     37.4474,    113.2476,64,93
2,"ST GEORGE",SGU,   37.036378,    113.5103,64,94
2,"ALAMO",L92,   37.363434,   115.19549,64,97
2,"MERCURY",L23,   37.102727,   116.31338,64,99
2,"GOLDFIELD",0L4,   37.491889,   117.18842,64,101
2,"BISHOP",BIH,   37.373111,   118.36361,64,103
2,"AUBERRY",5CL9,   37.141333,   119.50792,64,106
2,"MADERA",77CA,   37.120779,   119.98794,64,106
2,"MARIPOSA",5CL0,   37.340497,   119.86211,64,106
2,"RAYMOND",0CL0,   37.118003,   119.91321,64,106
2,"CHOWCHILLA",67CA,   37.072722,   120.37823,64,107
2,"CHOWCHILLA",2O6,   37.113278,     120.247,64,107
2,"MERCED",15CL,   37.342718,   120.40352,64,107
2,"PLANADA",CA03,    37.34994,   120.29407,64,107
2,"ATWATER",MER,   37.380484,   120.56819,64,108
2,"DELHI",0CN1,   37.452178,   120.76476,64,108
2,"GUSTINE",3O1,   37.260556,   120.96425,64,108
2,"HILMAR",CL84,    37.38827,   120.92743,64,108
2,"LOS BANOS",LSN,   37.063889,   120.86986,64,108
2,"MERCED",MCE,    37.28475,   120.51392,64,108
2,"TURLOCK",9CL0,   37.470768,   120.84409,64,108
2,"TURLOCK",O15,   37.484028,   120.69733,64,108
2,"CROWS LANDING",CA93,   37.407991,   121.10938,64,109
2,"SAN JOSE",SJC,   37.362995,   121.92862,64,110
2,"SAN JOSE",RHV,   37.332861,   121.81981,64,110
2,"SAN MARTIN",E16,   37.081583,   121.59681,64,110
2,"DAVENPORT",17CL,   37.088003,   122.27358,64,111
2,"MOUNTAIN VIEW",NUQ,   37.416142,   122.04913,64,111
2,"PALO ALTO",PAO,   37.461111,   122.11506,64,111
2,"SANTA CRUZ",CL77,   37.070504,   122.12747,64,111
2,"WALLOPS ISLAND",WAL,   37.940194,   75.466389,65,17
2,"ATLANTIC",4VA6,    37.88068,   75.506037,65,18
2,"BLOXOM",VG56,   37.808333,   75.602778,65,18
2,"MELFA",MFV,   37.646879,   75.761045,65,18
2,"NEW CHURCH",VG19,   37.990679,   75.591871,65,18
2,"ONANCOCK",VA91,   37.704853,   75.726596,65,18
2,"ONANCOCK",VA92,   37.723889,   75.786111,65,18
2,"ONLEY",VG20,   37.675131,   75.709929,65,18
2,"PAINTER",VA20,   37.567593,    75.79386,65,18
2,"PAINTER",53VG,   37.613889,   75.801111,65,18
2,"PARKSLEY",9VA3,   37.762906,   75.571872,65,18
2,"TANGIER",TGI,   37.825865,   75.997663,65,18
2,"WITHAMS",VA41,   37.934569,   75.609927,65,18
2,"BURGESS",3VG3,   37.936108,   76.348608,65,19
2,"EDWARDSVILLE",2VA1,   37.895964,   76.355225,65,19
2,"KILMARNOCK",VA08,   37.717079,   76.358835,65,19
2,"REEDVILLE",VA99,   37.905962,     76.2905,65,19
2,"REEDVILLE",VA98,   37.828186,   76.273277,65,19
2,"REIDVILLE",6VA0,   37.818743,   76.317723,65,19
2,"SALUDA",W75,   37.602271,   76.446729,65,19
2,"SALUDA",2VA6,   37.623752,   76.601065,65,20
2,"TAPPAHANNOCK",XSA,   37.859611,   76.894111,65,20
2,"URBANNA",2VA5,   37.630696,   76.564953,65,20
2,"WARSAW",3VA4,   37.857637,   76.735792,65,20
2,"WARSAW",VG29,   37.970111,   76.708667,65,20
2,"WARSAW",2VG8,   37.872222,   76.731111,65,20
2,"WEST POINT",VG64,     37.5615,   76.852528,65,20
2,"WEST POINT",FYJ,   37.521361,    76.76275,65,20
2,"ASHLAND",VG24,   37.781809,   77.493872,65,21
2,"AYLETT",25VA,   37.821583,   77.112639,65,21
2,"HANOVER",VA50,   37.715142,   77.302478,65,21
2,"MANQUIN",0VI1,   37.688889,   77.101389,65,21
2,"MANQUIN",0VA3,   37.698754,    77.09525,65,21
2,"QUINTON",W96,    37.50343,    77.12656,65,21
2,"RICHMOND",4VA8,   37.613756,   77.295811,65,21
2,"RICHMOND",5VA4,   37.721589,    77.22034,65,21
2,"RICHMOND",RIC,   37.505181,   77.319739,65,21
2,"RICHMOND/ASHLAND",OFP,   37.708944,   77.436639,65,21
2,"ASHLAND",4VG2,   37.858056,   77.547222,65,22
2,"BUMPASS",7W4,   37.965819,   77.745903,65,22
2,"GOOCHLAND",VA44,   37.716812,   77.883884,65,22
2,"MINERAL",VA81,   37.945419,    77.89944,65,22
2,"POWHATAN",VA94,   37.535704,   77.891387,65,22
2,"RICHMOND",80VA,   37.791255,   77.824716,65,22
2,"RICHMOND",9VA6,   37.581399,   77.918771,65,22
2,"SABOT",1VA0,   37.629313,   77.747494,65,22
2,"CHARLOTTESVILLE",VA19,   37.954029,   78.369174,65,23
2,"COLUMBIA",46VA,   37.817467,   78.048547,65,23
2,"TABSCOTT",VG05,   37.879587,   78.057499,65,23
2,"ARRINGTON",4VA5,   37.659586,   78.922244,65,24
2,"BUCKINGHAM",8VA1,   37.544436,   78.587078,65,24
2,"BUCKINGHAM",23VA,   37.557089,   78.620008,65,24
2,"BUCKINHAM",8VA4,   37.672921,   78.703348,65,24
2,"CHARLOTTESVILLE",VA18,   37.968473,    78.68224,65,24
2,"LOVINGSTON",VA96,   37.825419,   78.731685,65,24
2,"LOVINGSTON",8VA6,   37.738196,   78.962246,65,24
2,"LOVINGSTON",1VA3,   37.658197,   78.945578,65,24
2,"LOVINGSTON",VG52,   37.839167,   78.821667,65,24
2,"NELLYSFORD",VG22,   37.878819,   78.893558,65,24
2,"SCOTTSVILLE",65VA,   37.844667,      78.547,65,24
2,"AMHERST",8VG4,   37.605306,   79.016361,65,25
2,"AMHERST",VG06,   37.725136,   79.083081,65,25
2,"AMHERST",93VA,   37.536253,   79.023356,65,25
2,"STEELES TAVERN",VA00,   37.928189,   79.178086,65,25
2,"CLIFTON FORGE",12VA,   37.788056,   79.767778,65,26
2,"EAGLE ROCK",44VA,    37.73124,   79.811159,65,26
2,"EAGLE ROCK",79VG,   37.665278,   79.812417,65,26
2,"FINCASTLE",VA83,   37.522354,   79.851987,65,26
2,"HOT SPRINGS",HSP,   37.951444,   79.833894,65,26
2,"IRON GATE",0VA2,   37.796518,   79.766714,65,26
2,"NATURAL BRIDGE STATION",5VG1,   37.615539,   79.505317,65,26
2,"LEWISBURG",LWB,   37.858307,   80.399483,65,27
2,"PENCE SPRINGS",WV77,   37.679565,   80.710358,65,28
2,"RAINELLE",WV30,   37.948729,   80.716476,65,28
2,"UNION",2WV5,   37.545833,   80.533889,65,28
2,"BECKLEY",BKW,   37.787333,   81.124167,65,29
2,"CORINNE",WV09,   37.558726,   81.350657,65,29
2,"LOGAN",6L4,   37.855686,   81.915883,65,30
2,"PINEVILLE",I16,   37.600444,   81.559278,65,30
2,"WILLIAMSON",EBD,   37.681764,   82.122067,65,31
2,"PAINTSVILLE",9KY9,   37.745929,   82.779049,65,32
2,"PIKEVILLE",PBX,   37.561811,   82.566432,65,32
2,"PRESTONSBURG",SJS,    37.75102,   82.636686,65,32
2,"JACKSON",JKL,   37.593861,    83.31725,65,33
2,"WEST LIBERTY",9I3,   37.914433,   83.251943,65,33
2,"STANTON",I50,    37.84981,   83.845833,65,34
2,"WINCHESTER",75KY,   37.944167,   83.997778,65,34
2,"BEREA",05KY,   37.535556,   84.407222,65,35
2,"RICHMOND",RGA,   37.631533,    84.33244,65,35
2,"RICHMOND",1KY7,     37.8325,   84.180833,65,35
2,"DANVILLE",99KY,   37.655556,   84.690278,65,36
2,"DANVILLE",DVK,   37.577575,   84.769498,65,36
2,"NICHOLASVILLE",79KY,   37.871278,   84.610528,65,36
2,"SALVISA",5KY8,   37.889722,   84.927778,65,36
2,"BARDSTOWN",BRY,   37.814333,   85.499639,65,37
2,"SPRINGFIELD",36KY,   37.655622,   85.153848,65,37
2,"SPRINGFIELD",6I2,   37.633477,   85.241838,65,37
2,"DEATSVILLE",59KY,   37.897839,   85.555234,65,38
2,"ELIZABETHTOWN",EKX,      37.686,   85.925028,65,38
2,"ELIZABETHTOWN",2KY4,      37.655,   85.813611,65,38
2,"FORT KNOX",FTK,   37.907065,   85.972036,65,38
2,"HODGENVILLE",21KY,    37.53756,   85.737461,65,38
2,"SHEPHERDSVILLE",4KY8,   37.945833,   85.696944,65,38
2,"VINE GROVE",70KY,   37.815901,   85.964685,65,38
2,"LACONIA",28II,   37.974655,   86.056216,65,39
2,"CLARKSON",66KY,   37.507556,   86.205528,65,39
2,"HARDINSBURG",I93,   37.784806,   86.441278,65,39
2,"MCDANIELS",20KT,   37.680639,   86.469319,65,39
2,"FALLS-OF-ROUGH",2I3,   37.609806,   86.507167,65,40
2,"LEWISPORT",KY8,   37.953194,   86.857167,65,40
2,"BOONVILLE",6II4,   37.982222,   87.298889,65,41
2,"CALHOUN",4KY4,     37.5925,   87.281111,65,41
2,"CALHOUN",96KY,   37.552222,   87.271389,65,41
2,"OWENSBORO",13KY,   37.705603,   87.156109,65,41
2,"OWENSBORO",OWB,   37.738834,   87.166829,65,41
2,"RUMSEY",94KY,   37.500556,   87.329444,65,41
2,"UTICA",33KY,    37.61227,    87.05694,65,41
2,"UTICA",3KY1,   37.641436,   87.131663,65,41
2,"MOUNT VERNON",II84,   37.931986,   87.771411,65,42
2,"MOUNT VERNON",22II,   37.916987,   87.761133,65,42
2,"MOUNT VERNON",0IN9,   37.993101,   87.951418,65,42
2,"MOUNT VERNON",IN23,   37.908376,   87.758355,65,42
2,"HENDERSON",03KY,   37.795904,    87.53879,65,42
2,"HENDERSON",EHR,   37.807833,   87.685694,65,42
2,"STURGIS",TWT,   37.541778,   87.954361,65,42
2,"HARRISBURG",HSB,   37.811256,    88.55026,65,44
2,"CARBONDALE/MURPHYSBORO",MDH,   37.778083,   89.252028,65,45
2,"GOREVILLE",16IS,   37.577828,    89.00924,65,45
2,"HURST",IL71,   37.819167,   89.152222,65,45
2,"MARION",MWA,   37.754972,   89.011083,65,45
2,"MURPHYSBORO",4IL8,   37.756319,   89.383306,65,45
2,"PINCKNEYVILLE",PJY,   37.977884,   89.360449,65,45
2,"ROYALTON",94IS,   37.901681,   89.140819,65,45
2,"PERRYVILLE",PCD,   37.868667,   89.862139,65,46
2,"FARMINGTON",FAM,   37.761028,   90.428611,65,47
2,"FARMINGTON",MU65,   37.769496,   90.465679,65,47
2,"FREDERICKTOWN",H88,   37.605639,   90.287472,65,47
2,"FREDERICKTOWN",MU22,   37.688678,   90.194267,65,47
2,"FREDERICKTOWN",32MO,    37.57672,    90.22595,65,47
2,"STE GENEVIEVE",6MO2,   37.986164,   90.033445,65,47
2,"BISMARCK",H57,   37.758806,   90.616806,65,48
2,"BISMARCK",MO81,   37.670883,   90.614846,65,48
2,"BONNE TERRE",1BT,   37.918981,   90.575203,65,48
2,"POTOSI",8WC,   37.929195,   90.731484,65,48
2,"VIBURNUM",MO84,   37.716713,   91.133467,65,49
2,"LENOX",13MO,   37.676431,   91.706541,65,50
2,"LICKING",6MU9,   37.534767,   91.965158,65,50
2,"ROLLA",36MO,   37.852819,   91.646819,65,50
2,"ROLLA",K07,   37.935652,   91.813547,65,50
2,"SALEM",K33,   37.615222,   91.604444,65,50
2,"ST. JAMES",96MU,   37.943411,   91.602133,65,50
2,"FORT LEONARD WOOD",TBN,   37.741639,   92.140722,65,51
2,"LEBANON",30MO,   37.645876,   92.494615,65,51
2,"RICHLAND",MO1,   37.874889,   92.408056,65,51
2,"WAYNESVILLE",MU78,   37.847964,   92.188933,65,51
2,"CAMDENTON",OZS,   37.973972,   92.691194,65,52
2,"CONWAY",MU57,   37.518574,   92.816926,65,52
2,"LEBANON",LBO,   37.648333,   92.652444,65,52
2,"BOLIVAR",M17,   37.596107,   93.347699,65,53
2,"BOLIVAR",MU19,   37.549169,   93.399747,65,53
2,"BUFFALO",H17,   37.654083,      93.087,65,53
2,"BUFFALO",97MO,   37.756705,   93.016298,65,53
2,"PITTSBURG",67MO,   37.810869,    93.36992,65,53
2,"EL DORADO SPRINGS",87K,   37.857139,   93.997639,65,54
2,"ROSCOE",28MO,   37.973921,   93.818824,65,54
2,"STOCKTON",MO3,   37.660278,   93.816833,65,54
2,"NEVADA",NVD,   37.852477,   94.304608,65,55
2,"ARMA",7KS3,   37.529214,   94.696072,65,56
2,"FORT SCOTT",FSK,   37.798361,   94.769361,65,56
2,"GIRARD",SN41,   37.504167,   94.826667,65,56
2,"HAMMOND",SN69,   37.931426,   94.642736,65,56
2,"CHANUTE",CNU,   37.667889,   95.486722,65,57
2,"GALESBURG",45KS,   37.525247,   95.374108,65,57
2,"IOLA",K88,   37.868222,   95.386944,65,57
2,"MORAN",74KS,   37.933369,     95.2172,65,57
2,"FREDONIA",1K7,   37.580694,   95.837111,65,58
2,"EUREKA",13K,   37.851611,   96.292028,65,59
2,"HAMILTON",8KS2,   37.938915,   96.230834,65,59
2,"SEVERY",2KS2,   37.655586,   96.290557,65,59
2,"AUGUSTA",20KS,   37.675851,    96.88531,65,60
2,"AUGUSTA",07KS,   37.734184,   96.936701,65,60
2,"AUGUSTA",77KS,   37.647486,   96.841453,65,60
2,"BEAUMONT",07S,   37.659304,   96.527692,65,60
2,"DOUGLAS",0KS9,   37.515561,   96.921604,65,60
2,"DOUGLASS",70KS,   37.581944,   96.945968,65,60
2,"EL DORADO",EQA,   37.774111,   96.817722,65,60
2,"EL DORADO",SN58,    37.87002,   96.646687,65,60
2,"EL DORADO",9K6,   37.800444,   96.799028,65,60
2,"ANDOVER",13KS,   37.697699,   97.109465,65,61
2,"AUGUSTA",3AU,   37.671639,   97.077861,65,61
2,"AUGUSTA",SN20,     37.7194,     97.0471,65,61
2,"AUGUSTA",SN18,   37.665706,   97.026047,65,61
2,"BENTON",1K1,   37.774444,   97.113222,65,61
2,"BENTON",SN46,   37.871906,   97.072197,65,61
2,"CLEARWATER",SN34,   37.575016,   97.491991,65,61
2,"DERBY",SN40,   37.523583,   97.202153,65,61
2,"DOUGLASS",60KS,   37.513909,   97.000314,65,61
2,"KECHI",SN16,   37.854946,   97.269362,65,61
2,"ROSE HILL",4KS7,   37.558908,   97.065038,65,61
2,"ROSE HILL",K50,   37.565505,   97.174598,65,61
2,"SEDGWICK",12KS,   37.937669,   97.493939,65,61
2,"VALLEY CENTER",3KS7,   37.828914,   97.349347,65,61
2,"VALLEY CENTER",46KS,   37.833408,   97.363267,65,61
2,"VALLEY CENTER",3KS5,   37.842643,   97.351381,65,61
2,"VALLEY CENTER",SN68,   37.879186,   97.309011,65,61
2,"WICHITA",BEC,   37.693917,   97.214917,65,61
2,"WICHITA",CEA,   37.648598,   97.250599,65,61
2,"WICHITA",AAO,   37.747583,   97.221111,65,61
2,"WICHITA",IAB,   37.623116,   97.267629,65,61
2,"WICHITA",44KS,   37.610968,   97.163734,65,61
2,"WICHITA",71K,   37.647694,   97.383694,65,61
2,"WICHITA",72K,   37.604222,   97.358861,65,61
2,"WICHITA",ICT,   37.649944,   97.433056,65,61
2,"WICHITA/MAIZE/",4KS5,   37.765568,   97.435879,65,61
2,"BENTLEY",7KS9,     37.8489,   97.510044,65,62
2,"BENTLEY",SN62,   37.874167,     97.5125,65,62
2,"BURRTON",SN08,   37.991678,   97.656434,65,62
2,"CHENEY",SN13,    37.65834,   97.774563,65,62
2,"CHENEY",0KS7,   37.700186,   97.887219,65,62
2,"GODDARD",SN64,   37.696653,   97.543931,65,62
2,"GODDARD",SN65,   37.594089,   97.615494,65,62
2,"GODDARD",SN61,   37.657247,   97.629872,65,62
2,"HUTCHINSON",SN51,   37.880372,   97.887806,65,62
2,"SOUTH HUTCHINSON",31KS,   37.993772,   97.926533,65,62
2,"VIOLA",24KS,   37.524328,   97.603186,65,62
2,"KINGMAN",9K8,   37.669016,   98.123892,65,63
2,"SYLVIA",SN95,   37.977514,   98.404239,65,63
2,"BYERS",SN48,   37.788215,   98.849522,65,64
2,"MACKSVILLE",94KS,   37.974935,   98.965896,65,64
2,"PRATT",PTT,   37.702528,      98.747,65,64
2,"STAFFORD",3TA,   37.958348,   98.650362,65,64
2,"GREENSBURG",9KS,     37.6227,   99.228378,65,65
2,"HAVILAND",SN63,   37.608351,   99.115662,65,65
2,"KINSLEY",33K,   37.908994,   99.403106,65,65
2,"BUCKLIN",8K0,   37.545694,   99.642167,65,66
2,"DODGE CITY",DDC,   37.763111,   99.965417,65,66
2,"JETMORE",K79,   37.984444,   99.894333,65,66
2,"CIMARRON",8K8,   37.832865,   100.34816,65,67
2,"MONTEZUMA",67KS,   37.587523,   100.43515,65,67
2,"MONTEZUMA",K17,   37.585667,   100.47014,65,67
2,"GARDEN CITY",GCK,   37.927528,   100.72442,65,68
2,"INGALLS",30K,   37.906861,   100.53142,65,68
2,"LAKIN",36K,   37.969444,   101.25558,65,69
2,"ULYSSES",3KS4,   37.770911,   101.43462,65,69
2,"ULYSSES",8KS0,   37.813236,   101.46489,65,69
2,"ULYSSES",3KS9,   37.727114,   101.19541,65,69
2,"ULYSSES",ULS,      37.604,   101.37356,65,69
2,"JOHNSON",JHN,   37.585389,   101.73231,65,70
2,"SYRACUSE",3K3,   37.998583,   101.74761,65,70
2,"TWO BUTTES",53CO,   37.553069,   102.39213,65,71
2,"COLORADO CITY",31CD,    37.86975,   104.78981,65,76
2,"PUEBLO",87CD,       37.99,   104.76111,65,76
2,"RYE",95CO,   37.868483,   104.83575,65,76
2,"WALSENBURG",CD48,   37.786389,   104.59367,65,76
2,"WALSENBURG",73CO,   37.755617,   104.64678,65,76
2,"WALSENBURG",4V1,   37.696604,    104.7848,65,76
2,"GARDNER",CO61,   37.842227,   105.21389,65,77
2,"LA VETA",07V,   37.523824,   105.00927,65,77
2,"CENTER",1V8,   37.784917,   106.04692,65,79
2,"DEL NORTE",RCV,   37.713784,   106.35202,65,79
2,"LA GARITA",5CO6,   37.811553,   106.31527,65,79
2,"MONTE VISTA",02CO,   37.643335,   106.04697,65,79
2,"MONTE VISTA",MVI,   37.528722,   106.04589,65,79
2,"MONTE VISTA",0CO9,   37.658334,   106.03391,65,79
2,"CREEDE",C24,   37.822167,   106.92989,65,80
2,"SOUTH FORK",CD10,   37.675003,   106.55615,65,80
2,"SOUTH FORK",CD69,    37.74028,    106.5256,65,80
2,"LAKE CITY",CD32,   37.909167,   107.35028,65,81
2,"TELLURIDE",TEX,   37.953806,   107.90875,65,82
2,"DOVE CREEK",8V6,    37.76475,   108.88864,65,84
2,"BLANDING",BDG,   37.583333,   109.48328,65,85
2,"MONTICELLO",U64,    37.93243,   109.34122,65,85
2,"FRY CANYON",UT74,   37.648333,   110.16694,65,87
2,"HANKSVILLE",UT03,   37.891655,   110.38403,65,87
2,"GLEN CANYON NATL REC AREA",U07,   37.545824,    110.7132,65,88
2,"ESCALANTE",1L7,   37.745361,   111.57017,65,90
2,"BRYCE CANYON",BCE,   37.706446,    112.1458,65,91
2,"HATCH",UT26,   37.584426,   112.39243,65,91
2,"PANGUITCH",U55,   37.845222,   112.39194,65,91
2,"PANGUITCH",UT17,     37.9322,   112.33187,65,91
2,"DUCK CREEK VILLAGE",2UT2,   37.528426,   112.66089,65,92
2,"PARAGONAH",UT15,   37.928585,   112.76883,65,92
2,"PAROWAN",1L9,   37.859639,   112.81586,65,92
2,"CEDAR CITY",CDC,   37.700972,   113.09886,65,93
2,"CEDAR CITY",UT80,   37.634697,   113.15939,65,93
2,"KANARRAVILLE",UT43,   37.636088,   113.24662,65,93
2,"LUND",UT28,   37.974969,    113.4633,65,93
2,"BERYL",UT82,   37.709972,    113.6458,65,94
2,"PANACA",1L1,   37.787417,   114.41989,65,95
2,"TONOPAH",TNX,   37.798868,   116.78075,65,100
2,"GOLDFIELD",NV50,   37.722059,   117.23637,65,101
2,"BISHOP",9CA6,   37.869097,   118.09511,65,103
2,"DYER",NV27,   37.716597,   118.08427,65,103
2,"DYER",2Q9,   37.609654,   118.00649,65,103
2,"MAMMOTH LAKES",MMH,   37.624056,   118.83875,65,104
2,"LEE VINING",O24,   37.957739,   119.10581,65,105
2,"GROVELAND",45CN,   37.880204,   120.19352,65,107
2,"GROVELAND",E45,   37.861667,   120.17856,65,107
2,"MARIPOSA",MPI,   37.510861,   120.03953,65,107
2,"SNELLING",34CN,   37.523547,   120.39769,65,107
2,"JAMESTOWN",08CL,   37.859649,   120.55437,65,108
2,"MODESTO",MOD,   37.625833,   120.95442,65,108
2,"OAKDALE",O27,   37.756333,   120.80019,65,108
2,"FARMINGTON",CN29,   37.935203,   121.01549,65,109
2,"MODESTO",CN44,   37.620472,   121.16297,65,109
2,"MODESTO",5CL3,   37.667985,   121.19855,65,109
2,"PATTERSON",CN99,   37.546444,   121.15858,65,109
2,"STOCKTON",6CL8,   37.950833,   121.24333,65,109
2,"STOCKTON",CN95,   37.993306,   121.49229,65,109
2,"STOCKTON",SCK,    37.89441,   121.23874,65,109
2,"TRACY",1Q4,   37.677778,   121.30119,65,109
2,"TRACY",CA74,   37.731326,   121.33559,65,109
2,"TRACY",TCY,   37.688896,   121.44158,65,109
2,"WESTLEY",CA67,   37.547987,   121.20494,65,109
2,"BRENTWOOD",4CA2,   37.946867,   121.64745,65,110
2,"BYRON",C83,   37.828444,   121.62583,65,110
2,"KNIGHTSEN",CN19,   37.935653,   121.61284,65,110
2,"LIVERMORE",LVK,   37.693389,   121.82036,65,110
2,"LIVERMORE",63CN,   37.661319,   121.69356,65,110
2,"CONCORD",CCR,   37.989657,    122.0569,65,111
2,"HAYWARD",HWD,   37.658929,   122.12174,65,111
2,"OAKLAND",OAK,    37.72125,   122.22114,65,111
2,"SAN CARLOS",SQL,   37.511861,   122.24953,65,111
2,"SAN FRANCISCO",SFO,   37.618806,   122.37542,65,111
2,"HALF MOON BAY",HAF,   37.513444,   122.50117,65,112
2,"BERLIN",4MD1,   38.368171,   75.230745,66,17
2,"BISHOPVILLE",4MD3,   38.439722,   75.159444,66,17
2,"OCEAN CITY",OXB,   38.310444,   75.123972,66,17
2,"PITTSVILLE",6MD8,   38.442089,   75.402958,66,17
2,"CRISFIELD",W41,   38.018167,   75.826861,66,18
2,"HEBRON",MD35,   38.434839,   75.651316,66,18
2,"MARDELA SPRINGS",MD80,   38.455383,   75.797167,66,18
2,"MARION",2MD0,   38.048734,    75.70354,66,18
2,"POCOMOKE",7MD7,     38.0004,   75.582981,66,18
2,"POCOMOKE CITY",MD57,   38.007067,   75.617427,66,18
2,"POCOMOKE CITY",MD00,   38.046233,   75.553258,66,18
2,"PRINCESS ANNE",5MD5,   38.196111,   75.709444,66,18
2,"PRINCESS ANNE",48MD,   38.149167,   75.662222,66,18
2,"SALISBURY",1N5,   38.412769,   75.616931,66,18
2,"SALISBURY",2MD4,   38.394561,   75.557423,66,18
2,"SALISBURY",SBY,   38.340189,   75.509478,66,18
2,"SALISBURY",11MD,   38.433333,   75.627778,66,18
2,"DAMERON",MD01,   38.143459,   76.356615,66,19
2,"DRAYDEN",3MD6,   38.189015,   76.446896,66,19
2,"LEXINGTON PARK",2MD6,   38.144016,   76.472175,66,19
2,"LUSBY",MD50,   38.361235,   76.405228,66,19
2,"LUSBY",4MD0,   38.374291,   76.483008,66,19
2,"PATUXENT RIVER",NHK,   38.286332,   76.409958,66,19
2,"RIDGE",3MD9,   38.118182,   76.391338,66,19
2,"ST INIGOES",NUI,      38.146,   76.428472,66,19
2,"CLEMENTS",4MD4,   38.340556,   76.737222,66,20
2,"CLEMENTS",2MD1,   38.308458,   76.724686,66,20
2,"COBB ISLAND",0MD2,   38.287906,    76.86747,66,20
2,"LEONARDTOWN",8MD7,   38.238611,   76.659722,66,20
2,"LEONARDTOWN",MD45,   38.230683,   76.628849,66,20
2,"LEONARDTOWN",2W6,   38.315361,   76.550111,66,20
2,"PRINCE FREDERICK",62MD,   38.488806,   76.643633,66,20
2,"TOMPKINSVILLE",MD06,   38.335405,   76.878581,66,20
2,"CALLAO",8VA2,   38.009019,   76.563011,66,20
2,"COLES POINT",VA23,   38.119018,   76.613569,66,20
2,"MONTROSS",1VG2,   38.127667,   76.689167,66,20
2,"LA PLATA",5MD8,   38.490955,   77.011641,66,21
2,"LA PLATA",MD97,   38.461512,   77.046364,66,21
2,"NANJEMOY",MD55,   38.397624,   77.186089,66,21
2,"RIVERSIDE",8MD6,   38.397069,   77.146922,66,21
2,"BOWLING GREEN",20VA,   38.082356,   77.488316,66,21
2,"DAHLGREN",NDY,   38.332878,   77.037011,66,21
2,"FORT A. P. HILL",APH,    38.06889,   77.318961,66,21
2,"FREDERICKSBURG",5VA5,   38.403458,   77.315814,66,21
2,"FREDERICKSBURG",VA42,   38.359211,   77.450508,66,21
2,"FREDERICKSBURG",EZF,   38.266222,   77.449389,66,21
2,"KING GEORGE",VA57,   38.248462,   77.219145,66,21
2,"OAK GROVE",11VG,   38.209444,   77.000556,66,21
2,"STAFFORD",1VA9,   38.432903,   77.470539,66,21
2,"STAFFORD",RMN,   38.398111,   77.455472,66,21
2,"CULPEPER",88VA,   38.374167,   77.991944,66,22
2,"CULPEPER",02VA,   38.435683,   77.857216,66,22
2,"LOUISA",LKU,   38.009825,   77.970127,66,22
2,"ORANGE",2VG7,   38.163889,       77.85,66,22
2,"RHOADESVILLE",VG12,   38.333464,   77.866383,66,22
2,"CHARLOTTESVILLE",CHO,   38.139643,   78.452344,66,23
2,"GORDONSVILLE",GVE,   38.155996,    78.16578,66,23
2,"MADISON",VG43,   38.306389,   78.098889,66,23
2,"ORANGE",90VA,   38.218056,   78.211944,66,23
2,"ORANGE",OMH,   38.247194,   78.045611,66,23
2,"BRIDGEWATER",VBW,   38.366737,   78.960334,66,24
2,"CROZET",87VA,   38.081111,   78.695556,66,24
2,"GROTTOES",06VA,   38.249019,   78.855303,66,24
2,"HARRISONBURG",VA52,   38.485123,   78.945307,66,24
2,"MCGAHEYSVILLE",VA49,   38.331111,   78.754444,66,24
2,"STAUNTON/WAYNESBORO/HARRISONBURG",SHD,   38.263833,   78.896444,66,24
2,"VERONA",82VA,   38.173187,   78.969193,66,24
2,"WAYNESBORO",W13,   38.076937,   78.944438,66,24
2,"MOUNT SOLON",16VA,   38.334444,   79.160556,66,25
2,"MONTEREY",7VA9,   38.398333,   79.600278,66,26
2,"WARM SPRINGS",9VA0,   38.052626,   79.728938,66,26
2,"WARM SPRINGS",97VA,    38.21068,   79.713383,66,26
2,"ARBOVALE",WV00,   38.470833,   79.800556,66,26
2,"GREEN BANK",WV52,   38.430674,   79.825613,66,26
2,"CRAIGSVILLE",WV63,   38.334554,   80.653147,66,28
2,"RICHWOOD",3I4,   38.258389,   80.651333,66,28
2,"SUMMERSVILLE",SXL,   38.231639,   80.870806,66,28
2,"ANSTED",WV01,   38.129276,   81.053713,66,29
2,"FAYETTEVILLE",WV59,   38.026778,   81.119824,66,29
2,"LANSING",WV32,   38.088999,   81.065101,66,29
2,"CHARLESTON",CRW,   38.376013,   81.592893,66,30
2,"CHESAPEAKE",WV08,   38.220473,   81.528717,66,30
2,"POCA",27WV,   38.478819,   81.803694,66,30
2,"SOUTH CHARLESTON",WV12,   38.335096,   81.739964,66,30
2,"CHESAPEAKE/HUNTINGTON WVA",HTW,   38.419111,   82.494833,66,31
2,"HAMLIN",12WV,   38.343703,   82.111351,66,31
2,"HUNTINGTON",I41,   38.457029,    82.31376,66,31
2,"MILTON",12V,   38.440889,   82.200778,66,31
2,"HUNTINGTON",HTS,   38.368508,    82.56036,66,32
2,"OLIVE HILL",2KY5,      38.375,   83.154722,66,33
2,"MOREHEAD",SYM,      38.215,   83.587611,66,34
2,"MOUNT STERLING",IOB,   38.058139,   83.979583,66,34
2,"MOUNT STERLING/OWINGSVILLE",77KY,    38.11119,   83.873532,66,34
2,"CYNTHIANA",0I8,   38.366164,   84.283344,66,35
2,"GEORGETOWN",27K,   38.234444,   84.434694,66,35
2,"LEXINGTON",64KY,   38.012269,   84.346475,66,35
2,"PARIS",52KY,   38.118133,   84.302432,66,35
2,"PARIS",14KY,   38.173687,   84.368268,66,35
2,"PARIS",31KY,   38.110556,   84.322222,66,35
2,"PARIS",50KY,   38.129799,   84.330211,66,35
2,"WINCHESTER",3KY0,   38.052222,   84.219167,66,35
2,"FRANKFORT",FFT,   38.181732,    84.90675,66,36
2,"FRANKFORT",05KT,   38.188203,   84.927503,66,36
2,"LAWRENCEBURG",76KY,   38.014798,   84.841616,66,36
2,"LEXINGTON",LEX,    38.03675,   84.608639,66,36
2,"MILLVILLE",2KY8,   38.105556,       84.85,66,36
2,"CRESTWOOD",82KY,   38.283403,   85.481904,66,37
2,"FINCHVILLE",58KY,     38.1209,   85.331899,66,37
2,"LOUISVILLE",6KY6,   38.359969,   85.363658,66,37
2,"NEW CASTLE",85KY,   38.470278,   85.138611,66,37
2,"NEW CASTLE",12KY,   38.460344,   85.168566,66,37
2,"PLEASUREVILLE",8KT8,   38.331917,   85.077972,66,37
2,"SHELBYVILLE",6KY3,   38.328611,   85.214167,66,37
2,"SHELBYVILLE",3KY9,   38.121983,   85.126372,66,37
2,"SHELBYVILLE",40KY,   38.293403,   85.204955,66,37
2,"SMITHFIELD",5KY6,   38.420556,   85.257778,66,37
2,"TAYLORSVILLE",7KY3,   38.076111,   85.236667,66,37
2,"TAYLORSVILLE",3KY3,   38.038333,   85.359444,66,37
2,"ELIZABETH",1IN4,   38.143056,   85.987778,66,38
2,"JEFFERSONVILLE",JVY,   38.366618,   85.738145,66,38
2,"PEKIN",IN43,   38.475061,   85.997195,66,38
2,"BROOKS",73KY,   38.033306,   85.800833,66,38
2,"LOUISVILLE",07KY,   38.080622,   85.693292,66,38
2,"LOUISVILLE",LOU,   38.227984,   85.663749,66,38
2,"LOUISVILLE",SDF,   38.174086,   85.736499,66,38
2,"WEST POINT",4KY5,   38.028611,       85.89,66,38
2,"BYRNEVILLE",0IN5,   38.328954,   86.033582,66,39
2,"ENGLISH",IN80,   38.321389,   86.490833,66,39
2,"LANESVILLE",IN14,   38.238957,   86.019413,66,39
2,"PALMYRA",5II8,   38.410062,   86.128864,66,39
2,"HUNTINGBURG",HNB,   38.249028,   86.953694,66,40
2,"LAMAR",II49,   38.036998,   86.911104,66,40
2,"TELL CITY",TEL,   38.018861,   86.692417,66,40
2,"TROY",21IN,   38.119444,   86.765278,66,40
2,"BOONVILLE",I91,   38.042546,   87.317785,66,41
2,"CHANDLER",II32,   38.049211,   87.381399,66,41
2,"PETERSBURG",IN03,   38.463889,       87.25,66,41
2,"SOMERVILLE",1IN5,   38.284769,   87.381958,66,41
2,"BROWNS",60IS,   38.400604,   87.988644,66,42
2,"MOUNT CARMEL",5LL0,   38.408381,    87.83753,66,42
2,"CHARLESTOWN",II33,    38.46088,   87.655026,66,42
2,"DARMSTADT",12IN,   38.114356,   87.646675,66,42
2,"EVANSVILLE",EVV,   38.040806,     87.5285,66,42
2,"EVANSVILLE",IN36,   38.035556,   87.724111,66,42
2,"EVANSVILLE",3EV,   38.011944,   87.594861,66,42
2,"MOUNT VERNON",3IN9,   38.029319,   87.985475,66,42
2,"MOUNT VERNON",7II3,   38.003376,   87.756411,66,42
2,"NEW HARMONY",15IN,   38.150556,   87.840278,66,42
2,"PATOKA",IN30,   38.402268,   87.599468,66,42
2,"POSEYVILLE",7IN3,   38.243325,   87.786822,66,42
2,"POSEYVILLE",88IN,   38.133139,   87.785764,66,42
2,"ST WENDEL",43IN,   38.137544,   87.676412,66,42
2,"ST WENDEL",II89,   38.086987,   87.681688,66,42
2,"ST. WENDEL",5II5,    38.11805,   87.702033,66,42
2,"CARMI",CUL,   38.089479,   88.123061,66,43
2,"ENFIELD",LL13,   38.048611,   88.300556,66,43
2,"FAIRFIELD",57IS,   38.316714,   88.272266,66,43
2,"FAIRFIELD",FWC,   38.378633,   88.412652,66,43
2,"BENTON",H96,     38.0085,   88.934444,66,44
2,"DAHLGREN",27IS,   38.148937,   88.670335,66,44
2,"MC LEANSBORO",3LL8,   38.074214,   88.537552,66,44
2,"MOUNT VERNON",MVN,   38.323361,     88.8585,66,44
2,"IRVINGTON",83IS,   38.426438,   89.131183,66,45
2,"PINCKNEYVILLE",24LL,   38.086162,   89.458979,66,45
2,"PINCKNEYVILLE",5IL2,   38.064599,   89.387435,66,45
2,"CUTLER",9LL2,   38.033662,   89.579263,66,46
2,"EVANSVILLE",5IS3,   38.078385,   89.979553,66,46
2,"HECKER",4IS5,   38.258383,   89.938056,66,46
2,"MARISSA",3LL1,   38.222271,   89.704264,66,46
2,"MODOC",37LL,   38.047829,   89.997054,66,46
2,"NEW ATHENS",3LL6,      38.335,   89.769722,66,46
2,"NEW ATHENS",83LL,   38.303611,   89.855102,66,46
2,"NEW ATHENS",LL26,   38.275049,   89.870936,66,46
2,"NEW ATHENS",6LL4,   38.267549,    89.89177,66,46
2,"NEW MEMPHIS",6LL6,   38.491716,   89.663427,66,46
2,"SPARTA",SAR,   38.148864,   89.698504,66,46
2,"COLUMBIA",H49,   38.452306,   90.236056,66,47
2,"MILLSTADT",1IL4,   38.419182,   90.131664,66,47
2,"RED BUD",91LS,   38.208889,   90.037222,66,47
2,"VALMEYER",27LL,   38.373392,   90.320658,66,47
2,"FESTUS",42MO,   38.123109,   90.389011,66,47
2,"FESTUS",FES,   38.194943,   90.385426,66,47
2,"BEAUFORT",16MO,   38.405606,   91.157369,66,49
2,"CUBA",UBX,   38.068773,   91.428859,66,49
2,"LESLIE",72MO,   38.425972,   91.245278,66,49
2,"OWENSVILLE",MO48,   38.337308,   91.421386,66,49
2,"SULLIVAN",UUV,   38.233472,   91.164278,66,49
2,"BELLE",MU14,   38.299572,   91.689614,66,50
2,"BELLE",MO78,   38.316711,     91.7835,66,50
2,"LINN",1H3,   38.471611,   91.817222,66,50
2,"ROLLA/VICHY",VIH,   38.127417,     91.7695,66,50
2,"CAMDENTON",24MO,     38.1327,   92.830461,66,52
2,"ELDON",H79,   38.361584,   92.571318,66,52
2,"GRAVOIS MILLS",MO30,   38.269852,   92.811482,66,52
2,"GRAVOIS MILLS",1MO8,   38.252807,   92.802968,66,52
2,"KAISER/LAKE OZARK",AIZ,   38.096028,   92.549472,66,52
2,"LAURIE",MO89,   38.174197,   92.858524,66,52
2,"OSAGE BEACH",K15,   38.110444,   92.680556,66,52
2,"STOVER",9MO6,   38.193084,   92.992417,66,52
2,"VERSAILLES",3VS,   38.428272,   92.875264,66,52
2,"CLIMAX SPRINGS",MU11,   38.220861,   93.015474,66,53
2,"CLIMAX SPRINGS",MO99,   38.116419,   93.077139,66,53
2,"LINCOLN",0R2,   38.402333,    93.33225,66,53
2,"WARSAW",RAW,   38.347847,   93.345388,66,53
2,"CLINTON",GLY,     38.3547,   93.679187,66,54
2,"CLINTON",0MO0,   38.410297,   93.850215,66,54
2,"OSCEOLA",23MU,   38.018583,   93.693222,66,54
2,"OSCEOLA",6MO4,   38.041697,   93.783545,66,54
2,"ADRIAN",MU07,    38.39474,   94.310226,66,55
2,"ARCHIE",03MU,   38.491944,   94.412356,66,55
2,"BUTLER",BUM,   38.289778,   94.340139,66,55
2,"MONTROSE",MO75,   38.305022,   94.053276,66,55
2,"ROCKVILLE",2MO4,   38.114444,   94.176667,66,55
2,"MAPLETON",82KS,   38.012744,   94.858072,66,56
2,"PARKER",14KS,   38.269189,   94.904825,66,56
2,"PLEASANTON",1KS,   38.173433,   94.690325,66,56
2,"GARNETT",K68,   38.277358,   95.215231,66,57
2,"HARRIS",SN72,    38.30002,   95.439981,66,57
2,"HARRIS",9KS7,   38.277798,   95.443314,66,57
2,"RICHMOND",1KS1,   38.458967,   95.226458,66,57
2,"WILLIAMSBURG",8KS9,   38.444461,   95.425256,66,57
2,"BURLINGTON",UKL,   38.302472,   95.724972,66,58
2,"HARTFORD",4KS6,   38.241686,   95.906656,66,58
2,"COTTONWOOD FALLS",62KS,   38.358632,   96.490988,66,59
2,"EMPORIA",EMP,   38.330556,   96.189944,66,59
2,"EMPORIA",SN04,   38.423056,   96.371944,66,59
2,"EMPORIA",15KS,   38.430569,   96.088327,66,59
2,"MADISON",SN91,   38.109745,   96.115551,66,59
2,"COTTONWOOD FALLS",9K0,   38.358626,   96.554452,66,60
2,"ELMDALE",SN37,   38.386958,   96.729736,66,60
2,"MARION",43K,   38.337611,    96.98825,66,60
2,"GOESSEL",38KS,   38.215386,   97.352185,66,61
2,"HESSTON",53KS,   38.110953,   97.429711,66,61
2,"HILLSBORO",M66,   38.341571,   97.213872,66,61
2,"NEWTON",EWK,   38.057101,   97.275228,66,61
2,"HALSTEAD",SN05,     38.0314,   97.509207,66,62
2,"HUTCHINSON",30KS,   38.024837,   97.733922,66,62
2,"HUTCHINSON",HUT,   38.066155,    97.86049,66,62
2,"MC PHERSON",MPR,   38.352444,   97.691306,66,62
2,"MOUNDRIDGE",47K,   38.209092,   97.502725,66,62
2,"LYONS",LYO,   38.340251,   98.228562,66,63
2,"ELLINWOOD",1K6,    38.37284,   98.598643,66,64
2,"GREAT BEND",SN67,   38.383345,   98.750362,66,64
2,"GREAT BEND",GBD,    38.34425,   98.859194,66,64
2,"LARNED",LQR,   38.208604,   99.085914,66,65
2,"BURDETT",SN29,   38.186068,   99.535516,66,66
2,"NESS CITY",48K,   38.473757,   99.909119,66,66
2,"DIGHTON",K65,   38.488908,   100.48167,66,67
2,"SCOTT CITY",TQK,   38.475028,   100.88444,66,68
2,"FRIEND",SN55,   38.217314,   101.00272,66,69
2,"LEOTI",3K7,   38.457528,   101.35086,66,69
2,"TRIBUNE",5K2,   38.451463,   101.75008,66,70
2,"HARTMAN",CO73,    38.10001,   102.21713,66,71
2,"HOLLY",K08,   38.035124,   102.11667,66,71
2,"EADS",9V7,   38.475139,   102.81086,66,72
2,"LAMAR",LAA,   38.069694,    102.6885,66,72
2,"LAMAR",CD03,   38.199033,   102.57283,66,72
2,"LAS ANIMAS",7V9,   38.054028,   103.23847,66,73
2,"LA JUNTA",LHX,       38.05,   103.50975,66,74
2,"ROCKY FORD",1CO5,   38.015286,   103.69912,66,74
2,"SWINK",09CO,   38.055563,   103.65328,66,74
2,"BOONE",CO09,   38.266668,   104.28385,66,75
2,"FOWLER",CO80,   38.072506,   104.04579,66,75
2,"PUEBLO",46CO,   38.100005,   104.42553,66,75
2,"PUEBLO",PUB,   38.289947,   104.49803,66,75
2,"PUEBLO",99CO,   38.136389,   104.81472,66,76
2,"PUEBLO",80CO,   38.151411,   104.70111,66,76
2,"PUEBLO WEST",7CO8,   38.363333,   104.73803,66,76
2,"CANON CITY",1V6,    38.42856,   105.10685,66,77
2,"PENROSE",32CO,   38.455277,   105.08387,66,77
2,"WESTCLIFFE",CO65,   38.045833,   105.47139,66,77
2,"WESTCLIFFE",C08,   38.013278,   105.37427,66,77
2,"CANON CITY",CO19,   38.410831,   105.60389,66,78
2,"COTOPAXI",CD01,   38.398333,   105.62028,66,78
2,"HILLSIDE",92CO,   38.291665,   105.61111,66,78
2,"SAGUACHE",04V,   38.099394,   106.17433,66,79
2,"SALIDA",CO11,   38.416111,   106.05833,66,79
2,"MONTROSE",39CO,   38.488042,   107.67422,66,82
2,"MONTROSE",7CO2,   38.416111,   107.90444,66,82
2,"TELLURIDE",CO95,   38.052769,   107.97951,66,82
2,"NORWOOD",0CO6,   38.219434,   108.21313,66,83
2,"NORWOOD",1CO2,    38.16249,   108.34036,66,83
2,"NUCLA",AIB,    38.23875,   108.56328,66,84
2,"LA SAL",01UT,   38.308319,    109.3965,66,85
2,"MOAB",UT53,   38.494333,   109.44697,66,85
2,"MOAB",UT68,   38.472778,      109.66,66,86
2,"HAPPY CANYON",UT97,   38.157222,   110.29222,66,87
2,"HANKSVILLE",HVE,   38.419417,   110.70292,66,88
2,"LOA",38U,   38.362694,   111.59575,66,90
2,"JUNCTION",U13,   38.249978,   112.22548,66,91
2,"BEAVER",U52,   38.230583,   112.67542,66,92
2,"MILFORD",MLF,   38.426636,   113.01327,66,93
2,"TONOPAH",TPH,   38.060194,   117.08681,66,101
2,"MINA",3Q0,   38.379861,   118.09675,66,103
2,"BRIDGEPORT",O57,   38.264654,   119.22273,66,105
2,"BEAR VALLEY",73CA,   38.458801,   120.03991,66,107
2,"COLUMBIA",O22,   38.030417,   120.41456,66,107
2,"RAILROAD FLAT",6CA6,   38.324528,   120.47822,66,107
2,"DRYTOWN",CA71,       38.44,   120.88694,66,108
2,"FIDDLETOWN",74CA,   38.467503,   120.80327,66,108
2,"IONE",CA19,   38.263805,   120.92327,66,108
2,"IONE",5CA8,   38.256306,   120.93161,66,108
2,"JACKSON",JAQ,   38.376802,   120.79391,66,108
2,"SAN ANDREAS",CPU,   38.146111,   120.64817,66,108
2,"ELK GROVE",8CL2,   38.423521,   121.22745,66,109
2,"ELK GROVE",CL04,   38.410744,   121.23495,66,109
2,"FRANKLIN",CN38,   38.341301,   121.43745,66,109
2,"FRANKLIN",F72,      38.304,   121.42931,66,109
2,"GALT",2CL9,   38.334357,   121.30356,66,109
2,"GALT",51CL,   38.230472,   121.22217,66,109
2,"HERALD",65CN,    38.30408,   121.25106,66,109
2,"IONE",CA20,   38.430466,   121.01494,66,109
2,"LINDEN",90CA,   38.003534,   121.11855,66,109
2,"LODI",O20,   38.091586,   121.35939,66,109
2,"LODI",1O3,   38.202442,   121.26914,66,109
2,"LODI",L53,   38.084087,   121.31634,66,109
2,"LODI",8CA8,   38.067357,    121.2076,66,109
2,"RANCHO MURIETA",RIU,   38.486778,   121.10278,66,109
2,"RANCHO MURIETA",57CN,   38.469076,   121.07522,66,109
2,"WILTON",3CN7,   38.379167,   121.22167,66,109
2,"WILTON",26CA,   38.426855,   121.17161,66,109
2,"CLARKSBURG",CN13,    38.44325,   121.50886,66,110
2,"DIXON",13CL,   38.381299,   121.82357,66,110
2,"FAIRFIELD",SUU,   38.264537,   121.92413,66,110
2,"RIO VISTA",O88,   38.193389,   121.70364,66,110
2,"VACAVILLE",VCB,   38.378222,   121.96119,66,110
2,"WALNUT GROVE",9CL9,   38.216582,    121.5344,66,110
2,"NAPA",APC,   38.213189,   122.28069,66,111
2,"SCHELLVILLE/SONOMA",0Q3,   38.223942,   122.44971,66,111
2,"SONOMA",0Q9,   38.257444,   122.43408,66,111
2,"VACAVILLE",CA57,   38.458241,   122.04552,66,111
2,"NOVATO",DVO,   38.143576,   122.55709,66,112
2,"PETALUMA",O69,   38.257793,   122.60532,66,112
2,"SAN RAFAEL",CA35,   38.016866,   122.52081,66,112
2,"SANTA ROSA",CA39,   38.434633,   122.56359,66,112
2,"GEORGETOWN",GED,   38.687639,   75.359306,67,17
2,"MILFORD",2DE8,   38.913572,   75.345336,67,17
2,"MILTON",DE25,   38.775796,   75.234001,67,17
2,"MILTON",DE23,   38.750278,       75.36,67,17
2,"ROXANA",DE21,   38.517335,   75.165463,67,17
2,"BRIDGEVILLE",DE14,   38.744003,   75.534924,67,18
2,"FARMINGTON",D74,   38.849549,   75.612781,67,18
2,"FARMINGTON",2DE2,   38.855033,   75.572206,67,18
2,"FELTON",DE32,      38.975,   75.616667,67,18
2,"GREENWOOD",DE17,   38.777891,   75.583259,67,18
2,"LAUREL",N06,   38.542184,   75.594352,67,18
2,"SEAFORD",DE15,   38.612615,   75.699653,67,18
2,"DENTON",6MD1,   38.836389,   75.906389,67,18
2,"DENTON",9MD9,    38.85195,   75.689283,67,18
2,"EASTON",MD28,   38.809281,   75.992161,67,18
2,"FEDERALSBURG",7MD1,   38.703448,   75.851046,67,18
2,"FEDERALSBURG",5MD4,   38.656549,    75.72146,67,18
2,"FEDERALSBURG",00MD,   38.757058,   75.753821,67,18
2,"GREENSBORO",8MD4,   38.980556,   75.777778,67,18
2,"HURLOCK",3MD5,   38.621227,   75.841323,67,18
2,"RIDGELY",MD85,   38.932891,   75.890214,67,18
2,"RIDGELY",21MD,      38.995,   75.884444,67,18
2,"RIDGELY",RJD,   38.970113,   75.866324,67,18
2,"CAMBRIDGE",1MD1,   38.569009,   76.286336,67,19
2,"CAMBRIDGE",CGE,   38.539333,   76.030389,67,19
2,"CAMBRIDGE",3MD8,   38.612341,   76.171054,67,19
2,"CAMBRIDGE",MD82,   38.539843,   76.275501,67,19
2,"CAMBRIDGE",MD04,   38.568889,   76.235833,67,19
2,"EASTON",ESN,   38.804167,      76.069,67,19
2,"ST MICHAELS",MD64,   38.799561,   76.272449,67,19
2,"STEVENSVILLE",W29,   38.976455,   76.329969,67,19
2,"STEVENSVILLE",7MD8,   38.856504,    76.36162,67,19
2,"STEVENSVILLE",3W3,   38.918111,   76.358833,67,19
2,"TILGHMAN",7MD9,   38.736111,   76.316667,67,19
2,"ANNAPOLIS",3MD4,   38.977611,    76.63941,67,20
2,"ANNAPOLIS",ANP,   38.942878,   76.568399,67,20
2,"BENEDICT",MD14,   38.524289,   76.683573,67,20
2,"BOWIE",W00,   38.941352,   76.772383,67,20
2,"BRANDYWINE",02MD,   38.672544,   76.709739,67,20
2,"CAMP SPRINGS",ADW,   38.810826,   76.867046,67,20
2,"CLINTON",W32,   38.748261,   76.932817,67,20
2,"COLLEGE PARK",CGS,   38.980583,   76.922306,67,20
2,"DEALE",MD22,   38.783449,   76.564681,67,20
2,"FRIENDLY",VKX,   38.748642,   76.955922,67,20
2,"WASHINGTON",DCA,   38.851444,   77.037722,67,21
2,"WASHINGTON",IAD,   38.947444,   77.459944,67,21
2,"INDIAN HEAD",MD39,   38.520954,   77.251925,67,21
2,"INDIAN HEAD",2W5,   38.597049,   77.072458,67,21
2,"LA PLATA",MD83,   38.520833,   77.068056,67,21
2,"WELCOME",MD05,     38.5075,   77.121617,67,21
2,"CENTREVILLE",VA16,   38.879279,   77.484434,67,21
2,"FORT BELVOIR",DAA,   38.714923,   77.180895,67,21
2,"QUANTICO",NYG,   38.503625,   77.305033,67,21
2,"WASHINGTON",HEF,   38.721023,   77.515101,67,22
2,"CALVERTON",58VA,   38.595122,   77.646101,67,22
2,"CATLETT",VA66,   38.607633,   77.569428,67,22
2,"CATLETT",VG57,   38.605676,   77.584711,67,22
2,"CULPEPER",VA30,   38.526791,   77.956385,67,22
2,"CULPEPER",CJR,   38.525472,   77.859639,67,22
2,"MANASSAS",VA71,   38.648452,   77.532766,67,22
2,"MANASSAS",51VA,   38.716229,    77.63388,67,22
2,"MIDDLEBURG",VA79,   38.952888,   77.746938,67,22
2,"MIDLAND",53VA,    38.63401,   77.757492,67,22
2,"REMINGTON",29VA,   38.529291,   77.738881,67,22
2,"REMINGTON",VG07,   38.538889,   77.828333,67,22
2,"RIXEYVILLE",4VA9,   38.569012,   77.920551,67,22
2,"UPPERVILLE",2VG2,   38.971636,   77.869904,67,22
2,"WARRENTON",2VA9,   38.757894,   77.787215,67,22
2,"WARRENTON",3VA2,   38.624288,   77.786104,67,22
2,"WARRENTON",3VA0,   38.775949,    77.91055,67,22
2,"WARRENTON",3VA3,   38.550401,   77.715824,67,22
2,"WARRENTON",15VA,    38.72234,   77.899717,67,22
2,"WARRENTON",0VA0,   38.524856,   77.687356,67,22
2,"WARRENTON",3VA1,   38.774283,   77.799716,67,22
2,"WARRENTON",7VG0,   38.655676,   77.787215,67,22
2,"WARRENTON",HWY,   38.586278,   77.710639,67,22
2,"FRONT ROYAL",FRR,   38.917512,   78.253373,67,23
2,"MAURERTOWN",VA58,   38.906111,   78.444444,67,23
2,"BASYE",VG18,   38.815403,   78.770757,67,24
2,"COLUMBIA FURNACE",VA93,   38.905111,   78.654737,67,24
2,"EDINBURG",89VA,   38.522346,   78.524176,67,24
2,"EDINBURG",VA32,    38.80428,   78.571957,67,24
2,"HARRISONBURG",2VG3,   38.548611,   78.871111,67,24
2,"LURAY",LUA,    38.66671,   78.500835,67,24
2,"NEW MARKET",9VA4,    38.69095,   78.629459,67,24
2,"NEW MARKET",8W2,   38.655985,   78.708496,67,24
2,"WOODSTOCK",VG55,    38.88205,   78.557789,67,24
2,"WOODSTOCK",4VA4,   38.934832,   78.540011,67,24
2,"PETERSBURG",W99,   38.994944,   79.145861,67,25
2,"BEVERLY",00WV,   38.828889,   79.866111,67,26
2,"ELKINS",EKN,   38.889444,   79.857139,67,26
2,"ELKINS",WV70,   38.956217,   79.788675,67,26
2,"SUTTON",48I,   38.687111,   80.652083,67,28
2,"SPENCER",USW,   38.823806,   81.348833,67,29
2,"SPENCER",55I,   38.777522,   81.310319,67,29
2,"RAVENSWOOD",I18,   38.929778,   81.819472,67,30
2,"GALLIPOLIS",GAS,   38.834112,    82.16343,67,31
2,"POINT PLEASANT",3I2,   38.914639,   82.098583,67,31
2,"ASHLAND",DWU,   38.554461,   82.737662,67,32
2,"JACKSON",I43,    38.98136,    82.57785,67,32
2,"JACKSON",OI82,   38.912158,   82.724889,67,32
2,"PORTSMOUTH",PMH,   38.840472,   82.847306,67,32
2,"LUCASVILLE",0OI9,   38.894517,   83.113513,67,33
2,"PEEBLES",1OH9,   38.935071,   83.399356,67,33
2,"FLEMINGSBURG",FGX,   38.541806,   83.743389,67,34
2,"GEORGETOWN",GEO,   38.881946,   83.882737,67,34
2,"HAMERSVILLE",OI57,   38.927012,   83.988542,67,34
2,"WEST UNION",AMT,   38.851672,   83.566007,67,34
2,"FALMOUTH",K62,   38.704083,   84.391833,67,35
2,"BETHEL",59OH,   38.975278,   84.034167,67,35
2,"BETHEL",86OH,   38.904722,   84.100833,67,35
2,"FELICITY",2OA7,   38.850611,   84.107375,67,35
2,"NEW RICHMOND",45OH,   38.975994,   84.219511,67,35
2,"RISING SUN",31II,   38.912086,   84.905197,67,36
2,"DRY RIDGE",19KY,   38.706456,   84.599942,67,36
2,"FLORENCE",67KY,   38.983394,   84.666111,67,36
2,"INDEPENDENCE",8KY6,   38.935528,   84.568278,67,36
2,"OWENTON",0KY0,   38.622778,   84.778889,67,36
2,"OWENTON",61KY,   38.550067,    84.76328,67,36
2,"VERONA",4KY7,   38.823333,   84.684722,67,36
2,"VERONA",20KY,   38.816944,   84.671111,67,36
2,"WARSAW",4KT4,   38.826483,   84.816956,67,36
2,"FARMERS RETREAT",17IN,   38.978391,   85.109677,67,37
2,"HANOVER",64I,   38.631442,   85.443419,67,37
2,"MADISON",II54,   38.815891,   85.446349,67,37
2,"MADISON",IMS,   38.759917,   85.464694,67,37
2,"VEVAY",32II,   38.816449,   85.106341,67,37
2,"VEVAY",8I1,   38.694506,   85.198287,67,37
2,"CARROLLTON",3KY4,   38.672778,   85.182778,67,37
2,"LITTLE YORK",63IN,   38.695833,   85.919167,67,38
2,"MARYSVILLE",IN07,   38.518522,   85.587583,67,38
2,"NEW WASHINGTON",3IN6,   38.588333,   85.505833,67,38
2,"SCOTTSBURG",IN50,   38.688406,   85.703222,67,38
2,"SCOTTSBURG",3R8,     38.6577,   85.790585,67,38
2,"SCOTTSBURG",61IN,    38.71367,   85.603574,67,38
2,"SEYMOUR",SER,   38.925377,   85.908699,67,38
2,"SEYMOUR",95IN,     38.8875,   85.826389,67,38
2,"BEDFORD",BFR,   38.840028,   86.445361,67,39
2,"LIVONIA",7IN6,   38.581944,   86.253611,67,39
2,"ORLEANS",7I4,   38.658387,   86.443044,67,39
2,"PAOLI",I42,    38.58546,   86.464644,67,39
2,"SALEM",IN44,   38.564225,   86.057476,67,39
2,"SALEM",I83,   38.604076,   86.152252,67,39
2,"SEYMOUR",IN02,   38.970278,   86.004167,67,39
2,"FRENCH LICK",FRH,   38.506222,   86.636944,67,40
2,"CARLISLE",II30,   38.906711,   87.401685,67,41
2,"LYONS",73IN,   38.976667,     87.0225,67,41
2,"OAKTOWN",I20,   38.851499,   87.499793,67,41
2,"VINCENNES",IN15,   38.604769,   87.463075,67,41
2,"WASHINGTON",DCY,   38.700423,   87.129732,67,41
2,"WHEATLAND",6II8,   38.654492,   87.282792,67,41
2,"LAWRENCEVILLE",IL16,   38.685947,   87.544367,67,42
2,"LAWRENCEVILLE",LWV,   38.764278,     87.6055,67,42
2,"LAWRENCEVILLE",IS34,   38.706714,   87.633358,67,42
2,"MOUNT CARMEL",AJG,   38.606528,   87.726694,67,42
2,"DECKER",9IN4,   38.534167,   87.591944,67,42
2,"DECKER",0IN1,   38.500047,   87.595857,67,42
2,"MEROM",47IN,   38.988376,   87.518078,67,42
2,"FLORA",FOA,    38.66499,   88.453112,67,43
2,"NEWTON",7LL3,   38.931711,   88.156983,67,43
2,"OLNEY-NOBLE",OLY,   38.721827,   88.176433,67,43
2,"ALMA",0IL2,   38.803056,   88.997778,67,44
2,"SALEM",SLO,   38.642872,   88.964185,67,44
2,"CENTRALIA",ENL,   38.515083,   89.091139,67,45
2,"GREENVILLE",GRE,   38.836222,   89.378889,67,45
2,"VANDALIA",VLA,   38.991466,   89.166189,67,45
2,"ALHAMBRA",7IS7,   38.913935,    89.67009,67,46
2,"BELLEVILLE",BLV,   38.545167,   89.835194,67,46
2,"HIGHLAND",H07,    38.77925,   89.640451,67,46
2,"OLD RIPLEY",8LL0,   38.887547,   89.557308,67,46
2,"POCAHONTAS",3LL9,   38.804167,   89.608889,67,46
2,"ST JACOB",IL48,   38.732909,   89.806567,67,46
2,"ALTON/ST LOUIS",ALN,   38.889917,      90.046,67,47
2,"BELLEVILLE",7IS2,   38.524495,   90.056944,67,47
2,"BELLEVILLE",2IL7,   38.515328,   90.027884,67,47
2,"CAHOKIA/ST LOUIS",CPS,   38.570361,   90.155083,67,47
2,"ST CHARLES",SET,   38.929694,   90.429972,67,47
2,"ST LOUIS",STL,   38.748697,   90.370029,67,47
2,"FORISTELL",66MO,   38.833456,   90.951425,67,48
2,"FORISTELL",98MO,   38.786161,    90.94236,67,48
2,"MOSCOW MILLS",M71,   38.901775,   90.960306,67,48
2,"OLD MONROE",6MO0,   38.955605,   90.814852,67,48
2,"ST LOUIS",1H0,   38.727333,   90.508417,67,48
2,"ST LOUIS",SUS,   38.662111,   90.652056,67,48
2,"ST PETERS",45MO,   38.847273,   90.639012,67,48
2,"WASHINGTON",FYG,   38.587583,   90.993806,67,48
2,"BELLFLOWER",MO86,   38.959722,   91.303889,67,49
2,"HAWK POINT",2MU9,   38.965211,   91.118139,67,49
2,"HERMANN",63M,   38.705168,   91.490554,67,49
2,"JONESBURG",MO07,   38.872544,   91.300156,67,49
2,"JONESBURG",55MO,   38.871606,   91.260206,67,49
2,"MONTGOMERY CITY",MO43,   38.968517,   91.443483,67,49
2,"NEW HAVEN",MU83,   38.505833,   91.248611,67,49
2,"TROY",MU89,   38.911925,   91.036194,67,49
2,"WARRENTON",MU02,    38.80977,    91.10348,67,49
2,"WARRENTON",2MO7,   38.866667,   91.086111,67,49
2,"WARRENTON",MU18,   38.781039,   91.164503,67,49
2,"BAY",MU21,   38.523658,   91.517663,67,50
2,"FULTON",73MU,   38.885582,   91.969086,67,50
2,"HERMANN",MU68,   38.668934,   91.535999,67,50
2,"MONTGOMERY CITY",17MO,    38.98504,   91.534885,67,50
2,"MONTGOMERY CITY",MO45,   38.892222,   91.565997,67,50
2,"WILLIAMSBURG",10MO,   38.918175,     91.6831,67,50
2,"WILLIAMSBURG",11MO,   38.901708,   91.635168,67,50
2,"COLUMBIA",MO74,   38.919133,   92.163428,67,51
2,"COLUMBIA",COU,   38.817333,   92.218028,67,51
2,"COLUMBIA",MU32,   38.951148,   92.447406,67,51
2,"FULTON",FTT,   38.838111,   92.002583,67,51
2,"JEFFERSON CITY",JEF,   38.591174,   92.156145,67,51
2,"BOONVILLE",VER,   38.946722,   92.682667,67,52
2,"CALIFORNIA",MO23,   38.640833,   92.529167,67,52
2,"PILOT GROVE",OMU9,   38.884187,   92.985473,67,52
2,"SEDALIA",MO08,   38.662794,   93.332708,67,53
2,"SEDALIA",DMO,   38.707417,   93.175917,67,53
2,"CENTERVIEW",2MO0,   38.786389,   93.867222,67,54
2,"KNOB NOSTER",SZL,   38.730306,   93.547864,67,54
2,"ODESSA",MU20,   38.945564,   93.964666,67,54
2,"WARRENSBURG",07MO,   38.650015,   93.616879,67,54
2,"WARRENSBURG",1MU4,    38.65168,   93.778827,67,54
2,"WARRENSBURG",RCM,   38.784167,   93.802861,67,54
2,"WINDSOR",12MO,   38.580572,   93.594656,67,54
2,"WINDSOR",1MO2,   38.545667,   93.507611,67,54
2,"CREIGHTON",0MO1,   38.544459,   94.094665,67,55
2,"EAST LYNNE",87MO,   38.696122,   94.258001,67,55
2,"HARRISONVILLE",LRY,   38.610194,   94.343528,67,55
2,"HARRISONVILLE",MO37,   38.723067,   94.381894,67,55
2,"KANSAS CITY",2MO9,   38.950007,    94.45023,67,55
2,"LEE'S SUMMIT",LXT,   38.959098,   94.371895,67,55
2,"LONE JACK",4MO9,   38.892508,   94.108556,67,55
2,"LONE JACK",0MU7,   38.875009,   94.139667,67,55
2,"LONE JACK",MU84,   38.899453,   94.229391,67,55
2,"OAK GROVE",MO87,   38.945841,   94.161891,67,55
2,"OAK GROVE",MU85,   38.955008,   94.127446,67,55
2,"PLEASANT HILL",MO29,   38.771856,     94.3337,67,55
2,"PLEASANT HILL",43MO,   38.783344,   94.370083,67,55
2,"BUCYRUS",SN78,   38.698153,   94.719392,67,56
2,"CHILES",69KS,   38.668697,   94.742517,67,56
2,"GARDNER",K34,   38.807036,   94.956389,67,56
2,"GARDNER",00KS,   38.727787,    94.93052,67,56
2,"LOUISBURG",SN88,   38.571326,   94.716681,67,56
2,"LOUISBURG",7KS6,   38.626983,   94.767781,67,56
2,"OLATHE",51K,   38.931094,   94.884811,67,56
2,"OLATHE",97KS,   38.810144,   94.755653,67,56
2,"OLATHE",OJC,   38.847602,   94.737586,67,56
2,"OLATHE",IXD,   38.830917,   94.890306,67,56
2,"PAOLA",K81,   38.540641,   94.920223,67,56
2,"SPRING HILL",41KS,     38.7355,   94.797333,67,56
2,"STILWELL",63K,    38.82125,   94.609528,67,56
2,"STILWELL",8KS7,   38.733461,   94.644836,67,56
2,"BELTON",MU26,   38.770847,   94.558994,67,56
2,"CLEVELAND",MO98,   38.713065,   94.584954,67,56
2,"DREXEL",MU62,   38.563346,   94.591066,67,56
2,"FREEMAN",0MO3,   38.624925,   94.521658,67,56
2,"WESTLINE",89MO,   38.583345,   94.579677,67,56
2,"BALDWIN CITY",SN21,   38.822783,   95.287751,67,57
2,"BALDWIN CITY",47KS,   38.770556,   95.274444,67,57
2,"BALDWIN CITY",K64,   38.836131,   95.182036,67,57
2,"EUDORA",52KS,   38.902782,   95.132192,67,57
2,"LAWRENCE",SN45,   38.831389,   95.266389,67,57
2,"LAWRENCE",0KS4,   38.807239,   95.370056,67,57
2,"OTTAWA",SN42,   38.561081,    95.20666,67,57
2,"OTTAWA",OWI,   38.539174,   95.253185,67,57
2,"OVERBROOK",7KS2,   38.850004,   95.467478,67,57
2,"RANTOUL",28KS,   38.542513,   95.156082,67,57
2,"WELLSVILLE",4KS1,   38.685288,   95.033023,67,57
2,"WELLSVILLE",09KS,   38.706953,   95.138303,67,57
2,"WELLSVILLE",9KS1,   38.659444,   95.092222,67,57
2,"WELLSVILLE",54KS,   38.799426,   95.100542,67,57
2,"WILLIAMSBURG",40KS,   38.540013,   95.450812,67,57
2,"LYNDON",39K,   38.691722,   95.690167,67,58
2,"OSAGE CITY",0KS0,   38.633342,   95.925267,67,58
2,"OSAGE CITY",53K,   38.633437,   95.801792,67,58
2,"TOPEKA",2KS9,   38.900002,   95.583591,67,58
2,"TOPEKA",90KS,     38.9825,   95.594978,67,58
2,"TOPEKA",FOE,   38.950949,   95.663614,67,58
2,"ESKRIDGE",SN47,   38.766672,   96.107215,67,59
2,"COUNCIL GROVE",K63,   38.676472,    96.57275,67,60
2,"HERINGTON",HRU,   38.694722,   96.807972,67,60
2,"ABILENE",K78,   38.904056,   97.235861,67,61
2,"CHAPMAN",8KS8,   38.918358,   97.009942,67,61
2,"ELMO",51KS,    38.63695,   97.213634,67,61
2,"ENTERPRISE",1KS4,   38.896772,   97.113535,67,61
2,"BENNINGTON",00AR,   38.968768,   97.602306,67,62
2,"BROOKVILLE",SN28,   38.868616,   97.937824,67,62
2,"LINDSBORG",23KS,   38.510683,   97.596833,67,62
2,"SALINA",58KS,   38.918328,   97.707922,67,62
2,"SALINA",SN00,   38.847122,   97.550278,67,62
2,"SALINA",SLN,   38.790611,   97.652222,67,62
2,"SALINA",1KS6,   38.866668,   97.536421,67,62
2,"SALINA",17KS,   38.845503,   97.504881,67,62
2,"ELLSWORTH",9K7,   38.750528,   98.230361,67,63
2,"SYLVAN GROVE",64KS,   38.976558,   98.471133,67,63
2,"WILSON",2KS3,   38.838269,   98.485533,67,63
2,"DORRANCE",2KS4,   38.849622,   98.668278,67,64
2,"RUSSELL",RSL,   38.871364,   98.811604,67,64
2,"HAYS",HYS,   38.842222,   99.273167,67,65
2,"HAYS",73KS,   38.780567,   99.221211,67,65
2,"HAYS",8KS4,   38.905011,   99.350938,67,65
2,"LA CROSSE",K94,   38.546819,    99.28975,67,65
2,"VICTORIA",4KS9,    38.83395,   99.062875,67,65
2,"GOVE",86KS,   38.786889,   100.41984,67,67
2,"QUINTER",23JY,   38.995817,   100.22344,67,67
2,"GOVE",9KS6,   38.809375,    100.5707,67,68
2,"HEALY",32KS,   38.593071,   100.61348,67,68
2,"SCOTT CITY",1KS8,   38.515297,    100.9946,67,68
2,"LEOTI",00AA,   38.704022,   101.47391,67,69
2,"SHARON SPRINGS",6KS4,   38.905286,   101.78378,67,70
2,"BRANDON",9CO5,   38.576677,   102.43713,67,71
2,"CHEYENNE WELLS",5CO0,   38.829722,   102.29889,67,71
2,"PUNKIN CENTER",35CO,      38.882,   103.80897,67,74
2,"RUSH",23CO,   38.843861,   103.98994,67,74
2,"ELLICOTT",CO4,    38.87425,   104.40984,67,75
2,"ELLICOTT",CO90,   38.758611,   104.30056,67,75
2,"RUSH",CO33,   38.839194,   104.13483,67,75
2,"RUSH",08CO,   38.732472,   104.04133,67,75
2,"RUSH",7CO6,   38.760278,   104.10139,67,75
2,"YODER",0CD2,     38.6525,    104.2345,67,75
2,"YODER",88CO,   38.886104,   104.24885,67,75
2,"COLORADO SPRINGS",COS,   38.805813,   104.70077,67,76
2,"COLORADO SPRINGS",FLY,   38.942759,   104.56993,67,76
2,"COLORADO SPRINGS",AFF,   38.973391,   104.82003,67,76
2,"FALCON",CO54,   38.983326,   104.63386,67,76
2,"FORT CARSON",FCS,   38.679669,   104.76094,67,76
2,"GUFFEY",30CO,   38.672517,   105.33608,67,77
2,"SALIDA",1CO7,   38.551386,   105.99223,67,78
2,"BUENA VISTA",AEJ,   38.814194,   106.12061,67,79
2,"SALIDA",ANK,   38.538278,   106.04861,67,79
2,"CRESTED BUTTE",0CO2,   38.851937,   106.93282,67,80
2,"GUNNISON",GUC,   38.534333,   106.93175,67,80
2,"AUSTIN",2CO5,   38.784444,   107.90361,67,82
2,"AUSTIN",5CO1,   38.833316,   107.85895,67,82
2,"CEDAREDGE",CO20,   38.862483,   107.82145,67,82
2,"CEDAREDGE",6CO2,   38.961111,   107.95778,67,82
2,"CRAWFORD",99V,   38.704154,   107.64367,67,82
2,"HOTCHKISS",3CO1,   38.848316,   107.83339,67,82
2,"HOTCHKISS",CO76,   38.836372,    107.8659,67,82
2,"HOTCHKISS",CD97,   38.805556,   107.77417,67,82
2,"HOTCHKISS",12CO,   38.835472,   107.81519,67,82
2,"HOTCHKISS",44CO,    38.83665,   107.79284,67,82
2,"HOTCHKISS",8CO5,   38.833872,   107.89229,67,82
2,"MONTROSE",MTJ,   38.509806,   107.89425,67,82
2,"OLATHE",1CO4,   38.574986,   107.95895,67,82
2,"PAONIA",43CO,   38.808508,   107.63522,67,82
2,"PAONIA",7V2,   38.831306,   107.64586,67,82
2,"DELTA",CO89,   38.772761,   108.04424,67,83
2,"DELTA",AJZ,   38.785603,   108.06201,67,83
2,"DELTA",27CO,      38.726,   108.12894,67,83
2,"DELTA",3CO0,   38.737484,    108.0059,67,83
2,"DELTA",D17,   38.758472,   108.14847,67,83
2,"ECKERT/ORCHARD CITY",6CO0,    38.85276,   108.01729,67,83
2,"GATEWAY",63CO,   38.705539,   108.93733,67,84
2,"GATEWAY",9CO3,      38.675,   108.98833,67,84
2,"MOAB",CNY,   38.757499,   109.75354,67,86
2,"MOAB",UT75,   38.533333,   109.98333,67,86
2,"GREEN RIVER",U34,   38.961689,   110.22729,67,87
2,"FILLMORE",FOM,   38.958139,   112.36314,67,91
2,"RICHFIELD",RIF,   38.734111,   112.10158,67,91
2,"ELY/PIOCHE",7NV8,   38.664117,   114.63222,67,96
2,"CURRANT",9U7,   38.736046,   115.48031,67,97
2,"DUCKWATER",01U,    38.85325,   115.63467,67,98
2,"ROUND MOUNTAIN",NV31,   38.805764,    117.0312,67,101
2,"ROUND MOUNTAIN",NV83,   38.694098,   117.14675,67,101
2,"GABBS",GAB,   38.922264,   117.95856,67,102
2,"HAWTHORNE",HTH,   38.545077,    118.6324,67,104
2,"SMITH",N59,   38.839357,   119.33821,67,105
2,"SMITH VALLEY",NV33,   38.833244,   119.39599,67,105
2,"WELLINGTON",NV97,   38.684167,   119.32222,67,105
2,"WELLINGTON",NV72,      38.515,   119.21361,67,105
2,"WELLINGTON",43NV,   38.729372,   119.46583,67,105
2,"YERINGTON",01NV,   38.763889,   119.02722,67,105
2,"MARKLEEVILLE",M45,    38.73475,   119.76706,67,106
2,"SOUTH LAKE TAHOE",TVL,   38.893889,   119.99533,67,106
2,"GARDNERVILLE",NV55,   38.898867,   119.64942,67,106
2,"CAMERON PARK",O61,      38.684,   120.98753,67,108
2,"GEORGETOWN",E36,   38.921111,   120.86481,67,108
2,"GEORGETOWN",29CN,   38.849901,   120.83438,67,108
2,"LOTUS",80CA,   38.817401,   120.92244,67,108
2,"PLACERVILLE",54CN,   38.754069,   120.89911,67,108
2,"PLACERVILLE",7CL9,   38.696293,   120.73132,67,108
2,"PLACERVILLE",PVF,   38.724227,   120.75331,67,108
2,"PLACERVILLE",01CL,   38.799902,   120.73438,67,108
2,"AUBURN",AUN,   38.954833,   121.08172,67,109
2,"LINCOLN",LHM,   38.909167,   121.35133,67,109
2,"PLEASANT GROVE",25CL,   38.866564,    121.4844,67,109
2,"RIO LINDA",L36,      38.675,   121.44544,67,109
2,"SACRAMENTO",MCC,   38.667639,   121.40061,67,109
2,"SACRAMENTO",SAC,   38.512861,    121.4933,67,109
2,"SACRAMENTO",MHR,   38.555311,   121.29721,67,109
2,"BRYTE",60CL,   38.598794,   121.56051,67,110
2,"DAVIS",69CL,   38.615461,   121.74746,67,110
2,"DAVIS",EDU,   38.531462,   121.78648,67,110
2,"DAVIS/WOODLAND/WINTERS",DWA,   38.579389,   121.85694,67,110
2,"KNIGHTS LANDING",32CL,   38.833233,   121.71774,67,110
2,"PLEASANT GROVE",59CN,   38.834899,   121.52968,67,110
2,"PLEASANT GROVE",CA07,   38.840177,   121.56163,67,110
2,"PLEASANT GROVE",27CL,   38.747124,   121.57274,67,110
2,"ROBBINS",CA18,   38.872121,   121.70996,67,110
2,"SACRAMENTO",CA22,   38.759346,   121.58524,67,110
2,"SACRAMENTO",SMF,   38.695444,   121.59078,67,110
2,"VERONA",38CL,   38.754068,   121.56301,67,110
2,"WOODLAND",O41,   38.673876,   121.87208,67,110
2,"WOODLAND",97CA,    38.79925,   121.83069,67,110
2,"ANGWIN",2O3,   38.580028,   122.43547,67,111
2,"CAPAY",63CL,    38.71657,   122.13858,67,111
2,"ESPARTO",CA34,     38.6525,   122.02806,67,111
2,"POPE VALLEY",20CL,   38.749347,   122.36748,67,111
2,"POPE VALLEY",05CL,   38.610739,   122.39137,67,111
2,"CLOVERDALE",O60,   38.776278,   122.99261,67,112
2,"HEALDSBURG",HES,   38.652859,   122.89864,67,112
2,"LAKEPORT",1O2,   38.990611,   122.90072,67,112
2,"SANTA ROSA",STS,   38.509694,   122.81289,67,112
2,"THE SEA RANCH",CA51,   38.704634,   123.43251,67,113
2,"ANCHOR BAY",53CL,   38.859631,   123.59057,67,114
2,"GUALALA",E55,   38.801611,   123.53064,67,114
2,"ATLANTIC CITY",ACY,   39.457583,   74.577167,68,16
2,"GREEN CREEK",JY04,   39.065113,   74.909616,68,16
2,"LINWOOD",0NJ6,   39.316782,   74.632936,68,16
2,"MAYS LANDING",89NJ,   39.489167,   74.723611,68,16
2,"OCEAN CITY",26N,   39.263479,   74.607476,68,16
2,"WILDWOOD",WWD,   39.008369,   74.908511,68,16
2,"WOODBINE",OBI,   39.219139,    74.79475,68,16
2,"DOVER",0N4,   39.202306,   75.485417,68,17
2,"DOVER",DOV,   39.129539,   75.465961,68,17
2,"MAGNOLIA",DE09,   39.068168,   75.488533,68,17
2,"BRIDGETON",00N,   39.473028,   75.184417,68,17
2,"BRIDGETON",NJ84,   39.433056,   75.396667,68,17
2,"BRIDGETON",JY31,   39.446781,   75.313247,68,17
2,"CANTON",7NJ2,   39.481333,   75.405333,68,17
2,"CEDARVILLE",7NJ9,    39.31817,   75.206298,68,17
2,"FAIRTON",9NJ6,   39.366389,   75.268333,68,17
2,"MILLVILLE",MIV,   39.367806,   75.072222,68,17
2,"SALEM",24NJ,   39.490597,   75.433269,68,17
2,"SHILOH",NJ06,   39.457614,   75.273245,68,17
2,"SHILOH",JY17,   39.472222,     75.2775,68,17
2,"CLAYTON",23DE,   39.312567,   75.728983,68,18
2,"DOVER/CHESWOLD",33N,   39.218694,   75.600472,68,18
2,"FELTON",0N6,   39.012889,   75.533972,68,18
2,"FELTON",DE00,   39.020722,   75.577094,68,18
2,"FELTON",2DE3,   39.003056,     75.6825,68,18
2,"MIDDLETOWN",1DE5,   39.495556,   75.733333,68,18
2,"SMYRNA",DE29,   39.375111,   75.644094,68,18
2,"SMYRNA",38N,   39.303667,   75.583806,68,18
2,"TOWNSEND",DE19,   39.325833,   75.741599,68,18
2,"TOWNSEND",DE20,   39.373611,   75.745833,68,18
2,"TOWNSEND",DE34,   39.414278,   75.662983,68,18
2,"WYOMING",15N,   39.117333,   75.584417,68,18
2,"CECILTON",MD93,   39.375112,   75.906607,68,18
2,"CHURCH HILL",27MD,   39.098375,   75.895215,68,18
2,"GALENA",29MD,   39.362778,   75.812778,68,18
2,"GOLTS",6MD7,   39.339167,   75.766667,68,18
2,"MARYDEL",7MD0,   39.066667,   75.733333,68,18
2,"MASSEY",MD1,   39.299361,   75.799389,68,18
2,"SUDLERSVILLE",MD70,   39.181222,   75.908828,68,18
2,"SUDLERSVILLE",32MD,   39.189444,   75.876833,68,18
2,"SUDLERSVILLE",0MD1,   39.187333,   75.792712,68,18
2,"SUDLERSVILLE",25MD,   39.167539,   75.840211,68,18
2,"ABERDEEN PROVING GROUNDS(ABERDEEN)",APG,   39.465465,   76.168292,68,19
2,"BALTIMORE",W48,   39.262417,   76.432125,68,19
2,"BALTIMORE",MTN,   39.325667,   76.413778,68,19
2,"CENTREVILLE",MD21,   39.118056,   76.096389,68,19
2,"CHESTERTOWN",05MD,   39.244219,   76.198671,68,19
2,"CHESTERTOWN",MD63,   39.274832,   76.009944,68,19
2,"CHESTERTOWN",MD19,   39.203165,   76.024944,68,19
2,"CHESTERTOWN",0MD4,   39.266776,   76.187174,68,19
2,"CHESTERTOWN",MD11,   39.277054,   76.062724,68,19
2,"CHURCH HILL",MD23,   39.144832,   76.040499,68,19
2,"CHURCH HILL",MD91,   39.152332,   76.018554,68,19
2,"LAKESHORE",MD43,   39.118443,   76.496628,68,19
2,"STILL POND",MD69,   39.333444,   76.083004,68,19
2,"BALTIMORE",BWI,   39.175728,   76.668991,68,20
2,"ELDERSBURG",2MD5,   39.407944,   76.927556,68,20
2,"FINKSBURG",MD95,   39.482048,   76.881645,68,20
2,"FORT MEADE(ODENTON)",FME,   39.085387,   76.759414,68,20
2,"LONG GREEN",MD48,    39.47344,   76.500243,68,20
2,"OWINGS MILLS",4MD9,   39.480556,   76.760556,68,20
2,"BOYDS",2MD3,      39.229,   77.345333,68,21
2,"DAYTON",MD46,   39.269549,   77.005256,68,21
2,"FREDERICK",3MD0,   39.348159,   77.336096,68,21
2,"FREDERICK",FDK,   39.417568,   77.374297,68,21
2,"FREDERICK",4MD8,   39.358333,   77.339722,68,21
2,"GAITHERSBURG",GAI,   39.168333,      77.166,68,21
2,"LAYTONSVILLE",W50,   39.243544,   77.149874,68,21
2,"LIBERTYTOWN",8MD5,   39.498333,   77.221667,68,21
2,"LISBON",MD47,   39.332882,   77.096925,68,21
2,"MOUNT AIRY",0MD6,   39.381214,   77.105814,68,21
2,"UNIONVILLE",MD74,   39.474268,    77.19526,68,21
2,"UNIONVILLE",MD73,   39.458435,   77.148037,68,21
2,"URBANA",MD75,    39.34177,   77.303595,68,21
2,"WESTMINSTER",2W2,   39.467028,   77.017444,68,21
2,"WOODBINE",8MD0,   39.383333,     77.0175,68,21
2,"WOODBINE",MD78,   39.383436,   77.070258,68,21
2,"BERRYVILLE",01VA,      39.125,      77.925,68,22
2,"HILLSBORO",14VA,   39.228991,    77.74666,68,22
2,"LEESBURG",3VA5,   39.028889,      77.625,68,22
2,"LEESBURG",JYO,   39.077972,     77.5575,68,22
2,"LOVETTSVILLE",VA61,   39.264892,   77.653642,68,22
2,"LOVETTSVILLE",VA62,   39.257889,   77.653864,68,22
2,"HARPERS FERRY",WV21,   39.330556,   77.794722,68,22
2,"MARTINSBURG",MRB,   39.402357,   77.982999,68,22
2,"BERRYVILLE",61VA,   39.236981,   78.011179,68,23
2,"GORE",48VA,   39.290657,   78.350839,68,23
2,"GORE",VA46,   39.296212,   78.362228,68,23
2,"STRASBURG",VA17,   39.035941,   78.392228,68,23
2,"WHITE POST",3VA7,   39.062607,   78.091387,68,23
2,"WINCHESTER",9VG9,   39.372117,    78.30445,68,23
2,"WINCHESTER",OKV,   39.143528,   78.144444,68,23
2,"CAPON BRIDGE",38WV,   39.325278,   78.425556,68,23
2,"GERRARDSTOWN",WV68,   39.355533,   78.079042,68,23
2,"MARTINSBURG",WV17,   39.393694,     78.1565,68,23
2,"KEYSER",WV15,   39.483426,   78.926414,68,24
2,"ROMNEY",WV67,   39.394722,   78.679444,68,24
2,"ROMNEY",WV06,   39.285101,   78.738349,68,24
2,"OAKLAND",2MD8,   39.333434,   79.441437,68,25
2,"OAKLAND",42MD,   39.468267,   79.425283,68,25
2,"OAKLAND",4MD2,   39.429817,   79.453935,68,25
2,"DAVIS",WV62,   39.055109,   79.431439,68,25
2,"KEYSER",WV18,   39.408429,   79.013639,68,25
2,"MEDLEY",4WV4,   39.176342,   79.068144,68,25
2,"ARTHURDALE",70D,   39.498889,   79.853139,68,26
2,"CAMP DAWSON (KINGWOOD)",3G5,   39.450091,   79.666444,68,26
2,"KINGWOOD",WV19,   39.444813,   79.689223,68,26
2,"NEWBURG",WV53,   39.372037,   79.892848,68,26
2,"NEWBURG",18WV,       39.41,   79.856667,68,26
2,"TERRA ALTA",WV57,   39.463148,   79.542549,68,26
2,"BUCKHANNON",W22,   39.000583,   80.274944,68,27
2,"CLARKSBURG",CKB,   39.297655,   80.227532,68,27
2,"CLARKSBURG",WV28,   39.324532,   80.396757,68,27
2,"FAIRMONT",WV65,   39.449252,   80.011389,68,27
2,"FAIRMONT",4G7,   39.447541,   80.167635,68,27
2,"PHILIPPI",79D,    39.16619,   80.062349,68,27
2,"PHILIPPI",9W3,   39.093432,   80.025912,68,27
2,"SHINNSTON",6W0,   39.406111,   80.276861,68,27
2,"WEST UNION",75WV,     39.1659,   80.650806,68,28
2,"ELIZABETH",2WV3,   39.117234,   81.391667,68,29
2,"PARKERSBURG",PKB,   39.344962,   81.439293,68,29
2,"BARLOW",OH55,   39.392722,    81.67205,68,30
2,"BELPRE",OH38,   39.314519,   81.616516,68,30
2,"CHESTER",OI59,   39.131744,   81.931804,68,30
2,"ATHENS/ALBANY",UNI,   39.211893,   82.229255,68,31
2,"MC ARTHUR",22I,   39.328125,   82.441822,68,31
2,"COALTON",4OI9,   39.102222,   82.610719,68,32
2,"HALLSVILLE",OH35,   39.428397,   82.822673,68,32
2,"WAVERLY",EOP,   39.166972,   82.928333,68,32
2,"BAINBRIDGE",17OI,   39.226732,    83.31769,68,33
2,"CHILLICOTHE",RZT,   39.440417,   83.023056,68,33
2,"GREENFIELD",OI25,   39.365342,   83.354359,68,33
2,"IDAHO",8OI9,   39.099235,   83.116571,68,33
2,"STAUNTON",2OH2,   39.472007,   83.489918,68,33
2,"BLANCHESTER",1OA3,   39.333395,   83.855483,68,34
2,"HILLSBORO",HOC,   39.188761,   83.538792,68,34
2,"LEESBURG",OH28,   39.366667,        83.6,68,34
2,"MIDLAND",2OA2,   39.248056,      83.915,68,34
2,"MOUNT ORAB",OH96,   39.033611,   83.886111,68,34
2,"MOUNT ORAB",OA10,   39.008611,   83.909167,68,34
2,"WILMINGTON",2B6,   39.437562,   83.708256,68,34
2,"WILMINGTON",ILN,   39.427917,   83.792111,68,34
2,"BATAVIA",I69,   39.078389,   84.210222,68,35
2,"CINCINNATI",LUK,   39.103333,   84.418611,68,35
2,"GOSHEN",OH65,   39.239444,   84.100278,68,35
2,"GOSHEN",OI40,   39.202561,   84.104656,68,35
2,"GOSHEN",OH66,   39.239169,   84.174383,68,35
2,"LEBANON",I68,   39.462173,   84.251847,68,35
2,"LOVELAND",5OI0,   39.284226,   84.211325,68,35
2,"MORROW",OA12,   39.334444,       84.07,68,35
2,"MORROW",OH95,   39.384226,   84.168269,68,35
2,"OWENSVILLE",21OI,   39.128118,   84.092711,68,35
2,"WILLIAMSBURG",66OH,   39.027504,   84.046835,68,35
2,"COVINGTON",CVG,   39.048837,   84.667822,68,36
2,"PETERSBURG",71KY,   39.034781,   84.872728,68,36
2,"HAMILTON",HAO,    39.36375,   84.521944,68,36
2,"HARRISON",I67,   39.259269,   84.774306,68,36
2,"HARRISON",OH68,   39.300055,    84.74995,68,36
2,"NORTH BEND",OA16,   39.156111,   84.781667,68,36
2,"BATESVILLE",HLB,   39.343111,   85.258417,68,37
2,"HOLTON",9II8,   39.086111,   85.371111,68,37
2,"MILAN",II03,   39.198611,   85.136389,68,37
2,"MILAN",70IN,    39.18172,   85.151348,68,37
2,"MOORES HILL",IG07,   39.056944,   85.035556,68,37
2,"BUTLERVILLE",8IN7,   39.045278,   85.515278,68,38
2,"COLUMBUS",BAK,   39.261917,   85.896333,68,38
2,"COLUMBUS",91IN,   39.208056,   85.974722,68,38
2,"GREENSBURG",I34,   39.326911,   85.522527,68,38
2,"GREENSBURG",67II,   39.371389,   85.592222,68,38
2,"HARTSVILLE",24IN,   39.236389,   85.693056,68,38
2,"NORTH VERNON",OVO,   39.045333,   85.605611,68,38
2,"SHELBYVILLE",IN49,   39.487549,   85.805258,68,38
2,"SHELBYVILLE",II97,   39.477827,   85.883316,68,38
2,"WALDRON",6IN4,   39.465833,   85.698611,68,38
2,"WALDRON",6IN2,   39.493611,   85.648611,68,38
2,"BARGERSVILLE",II93,   39.484114,   86.230225,68,39
2,"BARGERSVILLE",IN01,   39.486111,   86.148611,68,39
2,"FRANKLIN",3FK,   39.426439,   86.058322,68,39
2,"FREETOWN",40IN,   39.074217,   86.154154,68,39
2,"MARTINSVILLE",IN20,   39.453933,   86.282278,68,39
2,"MARTINSVILLE",90IN,   39.408936,   86.444162,68,39
2,"MARTINSVILLE",II87,   39.451437,   86.328325,68,39
2,"MORGANTOWN",IN99,   39.406714,   86.305547,68,39
2,"MORGANTOWN",9IN7,   39.354722,   86.306944,68,39
2,"NINEVEH",HBE,   39.341717,   86.030548,68,39
2,"BLOOMINGTON",BMG,   39.146021,    86.61668,68,40
2,"GOSPORT",3II1,   39.416713,   86.635835,68,40
2,"LEWISVILLE",1IN1,    39.48838,   86.653058,68,40
2,"PARAGON",IG03,   39.391667,        86.6,68,40
2,"SPENCER",IN53,   39.291711,   86.823618,68,40
2,"BLOOMFIELD",1I3,   39.042722,    87.00275,68,41
2,"BRAZIL",0I2,   39.476736,   87.099709,68,41
2,"BRAZIL",3IN3,    39.37175,   87.171389,68,41
2,"FARMERSBURG",IN57,   39.261429,   87.420853,68,41
2,"JASONVILLE",IN08,   39.169487,   87.190291,68,41
2,"SULLIVAN",49IN,   39.131756,   87.382156,68,41
2,"SULLIVAN",SIV,   39.114713,   87.448329,68,41
2,"TERRE HAUTE",HUF,   39.450633,    87.30699,68,41
2,"YOUNGSTOWN",5II9,   39.352816,   87.373352,68,41
2,"KANSAS",IL39,   39.480256,   87.844578,68,42
2,"MARSHALL",3LL3,   39.446147,    87.64447,68,42
2,"ROBINSON",RSV,   39.016028,   87.649778,68,42
2,"CASEY",1H8,   39.302509,   88.004062,68,43
2,"MATTOON/CHARLESTON",MTO,   39.477889,   88.279972,68,43
2,"NEOGA",6LL0,   39.320289,   88.425267,68,43
2,"EFFINGHAM",1H2,   39.070444,   88.533528,68,44
2,"EFFINGHAM",IL05,   39.192007,   88.670288,68,44
2,"SHELBYVILLE",2H0,   39.411303,   88.845522,68,44
2,"ST ELMO",4IL4,   39.056389,   88.816111,68,44
2,"WATSON",2T2,   39.014444,   88.539278,68,44
2,"WESTERVELT",28LL,   39.460317,   88.868408,68,44
2,"IRVING",1IL1,   39.242036,   89.426217,68,45
2,"MORRISONVILLE",4LL9,   39.343659,   89.423701,68,45
2,"NOKOMIS",6IL7,   39.383024,   89.256254,68,45
2,"RAMSEY",IS24,   39.077778,   89.081667,68,45
2,"BUNKER HILL",4IS9,   39.085861,   89.958875,68,46
2,"CARLINVILLE",8IS1,   39.307824,   89.993161,68,46
2,"FARMERSVILLE",70IL,   39.423672,   89.565614,68,46
2,"GILLESPIE",LL45,   39.182269,   89.821763,68,46
2,"HILLSBORO",1LL5,   39.242778,   89.550833,68,46
2,"LITCHFIELD",3LF,     39.1625,   89.674639,68,46
2,"PALMYRA",5K1,   39.420048,   89.991218,68,46
2,"STAUNTON",IS33,   39.045602,   89.840653,68,46
2,"DOW",01IS,   39.016158,   90.318169,68,47
2,"JERSEYVILLE",0LL1,   39.094214,   90.313447,68,47
2,"JERSEYVILLE",0LL3,   39.055047,   90.342058,68,47
2,"JERSEYVILLE",LL49,   39.062222,   90.272222,68,47
2,"HILLVIEW",79IS,    39.44477,   90.562069,68,48
2,"KAMPSVILLE",LL77,      39.305,   90.699722,68,48
2,"ANNADA",38MO,   39.255603,   90.855685,68,48
2,"ELSBERRY",0MO8,   39.140604,   90.736791,68,48
2,"EOLIA",MO35,   39.212825,   90.917355,68,48
2,"SILEX",54MO,   39.142617,     90.9588,68,48
2,"BOWLING GREEN",H19,   39.369917,   91.219278,68,49
2,"HAWK POINT",MO93,   39.044819,   91.148094,68,49
2,"HAWK POINT",74MU,   39.040044,   91.130424,68,49
2,"LOUISIANA",4MO6,   39.438935,   91.118195,68,49
2,"MONTGOMERY CITY",4MO1,   39.012639,   91.419472,68,49
2,"SILEX",MO39,   39.111586,   91.041506,68,49
2,"TROY",02MO,   39.046261,   91.028219,68,49
2,"LADDONIA",95MO,   39.259484,    91.65016,68,50
2,"MEXICO",6MU4,   39.037817,   91.725444,68,50
2,"MEXICO",MYJ,   39.157512,   91.818264,68,50
2,"PARIS",MU00,   39.444484,   91.951835,68,50
2,"PERRY",MO11,   39.400458,   91.582935,68,50
2,"PERRY",7MO1,   39.472263,   91.711271,68,50
2,"COLUMBIA",MU23,   39.030594,   92.391849,68,51
2,"HIGBEE",69MO,    39.30837,   92.454069,68,51
2,"MOBERLY",5MO1,   39.384203,   92.376291,68,51
2,"MOBERLY",MBY,   39.463417,   92.426389,68,51
2,"PARIS",MU40,   39.460594,   92.010448,68,51
2,"FAYETTE",MU77,   39.129197,   92.730739,68,52
2,"KEYTESVILLE",MO36,   39.409625,   92.894292,68,52
2,"BRUNSWICK",23MO,   39.470489,   93.089932,68,53
2,"MARSHALL",MHL,     39.0955,   93.202806,68,53
2,"WAKENDA",71MO,   39.291966,   93.384097,68,53
2,"CARROLLTON",K26,   39.312167,   93.506556,68,54
2,"HIGGINSVILLE",HIG,   39.072444,   93.677361,68,54
2,"LEXINGTON",4K3,   39.209889,   93.927722,68,54
2,"RICHMOND",8MO3,   39.324734,   93.941608,68,54
2,"RICHMOND",03MO,   39.288831,   93.992422,68,54
2,"ATHERTON",4MO8,   39.206667,   94.269722,68,55
2,"BATES CITY",2M1,   39.019639,     94.0865,68,55
2,"EXCELSIOR SPRINGS",3EX,   39.337278,   94.197417,68,55
2,"GRAIN VALLEY",3GV,   39.014641,   94.214858,68,55
2,"GRAIN VALLEY",62MO,   39.060562,    94.20328,68,55
2,"HOLT",MO71,   39.463056,   94.418333,68,55
2,"HOLT",2MO2,    39.46417,   94.308001,68,55
2,"KEARNEY",3MO6,   39.335557,   94.483563,68,55
2,"KEARNEY",MO26,   39.393891,   94.353003,68,55
2,"LIBERTY",4MO4,    39.21667,    94.33356,68,55
2,"LIBERTY",0N0,   39.289833,   94.442444,68,55
2,"MOSBY",GPH,   39.332508,   94.309648,68,55
2,"BASEHOR",SN22,   39.112218,   94.956152,68,56
2,"BASEHOR",8KS1,   39.169197,   94.978618,68,56
2,"BONNER SPRINGS",1KS9,   39.045558,   94.948992,68,56
2,"BONNER SPRINGS",03PR,   39.065947,   94.921703,68,56
2,"DE SOTO",4KS2,   39.018615,   94.954411,68,56
2,"FORT LEAVENWORTH",FLV,   39.367576,    94.91434,68,56
2,"LANSING",SN83,   39.227224,   94.951354,68,56
2,"LEAVENWORTH",SN84,   39.270834,   94.987743,68,56
2,"DEARBORN",0C1,    39.48775,   94.781139,68,56
2,"KANSAS CITY",MKC,   39.122944,   94.592833,68,56
2,"KANSAS CITY",MCI,   39.297611,   94.713889,68,56
2,"PLATTE CITY",7MO4,   39.431942,   94.803017,68,56
2,"RIDGELY",1MU2,     39.4474,   94.667233,68,56
2,"SMITHVILLE",79MU,   39.330279,   94.556621,68,56
2,"SMITHVILLE",92MU,   39.409119,   94.606228,68,56
2,"SMITHVILLE",29MO,   39.351533,   94.517733,68,56
2,"TRIMBLE",MO94,   39.499998,   94.580232,68,56
2,"WALDRON",06MO,   39.230558,   94.804406,68,56
2,"WESTON",MO51,   39.423609,    94.84774,68,56
2,"WESTON",MU71,   39.349214,   94.857886,68,56
2,"EASTON",1KS2,   39.314022,     95.0716,68,57
2,"LAWRENCE",LWC,   39.011111,   95.216472,68,57
2,"MC LOUTH",SN90,   39.226389,   95.191914,68,57
2,"MC LOUTH",5KS1,   39.193833,   95.216333,68,57
2,"OSKALOOSA",7KS0,   39.271388,   95.316916,68,57
2,"WILLIAMSTOWN",71KS,   39.104167,   95.296083,68,57
2,"WINCHESTER",85KS,   39.300744,   95.215115,68,57
2,"RUSHVILLE",8MO7,   39.491662,   95.006631,68,57
2,"EMMETT",57KS,   39.315047,   95.993467,68,58
2,"MERIDEN",81KS,   39.156167,     95.5775,68,58
2,"TOPEKA",33KS,   39.153054,   95.609424,68,58
2,"TOPEKA",TOP,   39.068823,   95.622376,68,58
2,"MANHATTAN",43KS,   39.101942,   96.417777,68,59
2,"MANHATTAN",5KS6,     39.2348,     96.4736,68,59
2,"MAPLE HILL",95KS,   39.026161,   96.015042,68,59
2,"ONAGA",52K,    39.49795,   96.175083,68,59
2,"ST MARYS",02KS,   39.222219,   96.055271,68,59
2,"ST. MARY'S",91KS,   39.242089,     96.0331,68,59
2,"ST. MARY'S",84KS,   39.271201,    96.06159,68,59
2,"WAMEGO",83KS,   39.235269,   96.299717,68,59
2,"WAMEGO",69K,   39.197858,    96.25894,68,59
2,"FORT RILEY(JUNCTION CITY)",FRI,   39.052641,   96.764488,68,60
2,"JUNCTION CITY",3JC,   39.043333,   96.843278,68,60
2,"MANHATTAN",MHK,   39.141222,   96.671806,68,60
2,"MANHATTAN",49KS,    39.21409,   96.672305,68,60
2,"MANHATTAN",SN92,    39.33333,   96.700286,68,60
2,"OLSBURG",SN99,   39.399997,   96.616952,68,60
2,"RILEY",1KS3,   39.304163,    96.75862,68,60
2,"CLAY CENTER",SN33,   39.428189,   97.124103,68,61
2,"CLAY CENTER",CYW,   39.387139,   97.157222,68,61
2,"BENNINGTON",08KS,   39.034388,   97.579999,68,62
2,"BEVERLY",72KS,   39.027183,   97.959356,68,62
2,"GLASCO",96KS,   39.368514,   97.788056,68,62
2,"MINNEAPOLIS",45K,   39.094333,   97.721056,68,62
2,"BELOIT",K61,   39.471602,   98.128756,68,63
2,"LINCOLN",K71,   39.058062,   98.166997,68,63
2,"SYLVAN GROVE",2KS8,   39.113722,   98.403394,68,63
2,"TIPTON",55KS,   39.300436,    98.45835,68,63
2,"LUCAS",38K,   39.061955,   98.525344,68,64
2,"OSBORNE",K75,   39.433293,   98.680018,68,64
2,"STOCKTON",RCP,   39.346583,   99.304639,68,65
2,"HILL CITY",HLC,   39.380194,   99.831472,68,66
2,"WAKEENEY",0H1,   39.006528,   99.892944,68,66
2,"HOXIE",1F5,   39.365083,   100.43808,68,67
2,"QUINTER",1QK,    39.03859,   100.23389,68,67
2,"OAKLEY",OEL,   39.111785,   100.81667,68,68
2,"SELDEN",6KS2,   39.441656,   100.62726,68,68
2,"COLBY",CBK,   39.427444,   101.04661,68,69
2,"GOODLAND",27KS,   39.130186,   101.71395,68,70
2,"GOODLAND",GLD,   39.370627,   101.69898,68,70
2,"BETHUNE",CO22,   39.279167,     102.475,68,71
2,"BURLINGTON",23CD,    39.29945,   102.32182,68,71
2,"BURLINGTON",ITR,   39.242511,   102.28538,68,71
2,"ARRIBA",7CO4,   39.288333,   103.24694,68,73
2,"FLAGLER",CO00,   39.279991,    103.0666,68,73
2,"AGATE",CO25,   39.496111,   103.72361,68,74
2,"LIMON",LIC,   39.274778,   103.66586,68,74
2,"CALHAN",CD23,   39.198333,   104.32917,68,75
2,"CALHAN",5V4,   39.048306,     104.293,68,75
2,"ELBERT",CO39,   39.228864,   104.47097,68,75
2,"KIOWA",9CO8,     39.2793,   104.34315,68,75
2,"KIOWA",CO18,   39.463972,   104.25789,68,75
2,"KIOWA",07CO,   39.263611,   104.42694,68,75
2,"KIOWA",0CO5,   39.303217,   104.41403,68,75
2,"PEYTON",2CD3,   39.119472,   104.43181,68,75
2,"SIMLA",CD15,   39.296389,     104.125,68,75
2,"CASTLE ROCK",4CO8,   39.306935,   104.81581,68,76
2,"ELBERT",4CO7,   39.217768,   104.68025,68,76
2,"ELBERT",CO15,   39.224667,    104.6399,68,76
2,"ELIZABETH",CO42,    39.33471,   104.54636,68,76
2,"ELIZABETH",9CO6,   39.281333,   104.57312,68,76
2,"ELIZABETH",3CO7,   39.332488,   104.56636,68,76
2,"ELIZABETH",CD45,   39.323333,   104.57333,68,76
2,"ELIZABETH",8CO9,   39.344433,   104.58108,68,76
2,"ELIZABETH",2CD6,    39.39485,   104.54703,68,76
2,"FRANKTOWN",7CO3,   39.315556,   104.71222,68,76
2,"FRANKTOWN",CO96,   39.371667,   104.74306,68,76
2,"LARKSPUR",CO93,   39.249989,   104.89081,68,76
2,"MONUMENT",52CO,   39.109711,   104.65386,68,76
2,"PEYTON",2CO1,   39.110547,   104.58386,68,76
2,"PEYTON",36CO,   39.106111,   104.54389,68,76
2,"HARTSEL",25CD,   39.152333,   105.72017,68,78
2,"LAKE GEORGE",93CO,   39.024747,   105.61438,68,78
2,"LEADVILLE",LXV,   39.219472,   106.31642,68,79
2,"ASPEN",CO03,   39.259985,   106.91226,68,80
2,"ASPEN",ASE,   39.221889,   106.86822,68,80
2,"CARBONDALE",4CO0,   39.388872,   107.16005,68,81
2,"SILT",2CD4,   39.430556,   107.62306,68,82
2,"MESA",9CO9,   39.129144,    108.1423,68,83
2,"PARACHUTE",16CO,   39.402333,   108.07662,68,83
2,"PARACHUTE",CO29,   39.379406,   108.08781,68,83
2,"GLADE PARK",CO43,    39.00276,   108.71038,68,84
2,"GRAND JUNCTION",GJT,   39.122417,   108.52675,68,84
2,"MACK",10CO,   39.268111,   108.86403,68,84
2,"CISCO",UT42,   39.146667,     109.145,68,85
2,"GREEN RIVER",UT09,     39.4833,   110.15071,68,87
2,"HUNTINGTON",69V,   39.361225,   110.91698,68,88
2,"MANTI",41U,   39.331417,   111.61261,68,90
2,"SALINA",44U,   39.029128,   111.83826,68,90
2,"DELTA",DTA,   39.383598,   112.50221,68,92
2,"DELTA",UT49,   39.459396,   112.65495,68,92
2,"BAKER",05NV,   39.025833,     114.095,68,95
2,"BAKER",07NV,   39.102222,   114.05333,68,95
2,"BAKER",06NV,   39.098333,   114.15028,68,95
2,"ELY",ELY,   39.299688,   114.84188,68,96
2,"ELY",NV99,   39.036758,   114.82994,68,96
2,"AUSTIN",TMT,   39.467943,   117.19745,68,101
2,"AUSTIN",NV02,   39.066594,   117.42176,68,101
2,"KINGSTON",N15,   39.202665,   117.06893,68,101
2,"FALLON",26NV,   39.452656,   118.86629,68,104
2,"FALLON",FLX,   39.499169,   118.74879,68,104
2,"FALLON",NFL,   39.417831,   118.69859,68,104
2,"FALLON",1NV1,   39.415278,   118.83667,68,104
2,"SILVER SPRINGS",SPZ,   39.403056,   119.25119,68,105
2,"YERINGTON",O43,   39.005417,   119.15653,68,105
2,"CARSON CITY",CXP,   39.192306,   119.73258,68,106
2,"CARSON CITY",25NV,   39.201578,   119.68344,68,106
2,"DAYTON/CARSON CITY",A34,   39.238417,   119.55544,68,106
2,"MINDEN",MEV,     39.0005,   119.75111,68,106
2,"RENO",RNO,   39.499111,   119.76811,68,106
2,"TRUCKEE",TRK,   39.320056,   120.13958,68,107
2,"EMIGRANT GAP",BLU,   39.274972,   120.70975,68,108
2,"BROWNSVILLE",2CL1,   39.455222,   121.29164,68,109
2,"GRASS VALLEY",09CL,   39.112064,   121.05519,68,109
2,"GRASS VALLEY",GOO,   39.224056,   121.00256,68,109
2,"MARYSVILLE",BAB,   39.136101,   121.43659,68,109
2,"MARYSVILLE",22CL,   39.299891,   121.35941,68,109
2,"MARYSVILLE",9CL7,   39.324891,   121.35941,68,109
2,"NORTH SAN JUAN",79CL,   39.324893,   121.07606,68,109
2,"ROUGH AND READY",CA21,   39.220727,   121.21496,68,109
2,"BIGGS",CL23,   39.459609,   121.69608,68,110
2,"BIGGS",00CL,   39.427189,   121.76343,68,110
2,"COLUSA",O08,      39.179,   121.99333,68,110
2,"GRIMES",44CL,   39.047854,   121.95039,68,110
2,"GRIMES",35CN,   39.099893,   121.93441,68,110
2,"GRIMES",53CN,   39.074894,   121.91775,68,110
2,"LIVE OAK",18CL,   39.286001,   121.69414,68,110
2,"LIVE OAK",0CN2,   39.228622,   121.68827,68,110
2,"MARYSVILLE",MYV,   39.097778,   121.56983,68,110
2,"MERIDIAN",92CL,   39.103226,   121.85025,68,110
2,"MERIDIAN",38CN,   39.109337,   121.88386,68,110
2,"OROVILLE",OVE,   39.487806,     121.622,68,110
2,"RICHVALE",07CL,   39.497664,   121.77136,68,110
2,"YUBA CITY",O52,   39.123667,   121.60536,68,110
2,"YUBA CITY",CA73,   39.095726,   121.71636,68,110
2,"ARBUCKLE",55CL,   39.053056,   122.09556,68,111
2,"COLUSA",67CL,   39.201001,   122.04858,68,111
2,"DELEVAN",71CL,   39.352664,   122.09387,68,111
2,"MAXWELL",8CL6,   39.288499,   122.18914,68,111
2,"MAXWELL",12CN,       39.27,   122.11639,68,111
2,"WILLIAMS",4CL3,    39.14625,   122.35412,68,111
2,"UPPER LAKE",1Q5,   39.450722,   122.95461,68,112
2,"BOONVILLE",D83,   39.013953,   123.38155,68,113
2,"UKIAH",UKI,   39.125944,   123.20086,68,113
2,"WILLITS",O28,   39.451333,   123.37233,68,113
2,"FORT BRAGG",82CL,   39.474333,   123.79557,68,114
2,"LITTLE RIVER",LLR,   39.262056,   123.75378,68,114
2,"BURLINGTON COUNTY",NJ24,   39.713333,        74.4,69,15
2,"CHATSWORTH",NJ20,   39.812618,   74.424593,69,15
2,"TOMS RIVER",MJX,   39.926042,   74.295535,69,15
2,"WEST CREEK",31E,   39.665454,   74.308044,69,15
2,"BERLIN",19N,   39.778444,   74.947806,69,16
2,"HAMMONTON",N81,   39.667472,   74.757722,69,16
2,"HAMMONTON",NJ69,    39.65845,   74.802385,69,16
2,"LUMBERTON",N14,   39.934278,   74.807222,69,16
2,"MOUNT HOLLY",VAY,   39.942889,    74.84575,69,16
2,"PEMBERTON",3NJ1,   39.982178,   74.694975,69,16
2,"VINCENTOWN",3NJ9,   39.941019,      74.771,69,16
2,"VINCENTOWN",JY73,   39.904152,   74.749549,69,16
2,"VINELAND",28N,   39.539583,   74.967667,69,16
2,"BRIDGEPORT",6NJ9,    39.79178,   75.374635,69,17
2,"BRIDGETON",34NJ,   39.503056,   75.172222,69,17
2,"CLARKSBORO",NJ25,   39.789683,   75.228347,69,17
2,"CROSS KEYS",17N,   39.705476,   75.033003,69,17
2,"ELMER",7NJ7,   39.560556,   75.218611,69,17
2,"ELMER",04NJ,   39.596781,   75.233519,69,17
2,"GLASSBORO",61NJ,   39.691503,   75.143233,69,17
2,"HARRISONVILLE",9NJ5,   39.680114,   75.252408,69,17
2,"PEDRICKTOWN",7N7,   39.735563,   75.397721,69,17
2,"PITTSGROVE",23NJ,   39.504722,   75.093056,69,17
2,"SALEM",JY39,   39.661111,   75.465278,69,17
2,"SALEM",NJ74,   39.562613,   75.449641,69,17
2,"VINELAND",29N,   39.524004,   75.046343,69,17
2,"WILLIAMSTOWN",C01,   39.655556,   75.014444,69,17
2,"WOODSTOWN",JY08,   39.650114,   75.284076,69,17
2,"PHILADELPHIA",PHL,   39.872084,   75.240663,69,17
2,"MIDDLETOWN",EVY,   39.521028,   75.723667,69,18
2,"WILMINGTON",ILG,   39.678722,   75.606639,69,18
2,"ELKTON",58M,   39.574167,   75.869778,69,18
2,"ELKTON",93MD,   39.561833,   75.834833,69,18
2,"NORTH EAST",16MD,   39.668611,   75.960278,69,18
2,"COATESVILLE",MQS,   39.978972,   75.865472,69,18
2,"LINCOLN UNIVERSITY",3PA8,   39.820386,   75.925778,69,18
2,"TOUGHKENAMON",N57,   39.830526,   75.769745,69,18
2,"WEST CHESTER",OQN,   39.990117,   75.581902,69,18
2,"CHURCHVILLE",0W3,   39.568203,   76.202956,69,19
2,"CONOWINGO",6MD4,   39.719442,   76.208414,69,19
2,"DUBLIN",4MD6,      39.625,     76.2625,69,19
2,"FALLSTON",W42,   39.501324,   76.411335,69,19
2,"FOREST HILL",MD31,     39.5794,   76.374014,69,19
2,"PYLESVILLE",MD88,   39.680017,   76.452769,69,19
2,"RISING SUN",MD61,   39.724553,   76.070504,69,19
2,"BROGUE",9W8,   39.852324,   76.486353,69,19
2,"EAST BERLIN",PA72,   39.958708,   76.970811,69,20
2,"EAST PROSPECT",PA73,   39.979543,   76.536076,69,20
2,"STEWARTSTOWN",84PN,   39.752604,   76.535522,69,20
2,"STEWARTSTOWN",0P2,   39.796254,   76.646393,69,20
2,"THOMASVILLE",PA84,   39.953819,   76.909261,69,20
2,"YORK",73PA,   39.929543,   76.770803,69,20
2,"YORK",THV,      39.917,   76.873028,69,20
2,"EMMITTSBURG",MD12,   39.636389,   77.292778,69,21
2,"KEYMAR",MD42,   39.619544,   77.227483,69,21
2,"NEW WINDSOR",MD56,   39.568989,   77.121371,69,21
2,"TANEYTOWN",33MD,   39.679917,   77.113611,69,21
2,"TANEYTOWN",MD20,   39.636211,   77.122761,69,21
2,"THURMONT",4MD7,   39.646389,   77.366667,69,21
2,"WESTMINSTER",07MD,   39.609447,   77.048119,69,21
2,"WESTMINSTER",DMW,   39.608278,   77.007667,69,21
2,"WESTMINSTER/SILVER RUN",1MD8,   39.682877,   77.097205,69,21
2,"BIGLERVILLE",PA51,    39.90845,   77.205217,69,21
2,"BIGLERVILLE",3PN0,   39.960371,    77.25915,69,21
2,"FAIRFIELD",3PN2,   39.758985,   77.347487,69,21
2,"FAIRFIELD",W73,    39.75704,   77.351376,69,21
2,"GETTYSBURG",PA47,   39.780833,   77.278667,69,21
2,"GETTYSBURG",W05,   39.841306,   77.274639,69,21
2,"GETTYSBURG",9PS8,    39.81315,   77.294983,69,21
2,"GETTYSBURG",8PN9,    39.82204,    77.29193,69,21
2,"GETTYSBURG",34PA,   39.760653,    77.19304,69,21
2,"LITTLESTOWN",PA23,   39.727044,   77.111927,69,21
2,"NEW OXFORD",51PA,    39.88343,   77.083037,69,21
2,"NEW OXFORD",71PN,    39.91815,   77.045533,69,21
2,"HAGERSTOWN",HGR,     39.7085,     77.7265,69,22
2,"HAGERSTOWN",22MD,   39.586944,      77.645,69,22
2,"WOLFSVILLE",6MD3,   39.596944,   77.546667,69,22
2,"CHAMBERSBURG",N68,   39.972962,   77.643256,69,22
2,"CHAMBERSBURG",8PN0,   39.938572,   77.615956,69,22
2,"CHAMBERSBURG",PA58,      39.975,   77.557778,69,22
2,"FAYETTEVILLE",PA81,   39.912778,   77.532778,69,22
2,"GREENCASTLE",PA08,   39.793426,    77.77805,69,22
2,"HEDGESVILLE",WV22,   39.574722,   77.971517,69,22
2,"BREEZEWOOD",P17,   39.874268,   78.297733,69,23
2,"BERKELEY SPRINGS",W35,   39.692611,   78.166083,69,23
2,"CUMBERLAND",CBE,   39.615306,   78.761478,69,24
2,"CUMBERLAND",1W3,    39.60525,   78.760889,69,24
2,"BERLIN",PN98,   39.932833,   78.934167,69,24
2,"MEYERSDALE",58PA,   39.859967,     78.9877,69,24
2,"OAKLAND",2G4,   39.580806,   79.335944,69,25
2,"ADDISON",PS27,   39.731389,      79.375,69,25
2,"FORT HILL",9PA7,   39.772778,   79.211111,69,25
2,"CARMICHAELS",5PA0,   39.872847,   79.955328,69,26
2,"CARMICHEAL",4PS5,   39.920544,   79.948664,69,26
2,"CONNELLSVILLE",VVS,   39.959056,   79.657417,69,26
2,"FARMINGTON",PA88,   39.805631,    79.54893,69,26
2,"MC CLELLANDTOWN",PN55,   39.858409,   79.823383,69,26
2,"MORGANTOWN",MGW,   39.643595,   79.917547,69,26
2,"VALLEY POINT",WV29,   39.579806,   79.649772,69,26
2,"WAYNESBURG",WAY,   39.901139,   80.130694,69,27
2,"GLENDALE",WV66,   39.948685,    80.75953,69,28
2,"MOUNDSVILLE",MPG,   39.880833,   80.735778,69,28
2,"WOODSFIELD",4G5,   39.779051,    81.10278,69,29
2,"CALDWELL",I10,   39.800971,   81.536324,69,30
2,"CAMBRIDGE",CDI,   39.975028,   81.577583,69,30
2,"MC CONNELSVILLE",I71,   39.654238,   81.803189,69,30
2,"STOCKPORT",8OA7,   39.556461,   81.780967,69,30
2,"ZANESVILLE",OH36,   39.986179,   81.983746,69,30
2,"ZANESVILLE",ZZV,   39.944444,   81.892083,69,30
2,"BREMEN",11OA,   39.643121,   82.466823,69,31
2,"BREMEN",62OH,   39.684403,    82.46675,69,31
2,"HOPEWELL",OH92,   39.954234,   82.183199,69,31
2,"LOGAN",OI01,   39.513678,   82.449044,69,31
2,"NEW LEXINGTON",I86,   39.691597,   82.197786,69,31
2,"THORNVILLE",8OI5,   39.881732,   82.414598,69,31
2,"ZANESVILLE",9OI3,   39.898611,   82.110278,69,31
2,"AMANDA",OH61,   39.635341,   82.737948,69,32
2,"BALTIMORE",38OH,   39.844786,   82.579606,69,32
2,"BALTIMORE",7B4,   39.884508,   82.589051,69,32
2,"CIRCLEVILLE",CYO,      39.516,   82.982139,69,32
2,"COLUMBUS",CMH,   39.996947,   82.892159,69,32
2,"COLUMBUS",LCK,   39.813778,   82.927806,69,32
2,"HEBRON",9OA5,   39.961703,   82.540659,69,32
2,"KIRKERSVILLE",OI56,   39.953167,   82.640667,69,32
2,"LANCASTER",LHQ,   39.755638,   82.657096,69,32
2,"CIRCLEVILLE",OH50,   39.687562,   83.096853,69,33
2,"COLUMBUS",TZR,   39.901167,   83.136917,69,33
2,"COLUMBUS",04I,   39.911173,   83.188801,69,33
2,"COLUMBUS",75OA,   39.941972,     83.2049,69,33
2,"DARBYVILLE",38OI,   39.685062,   83.071852,69,33
2,"DARBYVILLE",63OH,    39.70284,   83.093889,69,33
2,"DERBY",2OH8,   39.795339,   83.223244,69,33
2,"LONDON",UYF,   39.932722,      83.462,69,33
2,"ORIENT",4OH4,   39.792778,   83.117222,69,33
2,"WASHINGTON COURT HOUSE",I23,   39.570404,   83.420516,69,33
2,"WEST JEFFERSON",49OH,   39.935451,   83.236399,69,33
2,"CEDARVILLE",OI73,    39.71256,   83.803815,69,34
2,"DAYTON",I19,   39.690722,   83.992778,69,34
2,"DONNELLSVILLE",2OA4,     39.9318,     83.9075,69,34
2,"JAMESTOWN",50OH,   39.680353,   83.744672,69,34
2,"JAMESTOWN",OI52,   39.625061,   83.783258,69,34
2,"LAWRENCEVILLE",57OI,   39.996726,   83.854653,69,34
2,"SOUTH CHARLESTON",1OH8,   39.866727,   83.633256,69,34
2,"SPRINGFIELD",1OA4,   39.923639,   83.661667,69,34
2,"SPRINGFIELD",SGH,   39.840278,   83.840167,69,34
2,"WILMINGTON",I66,   39.502472,   83.863306,69,34
2,"WILMINGTON",OH77,   39.553116,   83.854927,69,34
2,"WILMINGTON",3OH9,   39.561658,   83.857694,69,34
2,"XENIA",7OA7,   39.679227,   83.870761,69,34
2,"YELLOW SPRINGS",OI91,   39.779722,   83.909167,69,34
2,"BROOKVILLE",12OH,   39.834778,   84.334668,69,35
2,"BROOKVILLE",OH46,   39.859839,   84.435192,69,35
2,"DAYTON",I44,    39.76589,   84.343278,69,35
2,"DAYTON",3I7,   39.913278,   84.400413,69,35
2,"DAYTON",MGY,   39.588972,   84.224861,69,35
2,"DAYTON",DAY,    39.90225,   84.219417,69,35
2,"DAYTON",I73,    39.68211,   84.239992,69,35
2,"DAYTON",FFO,   39.825971,   84.046103,69,35
2,"FARMERSVILLE",OH59,   39.695888,   84.448558,69,35
2,"GERMANTOWN",OH64,   39.593113,   84.343831,69,35
2,"GERMANTOWN",OH63,   39.600056,   84.416611,69,35
2,"GRATIS",OI36,     39.6225,   84.483056,69,35
2,"LAURA",OH78,   39.967552,   84.408838,69,35
2,"MIDDLETOWN",MWO,    39.53175,   84.396444,69,35
2,"NEW CARLISLE",3OH0,   39.930892,   84.013546,69,35
2,"NEW LEBANON",06OI,   39.734778,   84.382222,69,35
2,"NEW LEBANON",1OI6,   39.770055,   84.416614,69,35
2,"SPRING VALLEY",0OH6,   39.600616,   84.019655,69,35
2,"TROY",OH71,   39.990887,   84.270501,69,35
2,"WAYNESVILLE",2OI2,   39.561111,   84.051944,69,35
2,"WAYNESVILLE",43OA,   39.581422,   84.092783,69,35
2,"WAYNESVILLE",40I,   39.505338,   84.121879,69,35
2,"WEST MILTON",OI06,   39.991442,   84.291612,69,35
2,"LIBERTY",8II2,   39.653056,   84.866111,69,36
2,"RICHMOND",RID,   39.756083,   84.842694,69,36
2,"ARCANUM",OA23,   39.968667,      84.539,69,36
2,"CAMDEN",90OI,    39.60422,      84.635,69,36
2,"CAMDEN",OI89,   39.649497,   84.629952,69,36
2,"COLLINSVILLE",2OH7,   39.521494,   84.628186,69,36
2,"LEWISBURG",9OA4,    39.83033,   84.509672,69,36
2,"OXFORD",OXD,    39.50225,   84.784361,69,36
2,"WEST ALEXANDRIA",3OH1,   39.697276,   84.542728,69,36
2,"CADIZ",II06,   39.970046,   85.470807,69,37
2,"CONNERSVILLE",IN12,   39.719401,   85.269278,69,37
2,"CONNERSVILLE",CEV,   39.698194,   85.131139,69,37
2,"HAGERSTOWN",I61,   39.889167,   85.163333,69,37
2,"NEW CASTLE",UWL,   39.876722,   85.325278,69,37
2,"RUSHVILLE",6IN8,   39.528611,   85.333333,69,37
2,"BOGGSTOWN",58II,   39.520881,   85.899981,69,38
2,"BOGGSTOWN",07IN,   39.573659,   85.913871,69,38
2,"CARTHAGE",IN81,   39.751944,     85.5575,69,38
2,"CHARLOTTESVILLE",66IN,     39.7875,   85.636944,69,38
2,"FINLY",IN98,   39.683056,   85.844167,69,38
2,"FORTVILLE",08IN,   39.916664,   85.847108,69,38
2,"GREENFIELD",0II7,   39.795598,   85.786089,69,38
2,"GREENFIELD",GFD,   39.790321,   85.736089,69,38
2,"GREENFIELD",79II,   39.883376,   85.702477,69,38
2,"GREENFIELD",4II8,   39.722266,   85.716644,69,38
2,"GREENFIELD",6II2,   39.733377,   85.723311,69,38
2,"HOMER",1II0,   39.576714,   85.587752,69,38
2,"INDIANAPOLIS",MQJ,   39.843139,   85.897722,69,38
2,"MARKLEVILLE",II13,   39.920278,   85.598611,69,38
2,"RUSHVILLE",IN05,   39.660556,   85.548333,69,38
2,"SHELBYVILLE",93IN,   39.588611,   85.736111,69,38
2,"SHELBYVILLE",70II,   39.521715,   85.686366,69,38
2,"SHELBYVILLE",GEZ,   39.583139,   85.804806,69,38
2,"BARGERSVILLE",7II9,   39.582825,    86.17971,69,39
2,"BROWNSBURG",38IN,   39.901986,   86.363051,69,39
2,"BROWNSBURG",36II,   39.841154,   86.348605,69,39
2,"FRANKLIN",20IN,   39.513938,   86.051374,69,39
2,"FRANKLIN",63II,    39.50505,   86.030263,69,39
2,"GREENWOOD",8IN2,   39.623333,   86.031389,69,39
2,"INDIANAPOLIS",EYE,   39.830717,   86.294386,69,39
2,"INDIANAPOLIS",2R2,   39.746778,   86.475167,69,39
2,"INDIANAPOLIS",IND,   39.717306,   86.294639,69,39
2,"INDIANAPOLIS",UMP,   39.935398,   86.045068,69,39
2,"INDIANAPOLIS",HFY,   39.627611,   86.088028,69,39
2,"INDIANAPOLIS",7L8,   39.750043,   86.013871,69,39
2,"MARTINSVILLE",IN58,   39.501335,   86.262924,69,39
2,"MARTINSVILLE",89IN,   39.506992,   86.389716,69,39
2,"MONROVIA",6IN6,   39.548889,   86.476667,69,39
2,"NEW WHITELAND",2IN9,   39.566667,   86.118056,69,39
2,"AMO",8IN9,   39.685556,   86.602222,69,40
2,"BAINBRIDGE",50II,   39.773657,   86.756396,69,40
2,"BELLEVILLE",05IN,   39.641991,   86.504164,69,40
2,"CLOVERDALE",II07,   39.532268,   86.832231,69,40
2,"CLOVERDALE",IN88,   39.513379,   86.763896,69,40
2,"CRAWFORDSVILLE",CFJ,   39.974639,   86.921083,69,40
2,"CRAWFORDSVILLE",41IG,   39.972111,   86.998806,69,40
2,"DANVILLE",11IN,   39.818934,   86.538056,69,40
2,"DANVILLE",II82,   39.794212,   86.577779,69,40
2,"EMINENCE",78I,   39.501647,   86.688502,69,40
2,"EMINENCE",II09,   39.573658,   86.618057,69,40
2,"FILLMORE",4II3,   39.736389,   86.729722,69,40
2,"GREENCASTLE",38II,   39.728611,   86.823056,69,40
2,"GREENCASTLE",II29,    39.61088,   86.756118,69,40
2,"GREENCASTLE",GPC,   39.633528,   86.813806,69,40
2,"HALL",0II9,   39.534214,   86.577222,69,40
2,"JAMESTOWN",IN25,   39.998056,   86.577222,69,40
2,"JAMESTOWN",57II,    39.96421,   86.567503,69,40
2,"LIZTON",6II7,   39.886155,   86.581391,69,40
2,"LIZTON",II52,   39.877544,   86.527778,69,40
2,"NEW WINCHESTER",5II1,   39.782823,   86.617502,69,40
2,"PITTSBORO",II91,   39.843933,   86.505275,69,40
2,"REELSVILLE",99II,     39.5835,   86.952528,69,40
2,"ROACHDALE",IN45,   39.825045,   86.883342,69,40
2,"RUSSELLVILLE",II68,   39.855044,   86.959176,69,40
2,"LENA",49II,   39.609766,   87.015291,69,41
2,"NEWPORT",II59,   39.840038,   87.393627,69,41
2,"ROCKVILLE",IN46,   39.738929,   87.219459,69,41
2,"TERRE HAUTE",3I3,   39.547787,   87.377353,69,41
2,"WALLACE",4IN4,   39.975278,   87.180278,69,41
2,"HOMER",6IS8,   39.990154,   87.887485,69,42
2,"PARIS",PRG,   39.699667,   87.670778,69,42
2,"SIDELL",96IS,   39.872585,   87.844175,69,42
2,"MURDOCK",5LL3,   39.769478,   88.095317,69,43
2,"PESOTUM",89IL,   39.916889,   88.304833,69,43
2,"TUSCOLA",K96,   39.781197,   88.306446,69,43
2,"BEMENT",1IS2,   39.896422,   88.522283,69,44
2,"BETHANY",86IL,   39.681667,   88.764444,69,44
2,"CERRO GORDO",88IL,   39.942278,   88.733278,69,44
2,"DECATUR",DEC,   39.834562,   88.865689,69,44
2,"FINDLAY",35IS,   39.528371,    88.76396,69,44
2,"HAMMOND",IL32,   39.783333,   88.621389,69,44
2,"LAKE CITY",5IS4,   39.766146,   88.779516,69,44
2,"MONTICELLO",1LL4,   39.976931,   88.711928,69,44
2,"MOWEAQUA",5LL1,   39.650038,   88.975077,69,44
2,"MOWEAQUA",5LL2,   39.610263,   88.853321,69,44
2,"SULLIVAN",85IL,   39.637244,   88.619297,69,44
2,"BLUE MOUND",1IS3,   39.695579,   89.059001,69,45
2,"BLUE MOUND",3IS1,   39.700042,   89.208971,69,45
2,"BLUE MOUND",3IS3,   39.739144,   89.147174,69,45
2,"EDINBURG",9LL5,   39.651111,   89.458611,69,45
2,"STONINGTON",IS54,   39.644694,   89.145744,69,45
2,"TAYLORVILLE",TAZ,   39.532586,   89.330707,69,45
2,"NEW BERLIN",IL24,     39.7075,   89.883056,69,46
2,"NEW BERLIN",6LL5,   39.789493,   89.991222,69,46
2,"PAWNEE",3IS5,   39.684495,   89.598707,69,46
2,"RIVERTON",91IS,   39.823661,   89.503984,69,46
2,"SPRINGFIELD",SPI,   39.844222,   89.678083,69,46
2,"VIRDEN",25IL,   39.516446,   89.869674,69,46
2,"WILLIAMSVILLE",3LS7,   39.986389,   89.511667,69,46
2,"ARENZVILLE",IL12,   39.880047,   90.465125,69,47
2,"BEARDSTOWN",K06,   39.973381,   90.403736,69,47
2,"BEARDSTOWN",IL86,   39.936159,   90.466792,69,47
2,"CHAPIN",30LL,   39.754213,   90.365401,69,47
2,"JACKSONVILLE",IJX,   39.774611,   90.238278,69,47
2,"MURRAYVILLE",IL29,   39.533006,   90.215581,69,47
2,"GRIGGSVILLE",51IS,   39.659214,   90.700127,69,48
2,"MOUNT STERLING",I63,   39.985389,   90.804139,69,48
2,"PITTSFIELD",PPQ,    39.63889,   90.778559,69,48
2,"PAYSON",9LL0,   39.820046,   91.220976,69,49
2,"QUINCY",UIN,   39.943017,   91.194463,69,49
2,"HANNIBAL",HAE,   39.725167,   91.443861,69,49
2,"LOUISANA",MO46,   39.520324,   91.171808,69,49
2,"MONROE CITY",K52,   39.634411,   91.726994,69,50
2,"GRAINVILLE",61MO,   39.548649,   92.098784,69,51
2,"LA PLATA",4MO3,   39.991702,   92.491855,69,51
2,"MACON",K89,   39.729806,   92.456722,69,51
2,"SHELBYVILLE",6K2,   39.812567,   92.050217,69,51
2,"ATLANTA",MU06,   39.931747,   92.575156,69,52
2,"MARCELINE",0MU4,   39.615003,   92.865583,69,52
2,"NEW BOSTON",5MO9,     39.9825,   92.864444,69,52
2,"BROOKFIELD",MO8,   39.771361,   93.012778,69,53
2,"BROOKFIELD",MU03,     39.7146,   93.140165,69,53
2,"CHILLICOTHE",CHT,   39.782015,   93.496236,69,53
2,"SUMNER",9MO9,   39.550024,   93.250206,69,53
2,"GALLATIN",1MO4,   39.891676,   93.864109,69,54
2,"CAMERON",EZZ,   39.727556,   94.276389,69,55
2,"CAMERON",MO27,   39.735281,   94.192722,69,55
2,"GALLATIN",1MO3,   39.933338,   94.073836,69,55
2,"MAYSVILLE",8MO5,   39.822777,   94.384118,69,55
2,"OSBORN",17MU,   39.682792,   94.372097,69,55
2,"OSBORN",MU31,   39.793542,   94.436361,69,55
2,"OSBORN",MO25,   39.693761,   94.406386,69,55
2,"PLATTSBURG",51MO,   39.594583,   94.461417,69,55
2,"POLO",37MO,   39.566128,   94.184692,69,55
2,"FAUCETT",61MU,   39.588191,   94.783823,69,56
2,"FAUCETT",9MO3,   39.641662,   94.813574,69,56
2,"RUSHVILLE",1MU8,   39.554167,   94.998611,69,56
2,"SAVANNAH",9MO4,   39.979161,   94.873858,69,56
2,"ST JOSEPH",44MO,   39.709717,   94.802186,69,56
2,"ST JOSEPH",STJ,   39.771944,   94.909706,69,56
2,"ATCHISON",K59,   39.570525,   95.180331,69,57
2,"EFFINGHAM",SN43,   39.504165,   95.471087,69,57
2,"HIAWATHA",8KS3,   39.852781,   95.480536,69,57
2,"HIGHLAND",SN75,   39.866114,   95.341958,69,57
2,"HORTON",7KS4,   39.633333,   95.439167,69,57
2,"SEVERANCE",2KS1,   39.774443,   95.251086,69,57
2,"TROY",61KS,   39.758884,   95.095805,69,57
2,"ST JOSEPH",64MO,   39.665272,   95.013302,69,57
2,"HIAWATHA",K87,    39.87917,    95.52526,69,58
2,"HORTON",K91,   39.679169,   95.533591,69,58
2,"SABETHA",K83,   39.904167,   95.779432,69,58
2,"SENECA",2KS6,   39.750379,   96.026783,69,59
2,"SENECA",63KS,   39.779367,   96.004128,69,59
2,"SENECA",62K,   39.847611,   96.116917,69,59
2,"MARYSVILLE",MYZ,   39.856429,   96.630713,69,60
2,"WASHINGTON",K38,   39.735167,   97.047583,69,61
2,"BELLEVILLE",RPB,    39.81776,   97.659586,69,62
2,"CONCORDIA",CNK,   39.549222,   97.652306,69,62
2,"RANDALL",SN49,   39.685275,   97.971156,69,62
2,"IONIA",9KS4,   39.636261,   98.360328,69,63
2,"MANKATO",TKO,    39.80279,   98.221162,69,63
2,"DOWNS",65KS,   39.506831,   98.586061,69,64
2,"SMITH CENTER",K82,   39.762611,     98.7945,69,64
2,"KIRWIN",25KS,   39.683344,   99.128422,69,65
2,"PHILLIPSBURG",PHG,   39.735806,   99.317111,69,65
2,"NORTON",NRN,   39.850472,   99.894694,69,66
2,"PRAIRIE VIEW",0P1,   39.831694,   99.568444,69,66
2,"LENORA",SN03,   39.629449,   100.01541,69,67
2,"OBERLIN",OIN,   39.834889,   100.53978,69,68
2,"OBERLIN",7KS8,    39.83056,   100.58098,69,68
2,"ATWOOD",ADT,   39.840339,   101.04248,69,69
2,"MC DONALD",5KS8,   39.818053,    101.3485,69,69
2,"MCDONALD",00IG,   39.724028,   101.39599,69,69
2,"BIRD CITY",5K0,   39.744139,   101.55647,69,70
2,"BIRD CITY",4KS8,   39.591107,   101.59267,69,70
2,"ST FRANCIS",SYF,   39.759167,   101.79467,69,70
2,"IDALIA",CO08,       39.73,   102.17167,69,71
2,"KIRK",CO84,   39.608324,   102.54076,69,72
2,"DEER TRAIL",CD13,   39.835067,    103.7356,69,74
2,"BENNET",96CO,   39.856433,   104.39603,69,75
2,"BENNETT",CO41,   39.913889,   104.47333,69,75
2,"BENNETT",76CO,   39.835817,   104.42218,69,75
2,"BENNETT",CD14,   39.828873,   104.43718,69,75
2,"BENNETT",CD09,   39.819706,   104.40913,69,75
2,"BENNETT",87CO,   39.691111,   104.41556,69,75
2,"BRIGHTON",22CO,   39.958056,   104.48556,69,75
2,"BYERS",CD17,   39.908316,   104.12606,69,75
2,"BYERS",6CO7,   39.595833,   104.23417,69,75
2,"BYERS",CO17,   39.713593,   104.19385,69,75
2,"BYERS",5CO4,   39.699982,   104.25051,69,75
2,"KEENESBURG",CO56,    39.96415,   104.46301,69,75
2,"STRASBURG",CO38,   39.747194,     104.313,69,75
2,"STRASBURG",CO97,   39.720814,   104.32306,69,75
2,"WATKINS",9CO2,   39.696097,    104.4758,69,75
2,"AURORA",BKF,   39.701761,   104.75196,69,76
2,"AURORA",34CO,   39.716376,   104.73247,69,76
2,"BENNET",CO02,   39.629708,   104.51858,69,76
2,"BRIGHTON",CO12,   39.983381,   104.70448,69,76
2,"DENVER",APA,   39.570119,   104.84929,69,76
2,"DENVER",CFO,   39.784194,   104.53764,69,76
2,"DENVER",DEN,   39.861667,   104.67317,69,76
2,"PARKER",1CO8,   39.527563,   104.65654,69,76
2,"BLACKHAWK",CO07,   39.854154,   105.47138,69,77
2,"BOULDER",CO10,   39.994707,   105.22388,69,77
2,"DENVER",BJC,   39.908806,   105.11719,69,77
2,"EVERGREEN",CO52,   39.583321,   105.30333,69,77
2,"INDIAN HILLS",CD28,   39.643883,   105.26763,69,77
2,"EAGLE",EGE,    39.64275,   106.91594,69,80
2,"GYPSUM",CO47,   39.599984,   106.97421,69,80
2,"GLENWOOD SPRINGS",GWS,      39.506,   107.30908,69,81
2,"MEEKER",41CO,   39.971111,   107.61111,69,82
2,"RIFLE",RIL,   39.526611,     107.728,69,82
2,"PRICE",PUC,   39.613889,   110.75161,69,88
2,"NEPHI",U14,   39.736583,   111.87006,69,90
2,"IBAPAH",UT65,   39.997993,   113.97709,69,94
2,"EUREKA",05U,    39.60375,   116.00361,69,99
2,"AUSTIN",NV35,   39.544365,   117.75067,69,102
2,"FALLON",NV30,   39.966582,   117.82762,69,102
2,"FERNLEY",N58,   39.559794,   119.24266,69,105
2,"LEMMON VALLEY",NV17,   39.673243,   119.81297,69,106
2,"RENO",77NV,   39.846667,   119.68667,69,106
2,"RENO",NV09,   39.724353,   119.89936,69,106
2,"RENO",RTS,   39.668177,   119.87644,69,106
2,"RENO",N86,   39.671181,   119.72517,69,106
2,"SPARKS",2NV2,   39.834722,   119.67472,69,106
2,"SPARKS",NV96,   39.825278,   119.65444,69,106
2,"BECKWOURTH",O02,   39.818528,   120.35281,69,107
2,"CALPINE",CA38,   39.651291,   120.43854,69,107
2,"CHILCOOT",CA11,   39.997214,   120.21686,69,107
2,"SIERRAVILLE",O79,   39.581667,   120.35403,69,107
2,"QUINCY",2O1,   39.943917,   120.94539,69,108
2,"CHICO",CIC,   39.795389,   121.85842,69,110
2,"CHICO",4CA7,   39.670717,   121.88581,69,110
2,"CHICO",CL56,   39.719521,    121.8705,69,110
2,"PARADISE",CA92,   39.710556,    121.6165,69,110
2,"VINA",CA60,   39.949881,   121.99693,69,110
2,"CORNING",0O4,   39.946111,   122.17111,69,111
2,"ORLAND",O37,   39.720389,   122.14636,69,111
2,"WILLOWS",WLW,   39.515756,   122.21728,69,111
2,"ELK CREEK",90CL,   39.572102,   122.60944,69,112
2,"COVELO",O09,     39.7905,   123.26633,69,113
2,"BELMAR/FARMINGDALE",BLM,   40.186778,   74.124556,70,15
2,"ENGLISHTOWN",NJ46,   40.276499,   74.388482,70,15
2,"FREEHOLD",NJ60,   40.187057,    74.26709,70,15
2,"FREEHOLD",NJ59,   40.182891,   74.278757,70,15
2,"HOLMDEL",NJ72,    40.35122,   74.181254,70,15
2,"LAKEHURST",NEL,   40.035781,    74.35137,70,15
2,"LAKEWOOD",N12,   40.066889,   74.177556,70,15
2,"OLD BRIDGE",3N6,   40.329887,   74.346787,70,15
2,"FLEMINGTON",NJ50,   40.480659,   74.961835,70,16
2,"JOBSTOWN",2N6,   40.027083,   74.690889,70,16
2,"LAMBERTVILLE",NJ79,   40.351495,   74.909333,70,16
2,"PENNINGTON",2NJ3,   40.340384,   74.854331,70,16
2,"PRINCETON/ROCKY HILL",39N,   40.399089,   74.659006,70,16
2,"RANCOCAS",3NJ6,   40.015472,   74.841333,70,16
2,"ROBBINSVILLE",N87,   40.213944,   74.601778,70,16
2,"TRENTON",TTN,   40.276694,   74.813472,70,16
2,"WRIGHTSTOWN",WRI,   40.015584,   74.591699,70,16
2,"FRENCHTOWN",NJ63,   40.467881,   75.050448,70,17
2,"KINGWOOD TOWNSHIP",92NJ,   40.468437,   75.002391,70,17
2,"ROSEMONT",4NJ0,   40.449271,   75.017669,70,17
2,"BEDMINSTER",PA36,   40.452881,   75.203785,70,17
2,"COLLEGEVILLE",PA61,   40.165039,   75.451897,70,17
2,"COLLEGEVILLE",N10,   40.204048,   75.430263,70,17
2,"DOYLESTOWN",DYL,    40.33305,   75.122338,70,17
2,"DUBLIN",PS46,   40.362327,   75.180173,70,17
2,"ERWINNA",9N1,    40.48427,   75.099616,70,17
2,"FOREST GROVE",18PA,   40.293628,    75.06475,70,17
2,"IVYLAND",5PN7,   40.230933,   75.075831,70,17
2,"KELLERS CHURCH",1PA3,   40.450103,   75.199619,70,17
2,"LINE LEXINGTON",3PA9,   40.296773,   75.247952,70,17
2,"PENNSBURG",9PA2,   40.394545,    75.44129,70,17
2,"PERKASIE",61PN,   40.425659,   75.232397,70,17
2,"PERKASIE",PS03,   40.407786,   75.232472,70,17
2,"PERKASIE",PS54,   40.329271,   75.281564,70,17
2,"PERKASIE",CKZ,   40.389194,   75.290472,70,17
2,"PHILADELPHIA",PNE,   40.081944,   75.010583,70,17
2,"PHILADELPHIA",LOM,   40.137556,   75.265139,70,17
2,"PIPERSVILLE",4PA8,   40.432881,   75.149617,70,17
2,"POINT PLEASANT",PA05,   40.441215,   75.074893,70,17
2,"QUAKERTOWN",UKT,   40.435139,   75.381944,70,17
2,"REVERE",23PA,   40.498403,   75.147322,70,17
2,"SOLEBURY",38PA,   40.390489,   75.015083,70,17
2,"SOUDERTON",39PA,   40.317327,   75.290453,70,17
2,"TINICUM",56PA,   40.469548,   75.082116,70,17
2,"TRUMBAUERSVILLE",1PS9,   40.403435,   75.370456,70,17
2,"ZIEGLERVILLE",74PA,   40.291768,   75.466288,70,17
2,"BALLY",PA35,   40.432041,   75.626021,70,18
2,"BALLY",7N8,   40.397439,   75.563189,70,18
2,"DOWNINGTOWN",PA70,   40.091769,   75.710764,70,18
2,"FREDERICK",PA85,   40.304821,   75.533513,70,18
2,"MORGANTOWN",O03,   40.157041,   75.870489,70,18
2,"PARKER FORD",9PA0,   40.187323,   75.590189,70,18
2,"PHOENIXVILLE",5PA4,   40.189814,   75.615031,70,18
2,"POTTSTOWN",14PA,   40.290929,   75.659075,70,18
2,"POTTSTOWN",PTW,   40.239556,   75.556722,70,18
2,"POTTSTOWN",N47,   40.260417,   75.670833,70,18
2,"READING",RDG,     40.3785,    75.96525,70,18
2,"SASSAMANSVILLE",PN00,   40.343153,   75.572681,70,18
2,"SPRING CITY",43PA,   40.159997,   75.545671,70,18
2,"BETHEL",8N1,   40.484814,   76.263562,70,19
2,"FREDERICKSBURG",PS35,   40.458146,   76.458017,70,19
2,"FREDERICKSBURG",9N7,   40.442868,   76.441627,70,19
2,"FRYSTOWN",PA86,   40.447591,   76.341066,70,19
2,"LANCASTER",LNS,   40.122361,   76.294361,70,19
2,"LANCASTER",4PA7,   40.058783,   76.437653,70,19
2,"LEBANON",3PA0,   40.383424,   76.466352,70,19
2,"LEBANON",08N,   40.291551,   76.328747,70,19
2,"MOUNT JOY",19PN,   40.093044,   76.493139,70,19
2,"MYERSTOWN",9D4,   40.352128,   76.329644,70,19
2,"NEWMANSTOWN",69PA,    40.34287,   76.209393,70,19
2,"SHARTLESVILLE",2PA6,   40.491204,   76.097719,70,19
2,"SMOKETOWN",S37,   40.041593,   76.201896,70,19
2,"WEMERSVILLE",28PA,   40.322061,   76.100622,70,19
2,"ANNVILLE",PA31,   40.283425,   76.539412,70,20
2,"CARSONVILLE",0PS3,   40.490364,   76.766636,70,20
2,"DOVER",0P8,   40.024424,     76.8153,70,20
2,"ELIZABETHVILLE/HALIFAX",PA74,   40.465364,   76.839972,70,20
2,"FORT INDIANTOWN GAP(ANNVILLE)",MUI,    40.43523,   76.568631,70,20
2,"HARRISBURG",CXY,   40.217139,   76.851361,70,20
2,"HARRISBURG",MDT,   40.193191,   76.762621,70,20
2,"HARRISBURG",3PS8,   40.395817,   76.745833,70,20
2,"LINGLESTOWN",1PA6,   40.360833,   76.743611,70,20
2,"LINGLESTOWN",PA44,   40.372426,   76.743847,70,20
2,"MOUNT JOY/MARIETTA",N71,   40.092207,   76.574355,70,20
2,"ONO",8PA1,   40.408424,   76.503853,70,20
2,"PALMYRA",58N,   40.286767,   76.576988,70,20
2,"WELLSVILLE",2N5,    40.04951,    76.97715,70,20
2,"WELLSVILLE",62PA,   40.036206,   76.995533,70,20
2,"CARLISLE",N94,   40.187913,   77.174276,70,21
2,"CARLISLE",PA55,   40.216755,   77.116368,70,21
2,"DUNCANNON",5PS5,   40.396752,   77.074146,70,21
2,"KRALLTOWN",07N,   40.016762,   77.003867,70,21
2,"LANDISBURG",2PA7,   40.333418,   77.299707,70,21
2,"LANDISBURG",2PA8,   40.300085,   77.299706,70,21
2,"NEW BLOOMFIELD",0PN4,   40.412861,   77.241372,70,21
2,"NEW KINGSTOWN",41PA,   40.257866,   77.081367,70,21
2,"NEWPORT",34PN,   40.485556,   77.220556,70,21
2,"NEWVILLE",PS02,   40.164254,    77.37054,70,21
2,"SHERMANS DALE",0PA2,   40.316753,   77.124702,70,21
2,"SHIPPENSBURG",6PA5,   40.113422,   77.454152,70,21
2,"YORK SPRINGS",2PS3,   40.016761,   77.041368,70,21
2,"BURNT CABINS",05PS,   40.142778,   77.861944,70,22
2,"MILLCREEK",3PS4,   40.436567,   77.901283,70,22
2,"NEWBURG",0PN7,   40.128333,   77.631389,70,22
2,"ORBISONA/ROCKHILL",PN73,   40.230081,   77.920554,70,22
2,"THREE SPRINGS",0PN6,   40.168971,   77.992501,70,22
2,"UPPER STRASBURG",18PN,   40.065366,   77.692769,70,22
2,"ALTOONA",AOO,   40.296361,   78.320028,70,23
2,"CALVIN",5PN8,   40.328889,      78.045,70,23
2,"CASSVILLE",PN30,   40.262778,     78.1025,70,23
2,"HARRISONVILLE",PN35,   40.000086,   78.083061,70,23
2,"NEWRY",7G4,   40.396497,     78.4537,70,23
2,"WILLIAMSBURG",6G6,   40.454517,   78.238066,70,23
2,"WOODBURY",2PN5,   40.248411,   78.360847,70,23
2,"BEDFORD",HMZ,   40.086111,     78.5135,70,24
2,"EBENSBURG",9G8,   40.461211,   78.775244,70,24
2,"EBENSBURG",PS47,   40.427851,   78.741409,70,24
2,"JOHNSTOWN",PS52,   40.195077,     78.8328,70,24
2,"JOHNSTOWN",JST,   40.315556,   78.834667,70,24
2,"OSTERBURG",1PS0,   40.184167,   78.558889,70,24
2,"BOLIVAR",01PA,   40.362486,   79.165481,70,25
2,"LATROBE",LBE,     40.2731,   79.410326,70,25
2,"NEW ALEXANDRIA",PN66,   40.425623,   79.363649,70,25
2,"SOMERSET",2G9,   40.038503,   79.015296,70,25
2,"IRWIN",31D,   40.333402,   79.779212,70,26
2,"JEANNETTE",5G8,   40.376333,   79.608778,70,26
2,"MONONGAHELA",FWQ,   40.209722,   79.831444,70,26
2,"MONROEVILLE",15PA,   40.452639,   79.774917,70,26
2,"MOUNT PLEASANT",1PN7,   40.184158,    79.52785,70,26
2,"MOUNT PLEASANT",P45,   40.107633,   79.543112,70,26
2,"PERRYOPOLIS",9PN1,   40.038963,   79.790042,70,26
2,"PITTSBURGH",AGC,   40.354438,   79.929047,70,26
2,"BULGER",3PS9,   40.378417,   80.349533,70,27
2,"CANDOR",82PA,   40.396667,   80.305278,70,27
2,"CLAYSVILLE",PS67,   40.106184,     80.4309,70,27
2,"EIGHTY FOUR",22D,   40.130594,   80.096139,70,27
2,"EIGHTY FOUR",16PA,   40.180627,   80.127556,70,27
2,"FINLEYVILLE",G05,    40.24545,   80.009814,70,27
2,"MIDWAY",PN62,   40.375069,   80.299783,70,27
2,"PITTSBURGH",PIT,   40.491417,   80.232694,70,27
2,"SCENERY HILL",PN95,   40.100072,   80.033109,70,27
2,"WASHINGTON",AFJ,   40.136472,   80.290194,70,27
2,"ST CLAIRSVILLE",2P7,   40.056863,   80.963188,70,28
2,"STEUBENVILLE",2G2,   40.360611,   80.701694,70,28
2,"TORONTO",1G8,   40.475899,   80.628129,70,28
2,"WHEELING",HLG,   40.175011,   80.646268,70,28
2,"BARNESVILLE",6G5,   40.002417,   81.191833,70,29
2,"CADIZ",8G6,    40.23837,   81.012884,70,29
2,"DENNISON",OA14,   40.422222,   81.318056,70,29
2,"GNADENHUTTEN",3OH8,   40.360833,   81.423333,70,29
2,"NEW PHILADELPHIA",PHD,   40.470167,   81.419944,70,29
2,"OLD WASHINGTON",OH94,   40.021792,   81.482376,70,29
2,"ADAMS MILLS",OH82,   40.153403,   81.973468,70,30
2,"CAMBRIDGE",2OA6,   40.086483,   81.588178,70,30
2,"CAMBRIDGE",OA00,   40.117016,   81.571232,70,30
2,"CAMBRIDGE",OI98,    40.06481,   81.622272,70,30
2,"CONESVILLE",36OH,   40.190348,   81.974024,70,30
2,"COSHOCTON",I40,   40.310167,   81.852417,70,30
2,"DRESDEN",OA85,   40.136458,   81.993747,70,30
2,"WEST LAFAYETTE",80G,    40.24786,   81.736069,70,30
2,"MOUNT VERNON",6G4,   40.365062,   82.495718,70,31
2,"NASHPORT",7OI9,   40.068956,   82.135974,70,31
2,"NEWARK",OH20,   40.154067,   82.306907,70,31
2,"NEWARK",VTA,   40.024667,   82.461806,70,31
2,"ZANESVILLE",42I,   40.007012,   82.012358,70,31
2,"CARDINGTON",3OH7,   40.478667,      82.944,70,32
2,"CENTERBURG",6CM,    40.29545,   82.729972,70,32
2,"CENTERBURG",OH87,   40.338963,   82.772312,70,32
2,"GALENA",OH44,   40.220618,   82.946293,70,32
2,"JOHNSTOWN",5OI8,   40.190341,   82.654613,70,32
2,"KILBOURNE",2OH0,     40.3455,     82.9405,70,32
2,"MOUNT VERNON",4I3,   40.328917,   82.526083,70,32
2,"COLUMBUS",OSU,   40.079516,   83.073213,70,33
2,"DELAWARE",OH57,   40.258951,   83.011851,70,33
2,"DELAWARE",63OI,   40.335061,   83.136023,70,33
2,"DELAWARE",DLZ,   40.279542,   83.113384,70,33
2,"DELAWARE",7OH3,   40.352839,    83.05102,70,33
2,"JEROME",33OH,     40.1851,   83.172722,70,33
2,"MARYSVILLE",2OA5,     40.1825,   83.350944,70,33
2,"MARYSVILLE",MRT,     40.2245,   83.351633,70,33
2,"MILFORD CENTER",OH93,   40.140338,   83.390198,70,33
2,"PLAIN CITY",6OI5,   40.137284,    83.21797,70,33
2,"RADNOR",5E9,   40.407976,    83.21936,70,33
2,"BELLEFONTAINE",EDJ,   40.372278,    83.81925,70,34
2,"EAST LIBERTY",OI38,   40.308667,   83.615207,70,34
2,"EAST LIBERTY",9OI5,   40.308113,   83.541732,70,34
2,"QUINCY",1OH1,    40.30144,   83.976049,70,34
2,"RAYMOND",5OH6,   40.353856,     83.5239,70,34
2,"ST PARIS",24OI,   40.077835,   83.897155,70,34
2,"TREMONT CITY",I54,   40.020059,   83.828541,70,34
2,"URBANA",I74,   40.132372,   83.754063,70,34
2,"URBANA",38I,   40.091169,   83.689372,70,34
2,"ANNA",OA11,   40.376111,      84.255,70,35
2,"COVINGTON",6OH9,   40.105884,   84.399949,70,35
2,"PIQUA",0OH7,   40.143333,   84.171944,70,35
2,"PIQUA",4OA8,   40.108611,   84.299722,70,35
2,"PIQUA",0OH8,   40.188383,   84.256056,70,35
2,"PIQUA",I17,   40.164694,   84.308417,70,35
2,"PLEASANT HILL",83OH,   40.062273,   84.379393,70,35
2,"PLEASANT HILL",1OA1,   40.045885,   84.334391,70,35
2,"SIDNEY",SCA,   40.241278,   84.147861,70,35
2,"TROY",2OH6,   40.011997,   84.281335,70,35
2,"TROY",1WF,   40.014764,   84.198056,70,35
2,"WAPAKONETA",AXV,   40.493556,   84.298083,70,35
2,"PORTLAND",PLD,   40.451583,   84.989028,70,36
2,"WINCHESTER",I22,   40.167694,   84.929389,70,36
2,"ANSONIA",OH34,   40.205881,   84.661624,70,36
2,"CELINA",CQA,   40.484278,   84.558194,70,36
2,"GREENVILLE",83OA,   40.158611,   84.594167,70,36
2,"GREENVILLE",16OI,   40.125278,     84.5825,70,36
2,"VERSAILLES",VES,   40.204411,   84.532423,70,36
2,"ALBANY",0II0,   40.260042,   85.253303,70,37
2,"ALBANY",II77,   40.259487,   85.260526,70,37
2,"EATON",IN63,   40.366709,   85.338582,70,37
2,"HARTFORD CITY",II67,   40.427794,   85.373461,70,37
2,"HARTFORD CITY",9IN0,   40.453692,   85.288853,70,37
2,"MUNCIE",IN56,   40.126944,   85.431944,70,37
2,"MUNCIE",MIE,   40.242472,    85.39575,70,37
2,"MUNCIE",7I2,   40.155239,   85.318946,70,37
2,"SPRINGPORT",7IN9,     40.0375,   85.410556,70,37
2,"SULPHUR SPRINGS",39IN,   40.002268,   85.428861,70,37
2,"ALEXANDRIA",I99,   40.232513,   85.637531,70,38
2,"ANDERSON",AID,   40.108611,      85.613,70,38
2,"ANDERSON",34II,   40.050599,   85.602753,70,38
2,"ARCADIA",9II4,     40.1725,   85.944722,70,38
2,"ARCADIA",II27,   40.166704,   85.940816,70,38
2,"FRANKTON",2II3,   40.226667,   85.816389,70,38
2,"GREENTOWN",62IN,   40.430871,    85.97832,70,38
2,"MARION",MZZ,   40.489917,   85.679778,70,38
2,"MUNCIE",02IN,   40.208889,   85.540833,70,38
2,"NOBLESVILLE",2IN6,   40.041944,   85.916944,70,38
2,"NOBLESVILLE",II94,   40.128372,   85.886092,70,38
2,"NOBLESVILLE",I80,     40.0035,   85.964528,70,38
2,"PENDLETON",6IN5,   40.032778,   85.783611,70,38
2,"PENDLETON",IN31,   40.022263,   85.753588,70,38
2,"TIPTON",35IN,   40.294483,   85.942483,70,38
2,"CICERO",18II,   40.120037,    86.06832,70,39
2,"INDIANAPOLIS",TYQ,   40.030667,   86.251444,70,39
2,"KOKOMO",8I3,   40.433371,   86.203327,70,39
2,"KOKOMO",2II0,    40.41745,     86.1525,70,39
2,"LEBANON",6I4,   40.007264,   86.440555,70,39
2,"SHARPSVILLE",II70,   40.385008,   86.063647,70,39
2,"SHERIDAN",5I4,   40.178156,   86.217069,70,39
2,"SHERIDAN",IN51,   40.140037,    86.15249,70,39
2,"TIPTON",2II6,   40.264759,   86.102767,70,39
2,"WESTFIELD",I72,   40.048926,   86.157768,70,39
2,"WESTFIELD",IN60,   40.017815,   86.160268,70,39
2,"CRAWFORDSVILLE",50IN,   40.058086,   86.795422,70,40
2,"FRANKFORT",FKR,   40.273431,    86.56217,70,40
2,"LAFAYETTE",LAF,   40.412306,   86.936889,70,40
2,"LAFAYETTE",31IN,   40.285036,   86.856396,70,40
2,"LAFAYETTE",6IN3,   40.349167,   86.763889,70,40
2,"STOCKWELL",37IN,   40.291702,   86.780284,70,40
2,"ATTICA",4IN7,    40.30087,   87.229176,70,41
2,"COVINGTON",75IN,   40.158831,   87.489347,70,41
2,"PINE VILLAGE",1IN6,   40.401667,   87.220278,70,41
2,"VEEDERSBURG",44IN,    40.12375,   87.210467,70,41
2,"VEEDERSBURG",IN55,   40.079206,   87.261121,70,41
2,"WEST LEBANON",7IN7,   40.235833,   87.350833,70,41
2,"DANVILLE",IS88,   40.148647,   87.694467,70,42
2,"DANVILLE",DNV,   40.199694,   87.595528,70,42
2,"FITHIAN",62IS,   40.087535,   87.907531,70,42
2,"GESSIE",9IN9,   40.077778,   87.515278,70,42
2,"CHAMPAIGN",IL56,    40.22031,   88.253661,70,43
2,"CHAMPAIGN/URBANA",CMI,   40.038833,   88.277806,70,43
2,"GIBSON CITY",9IS2,   40.482167,   88.267556,70,43
2,"PAXTON",LL32,   40.450035,   88.075041,70,43
2,"PAXTON",1C1,   40.448979,   88.127738,70,43
2,"RANTOUL",TIP,   40.293556,   88.142389,70,43
2,"SEYMOUR",4IS7,   40.073087,   88.399501,70,43
2,"ST JOSEPH",0LL5,   40.110033,   88.078373,70,43
2,"ST JOSEPH",9IL2,   40.065034,   88.026426,70,43
2,"THOMASBORO",56IS,    40.24309,   88.082819,70,43
2,"URBANA",6IS0,   40.095033,   88.128654,70,43
2,"URBANA",C16,     40.1464,   88.198488,70,43
2,"BLOOMINGTON/NORMAL",BMI,   40.477111,   88.915917,70,44
2,"CLINTON",33IL,   40.166111,   88.898306,70,44
2,"CLINTON",IL82,   40.109481,   88.828686,70,44
2,"DE LAND",IL80,   40.108167,   88.683131,70,44
2,"FARMER CITY",IS26,   40.183367,   88.615344,70,44
2,"HEYWORTH",9IS9,   40.334481,   88.955356,70,44
2,"LANE",IL27,       40.13,   88.831667,70,44
2,"MANSFIELD",04IS,   40.178645,   88.568952,70,44
2,"WAPELLA",LL34,   40.219167,   88.922778,70,44
2,"ATLANTA",3IL9,   40.281036,   89.313037,70,45
2,"ATLANTA",IL94,   40.226317,   89.242903,70,45
2,"BLOOMINGTON",IL57,   40.421981,   89.020634,70,45
2,"CLINTON",7IS3,   40.143372,   89.091752,70,45
2,"KINGS",00IS,   40.025595,   89.122865,70,45
2,"LINCOLN",AAA,   40.158694,   89.335028,70,45
2,"LINCOLN",2LL3,   40.066483,   89.272144,70,45
2,"LINCOLN",37IL,   40.133376,   89.325094,70,45
2,"MC LEAN",1IL9,   40.300556,   89.124444,70,45
2,"MINIER",81IL,   40.435317,    89.35926,70,45
2,"GREEN VALLEY",7IL3,    40.42785,   89.603839,70,46
2,"LINCOLN",IL64,   40.180601,   89.500102,70,46
2,"MANITO",IL45,   40.489345,   89.778081,70,46
2,"PEKIN",C15,   40.488194,   89.675889,70,46
2,"SPARLAND",4IS8,   40.021715,   89.550103,70,46
2,"HAVANA",9I0,   40.222693,   90.022782,70,47
2,"LEWISTOWN",34IL,   40.362542,   90.108452,70,47
2,"SUMMUM",IS08,   40.262822,   90.236788,70,47
2,"TABLE GROVE",IL54,   40.344167,   90.442778,70,47
2,"MACOMB",LL27,   40.454208,     90.6235,70,48
2,"PLYMOUTH",23IS,   40.325877,   90.827632,70,48
2,"RUSHVILLE",5K4,   40.117547,   90.590405,70,48
2,"TIMEWELL",IS56,   40.088102,    90.88541,70,48
2,"KEOKUK",EOK,   40.459908,   91.428501,70,49
2,"BURNSIDE",IL46,    40.46671,   91.033473,70,49
2,"CARTHAGE",5IS9,   40.333786,   91.050321,70,49
2,"CARTHAGE",4IS1,     40.4625,   91.229528,70,49
2,"CARTHAGE",IS51,   40.451433,   91.203757,70,49
2,"CARTHAGE",IL52,   40.439211,   91.144032,70,49
2,"HAMILTON",39LL,   40.401389,   91.303056,70,49
2,"KILBOURNE",32IS,   40.135324,    91.00958,70,49
2,"QUINCY",88IS,   40.008379,   91.382094,70,49
2,"WARSAW",95IS,   40.370556,   91.388889,70,49
2,"GORIN",1MO7,   40.363927,   91.975174,70,50
2,"KAHOKA",0H7,   40.421722,   91.706667,70,50
2,"LEWISTOWN",MO09,   40.023653,    91.87378,70,50
2,"MONTICELLO",6M6,   40.129176,   91.678269,70,50
2,"EDINA",0MO5,   40.133373,   92.100179,70,51
2,"GORIN",MO82,   40.408925,   92.056844,70,51
2,"HURDLAND",MU33,   40.076982,   92.319908,70,51
2,"MEMPHIS",03D,    40.44725,   92.226944,70,51
2,"GREEN CITY",MO83,   40.253077,   92.954928,70,52
2,"KIRKSVILLE",IRK,   40.093472,   92.544917,70,52
2,"QUEEN CITY",15MO,   40.391946,   92.564771,70,52
2,"MILAN",MU38,   40.178806,   93.131678,70,53
2,"BETHANY",MO53,   40.233337,   93.933561,70,54
2,"JAMESPORT",MU16,   40.000288,   93.789943,70,54
2,"TRENTON",TRX,   40.083528,   93.590639,70,54
2,"ALBANY",K19,   40.262194,   94.339028,70,55
2,"BETHANY",75K,   40.276833,   94.007417,70,55
2,"ARKOE",MU35,   40.267491,   94.786635,70,56
2,"BOLCKOW",31MO,   40.105548,   94.743299,70,56
2,"MARYVILLE",EVU,   40.353291,   94.916635,70,56
2,"MARYVILLE",78Y,   40.331694,   94.834694,70,56
2,"PARNELL",MU13,   40.469132,   94.716465,70,56
2,"BURLINGTON JUNCTION",MU09,   40.466658,   95.021086,70,57
2,"CRAIG",MO24,   40.142775,   95.388311,70,57
2,"FAIRFAX",24MU,   40.362777,   95.438592,70,57
2,"MOUND CITY",4MO7,   40.141389,   95.240833,70,57
2,"TARKIO",K57,   40.445935,   95.367301,70,57
2,"WATSON",MO17,   40.479169,   95.646101,70,58
2,"AUBURN",K01,   40.386667,      95.788,70,58
2,"FALLS CITY",FNB,   40.078778,      95.592,70,58
2,"SHUBERT",5NE2,   40.195834,   95.629431,70,58
2,"JOHNSON",88NE,   40.403889,   96.017226,70,59
2,"LIBERTY",NE57,   40.092223,   96.478074,70,59
2,"PAWNEE CITY",50K,   40.116167,   96.194861,70,59
2,"STEINAUER",NE20,   40.186111,   96.211398,70,59
2,"TECUMSEH",0G3,   40.400944,   96.170444,70,59
2,"BEATRICE",BIE,   40.301278,   96.754111,70,60
2,"WYMORE",NE92,   40.049446,   96.666134,70,60
2,"FAIRBURY",FBY,   40.181972,   97.167889,70,61
2,"CARLETON",9NE2,   40.291672,   97.722541,70,62
2,"CHESTER",NE35,   40.058339,   97.541153,70,62
2,"HARDY",85NE,   40.020846,   97.941987,70,62
2,"HEBRON",HJH,   40.151944,   97.584528,70,62
2,"GUIDE ROCK",NE01,   40.194735,   98.351997,70,63
2,"SUPERIOR",NE87,   40.097234,   98.064766,70,63
2,"SUPERIOR",12K,     40.0462,   98.061255,70,63
2,"CAMPBELL",30NE,   40.355749,   98.685817,70,64
2,"FRANKLIN",NE12,   40.098494,   98.977728,70,64
2,"FRANKLIN",8NE6,   40.129312,   98.943279,70,64
2,"RED CLOUD",7V7,   40.082167,   98.541361,70,64
2,"UPLAND",15NE,   40.291125,   98.823409,70,64
2,"ALMA",4D9,   40.112472,   99.346417,70,65
2,"HILDRETH",81NE,   40.273624,   99.007862,70,65
2,"HOLDREGE",HDE,     40.4518,   99.336008,70,65
2,"ARAPAHOE",37V,   40.341583,   99.907806,70,66
2,"OXFORD",NE21,   40.292017,   99.593467,70,66
2,"BARTLEY",6NE7,    40.24445,   100.33792,70,67
2,"CAMBRIDGE",CSB,   40.306582,   100.16207,70,67
2,"CULBERTSON",NE95,   40.229336,   100.85684,70,68
2,"CULBERTSON",13NE,   40.316669,   100.80877,70,68
2,"MC COOK",MCK,   40.206278,   100.59208,70,68
2,"MC COOK/CULBERTSON",19NE,   40.108335,   100.80877,70,68
2,"PALISADE",4NE8,   40.382776,   101.15155,70,69
2,"BENKELMAN",6NE8,   40.086939,   101.56878,70,70
2,"BENKELMAN",42V,    40.05805,   101.54683,70,70
2,"CHAMPION",8NE3,   40.481939,   101.81295,70,70
2,"WRAY",31CO,   40.021483,   102.17508,70,71
2,"WRAY",2V5,   40.100389,   102.24117,70,71
2,"YUMA",8CO8,   40.108319,   102.72827,70,72
2,"YUMA",2V6,    40.10571,   102.71444,70,72
2,"AKRON",AKO,   40.175639,   103.22203,70,73
2,"BRUSH",7V5,   40.264361,   103.57564,70,74
2,"FORT MORGAN",FMM,   40.335444,   103.80417,70,74
2,"WIGGINS",8CO0,   40.249131,   103.99487,70,74
2,"KEENESBURG",CO60,   40.108316,   104.43107,70,75
2,"KEENESBURG",62CO,   40.098317,   104.42523,70,75
2,"ROGGEN",49CO,   40.093316,   104.37523,70,75
2,"ROGGEN",74CO,   40.047205,    104.2094,70,75
2,"BRACEWELL",67CO,     40.4715,   104.81347,70,76
2,"FIRESTONE",CO58,   40.105817,    104.9547,70,76
2,"GREELEY",CO66,   40.370278,   104.63514,70,76
2,"GREELEY",11V,   40.327357,   104.60939,70,76
2,"GREELEY",GXY,   40.437417,   104.63322,70,76
2,"HUDSON",18V,   40.102722,   104.70119,70,76
2,"KEENESBURG",CO82,   40.095816,   104.58941,70,76
2,"KERSEY",9CO7,   40.331667,   104.57917,70,76
2,"MEAD",05CO,   40.214984,   104.98442,70,76
2,"MILLIKEN",2CO3,   40.374982,   104.87275,70,76
2,"PLATTEVILLE",03CO,     40.2125,   104.74444,70,76
2,"PLATTEVILLE",1CD2,   40.167222,   104.79278,70,76
2,"ALLENSPARK",34CD,   40.262683,   105.44801,70,77
2,"BERTHOUD",86CO,   40.313583,   105.14525,70,77
2,"BERTHOUD",CD39,      40.265,   105.13667,70,77
2,"BERTHOUD",17CO,   40.272258,   105.03262,70,77
2,"BERTHOUD",6CO6,   40.311886,   105.14583,70,77
2,"BOULDER",BDU,   40.039365,   105.22609,70,77
2,"ERIE",EIK,    40.01025,   105.04808,70,77
2,"ERIE",7CO0,   40.071651,   105.03359,70,77
2,"FORT COLLINS/LOVELAND",FNL,   40.451827,   105.01134,70,77
2,"LAFAYETTE",0CD7,   40.004722,   105.07194,70,77
2,"LONGMONT",CO23,   40.109892,   105.23721,70,77
2,"LONGMONT",LMO,   40.164389,   105.16364,70,77
2,"LOUISVILLE",0CO1,   40.033318,   105.12387,70,77
2,"LOVELAND",CD20,   40.474972,   105.22025,70,77
2,"NIWOT",8CO7,   40.122485,   105.17249,70,77
2,"GRANBY",GNB,   40.090056,   105.91664,70,78
2,"KREMMLING",20V,   40.053444,   106.36897,70,79
2,"OAK CREEK",5CO8,   40.341369,   106.84949,70,80
2,"STEAMBOAT SPRINGS",CD99,   40.358333,      106.83,70,80
2,"STEAMBOAT SPRINGS",81CO,   40.406111,   106.82139,70,80
2,"HAYDEN",HDN,   40.481194,   107.21767,70,81
2,"CRAIG",CAG,   40.495222,   107.52167,70,82
2,"MEEKER",EEO,   40.048806,   107.88592,70,82
2,"RANGELY",4V0,   40.093972,   108.76306,70,84
2,"JENSEN",UT79,   40.415556,   109.34361,70,85
2,"JENSEN",99UT,   40.350556,   109.40139,70,85
2,"RANDLETT",UT69,   40.181351,   109.67236,70,86
2,"TRIDELL",UT67,   40.441068,   109.84695,70,86
2,"VERNAL",VEL,   40.436078,   109.51142,70,86
2,"BLUEBELL",UT27,   40.303792,   110.20875,70,87
2,"DUCHESNE",U69,   40.193753,   110.38298,70,87
2,"ROOSEVELT",74V,   40.278414,   110.05138,70,87
2,"FRUITLAND",UT83,   40.257819,   110.85861,70,88
2,"HEBER",HCR,   40.481806,   111.42881,70,89
2,"CEDAR FORT",UT41,   40.339389,   111.99883,70,90
2,"PROVO",PVU,   40.219167,   111.72336,70,90
2,"SPANISH FORK",SPK,   40.145028,   111.66769,70,90
2,"EAGLE MOUNTAIN",UT10,   40.359322,   112.01819,70,91
2,"FAIRFIELD",UT9,   40.243268,   112.09205,70,91
2,"DUGWAY PROVING GROUND",DPG,   40.197382,   112.93505,70,92
2,"ELKO",NV22,   40.312704,   115.89673,70,98
2,"CRESCENT VALLEY",U74,   40.415944,    116.5635,70,100
2,"BATTLE MOUNTAIN",NV64,    40.00825,   117.39205,70,101
2,"LOVELOCK",LOL,   40.066467,   118.56509,70,104
2,"HERLONG",AHC,   40.265918,   120.15061,70,107
2,"HERLONG",H37,   40.138722,   120.17997,70,107
2,"SUSANVILLE",SVE,   40.375694,   120.57269,70,108
2,"CHESTER",O05,   40.282361,   121.24117,70,109
2,"MANTON",CN42,   40.445712,   121.88221,70,110
2,"COTTONWOOD",CA04,   40.346264,   122.33889,70,111
2,"COTTONWOOD",68CA,   40.361111,   122.21583,70,111
2,"RED BLUFF",49CN,   40.015988,      122.39,70,111
2,"RED BLUFF",RBL,   40.150306,   122.25219,70,111
2,"FOREST GLEN",41CA,   40.317647,   123.25391,70,113
2,"RUTH",T42,   40.211472,   123.29769,70,113
2,"ZENIA",45CL,   40.143204,   123.39836,70,113
2,"DINSMORE",D63,   40.492028,   123.59822,70,114
2,"GARBERVILLE",O16,   40.085433,   123.81415,70,114
2,"SHELTER COVE",0Q5,   40.028167,   124.07431,70,115
2,"EAST HAMPTON",HTO,   40.959417,   72.251667,71,11
2,"SAGAPONACK",80NY,   40.923056,   72.278333,71,11
2,"CALVERTON",3C8,   40.915098,   72.791906,71,12
2,"EAST MORICHES",49N,   40.824821,   72.750933,71,12
2,"EAST MORICHES",1N2,   40.827876,   72.748711,71,12
2,"MATTITUCK",21N,   40.986944,   72.519139,71,12
2,"RIVERHEAD",03NY,   40.958432,   72.716765,71,12
2,"SHIRLEY",HWV,   40.821954,   72.866907,71,12
2,"WESTHAMPTON BEACH",FOK,   40.843667,   72.631778,71,12
2,"BAYPORT",23N,   40.757596,    73.05269,71,13
2,"FARMINGDALE",FRG,   40.728778,   73.413417,71,13
2,"NEW YORK",ISP,   40.796136,   73.100665,71,13
2,"NEW YORK",JFK,   40.639928,   73.778693,71,14
2,"NEW YORK",LGA,    40.77725,   73.872611,71,14
2,"CALDWELL",CDW,   40.875222,   74.281361,71,15
2,"LINCOLN PARK",N07,   40.947524,   74.314501,71,15
2,"LINDEN",LDJ,   40.617449,   74.244594,71,15
2,"MORRISTOWN",MMU,   40.799333,   74.414889,71,15
2,"NEWARK",EWR,    40.69248,   74.168687,71,15
2,"TETERBORO",TEB,   40.850111,   74.060833,71,15
2,"ALLAMUCHY",JY24,   40.923714,   74.870447,71,16
2,"ANDOVER",13N,   40.966056,   74.781667,71,16
2,"BLAIRSTOWN",1N7,   40.971133,   74.997504,71,16
2,"GREAT MEADOWS",NJ65,   40.853432,   74.929614,71,16
2,"HACKETTSTOWN",N05,   40.820099,   74.855167,71,16
2,"HOPE",9NJ8,   40.895931,   74.999617,71,16
2,"MANVILLE",47N,   40.524444,   74.598306,71,16
2,"PITTSTOWN",N40,   40.565882,   74.979308,71,16
2,"READINGTON",N51,   40.582744,   74.736717,71,16
2,"SOMERVILLE",4NJ8,   40.600102,   74.732939,71,16
2,"SOMERVILLE",SMQ,   40.625981,   74.670032,71,16
2,"STANTON",5NJ2,   40.591769,   74.841276,71,16
2,"WASHINGTON",6NJ1,   40.740377,   74.956837,71,16
2,"ASBURY",70NJ,   40.677045,   75.024616,71,17
2,"BELVIDERE",NJ09,   40.791765,   75.070452,71,17
2,"FRENCHTOWN",NJ61,   40.541375,   75.024247,71,17
2,"HAINESBURG",67NJ,   40.969819,   75.066843,71,17
2,"MILFORD",NJ95,   40.555658,   75.072394,71,17
2,"PATTENBURG",2NJ1,   40.633556,   75.030083,71,17
2,"PHILLIPSBURG",2NJ6,   40.773709,   75.159342,71,17
2,"PHILLIPSBURG",2NJ5,   40.652044,   75.186009,71,17
2,"PITTSTOWN",N85,   40.587574,   75.019421,71,17
2,"ALLENTOWN",XLL,   40.570278,   75.488306,71,17
2,"ALLENTOWN",ABE,   40.652363,   75.440406,71,17
2,"BANGOR",8PN2,    40.91055,   75.165133,71,17
2,"EASTON",N43,   40.742167,   75.242944,71,17
2,"ERWINNA",PA77,    40.51025,   75.076778,71,17
2,"NAZARETH",PA68,   40.714264,   75.304346,71,17
2,"STONE CHURCH",49PA,   40.859263,   75.133787,71,17
2,"STROUDSBURG",50PA,   40.933426,   75.349627,71,17
2,"ANDREAS",PA30,    40.76676,   75.774636,71,18
2,"COPLAY",PA65,   40.700096,   75.549629,71,18
2,"GERMANSVILLE",P91,   40.737531,   75.705417,71,18
2,"HAMBURG",68PA,   40.518149,   75.916317,71,18
2,"HAZLETON",HZL,   40.986773,   75.994703,71,18
2,"LEHIGHTON",14N,   40.844288,   75.635354,71,18
2,"LEHIGHTON",22N,   40.809509,   75.761496,71,18
2,"PALMERTON",8PA8,   40.816759,   75.666299,71,18
2,"QUAKER CITY",PA25,   40.659259,   75.873811,71,18
2,"SHOEMAKERSVILLE",PN50,   40.506978,   75.941621,71,18
2,"SLATINGTON",69N,   40.763594,   75.604852,71,18
2,"TAMAQUA",PS99,   40.747869,    75.93298,71,18
2,"TRESKOW",55PA,   40.895642,   75.944091,71,18
2,"WEATHERLY",8PA3,   40.995919,   75.740469,71,18
2,"WEATHERLY",PS12,   40.916754,   75.866309,71,18
2,"AUBURN",2PA2,     40.5986,    76.13695,71,19
2,"BLOOMSBURG",N13,   40.997651,   76.435246,71,19
2,"BRANDONVILLE",6PN9,   40.886198,   76.153546,71,19
2,"HAMBURG",PA92,    40.55287,   76.028825,71,19
2,"MAINVILLE",5PA1,   40.997309,   76.383831,71,19
2,"MINERSVILLE",7PN0,      40.705,   76.236389,71,19
2,"NUMIDIA",8PA0,   40.866198,   76.397448,71,19
2,"PINE GROVE",PS20,   40.533423,   76.462182,71,19
2,"POTTSVILLE",ZER,   40.706767,   76.372986,71,19
2,"TAMAQUA",52PA,   40.763145,   76.004651,71,19
2,"DALMATIA",PS21,   40.645918,   76.812192,71,20
2,"DANVILLE",8N8,   40.948352,   76.643926,71,20
2,"ELIZABETHVILLE",0PS7,   40.522307,   76.845528,71,20
2,"KLINGERSTOWN",1PA9,   40.666752,    76.68302,71,20
2,"LEWISBURG",3PA6,   40.993418,   76.900243,71,20
2,"NEW BERLIN",4PA1,   40.883889,       76.98,71,20
2,"SACRAMENTO",67PN,    40.63342,   76.596907,71,20
2,"SELINSGROVE",SEG,   40.821235,   76.864172,71,20
2,"SHAMOKIN",N79,   40.836917,   76.552444,71,20
2,"SUNBURY",71N,   40.891752,   76.778853,71,20
2,"TOWER CITY",74N,   40.558996,   76.559713,71,20
2,"BEAVER SPRINGS",PS06,   40.733411,   77.266377,71,21
2,"BENFER",77PN,   40.783967,   77.206651,71,21
2,"MIDDLEBURG",37PA,   40.788415,   77.106093,71,21
2,"MIFFLINBURG",8PA4,   40.944526,   77.045804,71,21
2,"MIFFLINTOWN",P34,   40.598944,   77.405667,71,21
2,"RICHFIELD",PN71,   40.650022,     77.0575,71,21
2,"BELLEFONTE",N96,     40.8855,   77.816222,71,22
2,"BURNHAM",PS11,   40.645349,   77.555272,71,22
2,"CENTRE HALL",N16,   40.811731,   77.657219,71,22
2,"CENTRE HALL",N74,   40.889936,   77.603136,71,22
2,"HUNTINGDON",PN64,   40.502389,   77.939361,71,22
2,"HUNTINGDON",0PA6,   40.630901,   77.850276,71,22
2,"LEWISTOWN",1PA4,   40.552572,   77.619992,71,22
2,"PORT MATILDA",09PA,   40.827004,    77.98806,71,22
2,"REEDSVILLE",RVL,   40.677389,   77.626833,71,22
2,"SPRING MILLS",44PA,   40.850065,   77.616386,71,22
2,"STATE COLLEGE",47PA,   40.719543,    77.96136,71,22
2,"STATE COLLEGE",UNV,       40.85,   77.847583,71,22
2,"ALTOONA",PS15,   40.547569,   78.391681,71,23
2,"GRASSFLAT",07PN,   40.998889,   78.125278,71,23
2,"OSCEOLA MILLS",1PS4,   40.860891,    78.25807,71,23
2,"PHILIPSBURG",1N3,   40.971688,   78.242979,71,23
2,"PHILIPSBURG",PSB,   40.884391,   78.087342,71,23
2,"CARROLLTOWN",85PA,   40.595069,   78.778358,71,24
2,"CLYMER",PS39,   40.628333,   78.960278,71,24
2,"FLINTON",PS69,   40.727007,   78.539467,71,24
2,"HASTINGS",61PA,     40.6475,   78.731389,71,24
2,"LORETTO",PN53,   40.551458,   78.623353,71,24
2,"PUNXSUTAWNEY",N35,    40.96666,   78.929992,71,24
2,"STRONGSTOWN",PN72,   40.569167,     78.8825,71,24
2,"CHAMBERSVILLE",PN08,   40.734619,   79.159897,71,25
2,"HOME",PN36,   40.733398,   79.067256,71,25
2,"INDIANA",IDI,    40.63106,   79.101527,71,25
2,"KITTANNING",PN59,   40.831108,   79.486942,71,25
2,"MARION CENTER",PN57,   40.812008,   79.037256,71,25
2,"PLUMVILLE",PN83,   40.802842,   79.202538,71,25
2,"SMICKSBURG",PS98,   40.882833,     79.1965,71,25
2,"ALLISON PARK",77PA,   40.583401,   79.899775,71,26
2,"APOLLO",PN46,   40.564444,   79.545833,71,26
2,"BUTLER",3G9,   40.852564,    79.97478,71,26
2,"BUTLER",BTP,   40.776583,   79.951083,71,26
2,"CHICORA",87PA,   40.926453,   79.738661,71,26
2,"COOPERSTOWN",92PA,   40.704233,   79.952001,71,26
2,"CULMERVILLE",PN38,   40.662566,   79.845608,71,26
2,"DORSEYVILLE",PN01,   40.588123,   79.905886,71,26
2,"EAST BRADY",PN02,   40.984786,   79.566435,71,26
2,"FREEPORT",PN25,    40.73562,    79.68866,71,26
2,"FREEPORT",6P7,   40.734563,   79.595646,71,26
2,"PITTSBURGH",9G1,   40.603546,   79.826119,71,26
2,"REN FREW",PN14,   40.789444,     79.9975,71,26
2,"WORTHINGTON",9PS2,   40.808675,   79.669771,71,26
2,"BEAVER FALLS",BVI,   40.772472,   80.391444,71,27
2,"CLINTON",88PA,   40.539233,    80.41312,71,27
2,"ENON VALLEY",PN11,   40.889784,   80.486456,71,27
2,"EVANS CITY",PN16,   40.758399,   80.013671,71,27
2,"FREEDOM",24PA,   40.691733,   80.177838,71,27
2,"HOOKSTOWN",PN37,   40.605066,   80.458122,71,27
2,"HOOKSTOWN",80PN,   40.535281,   80.444017,71,27
2,"MARS",P09,   40.708075,   80.028475,71,27
2,"NEW BRIGHTON",32PN,   40.733955,   80.275895,71,27
2,"NEW GALILEE",PN68,   40.896806,   80.367694,71,27
2,"PORTERSVILLE",PN84,   40.984506,   80.162004,71,27
2,"PORTERSVILLE",98PA,   40.894444,   80.181111,71,27
2,"PROSPECT",PN85,   40.876453,   80.033114,71,27
2,"WAMPUM",9PA3,   40.887367,   80.320269,71,27
2,"ZELIENOPLE",2PN7,    40.85562,   80.070615,71,27
2,"ZELIENOPLE",PJC,   40.801972,   80.160861,71,27
2,"COLUMBIANA",8OH4,   40.843949,   80.702575,71,28
2,"EAST LIVERPOOL",02G,   40.673306,   80.641417,71,28
2,"EAST PALESTINE",55OI,   40.858673,   80.535347,71,28
2,"NORTH LIMA",4OH3,   40.983056,   80.701111,71,28
2,"PETERSBURG",OH29,   40.900616,   80.555348,71,28
2,"SALEM",8G8,   40.883392,    80.88314,71,28
2,"SALEM",38D,   40.948081,   80.862082,71,28
2,"YOUNGSTOWN",4G4,   40.961795,   80.677326,71,28
2,"HOOKSTOWN",29PA,   40.536617,     80.5127,71,28
2,"NEW CUMBERLAND",7G1,   40.533111,   80.541111,71,28
2,"AKRON",CAK,   40.915056,   81.443639,71,29
2,"AKRON",1D4,   40.992556,   81.431779,71,29
2,"ALLIANCE",OH48,   40.905614,   81.065095,71,29
2,"ALLIANCE",2D1,   40.969971,   81.098667,71,29
2,"ALLIANCE",OH32,   40.854719,   81.122358,71,29
2,"ALLIANCE",4G3,    40.98175,   81.042139,71,29
2,"CANTON",OI58,   40.841724,   81.437893,71,29
2,"CARROLLTON",TSO,   40.561667,   81.078083,71,29
2,"CARROLLTON",OI11,   40.637283,   81.112599,71,29
2,"CARROLLTON",5D6,   40.648117,   81.068707,71,29
2,"LOUISVILLE",25OH,   40.913114,   81.259828,71,29
2,"LOUISVILLE",24OH,   40.880614,   81.291497,71,29
2,"MAGNOLIA",29OH,   40.686449,   81.302611,71,29
2,"MALVERN",5OH9,   40.697194,   81.179167,71,29
2,"MARLBORO",OH07,   40.943947,   81.238993,71,29
2,"MINERVA",OH13,   40.767875,   81.058696,71,29
2,"MINERVA",39OH,   40.812281,   81.055095,71,29
2,"MINERVA",OH15,   40.745892,   81.144268,71,29
2,"NORTH CANTON",OA19,   40.898889,        81.3,71,29
2,"SEBRING",3G6,      40.906,   81.000028,71,29
2,"BEACH CITY",2D7,   40.646351,     81.5559,71,30
2,"CANAL FULTON",7OH2,   40.900334,    81.53373,71,30
2,"CANAL FULTON",51OI,   40.855056,   81.599012,71,30
2,"KIDRON",OH22,   40.761167,   81.779022,71,30
2,"MILLERSBURG",10G,   40.536701,   81.955941,71,30
2,"ORRVILLE",OH24,   40.875694,   81.766497,71,30
2,"STRASBURG",45OI,   40.561174,   81.545676,71,30
2,"WOOSTER",91OH,    40.73339,   81.892918,71,30
2,"WOOSTER",BJJ,   40.874833,    81.88825,71,30
2,"ASHLAND",3G4,   40.902972,   82.255639,71,31
2,"BUTLER",0OH5,   40.596831,   82.431731,71,31
2,"BUTLER",OH42,   40.540061,   82.393774,71,31
2,"LOUDENVILLE",9OI6,   40.632838,   82.176823,71,31
2,"LOUDONVILLE",7OH7,   40.622467,   82.252519,71,31
2,"MANSFIELD",OI60,   40.754779,   82.391553,71,31
2,"MANSFIELD",32OH,   40.761168,   82.417943,71,31
2,"SHREVE",34OI,   40.694503,   82.117931,71,31
2,"WOOSTER",66OI,   40.781446,   82.055705,71,31
2,"WOOSTER",OI55,    40.75089,   82.004314,71,31
2,"BELLVILLE",9OA9,   40.621448,   82.533779,71,32
2,"BUCYRUS",17G,   40.781583,   82.974806,71,32
2,"CHATFIELD",69OI,   40.950056,   82.924908,71,32
2,"GALION",GQQ,   40.753389,   82.723806,71,32
2,"GALION",OH21,   40.736169,   82.752679,71,32
2,"MANSFIELD",MFD,   40.821417,   82.516639,71,32
2,"MOUNT GILEAD",OI28,   40.583948,    82.67934,71,32
2,"MOUNT GILEAD",4I9,   40.524528,   82.850056,71,32
2,"SHAUCK",2OH4,   40.624503,    82.63545,71,32
2,"SHELBY",12G,   40.872861,   82.697389,71,32
2,"CAREY",95OH,   40.970888,   83.458259,71,33
2,"KENTON",14OH,   40.668944,   83.443535,71,33
2,"MARION",MNN,    40.61625,   83.063472,71,33
2,"MARION",75OI,   40.503671,   83.090189,71,33
2,"SYCAMORE",OH18,     40.9325,   83.140278,71,33
2,"UPPER SANDUSKY",56D,   40.883369,   83.314532,71,33
2,"ADA",0D7,   40.790608,   83.829104,71,34
2,"BLUFFTON",5G7,   40.885444,   83.868639,71,34
2,"FINDLAY",9OH8,   40.976442,   83.641598,71,34
2,"FINDLAY",9OH7,   40.961721,   83.595208,71,34
2,"FINDLAY",27OH,   40.946719,   83.679933,71,34
2,"KENTON",I95,   40.610093,   83.644259,71,34
2,"MOUNT VICTORY",O74,   40.524722,   83.511667,71,34
2,"DELPHOS",3OH6,   40.783333,   84.367778,71,35
2,"FORT JENNINGS",OH60,   40.953661,   84.273559,71,35
2,"LIMA",AOH,   40.707478,   84.027078,71,35
2,"DECATUR",13IN,   40.815325,   84.927744,71,36
2,"HOAGLAND",8II5,   40.899492,   84.999968,71,36
2,"VAN WERT",VNW,   40.863829,   84.606358,71,36
2,"WILLSHIRE",5OI5,    40.69338,   84.780518,71,36
2,"BLUFFTON",II01,   40.756158,   85.250526,71,37
2,"BLUFFTON",C40,   40.716713,   85.249971,71,37
2,"DECATUR",II85,   40.896159,   85.049135,71,37
2,"FORT WAYNE",FWA,   40.978472,   85.195167,71,37
2,"HUNTINGTON",IN85,   40.837268,   85.483586,71,37
2,"HUNTINGTON",HHG,   40.852917,   85.457056,71,37
2,"MARION",1IN9,   40.594722,   85.424444,71,37
2,"OSSIAN",2IN0,   40.836944,   85.171111,71,37
2,"ROANOKE",8IS2,   40.997778,   85.388889,71,37
2,"TOCSIN",0IN2,   40.827825,    85.08608,71,37
2,"UNION DALE",IN72,   40.785933,     85.2442,71,37
2,"CONVERSE",1I8,   40.573203,   85.899597,71,38
2,"LA FONTAINE",78II,   40.636153,   85.688035,71,38
2,"WABASH",IWH,   40.761972,    85.79875,71,38
2,"BUNKER HILL",54II,   40.624484,   86.155271,71,39
2,"GALVESTON",5I6,   40.584205,    86.25694,71,39
2,"GRASS CREEK",II12,   40.964486,   86.371946,71,39
2,"KEWANNA",IN10,   40.975874,   86.420003,71,39
2,"KOKOMO",53IN,   40.521427,   86.214995,71,39
2,"KOKOMO",OKK,   40.527667,    86.05975,71,39
2,"LOGANSPORT",GGP,   40.711264,   86.372705,71,39
2,"PERU",83IN,   40.739764,   86.000546,71,39
2,"PERU",GUS,   40.648092,   86.152118,71,39
2,"PERU",I76,   40.785772,   86.146433,71,39
2,"PERU",IN33,   40.736152,   86.115271,71,39
2,"DELPHI",4II0,   40.609482,   86.738342,71,40
2,"DELPHI",1I9,   40.540811,   86.681466,71,40
2,"FLORA",5I2,   40.539758,   86.548333,71,40
2,"FRANCESVILLE",IN27,     40.9998,    86.91315,71,40
2,"FRANCESVILLE",IN32,   40.955278,   86.906111,71,40
2,"MONTICELLO",MCX,   40.710194,   86.766794,71,40
2,"EARL PARK",II08,   40.660871,   87.439744,71,41
2,"KENTLAND",50I,   40.758742,   87.429125,71,41
2,"MONTMORENCI",IN00,   40.545313,   87.052236,71,41
2,"OTTERBEIN",IN29,   40.573647,   87.103626,71,41
2,"REMINGTON",II26,   40.703928,   87.187796,71,41
2,"RENSSELAER",4IN8,     40.8675,   87.068333,71,41
2,"RENSSELAER",RZL,   40.947824,   87.182648,71,41
2,"DANFORTH",8IS5,   40.816701,   87.991707,71,42
2,"DONOVAN",IS52,   40.927812,   87.622533,71,42
2,"MILFORD",68IL,   40.613611,   87.562222,71,42
2,"SHELDON",1LL8,   40.788925,   87.558362,71,42
2,"WATSEKA",98LL,   40.799202,   87.783646,71,42
2,"WATSEKA",IS02,   40.778368,   87.791701,71,42
2,"CLIFTON",IL81,   40.936144,   88.041711,71,43
2,"PIPER CITY",LL46,   40.835312,   88.152824,71,43
2,"CHENOA",IL63,   40.700034,   88.675062,71,44
2,"CHENOA",11LL,    40.72309,   88.763121,71,44
2,"COOKSVILLE",2IS9,   40.578083,   88.707833,71,44
2,"FAIRBURY",26IS,   40.766701,   88.505612,71,44
2,"FAIRBURY",4IL2,   40.808367,   88.541724,71,44
2,"GRIDLEY",3IL8,   40.697944,      88.947,71,44
2,"LEXINGTON",48IS,   40.602167,   88.833444,71,44
2,"PONTIAC",70LL,     40.9417,   88.750067,71,44
2,"PONTIAC",2LL7,   40.934722,   88.737556,71,44
2,"PONTIAC",PNT,   40.924444,   88.623944,71,44
2,"PONTIAC",71LL,   40.842533,   88.559781,71,44
2,"BENSON",4IL9,     40.8275,   89.120833,71,45
2,"EL PASO",1IL0,      40.775,   89.001111,71,45
2,"EL PASO",74IL,   40.755697,   89.016336,71,45
2,"HUDSON",04IL,   40.637535,   89.007019,71,45
2,"LOWPOINT",IS00,   40.841702,   89.274529,71,45
2,"MACKINAW",9IL6,   40.513094,   89.367314,71,45
2,"MINONK",4IS6,   40.930589,   89.120637,71,45
2,"MINONK",83IL,   40.892812,   89.103969,71,45
2,"ROANOKE",86IS,   40.779364,   89.258011,71,45
2,"DUNLAP",65IL,   40.879819,   89.722396,71,46
2,"PEORIA",PIA,   40.664194,    89.69325,71,46
2,"PEORIA",3MY,   40.795806,   89.613472,71,46
2,"TRIVOLI",5LL5,   40.701426,   89.883999,71,46
2,"ABINGDON",IL01,   40.792539,   90.438185,71,47
2,"CANTON",CTK,   40.569083,   90.074833,71,47
2,"GALESBURG",GBG,   40.938001,   90.431124,71,47
2,"YATES CITY",2C6,      40.774,   90.074417,71,47
2,"BIGGSVILLE",60IL,   40.839722,   90.805278,71,48
2,"BUSHNELL",IL15,   40.569444,   90.548741,71,48
2,"LA HARPE",IS55,   40.590874,    90.94236,71,48
2,"MACOMB",MQB,   40.520083,   90.652389,71,48
2,"MONMOUTH",C66,   40.929704,   90.631107,71,48
2,"BURLINGTON",58IA,   40.873983,     91.1633,71,49
2,"BURLINGTON",BRL,   40.783222,     91.1255,71,49
2,"FORT MADISON",FSW,   40.659111,    91.32775,71,49
2,"MEDIAPOLIS",28IA,   40.985636,   91.090664,71,49
2,"WEST BURLINGTON",19IA,   40.856844,   91.203758,71,49
2,"COLUSA",IL84,   40.576431,   91.102921,71,49
2,"NAUVOO",9IS0,   40.543098,   91.330706,71,49
2,"NAUVOO",06IS,   40.546432,   91.274316,71,49
2,"NAUVOO",38IS,   40.581986,   91.358485,71,49
2,"PONTOOSUC",IS66,   40.592264,   91.201536,71,49
2,"KEOSAUQUA",6K9,    40.73475,   91.948783,71,50
2,"LOCKRIDGE",6IA7,   40.990356,   91.744172,71,50
2,"MOUNT PLEASANT",MPZ,   40.946611,   91.511167,71,50
2,"BLOOMFIELD",4K6,   40.732106,   92.428269,71,51
2,"KEOSAUQUA",27IA,   40.751451,   92.030822,71,51
2,"LANCASTER",4MO2,   40.558362,   92.441853,71,51
2,"ALBIA",4C8,   40.996278,   92.765694,71,52
2,"BLAKESBURG",IA27,   40.977791,   92.587689,71,52
2,"CENTERVILLE",TVK,   40.684417,      92.901,71,52
2,"CORYDON",0E9,   40.756228,   93.240336,71,53
2,"CORYDON",6IA6,   40.756833,   93.401503,71,53
2,"MILLERTON",0IA5,   40.872225,   93.262709,71,53
2,"RUSSELL",34IA,   40.997269,   93.155644,71,53
2,"UNIONVILLE",K43,   40.540222,   93.025528,71,53
2,"HUMESTON",5IA3,   40.843892,   93.542716,71,54
2,"LAMONI",LWD,   40.633333,    93.90217,71,54
2,"MOUNT AYR",1Y3,   40.706389,   94.220278,71,55
2,"BEDFORD",Y46,   40.637766,   94.729413,71,56
2,"CORNING",CRZ,   40.994125,    94.75503,71,56
2,"SHERIDAN",MO62,   40.510267,   94.581629,71,56
2,"CLARINDA",ICL,   40.722194,   95.026611,71,57
2,"SHENANDOAH",SDA,   40.751587,   95.413624,71,57
2,"SIDNEY",29IA,   40.756265,   95.623481,71,58
2,"SIDNEY",IA20,   40.760053,   95.708831,71,58
2,"SIDNEY",IA02,   40.747994,   95.670929,71,58
2,"MURRAY",NE82,     40.9325,   95.999455,71,58
2,"NEBRASKA CITY",AFK,   40.606528,   95.866667,71,58
2,"PLATTSMOUTH",PMV,   40.948369,   95.917354,71,58
2,"BURR",37NE,   40.607778,   96.307788,71,59
2,"ELMWOOD",8NE4,   40.867778,   96.284722,71,59
2,"PANAMA",16NE,   40.559999,   96.491682,71,59
2,"WEEPING WATER",NE69,   40.867501,    96.11001,71,59
2,"CRETE",CEK,   40.618377,   96.925709,71,60
2,"DAVEY",68NE,   40.991389,   96.619733,71,60
2,"DENTON",NE40,   40.715837,   96.867802,71,60
2,"HICKMAN",2NE3,   40.606331,   96.621314,71,60
2,"HICKMAN",2NE8,   40.628703,   96.562944,71,60
2,"LINCOLN",NE42,   40.933335,    96.70057,71,60
2,"LINCOLN",LNK,   40.850889,   96.759111,71,60
2,"LINCOLN",NE59,   40.833333,   96.566956,71,60
2,"ROCA",NE80,   40.673067,   96.637814,71,60
2,"ROCA",NE79,   40.652779,   96.621128,71,60
2,"MILFORD",NE65,   40.766951,   97.077812,71,61
2,"SEWARD",NE18,   40.914175,   97.080588,71,61
2,"SEWARD",SWT,   40.864722,   97.109222,71,61
2,"UTICA",0J9,   40.867764,   97.353849,71,61
2,"AURORA",AUH,   40.894139,   97.994556,71,62
2,"FAIRMONT",FMZ,   40.586098,   97.573137,71,62
2,"HENDERSON",38NE,   40.753622,   97.851439,71,62
2,"HENDERSON",NE83,   40.753086,   97.854028,71,62
2,"YORK",87NE,   40.809177,   97.587828,71,62
2,"YORK",JYR,   40.896416,   97.624072,71,62
2,"GRAND ISLAND",GRI,   40.967543,   98.309639,71,63
2,"HARVARD",08K,   40.651333,   98.079889,71,63
2,"HASTINGS",HSI,    40.60525,   98.427889,71,63
2,"MINDEN",0V3,   40.514917,   98.945639,71,64
2,"PROSSER",NE38,   40.709458,   98.560068,71,64
2,"HOLDREGE",NE30,   40.573558,   99.420257,71,65
2,"HOLDREGE",3NE3,   40.500011,   99.317042,71,65
2,"KEARNEY",EAR,   40.727041,    99.00677,71,65
2,"MINDEN",NE29,   40.513903,   99.012029,71,65
2,"RIVERDALE",43NE,      40.775,   99.154722,71,65
2,"ELWOOD",2NE0,   40.696673,   99.834286,71,66
2,"LEXINGTON",LXN,   40.790424,   99.775914,71,66
2,"COZAD",CZD,   40.869592,   100.00425,71,67
2,"CURTIS",47V,    40.63875,   100.47342,71,67
2,"GOTHENBURG",2NE5,   40.900007,   100.09485,71,67
2,"GOTHENBURG",GTE,   40.925483,   100.14657,71,67
2,"MAYWOOD",NE15,   40.617044,   100.72641,71,68
2,"WELLFLEET",01NE,   40.843617,   100.65264,71,68
2,"GRAINTON",2NE6,   40.920831,   101.29738,71,69
2,"PAXTON",4NE9,   40.999161,   101.44656,71,69
2,"WALLACE",6NE0,   40.786948,   101.16571,71,69
2,"WALLACE",64V,   40.832224,   101.16404,71,69
2,"GRANT",GGF,   40.870663,   101.73388,71,70
2,"GRANT",27NE,   40.722772,   101.79573,71,70
2,"GRANT",2NE7,   40.851385,   101.94268,71,70
2,"IMPERIAL",IML,   40.510326,   101.62015,71,70
2,"LAMAR",NE08,   40.547772,   101.97824,71,70
2,"MADRID",66NE,   40.929111,   101.60437,71,70
2,"MADRID",46NE,   40.896385,   101.50544,71,70
2,"MADRID",4NE0,   40.915576,   101.55981,71,70
2,"HOLYOKE",HEQ,   40.569417,   102.27269,71,71
2,"JULESBURG",7V8,   40.970258,   102.31527,71,71
2,"VENANGO",5NE9,    40.73333,   102.05046,71,71
2,"HAXTUN",17V,   40.624444,   102.60797,71,72
2,"STERLING",3CO2,   40.617484,   103.33327,71,73
2,"STERLING",STK,   40.614298,   103.26426,71,73
2,"NEW RAYMER",CO06,   40.513611,   103.91194,71,74
2,"BRIGGSDALE",8CO2,   40.670817,   104.20828,71,75
2,"GALETON",CO26,   40.519204,   104.45829,71,75
2,"CARR",CO67,   40.764722,   104.92861,71,76
2,"EATON",CO48,    40.51248,   104.65191,71,76
2,"FORT COLLINS",65CO,   40.520833,   104.96678,71,76
2,"FORT COLLINS",CO53,   40.634704,   104.99109,71,76
2,"GALETON",CO59,   40.545833,   104.56444,71,76
2,"NEW RAYMER",47CO,   40.899982,   104.83386,71,76
2,"NUNN",1CO3,   40.704147,   104.79775,71,76
2,"NUNN",1CD1,   40.690278,   104.86667,71,76
2,"NUNN",48CO,   40.721647,   104.77802,71,76
2,"WELLINGTON",6CO1,   40.781371,   104.91747,71,76
2,"FORT COLLINS",CO55,   40.597204,   105.14359,71,77
2,"LAPORTE",2CD9,     40.6814,   105.13855,71,77
2,"RED FEATHER LAKES",25CO,   40.851647,   105.63305,71,78
2,"WALDEN",33V,   40.750389,   106.27153,71,79
2,"STEAM BOAT SPRINGS",1CD4,   40.509333,   106.94303,71,80
2,"STEAMBOAT SPRINGS",CD02,   40.758027,     106.972,71,80
2,"STEAMBOAT SPRINGS",SBS,    40.51625,   106.86631,71,80
2,"DUTCH JOHN",33U,   40.917812,   109.39066,71,85
2,"MANILA",40U,   40.986389,   109.67853,71,86
2,"COALVILLE",38UT,   40.877417,   111.37569,71,89
2,"BOUNTIFUL",BTF,   40.868149,    111.9275,71,90
2,"MORGAN",15UT,   40.972142,   111.70444,71,90
2,"SALT LAKE CITY",SLC,   40.788393,   111.97777,71,90
2,"SALT LAKE CITY",U42,   40.619556,   111.99289,71,90
2,"SOUTH JORDAN",UT13,   40.563889,   112.01389,71,91
2,"TOOELE",TVY,   40.612556,   112.35078,71,91
2,"WENDOVER",ENV,   40.718725,   114.02867,71,95
2,"WELLS",NV07,   40.885519,    114.9814,71,96
2,"RUBY VALLEY",03NV,   40.584444,   115.29778,71,97
2,"ELKO",EKO,      40.825,   115.79133,71,98
2,"BATTLE MOUNTAIN",BAM,   40.599056,   116.87433,71,100
2,"CRESCENT VALLEY",NV89,   40.502333,   116.54677,71,100
2,"WINNEMUCCA",WMC,   40.896611,   117.80589,71,102
2,"EMPIRE",18NV,   40.578556,   119.35144,71,105
2,"GERLACH",88NV,   40.757481,   119.21592,71,105
2,"RAVENDALE",O39,   40.803703,   120.36621,71,107
2,"SUSANVILLE",1Q2,   40.650306,   120.76851,71,108
2,"REDDING",O85,   40.573667,   122.40733,71,111
2,"REDDING",RDD,   40.508972,   122.29339,71,111
2,"REDDING",CA53,     40.6725,   122.34167,71,111
2,"TRINITY CENTER",O86,    40.98275,   122.69372,71,112
2,"WEAVERVILLE",O54,   40.747225,   122.92237,71,112
2,"HAYFORK",F62,      40.547,   123.17964,71,113
2,"HYAMPOM",H47,   40.625611,    123.4685,71,113
2,"EUREKA",O19,   40.718953,   123.92722,71,114
2,"ARCATA/EUREKA",ACV,   40.977833,   124.10847,71,115
2,"EUREKA",EKA,   40.803389,   124.11281,71,115
2,"EUREKA",O33,   40.780861,   124.21228,71,115
2,"FORTUNA",FOT,   40.553944,   124.13267,71,115
2,"MUSKEGET ISLAND",MA55,   41.334844,   70.299464,72,7
2,"NANTUCKET",ACK,   41.252975,   70.059911,72,7
2,"EDGARTOWN",1B2,   41.358451,   70.524471,72,8
2,"GOSNOLD",15MA,    41.42233,   70.909479,72,8
2,"OAK BLUFFS",MA44,   41.441779,   70.570306,72,8
2,"VINEYARD HAVEN",MVY,   41.393417,   70.613874,72,8
2,"MYSTIC",CT48,   41.436765,   71.925351,72,10
2,"STONINGTON",CT80,   41.347321,   71.885904,72,10
2,"MONTAUK",MTP,   41.076667,   71.920472,72,10
2,"BLOCK ISLAND",BID,   41.168111,   71.577833,72,10
2,"WEST KINGSTON",08R,     41.4895,   71.620639,72,10
2,"WESTERLY",WST,   41.349633,   71.803417,72,10
2,"EAST HADDAM",CT11,   41.443987,   72.338972,72,11
2,"EAST HADDAM",42B,   41.445654,   72.455642,72,11
2,"GROTON (NEW LONDON)",GON,   41.330056,   72.045139,72,11
2,"OLD LYME",5CT7,   41.302333,   72.296194,72,11
2,"FISHERS ISLAND",0B8,   41.252139,   72.031639,72,11
2,"ORIENT",2NK3,   41.151686,   72.266564,72,11
2,"SHELTER ISLAND",NY03,   41.071008,   72.327019,72,11
2,"SHELTER ISLAND",49NY,   41.055672,   72.360486,72,11
2,"CHESTER",SNC,   41.383709,   72.505787,72,12
2,"DURHAM",CT39,   41.468431,   72.708429,72,12
2,"NEW HAVEN",HVN,   41.263749,   72.886801,72,12
2,"BRIDGEPORT",BDR,   41.163472,   73.126167,72,13
2,"DANBURY",DXR,   41.371528,   73.482194,72,13
2,"NEWTOWN",CT52,   41.368151,   73.291228,72,13
2,"OXFORD",OXC,   41.478281,   73.135182,72,13
2,"WHITE PLAINS",HPN,   41.066953,   73.707566,72,14
2,"WEST MILFORD",4N1,   41.128389,   74.346528,72,15
2,"WEST MILFORD",JY43,   41.083222,   74.338556,72,15
2,"CHESTER",4NY1,   41.327872,   74.324596,72,15
2,"MIDDLETOWN",06N,   41.431912,   74.391561,72,15
2,"WARWICK",N72,   41.287594,   74.287095,72,15
2,"ANDOVER",12N,    41.00862,   74.738034,72,16
2,"SUSSEX",FWN,   41.200214,   74.623035,72,16
2,"MIDDLETOWN",08NY,   41.367261,   74.518934,72,16
2,"SLATE HILL",NK79,   41.406667,   74.533056,72,16
2,"MILFORD",6PA0,   41.350092,   74.932947,72,16
2,"CANADENSIS",8N4,   41.214929,   75.246903,72,17
2,"EAST STROUDSBURG",N53,   41.035872,   75.160679,72,17
2,"GREENTOWN",PA49,   41.380089,     75.2324,72,17
2,"LACKAWAXEN",2PA1,   41.443146,   75.007947,72,17
2,"MOSCOW",6PA6,   41.350083,   75.482962,72,17
2,"MOUNT POCONO",MPO,   41.137694,   75.380056,72,17
2,"STERLING",70N,   41.347357,   75.415897,72,17
2,"SPRINGBROOK",PS82,   41.295916,   75.597688,72,18
2,"WILKES-BARRE",WBW,   41.297308,   75.852243,72,18
2,"WILKES-BARRE/SCRANTON",AVP,   41.338472,   75.723389,72,18
2,"BENTON",PA40,   41.200084,   76.387164,72,19
2,"BLOOMSBURG",86PN,    41.04453,   76.355218,72,19
2,"ST JOHN'S",5PA2,   41.035917,   76.022426,72,19
2,"BODINES",PA45,   41.418933,   76.926628,72,20
2,"EAGLES MERE",40PN,   41.391156,   76.611403,72,20
2,"EAGLES MERE",4PN7,   41.420911,   76.534392,72,20
2,"MILLVILLE",19PA,   41.117028,   76.520772,72,20
2,"MONTGOMERY",6PA3,   41.150081,   76.899686,72,20
2,"WILLIAMSPORT",IPT,   41.241667,   76.921806,72,20
2,"JERSEY SHORE",1PA0,   41.133407,   77.199691,72,21
2,"JERSEY SHORE",P96,   41.206443,   77.225765,72,21
2,"LOCK HAVEN",6PA8,   41.201389,   77.440833,72,21
2,"LOCK HAVEN",LHV,   41.135778,   77.422306,72,21
2,"MACKEYVILLE",PS73,   41.063401,   77.433594,72,21
2,"MILL HALL",PA18,   41.094236,   77.414426,72,21
2,"TROUT RUN",73PN,   41.368409,    77.07108,72,21
2,"LOCK HAVEN",4PA5,   41.308402,   77.524703,72,22
2,"CLEARFIELD",FIG,   41.049134,   78.415158,72,23
2,"SWEET VALLEY",PN12,   41.280556,   78.143056,72,23
2,"CURWENSVILLE",0PS4,   41.008392,   78.560859,72,24
2,"DUBOIS",DUJ,   41.178278,   78.898694,72,24
2,"ST MARYS",OYM,   41.412478,   78.502631,72,24
2,"CLARION",AXQ,   41.224944,   79.442167,72,25
2,"CLARION",PS66,   41.211452,   79.360877,72,25
2,"SIGEL",PN13,   41.287286,   79.166429,72,25
2,"TYLERSBURG",0PS0,   41.370896,   79.341711,72,25
2,"COCHRANTON",7PA8,   41.456389,   79.982778,72,26
2,"CRANBERRY",11PN,     41.3525,   79.732778,72,26
2,"FRANKLIN",0PA5,   41.494501,   79.830889,72,26
2,"FRANKLIN",FKL,   41.377417,   79.860639,72,26
2,"VENUS",8PN3,   41.383333,        79.5,72,26
2,"GREENVILLE",4G1,   41.446766,   80.391197,72,27
2,"GROVE CITY",4PN0,   41.216448,   80.093671,72,27
2,"GROVE CITY",29D,   41.146028,    80.16775,72,27
2,"JACKSON CENTER",8PS2,   41.310612,   80.162839,72,27
2,"MERCER",00PN,     41.2995,   80.211111,72,27
2,"MERCER",39PN,   41.215892,   80.197562,72,27
2,"NEW CASTLE",UCP,   41.025389,   80.413444,72,27
2,"NEW WILMINGTON",92PN,   41.068217,   80.294733,72,27
2,"SHARON",PA22,   41.201446,    80.42229,72,27
2,"SHEAKEYVILLE",0PN0,   41.443611,   80.153889,72,27
2,"TRANSFER",1PN1,   41.334222,   80.420624,72,27
2,"VOLANT",PS43,   41.078808,   80.255492,72,27
2,"BERLIN CENTER",89OI,   41.038947,    80.98398,72,28
2,"BRISTOLVILLE",2OA1,   41.415056,   80.884254,72,28
2,"BRISTOLVILLE",20OH,   41.393744,   80.813375,72,28
2,"CANFIELD",4OI8,   41.057836,   80.754523,72,28
2,"CANFIELD",7OH5,   41.034225,   80.781746,72,28
2,"COITSVILLE",8OH3,    41.11728,    80.52257,72,28
2,"CORTLAND",8OI3,   41.373389,   80.668966,72,28
2,"CORTLAND",OH33,   41.442733,    80.69205,72,28
2,"CORTLAND",81OH,   41.324025,   80.792078,72,28
2,"CORTLAND",8OH5,      41.382,   80.712302,72,28
2,"HARTFORD",08OH,   41.291722,   80.563684,72,28
2,"LORDSTOWN",22OI,   41.148946,   80.840084,72,28
2,"NEWTON FALLS",41N,   41.211168,   80.969257,72,28
2,"NORTH JACKSON",46OH,   41.103669,   80.826472,72,28
2,"VIENNA",79OH,   41.209779,   80.683132,72,28
2,"WARREN",80OH,   41.266724,    80.76647,72,28
2,"WARREN",62D,   41.267028,   80.927361,72,28
2,"YOUNGSTOWN",04G,   41.130472,   80.619583,72,28
2,"YOUNGSTOWN/WARREN",YNG,   41.261583,   80.680361,72,28
2,"WEST MIDDLESEX",PA21,   41.165335,    80.50257,72,28
2,"AKRON",AKR,     41.0375,   81.466917,72,29
2,"GARRETTSVILLE",7D8,   41.351166,   81.099541,72,29
2,"HIRAM",OI41,      41.294,   81.156194,72,29
2,"KENT",1G3,   41.151389,   81.415111,72,29
2,"MANTUA",OH97,   41.359167,   81.217778,72,29
2,"MIDDLEFIELD",7G8,   41.449596,   81.062934,72,29
2,"NEWBURY",8OI0,   41.454219,   81.245381,72,29
2,"NEWBURY",40OH,   41.451164,   81.234825,72,29
2,"NEWTON FALLS",42OH,    41.15589,   81.003981,72,29
2,"RAVENNA",61OH,   41.198112,   81.209546,72,29
2,"RAVENNA",POV,   41.210182,   81.251625,72,29
2,"RAVENNA",OI32,   41.168112,   81.287882,72,29
2,"RUSSELL",OI62,   41.476441,   81.317053,72,29
2,"SOLON",67OH,   41.413943,   81.452616,72,29
2,"AVON",4OI7,   41.453655,   81.970141,72,30
2,"CLEVELAND",CLE,   41.409417,   81.854694,72,30
2,"COLUMBIA STATION",4G8,    41.31868,   81.960442,72,30
2,"COLUMBIA STATION",9OA8,   41.282274,   81.949027,72,30
2,"COLUMBIA STATION",05OI,   41.288385,   81.962639,72,30
2,"GRAFTON",1OA2,    41.26172,   81.990696,72,30
2,"LODI",40OI,   41.061667,   81.983611,72,30
2,"MEDINA",1G5,   41.131444,   81.764889,72,30
2,"SEVILLE",8OA9,   41.044499,    81.81569,72,30
2,"SHARON CENTER",65OH,   41.071721,   81.751242,72,30
2,"VALLEY CITY",7OH1,       41.21,   81.973611,72,30
2,"VALLEY CITY",78OH,   41.256998,   81.970695,72,30
2,"WADSWORTH",3G3,   41.003061,   81.756522,72,30
2,"WADSWORTH",15G,   41.028185,   81.798147,72,30
2,"WESTFIELD CENTER",2OI4,   41.045333,   81.936531,72,30
2,"CHATHAM TOWNSHIP",33OI,   41.082833,   82.043203,72,31
2,"ELYRIA",1G1,   41.331528,    82.10025,72,31
2,"KIPTON",56OI,   41.205608,   82.331274,72,31
2,"KIPTON",17OH,   41.242552,    82.27016,72,31
2,"LAGRANGE",18OH,   41.256163,   82.143762,72,31
2,"LORAIN/ELYRIA",LPR,   41.344278,   82.177639,72,31
2,"NEW LONDON",OI42,   41.132831,   82.460725,72,31
2,"WAKEMAN",I64,   41.293492,   82.372361,72,31
2,"WAKEMAN",26OH,   41.209806,   82.356117,72,31
2,"BELLEVUE",OH86,    41.34525,   82.828678,72,32
2,"BELLEVUE",1OH2,      41.244,   82.866278,72,32
2,"BELLEVUE",6OH1,   41.286164,   82.866577,72,32
2,"CASTALIA",1OH3,   41.389219,   82.762685,72,32
2,"CLYDE",5D9,   41.223943,   82.957691,72,32
2,"HURON",88D,   41.404494,   82.603147,72,32
2,"HURON",10OH,   41.402828,   82.629066,72,32
2,"MILAN",60OI,   41.356718,     82.6249,72,32
2,"NORWALK",87OI,   41.272275,   82.622956,72,32
2,"NORWALK",5A1,    41.24475,   82.551222,72,32
2,"SANDUSKY",0OI3,     41.3821,   82.716111,72,32
2,"VICKERY",18OI,    41.41974,   82.971303,72,32
2,"VICKERY",8OA6,   41.386163,   82.897134,72,32
2,"WILLARD",8G1,    41.03875,   82.724565,72,32
2,"ELMORE",9OH1,   41.454218,   83.265202,72,33
2,"FOSTORIA",FZI,   41.190833,   83.393083,72,33
2,"FREMONT",14G,   41.333083,   83.161194,72,33
2,"FREMONT",03OH,   41.418385,   83.017416,72,33
2,"FREMONT",S24,    41.29575,   83.037222,72,33
2,"TIFFIN",16G,   41.094056,     83.2125,72,33
2,"ARCADIA",OA04,   41.097554,   83.502705,72,34
2,"BOWLING GREEN",6OH4,   41.358386,   83.558264,72,34
2,"BOWLING GREEN",3D8,      41.336,   83.723194,72,34
2,"BOWLING GREEN",OH45,   41.454219,   83.586322,72,34
2,"BOWLING GREEN",6OH7,   41.412552,   83.679657,72,34
2,"BOWLING GREEN",6OH6,   41.364497,   83.547431,72,34
2,"BOWLING GREEN",1G0,      41.391,   83.630139,72,34
2,"DESHLER",6D7,   41.215444,   83.870869,72,34
2,"FINDLAY",OH98,     41.0325,   83.688056,72,34
2,"FINDLAY",FDY,   41.012028,   83.668611,72,34
2,"FINDLAY",72OI,   41.073664,   83.684655,72,34
2,"FOSTORIA",OI77,   41.215886,   83.557985,72,34
2,"NORTH BALTIMORE",43OI,   41.198663,   83.700767,72,34
2,"OTTAWA",OWX,   41.035583,   83.981917,72,34
2,"AYERSVILLE",7OI1,    41.20727,   84.269667,72,35
2,"CECIL",OH99,   41.204517,   84.496158,72,35
2,"DEFIANCE",DFI,     41.3375,   84.428806,72,35
2,"LEIPSIC",R47,   41.103106,   84.051889,72,35
2,"NAPOLEON",7OI0,   41.334216,   84.163557,72,35
2,"NAPOLEON",7W5,   41.374278,   84.067861,72,35
2,"NORTH CREEK",OH19,   41.155049,   84.214945,72,35
2,"OTTAWA",51OH,   41.070329,   84.086333,72,35
2,"PAULDING",53OH,   41.134494,   84.450782,72,35
2,"BUTLER",69II,   41.369444,   84.878889,72,36
2,"BUTLER",IN16,   41.476531,   84.906519,72,36
2,"FT. WAYNE",22IN,   41.012639,   84.877694,72,36
2,"HARLAN",IN18,   41.274494,    84.80496,72,36
2,"MAPLES",IN91,   41.001944,   84.994167,72,36
2,"NEW HAVEN",56IN,   41.079215,   84.942744,72,36
2,"SPENCERVILLE",58IN,   41.258383,   84.863852,72,36
2,"WATERLOO",4C2,   41.431161,   84.981632,72,36
2,"WOODBURN",0IN4,   41.127827,   84.947188,72,36
2,"WOODBURN",3II3,   41.086993,   84.841074,72,36
2,"WOODBURN",55IN,   41.144722,   84.862222,72,36
2,"WOODBURN",53II,   41.073104,   84.840796,72,36
2,"BRYAN",0G6,   41.467306,   84.506778,72,36
2,"MARK CENTER",34OH,   41.256994,   84.641621,72,36
2,"PAULDING",54OH,   41.123382,   84.617732,72,36
2,"SHERWOOD",5OI9,   41.327828,   84.557728,72,36
2,"ALBION",3IN5,   41.316944,   85.371389,72,37
2,"ARCOLA",1IN3,   41.097826,   85.242473,72,37
2,"ARCOLA",3II9,    41.09727,   85.242195,72,37
2,"AUBURN",GWB,   41.307167,   85.064361,72,37
2,"CHURUBUSCO",9IN8,   41.229167,   85.358056,72,37
2,"CHURUBUSCO",19IN,   41.284444,   85.360833,72,37
2,"CHURUBUSCO",IN62,    41.24477,   85.297476,72,37
2,"COLUMBIA CITY",09IN,    41.12088,   85.424977,72,37
2,"COLUMBIA CITY",29IN,    41.07588,   85.386087,72,37
2,"COLUMBIA CITY",3IG3,   41.170183,   85.421644,72,37
2,"COLUMBIA CITY",30IN,   41.209213,   85.458035,72,37
2,"FORT WAYNE",SMD,   41.143361,   85.152778,72,37
2,"KENDALLVILLE",C62,   41.472716,   85.260808,72,37
2,"LAOTTO",76II,   41.276437,   85.271086,72,37
2,"LEO",II28,   41.210556,   85.063611,72,37
2,"MERRIAM",9II0,   41.282547,   85.438591,72,37
2,"ROANOKE",2IN2,   41.009167,   85.371389,72,37
2,"WOLFLAKE",5IN9,   41.316159,    85.46498,72,37
2,"COLUMBIA CITY",IN71,   41.185602,   85.521647,72,38
2,"LIGONIER",II51,   41.484771,   85.593041,72,38
2,"LIGONIER",II21,   41.475327,    85.69471,72,38
2,"MILFORD",92IN,   41.423381,   85.847493,72,38
2,"NAPPANEE",C03,   41.446157,   85.936046,72,38
2,"SYRACUSE",4IN9,   41.418937,   85.691654,72,38
2,"WARSAW",ASW,   41.274694,   85.840083,72,38
2,"ARGOS",2IN4,    41.25671,   86.189724,72,39
2,"BOURBON",IN11,   41.292822,    86.07111,72,39
2,"BOURBON",4IN5,   41.344167,   86.148333,72,39
2,"BOURBON",II95,    41.36449,   86.063333,72,39
2,"BREMEN",3II8,   41.442269,   86.261116,72,39
2,"BREMEN",0II2,   41.457269,   86.124446,72,39
2,"BREMEN",0II1,   41.428093,   86.153326,72,39
2,"CULVER",3IN8,   41.204722,   86.345833,72,39
2,"CULVER",IN54,   41.283654,   86.462787,72,39
2,"LAPAZ",II38,   41.426434,   86.316396,72,39
2,"MENTONE",C92,   41.150043,   86.062497,72,39
2,"PLYMOUTH",C65,   41.365131,   86.300257,72,39
2,"ROCHESTER",RCR,   41.065548,   86.181703,72,39
2,"CULVER",1II5,   41.247264,   86.503065,72,40
2,"KNOX",IN87,   41.351431,   86.626404,72,40
2,"KNOX",OXI,   41.329701,    86.66461,72,40
2,"KNOX",IG05,   41.189763,   86.606956,72,40
2,"LA CROSSE",II18,   41.335596,   86.928634,72,40
2,"MEDARYVILLE",2IN3,   41.084761,   86.924186,72,40
2,"MONTEREY",IN69,   41.175167,   86.547444,72,40
2,"UNION MILLS",IN41,   41.452742,   86.791061,72,40
2,"VALPARAISO",5IN4,   41.483374,   86.950027,72,40
2,"WALKERTON",17II,   41.450044,   86.510291,72,40
2,"WHEATFIELD",68IN,   41.121428,   86.997522,72,40
2,"WINAMAC",RWN,   41.092263,   86.612871,72,40
2,"WINAMAC",0IN3,   41.116707,   86.666679,72,40
2,"WINAMAC",II79,   41.076985,   86.724457,72,40
2,"DEMOTTE",72IN,   41.178461,      87.318,72,41
2,"KOUTS",IN04,   41.375261,   87.079883,72,41
2,"LAKE VILLAGE",IN39,   41.141667,   87.394167,72,41
2,"LAKE VILLAGE",C98,   41.150034,   87.462533,72,41
2,"LOWELL",0II8,   41.324757,   87.475869,72,41
2,"LOWELL",IN90,   41.259757,   87.481424,72,41
2,"VALPARAISO",VPZ,   41.453972,   87.007083,72,41
2,"GRANT PARK",7IL0,   41.270868,   87.577815,72,42
2,"KANKAKEE",IL78,   41.131144,   87.792262,72,42
2,"KANKAKEE",IKK,   41.071389,   87.846278,72,42
2,"KANKAKEE",3KK,   41.100032,    87.91671,72,42
2,"MANTENO",19LL,   41.256976,   87.919491,72,42
2,"MANTENO",58IL,   41.238366,   87.859489,72,42
2,"MANTENO",LL24,   41.206977,   87.785319,72,42
2,"MOMENCE",90IL,    41.19809,   87.558924,72,42
2,"MONEE",C56,   41.377417,    87.67975,72,42
2,"MONEE",2IL9,   41.432811,   87.781713,72,42
2,"MONEE",03IL,   41.402255,   87.816713,72,42
2,"LOWELL",C97,   41.230169,   87.507694,72,42
2,"BONFIELD",05IL,       41.16,   88.016667,72,43
2,"BUCKINGHAM",IS86,   41.041699,   88.191718,72,43
2,"CAMPUS",IL51,   41.038056,     88.3375,72,43
2,"CUSTER PARK",IL95,   41.223086,   88.145333,72,43
2,"DWIGHT",DTG,   41.132622,   88.438645,72,43
2,"DWIGHT",61IS,   41.054754,   88.387279,72,43
2,"DWIGHT",08LL,   41.075278,   88.489167,72,43
2,"DWIGHT",2IL2,   41.053365,    88.46117,72,43
2,"ELWOOD",3IL2,   41.412253,   88.048666,72,43
2,"KANKAKEE",12IL,   41.200032,   88.016716,72,43
2,"MAZON",IL97,   41.273683,   88.444192,72,43
2,"MAZON",5IL5,   41.259925,   88.356536,72,43
2,"MORRIS",LL39,     41.2575,   88.477778,72,43
2,"MORRIS",C09,    41.42475,   88.418667,72,43
2,"UNION HILL",5LL8,   41.112254,   88.140052,72,43
2,"CORNELL",40IL,   41.005833,   88.658056,72,44
2,"MARSEILLES",69IL,    41.36531,    88.67924,72,44
2,"MARSEILLES",67IL,   41.358242,   88.646263,72,44
2,"MORRIS",IL68,   41.432067,   88.522472,72,44
2,"NEWARK",IS41,   41.460864,   88.592017,72,44
2,"OTTAWA",8N2,   41.399778,   88.793917,72,44
2,"SENECA",1LL2,   41.300589,   88.635627,72,44
2,"SERENA",7IL9,   41.481494,   88.705069,72,44
2,"STREATOR",54IL,   41.128644,   88.802018,72,44
2,"STREATOR",LL52,   41.161139,   88.939111,72,44
2,"ARLINGTON",IL13,   41.470833,   89.180833,72,45
2,"HENRY",9IL0,   41.094481,     89.3862,72,45
2,"LA SALLE",0LL4,     41.4192,   89.123139,72,45
2,"LACON",C75,   41.018833,   89.385778,72,45
2,"PERU",VYS,   41.350139,   89.152944,72,45
2,"PRINCETON",72LL,   41.373647,   89.344533,72,45
2,"PUTNAM",LL64,   41.199481,   89.394534,72,45
2,"TISKILWA",53IL,   41.231389,   89.452222,72,45
2,"WENONA",3IS7,   41.086953,   89.095915,72,45
2,"BRADFORD",3IS8,   41.230871,   89.615652,72,46
2,"ELMIRA",2IS3,   41.171704,    89.80677,72,46
2,"KEWANEE",EZI,   41.205194,   89.963861,72,46
2,"SHEFFIELD",1LL7,   41.349758,   89.773157,72,46
2,"TISKILWA",15LL,     41.2375,   89.536667,72,46
2,"GENESEO",3G8,   41.439778,   90.110056,72,47
2,"ALEDO",C00,   41.248645,   90.737084,72,48
2,"LITTLE YORK",IL65,   41.005037,   90.708471,72,48
2,"MOLINE",MLI,   41.448278,   90.507528,72,48
2,"SHERRARD",2LL2,   41.314757,   90.552079,72,48
2,"VIOLA",6LL2,    41.16448,   90.557356,72,48
2,"MEDIAPOLIS",0IA4,   41.033368,   91.050145,72,49
2,"MUSCATINE",MUT,   41.367889,   91.148222,72,49
2,"ILLINOIS CITY",2IS4,   41.336974,   91.013203,72,49
2,"NEW BOSTON",69LL,   41.286974,   91.048758,72,49
2,"FAIRFIELD",FFL,    41.05572,   91.980822,72,50
2,"RIVERSIDE",8IA8,   41.454839,   91.617311,72,50
2,"WASHINGTON",AWG,   41.275694,   91.676083,72,50
2,"OSKALOOSA",OOA,   41.226111,   92.493833,72,51
2,"OTTUMWA",OTM,   41.107181,   92.447073,72,51
2,"PACKWOOD",04IA,    41.08835,    92.05462,72,51
2,"EDDYVILLE",99IA,   41.216567,   92.777975,72,52
2,"OSKALOOSA",IA63,   41.258382,   92.551507,72,52
2,"PELLA",PEA,   41.401222,   92.945861,72,52
2,"CHARITON",CNC,   41.019611,   93.359667,72,53
2,"KNOXVILLE",OXV,   41.299097,   93.113743,72,53
2,"INDIANOLA",IA86,   41.266661,   93.509381,72,54
2,"INDIANOLA",IA41,   41.415269,   93.561327,72,54
2,"INDIANOLA",6Z6,   41.303853,    93.56749,72,54
2,"INDIANOLA",IA11,   41.293882,   93.665495,72,54
2,"INDIANOLA",IA85,    41.43513,   93.540493,72,54
2,"OSCEOLA",I75,   41.052222,   93.689139,72,54
2,"CRESTON",CSQ,   41.021444,   94.363306,72,55
2,"GREENFIELD",GFZ,   41.327222,   94.445167,72,55
2,"WINTERSET",3Y3,   41.362806,   94.021194,72,55
2,"ANITA",Y43,   41.439911,   94.770138,72,56
2,"ATLANTIC",AIO,   41.403833,    95.04875,72,57
2,"CARSON",97IA,   41.255833,   95.476667,72,57
2,"OAKLAND",IA01,   41.351382,   95.466391,72,57
2,"RED OAK",RDK,   41.010833,   95.258861,72,57
2,"COUNCIL BLUFFS",CBF,   41.260111,   95.758639,72,58
2,"COUNCIL BLUFFS",IA35,   41.187221,   95.904179,72,58
2,"CRESCENT",IA32,   41.357475,    95.84845,72,58
2,"FORT CALHOUN",75NE,   41.445828,   95.956679,72,58
2,"OMAHA",OMA,   41.303167,   95.894056,72,58
2,"OMAHA",OFF,   41.119328,   95.908519,72,58
2,"ASHLAND",53NE,   41.081387,   96.403348,72,59
2,"ASHLAND",NE26,   41.022319,   96.434558,72,59
2,"BENNINGTON",09NE,   41.333331,   96.193632,72,59
2,"BLAIR",BTA,   41.414806,   96.108972,72,59
2,"GRETNA",NE49,   41.066665,   96.250294,72,59
2,"OMAHA",9NE6,   41.338728,    96.08854,72,59
2,"OMAHA",MLE,   41.195986,   96.112265,72,59
2,"OMAHA",3NO,   41.369289,   96.022494,72,59
2,"SPRINGFIELD",72NE,   41.079165,   96.153071,72,59
2,"VALLEY",NE56,   41.341389,      96.395,72,59
2,"WASHINGTON",1NE5,   41.406111,   96.285556,72,59
2,"FREMONT",FET,   41.449944,   96.521194,72,60
2,"MORSE BLUFF",NE43,   41.439725,   96.754194,72,60
2,"WAHOO",AHQ,   41.240608,   96.594555,72,60
2,"BRAINARD",78NE,   41.166122,   97.031421,72,61
2,"COLUMBUS",OLU,   41.448722,   97.340944,72,61
2,"COLUMBUS",NE37,   41.472511,   97.271427,72,61
2,"DAVID CITY",93Y,   41.230361,     97.1225,72,61
2,"FULLERTON",8NE9,   41.390292,   97.964503,72,62
2,"GENOA",97Y,    41.40418,   97.708663,72,62
2,"CENTRAL CITY",07K,   41.111561,   98.051336,72,63
2,"LOUP CITY",0F4,   41.286361,   98.990028,72,64
2,"RAVENNA",56NE,    41.03279,   98.812024,72,64
2,"ANSLEY",NE45,   41.293142,   99.374658,72,65
2,"ARCADIA",96NE,   41.400678,   99.097278,72,65
2,"BROKEN BOW",BBW,   41.436444,   99.642167,72,66
2,"CALLAWAY",1NE2,   41.325006,   99.917066,72,66
2,"CALLAWAY",1NE1,   41.283338,    100.0504,72,67
2,"STAPLETON",9NE8,   41.401665,   100.47875,72,67
2,"STAPLETON",5NE3,   41.487498,   100.48792,72,67
2,"HERSHEY",34NE,   41.223885,    100.9346,72,68
2,"HERSHEY",NE64,   41.162435,   100.97845,72,68
2,"NORTH PLATTE",LBF,   41.126222,   100.68367,72,68
2,"NORTH PLATTE",NE25,   41.181942,   100.85987,72,68
2,"PAXTON",7NE5,   41.066661,   101.36766,72,69
2,"SARBEN",04NE,   41.159993,   101.29905,72,69
2,"SUTHERLAND",5NE5,   41.206661,   101.14349,72,69
2,"BRULE",9NE1,   41.144435,   101.92657,72,70
2,"OGALLALA",OGA,   41.119472,   101.76969,72,70
2,"OGALLALA",35NE,   41.049994,   101.80462,72,70
2,"CHAPPELL",CNP,   41.077472,   102.46406,72,71
2,"OSHKOSH",OKS,   41.401911,   102.35635,72,71
2,"DALTON",1NE6,   41.340815,    102.7777,72,72
2,"SIDNEY",NE34,   41.038875,    102.9527,72,72
2,"SIDNEY",SNY,   41.099761,   102.98499,72,72
2,"KIMBALL",IBM,   41.188056,   103.67739,72,74
2,"PINE BLUFFS",82V,   41.152472,   104.13475,72,75
2,"CHEYENNE",CYS,   41.155639,   104.81047,72,76
2,"CHEYENNE",WY46,   41.072778,   104.82565,72,76
2,"CHEYENNE",WY05,   41.217769,   104.58661,72,76
2,"CHEYENNE",WY45,   41.156925,    104.7083,72,76
2,"LARAMIE",LAR,   41.312056,     105.675,72,78
2,"LARAMIE",WY61,   41.284722,   105.51125,72,78
2,"ENCAMPMENT",WY11,   41.158302,   106.55753,72,80
2,"SARATOGA",96WY,   41.409167,    106.5925,72,80
2,"SARATOGA",SAA,   41.443528,   106.82753,72,80
2,"DIXON",DWX,   41.037444,   107.49253,72,81
2,"GREEN RIVER",48U,   41.458139,   109.48992,72,85
2,"FORT BRIDGER",FBR,   41.393333,   110.40597,72,87
2,"EVANSTON",EVW,   41.274778,   111.03464,72,89
2,"HUNTSVILLE",11UT,   41.253853,   111.71106,72,90
2,"MORGAN",42U,   41.148676,   111.76715,72,90
2,"OGDEN",HIF,    41.12394,   111.97306,72,90
2,"OGDEN",OGD,    41.19507,   112.01219,72,91
2,"BRIGHAM CITY",2UT3,   41.492167,   112.59117,72,92
2,"LUCIN",02UT,   41.366312,   113.84306,72,94
2,"MONTELLO",NV14,   41.355478,   114.23002,72,95
2,"MONTELLO",NV67,   41.115758,   114.11362,72,95
2,"WELLS",LWL,   41.117111,   114.92214,72,96
2,"DEETH",NV04,   41.316306,   115.25006,72,97
2,"WINNEMUCCA",02NV,   41.300556,   118.92833,72,104
2,"GERLACH",NV06,   41.382676,   119.16908,72,105
2,"GERLACH",NV05,   41.123509,   119.13851,72,105
2,"ADIN",A26,     41.1865,   120.95439,72,108
2,"ALTURAS",AAT,   41.482861,   120.56542,72,108
2,"ALTURAS",CA06,   41.417764,   120.56923,72,108
2,"ALTURAS",A24,    41.41226,   120.68389,72,108
2,"LIKELY",9CL3,   41.240172,   120.52606,72,108
2,"BIEBER",O55,    41.13954,   121.12405,72,109
2,"FALL RIVER MILLS",O89,   41.017361,   121.43497,72,109
2,"DUNSMUIR",1O6,   41.262919,   122.27204,72,111
2,"WEED",O46,   41.480806,   122.45453,72,111
2,"HOOPA",O21,   41.041472,   123.66781,72,114
2,"CHATHAM",CQX,   41.688304,   69.989652,73,6
2,"HYANNIS",HYA,   41.669333,   70.280361,73,7
2,"MARSTON MILLS",2B1,   41.685278,    70.40225,73,7
2,"FALMOUTH",FMH,   41.659139,   70.522806,73,8
2,"FALMOUTH",5B6,   41.585583,   70.540361,73,8
2,"NEW BEDFORD",EWB,   41.676566,   70.957836,73,8
2,"PLYMOUTH",PYM,   41.908617,   70.727685,73,8
2,"WAREHAM",11MA,   41.807325,    70.75837,73,8
2,"BERKLEY",1M8,   41.839056,   71.026472,73,9
2,"TAUNTON",TAN,   41.874467,   71.016317,73,9
2,"WESTPORT",3MA5,   41.543159,   71.035318,73,9
2,"NEWPORT",UUU,    41.53244,   71.281544,73,9
2,"NORTH KINGSTOWN",OQU,   41.597139,   71.412139,73,9
2,"PAWTUCKET",SFZ,    41.92075,   71.491417,73,9
2,"PROVIDENCE",PVD,   41.722333,   71.427722,73,9
2,"TIVERTON",RI07,   41.578992,   71.141711,73,9
2,"DANIELSON",LZD,    41.81975,   71.900972,73,10
2,"EAST KILLINGLY",CT13,   41.883431,   71.816182,73,10
2,"JEWETT CITY",24CT,   41.566886,   71.966883,73,10
2,"JEWETT CITY",CT43,   41.593709,   71.931184,73,10
2,"SOUTH WOODSTOCK",64CT,   41.921486,   71.952851,73,10
2,"VOLUNTOWN",CT32,   41.535377,   71.834515,73,10
2,"GREENE",RI11,   41.696766,   71.783681,73,10
2,"ASHFORD/WESTFORD",CT74,   41.950652,   72.181466,73,11
2,"BOZRAH",CT36,   41.564543,   72.197301,73,11
2,"COLCHESTER",CT07,   41.573709,   72.303137,73,11
2,"COVENTRY",CT09,   41.802876,   72.391749,73,11
2,"ELLINGTON",7B9,   41.925417,   72.457111,73,11
2,"ELLINGTON",CT15,   41.945375,   72.477585,73,11
2,"MARLBOROUGH",CT20,   41.600099,   72.432863,73,11
2,"MARLBOROUGH",9B8,   41.589543,   72.442308,73,11
2,"PUTNAM",C44,   41.955694,   72.054361,73,11
2,"WILLIMANTIC",IJD,   41.744028,   72.180222,73,11
2,"BRISTOL",CT96,   41.708431,   72.971215,73,12
2,"EAST WINDSOR",CT85,    41.88982,    72.61509,73,12
2,"EAST WINDSOR HILL",CT14,   41.866765,   72.616201,73,12
2,"HARTFORD",HFD,   41.736722,   72.649444,73,12
2,"HAZARDVILLE",CT19,   41.968152,   72.539809,73,12
2,"MERIDEN",MMK,   41.508715,   72.829478,73,12
2,"PLAINVILLE",4B8,   41.689333,   72.864694,73,12
2,"SIMSBURY",4B9,   41.916194,   72.776944,73,12
2,"WAREHOUSE POINT",7B6,   41.928417,   72.576389,73,12
2,"WINDSOR LOCKS",BDL,   41.939139,   72.683361,73,12
2,"BETHLEHEM",33CT,   41.609444,   73.239722,73,13
2,"BETHLEHEM",5CT5,   41.632306,   73.216222,73,13
2,"BETHLEHEM",CT01,   41.666207,   73.189002,73,13
2,"GOSHEN",CT42,   41.853967,   73.275642,73,13
2,"NEW MILFORD",11N,   41.569167,   73.462083,73,13
2,"ROXBURY",CT59,   41.553347,   73.261231,73,13
2,"WASHINGTON",CT66,   41.666762,   73.282894,73,13
2,"WATERBURY",N41,    41.63343,   73.046774,73,13
2,"KINGSTON",20N,    41.98525,   73.964333,73,14
2,"MILLBROOK",11NY,   41.819189,   73.643225,73,14
2,"MILLBROOK",44N,   41.707417,   73.738028,73,14
2,"NORTH EAST",41NK,   41.947778,   73.518056,73,14
2,"POUGHKEEPSIE",POU,   41.626583,   73.884194,73,14
2,"POUGHKEEPSIE",1NY5,   41.638982,   73.742908,73,14
2,"RED HOOK",46N,   41.984675,   73.835966,73,14
2,"RHINEBECK",NY94,   41.969833,   73.864556,73,14
2,"STAATSBURG",09N,   41.832639,   73.876167,73,14
2,"STORMVILLE",N69,   41.576971,   73.732351,73,14
2,"ELLENVILLE",N89,   41.727871,   74.377376,73,15
2,"GARDINER",5NY5,    41.66676,    74.14959,73,15
2,"HIGH FALLS",NK08,   41.831914,   74.129889,73,15
2,"KERHONKSON",6NY7,   41.865371,   74.332928,73,15
2,"MODENA",2NK9,   41.657222,   74.077222,73,15
2,"MONTGOMERY",MGJ,   41.511812,   74.263539,73,15
2,"NEW PALTZ",NY35,   41.750093,   74.116255,73,15
2,"NEW YORK",SWF,   41.504111,   74.104833,73,15
2,"WALLKILL",N45,   41.624167,   74.141667,73,15
2,"WURTSBORO",N82,   41.597139,   74.458306,73,15
2,"MONTICELLO",MSV,   41.701639,   74.795028,73,16
2,"LAKE HUNTINGTON",7NY0,   41.683422,   75.016278,73,17
2,"CARBONDALE",PA54,   41.522307,   75.396014,73,17
2,"HONESDALE",7PA3,   41.705643,   75.287954,73,17
2,"HONESDALE",N30,   41.515592,    75.25156,73,17
2,"LAKE ARIEL",2PA3,   41.500084,   75.416292,73,17
2,"LAKEWOOD",2PA4,    41.84675,   75.446291,73,17
2,"ORSON",7PA4,   41.842306,   75.436291,73,17
2,"STARLIGHT",4PA6,   41.915085,   75.364444,73,17
2,"UNION DALE",3PN7,    41.74786,   75.497406,73,17
2,"CARBONDALE",PA53,   41.627026,    75.52824,73,18
2,"CARBONDALE",9PN8,   41.625082,   75.532963,73,18
2,"CLIFFORD",3PN1,   41.622025,   75.596298,73,18
2,"FACTORYVILLE",9N3,   41.589355,   75.756081,73,18
2,"FLEETVILLE",PA82,   41.600079,   75.682967,73,18
2,"FRIENDSVILLE",59PA,   41.902831,   75.989186,73,18
2,"HARFORD",PS50,   41.767856,   75.723244,73,18
2,"MONTROSE",7PA6,   41.933778,     75.8739,73,18
2,"NEW MILFORD",6PS8,   41.816719,   75.698783,73,18
2,"THOMPSON",4PS4,   41.815224,   75.534243,73,18
2,"TUNKHANNOCK",76N,   41.528164,   75.945881,73,18
2,"ATHENS",PA33,   41.950074,   76.482997,73,19
2,"DUSHORE",PA71,   41.520908,   76.462166,73,19
2,"LERAYSVILLE",3PA4,   41.777853,   76.137151,73,19
2,"MESHOPPEN",01PS,   41.595908,   76.029644,73,19
2,"TOWANDA",N27,       41.74,   76.447139,73,19
2,"TUNKHANNOCK",45PN,      41.554,   76.054583,73,19
2,"WYSOX",9PN7,    41.81813,   76.412717,73,19
2,"COLUMIA CROSS ROADS",PN54,   41.841667,   76.745833,73,20
2,"TROY",0PA3,   41.747285,   76.760401,73,20
2,"ULSTER",PN10,   41.865075,   76.509944,73,20
2,"ELKLAND",PA75,   41.965072,   77.315813,73,21
2,"KNOXVILLE",6PS3,    41.95896,   77.426111,73,21
2,"SABINSVILLE",PN91,   41.833404,   77.499705,73,21
2,"WELLSBORO",N38,   41.727989,   77.395438,73,21
2,"COUDERSPORT",PN15,   41.879167,       77.95,73,22
2,"WESTFIELD",2PN1,   41.981279,   77.520072,73,22
2,"CERES",06PA,      41.996,     78.2865,73,23
2,"CONEVILLE",90PA,   41.879232,   78.115008,73,23
2,"PORT ALLEGANY",2PA5,    41.78062,   78.269179,73,23
2,"ROULETTE",PN90,   41.748676,   78.099729,73,23
2,"BRADFORD",BFD,   41.802954,   78.639966,73,24
2,"BRADFORD",PS18,   41.903674,   78.627526,73,24
2,"PITTSFIELD",P15,    41.83294,   79.360671,73,25
2,"RUSSELL",6PA4,   41.930615,   79.034209,73,25
2,"RUSSELL",5PA6,    41.93117,   79.146712,73,25
2,"SUGAR GROVE",70PN,   41.989167,   79.301111,73,25
2,"TIDIOUTE",17PS,   41.579167,   79.441667,73,25
2,"TIDIOUTE",13PA,   41.682392,   79.452953,73,25
2,"TIDIOUTE",PS61,   41.690894,   79.365881,73,25
2,"WARREN",7PA1,   41.865892,   79.206158,73,25
2,"CORRY",8G2,   41.907556,   79.641056,73,26
2,"SPARTANSBURG",0PN5,   41.779225,   79.598384,73,26
2,"TITUSVILLE",0PN9,   41.719503,   79.677829,73,26
2,"TITUSVILLE",0PN8,   41.616726,   79.683108,73,26
2,"TITUSVILLE",6G1,   41.608806,   79.741333,73,26
2,"UNION CITY",PA52,   41.859333,   79.907167,73,26
2,"ALBION",PS05,   41.875333,   80.374787,73,27
2,"ALBION",75PA,   41.873111,   80.458958,73,27
2,"CAMBRIDGE SPRINGS",3PN6,   41.750056,   80.083112,73,27
2,"CAMBRIDGE SPRINGS",PS64,   41.825056,   80.078945,73,27
2,"LINESVILLE",PA01,   41.675054,   80.434512,73,27
2,"MC KEAN",PA02,   41.983389,   80.183114,73,27
2,"MEADVILLE",GKJ,   41.626528,   80.214722,73,27
2,"ANDOVER",3OH4,   41.603943,   80.589797,73,28
2,"ASHTABULA",HZY,   41.777778,   80.696778,73,28
2,"DORSET",8OH8,   41.668111,   80.685635,73,28
2,"GENEVA",7D9,   41.777832,    80.90398,73,28
2,"GENEVA",OH12,   41.821903,   80.950011,73,28
2,"GENEVA",98OH,   41.825054,   80.883146,73,28
2,"KINGSVILLE",0OI6,    41.83811,   80.643689,73,28
2,"ROCK CREEK",OA07,   41.701389,   80.860278,73,28
2,"WILLIAMSFIELD",06OH,   41.509776,   80.591186,73,28
2,"CHARDON",7OH8,   41.637778,   81.101389,73,29
2,"CLEVELAND",CGF,   41.564583,   81.487222,73,29
2,"LEROY",OI31,   41.709772,   81.124821,73,29
2,"MADISON",4OH1,   41.716995,   81.106764,73,29
2,"MADISON",OH03,   41.792273,   81.058153,73,29
2,"MONTVILLE",73OI,   41.574497,   81.075653,73,29
2,"PAINESVILLE",OI69,    41.77838,   81.167044,73,29
2,"PAINESVILLE",2G1,   41.667043,   81.197183,73,29
2,"THOMPSON",OH26,    41.65644,   81.106209,73,29
2,"THOMPSON",OI64,   41.680609,   81.030235,73,29
2,"THOMPSON",73OH,   41.646999,   81.008706,73,29
2,"WILLOUGHBY",LNN,   41.684028,    81.38975,73,29
2,"CLEVELAND",BKL,   41.517861,   81.682639,73,30
2,"KELLEYS ISLAND",89D,   41.603182,   82.685054,73,32
2,"MIDDLE BASS ISLAND",3T7,   41.688389,   82.808167,73,32
2,"MIDDLE BASS ISLAND",3W9,   41.694444,   82.796556,73,32
2,"NORTH BASS ISLAND",3X5,      41.718,   82.821111,73,32
2,"PORT CLINTON",PCW,   41.516278,     82.8695,73,32
2,"PUT IN BAY",3W2,   41.636667,   82.828333,73,32
2,"PUT IN BAY",58OH,   41.679215,   82.847133,73,32
2,"MONROE",TTF,   41.939889,   83.434667,73,33
2,"NEWPORT",9MI2,    41.98785,   83.307625,73,33
2,"GENOA",9OH2,   41.515606,   83.305759,73,33
2,"GRAYTOWN",7OI5,   41.520606,   83.275203,73,33
2,"TOLEDO",TDZ,   41.564944,   83.482222,73,33
2,"WILLISTON",88OH,   41.600049,   83.316594,73,33
2,"BLISSFIELD",44G,   41.855038,   83.870769,73,34
2,"IDA",MI12,    41.90555,   83.632011,73,34
2,"LAMBERTVILLE",DUH,   41.735875,   83.655764,73,34
2,"PETERSBURG",4MI1,   41.830603,   83.687438,73,34
2,"PETERSBURG",88G,   41.919768,   83.734939,73,34
2,"PETERSBURG",MI48,   41.833381,   83.683271,73,34
2,"PETERSBURG",7MI5,   41.887547,   83.676604,73,34
2,"TECUMSEH",34G,   41.975045,   83.925219,73,34
2,"SWANTON",72OH,   41.604496,   83.867719,73,34
2,"TOLEDO",TOL,   41.586806,   83.807833,73,34
2,"ADRIAN",ADG,   41.867674,   84.077306,73,35
2,"JEROME",79MI,   41.997942,   84.476389,73,35
2,"ARCHBOLD",4OH8,   41.500051,    84.24995,73,35
2,"LYONS",28OH,   41.703384,   84.002723,73,35
2,"WAUSEON",USE,   41.609779,   84.127189,73,35
2,"ANGOLA",II16,   41.636995,   84.949444,73,36
2,"FREMONT",3II0,   41.691528,   84.865883,73,36
2,"HAMILTON",7IN2,   41.501389,   84.878333,73,36
2,"HAMILTON",IN83,   41.502272,    84.93024,73,36
2,"HILLSDALE",JYM,   41.921303,   84.586699,73,36
2,"BLAKESLEE",OI72,   41.522222,   84.720833,73,36
2,"ANGOLA",52IN,   41.695506,   85.046542,73,37
2,"ANGOLA",ANQ,   41.639698,   85.083493,73,37
2,"HOWE",25IN,   41.702828,   85.419424,73,37
2,"LAGRANGE",5IN0,   41.685833,   85.373889,73,37
2,"COLDWATER",OEB,   41.933489,   85.052308,73,37
2,"STURGIS",IRS,   41.813288,   85.438961,73,37
2,"GOSHEN",IN34,   41.529978,   85.971809,73,38
2,"GOSHEN",GSH,   41.526133,    85.79427,73,38
2,"SHIPSHEWANA",IN65,   41.691439,   85.595542,73,38
2,"TOPEKA",39II,   41.514772,   85.552206,73,38
2,"CASSOPOLIS",MI95,   41.846667,      85.895,73,38
2,"MARCELLUS",67MI,   41.997875,   85.853483,73,38
2,"THREE RIVERS",HAI,    41.95975,   85.593056,73,38
2,"ELKHART",EKM,   41.719406,   86.003219,73,39
2,"ELKHART",3C1,   41.656993,   86.034724,73,39
2,"GRANGER",II43,   41.750048,   86.192228,73,39
2,"GRANGER",IN82,   41.749493,   86.088059,73,39
2,"MISHAWAKA",9II2,   41.687548,   86.155004,73,39
2,"NEW CARLISLE",IN93,    41.71199,   86.432792,73,39
2,"NORTH LIBERTY",IN38,   41.545323,   86.452791,73,39
2,"SOUTH BEND",3IN7,   41.662547,   86.354177,73,39
2,"SOUTH BEND",SBN,   41.708222,   86.317333,73,39
2,"WAKARUSA",II74,   41.559771,   86.053057,73,39
2,"BERRIEN SPRINGS",C20,   41.951056,   86.368083,73,39
2,"BUCHANAN",6MI6,   41.852823,   86.436128,73,39
2,"BUCHANAN",MI72,   41.850046,   86.350014,73,39
2,"BUCHANAN",30MI,   41.859213,   86.327791,73,39
2,"DOWAGIAC",C91,   41.992917,   86.128278,73,39
2,"NILES",MI22,   41.873658,   86.202788,73,39
2,"NILES",3TR,   41.835889,   86.225167,73,39
2,"LA PORTE",PPO,   41.572472,   86.734527,73,40
2,"MICHIGAN CITY",MGC,   41.703315,    86.82124,73,40
2,"ROLLING PRAIRIE",45II,   41.633655,   86.585852,73,40
2,"BARODA",MI68,   41.937544,   86.501408,73,40
2,"BRIDGMAN",MI25,   41.922265,   86.545576,73,40
2,"SAWYER",7MI2,   41.890833,   86.588361,73,40
2,"THREE OAKS",4MI6,    41.85782,   86.614467,73,40
2,"CHESTERTON",IN70,   41.633649,   87.026976,73,41
2,"GARY",GYY,    41.61725,   87.414528,73,41
2,"GRIFFITH",05C,   41.519841,   87.399508,73,41
2,"HOBART",3HO,   41.554203,   87.262536,73,41
2,"PORTAGE",3IN0,    41.55875,   87.126111,73,41
2,"CHICAGO",MDW,   41.785972,   87.752417,73,42
2,"CHICAGO",ORD,   41.974522,   87.906597,73,42
2,"CHICAGO",IGQ,   41.534917,   87.529528,73,42
2,"DOWNERS GROVE",LL22,   41.732778,   87.999417,73,42
2,"BOLINGBROOK",1C5,   41.695917,     88.1295,73,43
2,"CHICAGO/AURORA",ARR,   41.771917,   88.475667,73,43
2,"CHICAGO/ROMEOVILLE",LOT,   41.608097,    88.09639,73,43
2,"CHICAGO/SCHAUMBURG",06C,   41.989341,   88.101243,73,43
2,"CHICAGO/WEST CHICAGO",DPA,   41.907053,   88.247995,73,43
2,"JOLIET",JOT,   41.517659,   88.175524,73,43
2,"MINOOKA",87IL,   41.516697,   88.266731,73,43
2,"NAPERVILLE",LL10,   41.736278,    88.20275,73,43
2,"PLAINFIELD",LL51,   41.604196,   88.273678,73,43
2,"BIG ROCK",IL38,   41.766973,   88.532022,73,44
2,"CRESTON",IL93,   41.945306,   88.923982,73,44
2,"DE KALB",DKB,   41.933834,   88.705686,73,44
2,"DE KALB",0IL9,   41.854751,   88.787308,73,44
2,"DE KALB",IS80,   41.917807,   88.789254,73,44
2,"DE KALB",0IL8,   41.872529,   88.723696,73,44
2,"EARLVILLE",IL99,   41.592809,   88.967306,73,44
2,"EARLVILLE",06IL,   41.599528,   88.869944,73,44
2,"EARLVILLE",IL55,   41.535556,   88.998611,73,44
2,"HARDING",7IL8,    41.51892,   88.837577,73,44
2,"HINCKLEY",0C2,   41.770863,   88.703414,73,44
2,"KANEVILLE",IL85,   41.846389,   88.570278,73,44
2,"MAPLE PARK",59IL,   41.926031,   88.646794,73,44
2,"NEWARK",0C8,   41.519475,   88.605629,73,44
2,"SANDWICH",0LL6,   41.698363,   88.607577,73,44
2,"SANDWICH",IS65,   41.638363,   88.644521,73,44
2,"SHERIDAN",2LL1,   41.541697,   88.688964,73,44
2,"SOMONAUK",2LL9,   41.704196,   88.693135,73,44
2,"SOMONAUK",49IL,   41.593333,   88.691667,73,44
2,"WATERMAN",56LL,   41.755029,   88.771193,73,44
2,"AMBOY",IL07,   41.723644,   89.291761,73,45
2,"ASHTON",79IL,   41.796667,   89.230278,73,45
2,"COMPTON",C82,    41.76253,   89.101481,73,45
2,"COMPTON",IL88,   41.675031,   89.116756,73,45
2,"COMPTON",IL87,   41.711142,   89.112313,73,45
2,"DIXON",C73,   41.833699,   89.446213,73,45
2,"FRANKLIN GROVE",15IL,   41.797254,   89.273152,73,45
2,"LA MOILLE",35IL,   41.533889,   89.202778,73,45
2,"MENDOTA",IL22,   41.521876,   89.132693,73,45
2,"MENDOTA",81LL,   41.569199,   89.173698,73,45
2,"PAW PAW",LL54,   41.719444,       89.03,73,45
2,"ROCHELLE",RPJ,   41.892639,   89.079611,73,45
2,"STEWARD",IL53,   41.785829,   89.030097,73,45
2,"STEWARD",9IL4,   41.807222,   89.048056,73,45
2,"STEWARD",4LL0,   41.835863,   89.093428,73,45
2,"STEWARD",4LL1,   41.854196,   89.087595,73,45
2,"WEST BROOKLYN",8IL3,   41.738056,     89.1625,73,45
2,"WEST BROOKLYN",7LL7,   41.736142,   89.172314,73,45
2,"WEST BROOKLYN",7LL6,   41.697531,   89.144257,73,45
2,"DEER GROVE",0IS3,   41.660492,   89.694197,73,46
2,"POLO",LL55,   41.990863,   89.559833,73,46
2,"POLO",00IL,   41.978363,   89.560388,73,46
2,"STERLING",LL38,   41.810278,   89.838333,73,46
2,"STERLING/ROCKFALLS",SQI,   41.742833,   89.676278,73,46
2,"WALNUT",IL83,   41.599583,   89.599028,73,46
2,"WALNUT",6IL9,   41.513995,   89.631052,73,46
2,"WALNUT",IL76,    41.53375,     89.5525,73,46
2,"WALNUT",5IL8,     41.5225,   89.655556,73,46
2,"CLINTON",CWI,    41.83075,   90.328972,73,47
2,"HILLSDALE",9IL7,     41.6093,   90.181567,73,47
2,"MORRISON",4IL5,    41.72503,   90.005118,73,47
2,"DAVENPORT",DVN,   41.610278,   90.588361,73,48
2,"MAYSVILLE",01IA,    41.66114,   90.741254,73,48
2,"TIPTON",8C4,   41.763354,   91.152936,73,49
2,"WEST LIBERTY",4IA2,   41.586135,   91.220157,73,49
2,"AMANA",C11,   41.793583,   91.864772,73,50
2,"CEDAR RAPIDS",CID,   41.884689,   91.710799,73,50
2,"IOWA CITY",IOW,   41.639778,   91.548139,73,50
2,"IOWA CITY",IA16,   41.708349,   91.500169,73,50
2,"OXFORD",IA24,   41.755011,   91.727674,73,50
2,"WALFORD",06IA,   41.841394,   91.834344,73,50
2,"BELLE PLAINE",TZT,   41.878778,   92.284528,73,51
2,"BROOKLYN",09IA,   41.745832,   92.409351,73,51
2,"WILLIAMSBURG",59IA,   41.622344,   92.062401,73,51
2,"GRINNELL",GGI,   41.709889,   92.735972,73,52
2,"MONTEZUMA",7C5,   41.548289,   92.534583,73,52
2,"SULLY",8C2,     41.5741,     92.8466,73,52
2,"TAMA",53IA,   41.949992,   92.576581,73,52
2,"TOLEDO",8C5,   41.988232,   92.547986,73,52
2,"FARRAR",IA56,   41.780543,   93.379376,73,53
2,"NEWTON",TNU,    41.67443,   93.021728,73,53
2,"AMES",AMW,   41.992044,   93.621821,73,54
2,"ANKENY",IKV,   41.691347,   93.566349,73,54
2,"ANKENY",46IA,   41.755821,   93.566605,73,54
2,"CUMMING",20IA,   41.522267,   93.801033,73,54
2,"DES MOINES",DSM,   41.533973,   93.663072,73,54
2,"DES MOINES",Y76,   41.654315,   93.641124,73,54
2,"POLK CITY",IA48,   41.741654,   93.725222,73,54
2,"BERKLEY",IA21,   41.956697,   94.086942,73,55
2,"DALLAS CENTER",39IA,   41.679432,   94.020231,73,55
2,"GUTHRIE CENTER",GCT,   41.686972,   94.435056,73,55
2,"PERRY",PRO,      41.828,   94.159833,73,55
2,"ADAIR",IA43,     41.6052,   94.616178,73,56
2,"AUDUBON",ADU,   41.701528,   94.920444,73,56
2,"COON RAPIDS",16IA,   41.880819,   94.777228,73,56
2,"DENISON",DNS,   41.986583,     95.3805,73,57
2,"HARLAN",HNR,   41.584361,   95.339694,73,57
2,"MISSOURI VALLEY",90IA,    41.54027,   95.887788,73,58
2,"WOODBINE",3Y4,   41.736099,   95.683617,73,58
2,"BLAIR",86NE,   41.541661,   96.273969,73,59
2,"TEKAMAH",TQE,   41.763537,   96.177939,73,59
2,"SCRIBNER",SCB,   41.610333,   96.629861,73,60
2,"NORFOLK",OFK,    41.98546,   97.435114,73,61
2,"NORFOLK",NE09,   41.963338,   97.467274,73,61
2,"LINDSAY",9NE4,   41.703343,   97.744498,73,62
2,"ALBION",BVN,   41.728577,    98.05576,73,63
2,"ELGIN",NE44,   41.983341,   98.083677,73,63
2,"SPALDING",05NE,   41.722233,   98.308958,73,63
2,"BARTLETT",40NE,   41.975007,   98.515911,73,64
2,"ERICSON",8NE5,   41.790564,   98.729805,73,64
2,"GREELEY",NE46,   41.557492,   98.546061,73,64
2,"ORD",ODX,   41.623694,   98.951861,73,64
2,"BURWELL",BUB,   41.777577,   99.150212,73,65
2,"SARGENT",09K,   41.634917,   99.342139,73,65
2,"MILBURN",4NE1,   41.754169,   99.754566,73,66
2,"ANSELMO",NE36,    41.54925,   100.04897,73,67
2,"DUNNING",32NE,   41.721111,   100.08763,73,67
2,"THEDFORD",TIF,   41.962708,   100.57031,73,68
2,"SUTHERLAND",5NE4,   41.572216,   101.17239,73,69
2,"ASHBY",0NE0,   41.849983,   101.95046,73,70
2,"LAKESIDE",3NE7,   41.829146,   102.34269,73,71
2,"BROADWATER",NE19,    41.59581,   102.81715,73,72
2,"MELBETA",25NE,   41.724137,   103.51133,73,74
2,"SCOTTSBLUFF",12NE,   41.906633,   103.69967,73,74
2,"SCOTTSBLUFF",BFF,   41.874028,   103.59564,73,74
2,"CHUGWATER",WY29,   41.622197,   104.78525,73,76
2,"WHEATLAND",WY59,   41.933026,   105.08498,73,77
2,"MEDICINE BOW",80V,   41.883972,   106.18278,73,79
2,"RAWLINS",RWL,   41.805722,   107.20033,73,81
2,"ROCK SPRINGS",RKS,   41.594222,   109.06519,73,85
2,"KEMMERER",EMM,   41.824083,   110.55694,73,88
2,"LOGAN",LGU,   41.791778,   111.85165,73,90
2,"MENDON",UT29,   41.724722,   111.99444,73,90
2,"PARADISE",UT01,    41.51825,   111.80242,73,90
2,"WELLSVILLE",UT90,   41.585369,    111.9037,73,90
2,"BRIGHAM CITY",BMC,   41.554306,   112.06225,73,91
2,"HOWELL",07UT,   41.716667,   112.44722,73,91
2,"JACKPOT",06U,   41.975829,   114.65802,73,96
2,"NORTH FORK",08U,   41.515751,   115.85992,73,98
2,"MOUNTAIN CITY",NV08,   41.737957,   116.21621,73,99
2,"OWYHEE",10U,   41.953628,   116.18207,73,99
2,"TUSCARORA",NV12,    41.56379,   116.40927,73,99
2,"DENIO",E85,   41.954062,   118.63101,73,104
2,"CEDARVILLE",O59,   41.553611,   120.16561,73,107
2,"FORT BIDWELL",A28,     41.8765,   120.14664,73,107
2,"TULELAKE",O81,   41.890639,   121.36067,73,109
2,"DORRIS",A32,    41.88725,   121.97558,73,110
2,"MACDOEL",6CA1,   41.742652,   121.87834,73,110
2,"TENNANT",2CL3,   41.642089,   121.89028,73,110
2,"MONTAGUE",SIY,   41.781444,   122.46811,73,111
2,"FORT JONES",A30,   41.557778,   122.85494,73,112
2,"KLAMATH RIVER",CA09,   41.886245,   122.84448,73,112
2,"MONTAGUE",1O5,   41.729983,   122.54448,73,112
2,"HAPPY CAMP",36S,   41.790679,   123.38894,73,113
2,"GASQUET",0O9,   41.845583,   123.98478,73,114
2,"KLAMATH GLEN",S51,   41.512028,   123.99567,73,114
2,"CRESCENT CITY",CEC,   41.780167,   124.23653,73,115
2,"PROVINCETOWN",PVC,   42.072278,   70.220722,74,7
2,"HANSON",28M,   42.025139,   70.838111,74,8
2,"MARSHFIELD",GHG,   42.097499,    70.67302,74,8
2,"PEMBROKE",MA64,   42.075379,   70.815319,74,8
2,"PEMBROKE",MA63,   42.073991,   70.798096,74,8
2,"BEDFORD",BED,   42.469944,      71.289,74,9
2,"BOSTON",BOS,   42.362944,   71.006389,74,9
2,"MANSFIELD",1B9,   42.000906,    71.19822,74,9
2,"MAYNARD",MA52,   42.438058,   71.470133,74,9
2,"NORWOOD",OWD,   42.190528,   71.172944,74,9
2,"STOW",8MA4,   42.417222,   71.494444,74,9
2,"SUDBURY",MA70,   42.350928,   71.429784,74,9
2,"CHARLTON",MA30,   42.100095,   71.966185,74,10
2,"HOLDEN",MA16,   42.363425,   71.821739,74,10
2,"HOPEDALE",1B6,   42.106486,    71.51009,74,10
2,"SOUTHBOROUGH",1MA5,   42.278983,   71.547843,74,10
2,"SPENCER",60M,     42.2905,   71.964694,74,10
2,"STERLING",3B3,   42.425917,   71.792861,74,10
2,"STOW",6B6,   42.460385,   71.518012,74,10
2,"SUTTON",MA97,   42.125096,   71.739791,74,10
2,"WORCESTER",ORH,   42.267139,   71.875611,74,10
2,"BARRE/BARRE PLAINS",8B5,   42.356389,   72.130083,74,11
2,"BELCHERTOWN",31MA,   42.261944,   72.408611,74,11
2,"NEW BRAINTREE",MA89,   42.346111,   72.103889,74,11
2,"SOUTHBRIDGE",3B0,   42.101111,   72.038833,74,11
2,"WARE",MA53,   42.282036,   72.214802,74,11
2,"WEST BROOKFIELD",5MA3,   42.187593,   72.143133,74,11
2,"GRANVILLE",MA43,   42.072316,     72.9001,74,12
2,"HADLEY",03MA,   42.393145,   72.552032,74,12
2,"NORTHAMPTON",7B2,    42.32801,    72.61124,74,12
2,"SOUTHWICK",28MA,   42.079806,   72.818139,74,12
2,"SPRINGFIELD/CHICOPEE",CEF,   42.194015,   72.534784,74,12
2,"WESTFIELD",MA80,   42.119815,   72.814263,74,12
2,"WESTFIELD/SPRINGFIELD",BAF,   42.157944,   72.715861,74,12
2,"WORTHINGTON",MA88,   42.390087,   72.930931,74,12
2,"NORTH CANAAN",CT24,    42.04537,   73.338728,74,13
2,"GREAT BARRINGTON",GBR,   42.184214,   73.403241,74,13
2,"MIDDLEFIELD",3MA2,   42.316199,   73.032046,74,13
2,"PITTSFIELD",PSF,    42.42762,    73.29084,74,13
2,"SHEFFIELD",MA18,   42.079108,   73.307181,74,13
2,"WASHINGTON",MA77,   42.375086,   73.147603,74,13
2,"COPAKE",3NK8,   42.140556,   73.611944,74,14
2,"COXSACKIE",NY74,   42.323696,   73.873183,74,14
2,"GALLATIN",82NY,   42.001389,   73.671111,74,14
2,"GHENT",NY1,   42.350085,   73.637063,74,14
2,"HUDSON",1B1,   42.291306,   73.710333,74,14
2,"HUDSON",04NY,   42.262309,   73.696233,74,14
2,"LIVINGSTON",1A1,   42.149444,   73.750472,74,14
2,"RED HOOK",9NK4,   42.024319,   73.856292,74,14
2,"SOUTH CAIRO",2NY0,   42.280642,   73.952909,74,14
2,"SOUTH CAIRO",4NY7,   42.329167,   73.960833,74,14
2,"WEST COXSACKIE",33NY,   42.399527,   73.866238,74,14
2,"CAIRO",74NK,   42.327222,   74.063056,74,15
2,"FREEHOLD",1I5,      42.364,   74.065028,74,15
2,"GREENVILLE",1H4,   42.419703,   74.006892,74,15
2,"LEXINGTON/PRATTSVILLE",NY98,   42.272308,   74.394037,74,15
2,"WOODSTOCK",18NY,   42.016481,   74.049028,74,15
2,"DAVENPORT",NY02,   42.487758,   74.779164,74,16
2,"MERIDALE",5NY1,   42.399803,    74.90627,74,16
2,"ROXBURY",1NK0,   42.297307,   74.548207,74,16
2,"SOUTH KORTRIGHT",NY48,   42.338138,   74.749044,74,16
2,"TREADWELL",9NY6,   42.324805,   74.986273,74,16
2,"HANCOCK",NK68,    42.05142,     75.3166,74,17
2,"MASONVILLE",73NY,   42.265767,   75.310033,74,17
2,"SIDNEY",N23,   42.302583,   75.415972,74,17
2,"TREADWELL",7NK6,   42.291667,   75.066667,74,17
2,"AFTON",8NY3,   42.268678,   75.559722,74,18
2,"BINGHAMTON",1NK8,   42.191742,   75.841305,74,18
2,"BINGHAMTON",BGM,   42.208444,   75.979611,74,18
2,"BINGHAMTON",3NY5,   42.023686,   75.957141,74,18
2,"COVENTRYVILLE",NY73,   42.318132,   75.599074,74,18
2,"GREENE",4N7,   42.304241,   75.787137,74,18
2,"ENDICOTT",CZG,   42.078528,   76.096333,74,19
2,"ITHACA",ITH,   42.491361,   76.458722,74,19
2,"MARATHON",NY92,   42.438417,   76.088806,74,19
2,"ALPINE",2NY9,   42.370073,   76.722451,74,20
2,"BURDETT",NK09,   42.405628,   76.820511,74,20
2,"DANBY",NK05,   42.354796,   76.516053,74,20
2,"ELMIRA/CORNING",ELM,   42.159856,   76.891746,74,20
2,"ERIN",NK54,   42.176741,   76.641059,74,20
2,"HORSEHEADS",6NY2,   42.232019,   76.846902,74,20
2,"ITHACA",NY55,   42.447295,   76.596889,74,20
2,"ITHACA",NK72,   42.376184,   76.532442,74,20
2,"ITHACA",NY18,   42.448684,    76.61689,74,20
2,"MECKLENBURG",7NY4,   42.425072,    76.71495,74,20
2,"MONTOUR FALLS",NK24,   42.347296,   76.878848,74,20
2,"READING CENTER",17NK,   42.456944,   76.950833,74,20
2,"SULLIVANVILLE",NK53,    42.20563,   76.770509,74,20
2,"WATKINS GLEN",NY29,   42.452016,   76.911627,74,20
2,"ADDISON",2NY7,   42.121462,   77.211364,74,21
2,"BATH",23NY,   42.279795,    77.33998,74,21
2,"BORDEN",47NY,      42.045,       77.35,74,21
2,"CAMERON",NY34,   42.162225,   77.427517,74,21
2,"CORNING",7N1,     42.1801,   77.121702,74,21
2,"CORNING",6NY1,   42.112852,   77.089414,74,21
2,"HAMMONDSPORT",25NK,   42.436181,   77.132192,74,21
2,"LAWRENCEVILLE",PA17,   42.003685,        77.1,74,21
2,"HORNELL",HTF,   42.382139,   77.682111,74,22
2,"READING",19NY,   42.406177,   77.960836,74,22
2,"WELLSVILLE",ELZ,   42.109528,   77.989972,74,22
2,"OLEAN",OLE,   42.241194,   78.371361,74,23
2,"OLEAN",8G3,   42.067611,   78.405528,74,23
2,"OLEAN",75NY,   42.116732,   78.315571,74,23
2,"CATTARAUGUS",0NK0,   42.333951,   78.790866,74,24
2,"CATTARAUGUS",NY76,   42.315667,   78.895333,74,24
2,"GREAT VALLEY",N56,   42.205064,   78.647251,74,24
2,"SPRINGVILLE",NK27,   42.488951,   78.634747,74,24
2,"CASSADAGA",28NY,   42.308333,      79.225,74,25
2,"DUNKIRK",DKK,   42.493944,   79.271111,74,25
2,"JAMESTOWN",JHW,   42.153394,   79.258023,74,25
2,"JAMESTOWN",NY89,   42.080057,   79.391438,74,25
2,"JAMESTOWN",3NK4,   42.027836,   79.194214,74,25
2,"JAMESTOWN",55NY,   42.082002,   79.312271,74,25
2,"KENNEDY",9NY4,   42.100833,   79.081817,74,25
2,"MAYVILLE",65NY,   42.283947,   79.443935,74,25
2,"MAYVILLE",D79,   42.268113,   79.481713,74,25
2,"RANDOLPH",85NK,   42.154228,   79.016431,74,25
2,"SOUTH DAYTON",NY27,   42.370894,   79.009483,74,25
2,"SHERMAN",D88,   42.150056,   79.685881,74,26
2,"NORTH EAST",PN40,   42.184224,   79.897552,74,26
2,"ERIE",ERI,   42.083083,   80.173944,74,27
2,"FAIRVIEW",PN18,   42.027279,   80.243673,74,27
2,"CARLETON",W87,   42.017435,   83.373609,74,33
2,"DETROIT",DET,   42.409327,   83.010182,74,33
2,"DETROIT",DTW,   42.212444,   83.353389,74,33
2,"DETROIT/GROSSE ILE",ONZ,   42.099079,   83.161469,74,33
2,"NEWPORT",MI53,   42.009211,   83.258263,74,33
2,"PLYMOUTH",1D2,   42.347806,   83.456333,74,33
2,"SOUTH ROCKWOOD",78MI,   42.040599,   83.303541,74,33
2,"ANN ARBOR",ARB,   42.222928,   83.745709,74,34
2,"BELLEVILLE",43G,   42.177267,   83.545363,74,34
2,"BELLEVILLE",71MI,   42.084444,   83.517222,74,34
2,"CLINTON",7N4,    42.07775,   83.986024,74,34
2,"DETROIT",YIP,   42.240028,   83.530889,74,34
2,"DEXTER",2E8,   42.425125,   83.868542,74,34
2,"MACON",MI70,   42.071154,   83.883552,74,34
2,"MAYBEE",60MI,   42.041431,   83.566878,74,34
2,"MILAN",MI09,   42.050043,   83.740217,74,34
2,"MILAN",1MI6,   42.087925,   83.765519,74,34
2,"SALINE",68MI,   42.146389,   83.791944,74,34
2,"TECUMSEH",3TE,   42.025111,   83.939297,74,34
2,"TECUMSEH",22T,   42.033849,   83.878354,74,34
2,"WHITMORE LAKE",MI29,   42.376425,    83.79272,74,34
2,"WILLIS",86MI,   42.152819,   83.567437,74,34
2,"BROOKLYN",6G8,   42.094215,   84.240951,74,35
2,"CHELSEA",8MI9,      42.305,   84.106667,74,35
2,"GREGORY",69G,   42.441702,   84.066619,74,35
2,"JACKSON",JXN,   42.260443,   84.462139,74,35
2,"JACKSON",5MI7,   42.361069,   84.424819,74,35
2,"MANCHESTER",75G,   42.195097,   84.030861,74,35
2,"NAPOLEON",3NP,   42.171004,   84.259309,74,35
2,"NAPOLEON",6H4,   42.155764,   84.334319,74,35
2,"NAPOLEON",26W,   42.209722,   84.231667,74,35
2,"LITCHFIELD",MI35,   42.077823,   84.829134,74,36
2,"MARSHALL",RMY,   42.251193,   84.955444,74,36
2,"BATTLE CREEK",BTL,   42.306473,   85.250089,74,37
2,"KALAMAZOO",66MI,   42.228377,   85.484445,74,37
2,"ALLEGAN",38MI,   42.466944,   85.979167,74,38
2,"COOPER",7MI7,   42.380594,    85.57751,74,38
2,"KALAMAZOO",AZO,   42.234389,   85.551556,74,38
2,"KALAMAZOO",4N0,   42.288926,   85.750011,74,38
2,"MATTAWAN",8MI3,   42.197267,   85.806186,74,38
2,"PARCHMENT",2H4,   42.365401,   85.555839,74,38
2,"PAW PAW",2C5,   42.252985,   85.851654,74,38
2,"PLAINWELL",61D,   42.467793,   85.648046,74,38
2,"SCHOOLCRAFT",MI89,   42.148654,   85.652779,74,38
2,"SCHOOLCRAFT",P97,    42.12375,   85.710278,74,38
2,"VICKSBURG",7MI3,   42.116712,   85.516663,74,38
2,"BENTON HARBOR",BEH,   42.128381,   86.424881,74,39
2,"PULLMAN",M86,   42.470972,   86.125639,74,39
2,"SOUTH HAVEN",LWA,   42.351333,   86.255744,74,39
2,"WATERVLIET",40C,   42.200722,   86.249366,74,39
2,"CHICAGO/PROSPECT HEIGHTS/WHEELING",PWK,   42.114278,   87.901528,74,42
2,"CHICAGO/WAUKEGAN",UGN,   42.422149,   87.867919,74,42
2,"ZION",IL02,   42.472243,   87.908409,74,42
2,"ANTIOCH",IL11,   42.465297,   88.040359,74,43
2,"ANTIOCH",50IL,   42.488906,   88.174253,74,43
2,"CHICAGO/LAKE IN THE HILLS",3CK,   42.206809,   88.322997,74,43
2,"GILBERTS",7IS5,   42.121414,   88.378139,74,43
2,"GRAYSLAKE",C81,   42.324611,   88.074088,74,43
2,"GREENWOOD/WONDER LAKE",10C,   42.402889,   88.375111,74,43
2,"HUNTLEY",82IS,    42.14324,   88.403312,74,43
2,"HUNTLEY",6IL2,   42.221134,   88.417865,74,43
2,"MUNDELEIN",LL09,   42.280578,   88.094524,74,43
2,"PLATO CENTER",LL53,   42.008407,   88.458143,74,43
2,"SPRING GROVE",3LL4,   42.447242,   88.201476,74,43
2,"SPRING GROVE",3LL5,   42.464464,   88.234256,74,43
2,"BELVIDERE",IL36,   42.320275,   88.762956,74,44
2,"BELVIDERE",IL34,   42.214467,   88.757041,74,44
2,"BELVIDERE",0LL0,   42.264722,       88.73,74,44
2,"BELVIDERE",IS83,     42.2275,   88.767222,74,44
2,"CALEDONIA",56IL,   42.462142,   88.875101,74,44
2,"CAPRON",09LL,   42.468072,   88.743159,74,44
2,"CAPRON",LL28,   42.432778,   88.717222,74,44
2,"ESMOND",IS15,   42.032527,   88.902594,74,44
2,"GENOA",30IS,   42.077248,   88.625088,74,44
2,"GENOA",IL60,   42.131414,   88.699814,74,44
2,"HAMPSHIRE",68IS,     42.1486,   88.561947,74,44
2,"HAMPSHIRE",7IL7,   42.126691,   88.533421,74,44
2,"HARVARD",8IL0,    42.35314,   88.637406,74,44
2,"HARVARD",0C0,   42.402472,   88.632389,74,44
2,"HARVARD",8IL2,    42.48474,   88.600101,74,44
2,"HARVARD",8IL1,   42.408352,   88.652877,74,44
2,"KIRKLAND",16IL,   42.049831,   88.835028,74,44
2,"KIRKLAND",IS59,   42.133889,   88.924167,74,44
2,"MARENGO",66IL,   42.268739,   88.571296,74,44
2,"MARENGO",63IL,   42.183357,   88.594535,74,44
2,"MARENGO",62IL,   42.186134,   88.604258,74,44
2,"MARENGO",37IS,   42.332222,   88.605556,74,44
2,"MARENGO",64IL,   42.241689,   88.666762,74,44
2,"MARENGO",IS57,   42.179746,   88.632778,74,44
2,"POPLAR GROVE",C77,   42.322861,   88.836306,74,44
2,"ROCKTON",LL87,   42.455572,   88.902884,74,44
2,"ROCKTON/BELVIDERE",LL90,    42.44585,   88.900106,74,44
2,"SYCAMORE",4LL8,   42.002806,    88.64592,74,44
2,"SYCAMORE",4LL7,   42.000028,   88.666754,74,44
2,"UNION",5LL7,   42.210476,   88.520056,74,44
2,"UNION",55LL,   42.154191,   88.511476,74,44
2,"WOODSTOCK",8LL1,   42.356687,   88.506205,74,44
2,"BELOIT",44C,   42.497778,   88.967611,74,44
2,"CHICAGO/ROCKFORD",RFD,   42.195361,   89.097222,74,45
2,"DAVIS",IL23,   42.442514,   89.450116,74,45
2,"DURAND",47IS,   42.491667,   89.356944,74,45
2,"DURAND",2IL1,   42.413904,    89.32928,74,45
2,"LEAF RIVER",48LL,   42.125304,      89.459,74,45
2,"LEAF RIVER",28IL,   42.097249,   89.419276,74,45
2,"MOUNT MORRIS",C55,   42.037251,   89.392885,74,45
2,"PECATONICA",IS19,   42.335278,   89.323611,74,45
2,"PECATONICA",IS78,   42.366264,    89.23509,74,45
2,"PECATONICA",8IL5,   42.368056,   89.354167,74,45
2,"ROCHELLE",LL74,   42.008361,   89.048709,74,45
2,"ROCK CITY",LL91,   42.415848,   89.452893,74,45
2,"ROCK CITY",IS93,   42.442514,   89.499283,74,45
2,"ROCKFORD",1C8,   42.291686,   89.136218,74,45
2,"ROCKFORD",LL80,   42.381961,   89.161221,74,45
2,"ROCKFORD",LL81,   42.375629,   89.070413,74,45
2,"ROCKFORD",LL78,   42.311685,   89.150941,74,45
2,"ROCKFORD",LL79,   42.393072,   89.130665,74,45
2,"ROCKTON",LL89,   42.487237,   89.107889,74,45
2,"SHIRLAND",80IL,   42.451581,   89.225083,74,45
2,"SOUTH BELOIT",3LL0,   42.491681,   89.095944,74,45
2,"STILLMAN VALLEY (BYRON)",4IL3,   42.142802,   89.228439,74,45
2,"FREEPORT",FEP,   42.246115,   89.581977,74,46
2,"FREEPORT",C86,   42.377794,   89.564005,74,46
2,"LANARK",6IL4,     42.1603,   89.886233,74,46
2,"LANARK",1IS4,   42.134467,   89.824564,74,46
2,"LENA",96IL,   42.375014,   89.845954,74,46
2,"MOUNT CARROLL",LL07,   42.063913,   89.969568,74,46
2,"PEARL CITY",88LL,   42.191688,   89.838176,74,46
2,"SHANNON",2IL0,   42.181389,   89.676944,74,46
2,"STOCKTON",99IL,   42.286667,     89.9575,74,46
2,"STOCKTON",IS37,   42.323903,   89.992902,74,46
2,"WINSLOW",20IS,   42.497231,   89.791787,74,46
2,"BELLVUE",15IA,   42.235394,   90.406767,74,47
2,"APPLE RIVER",IL28,   42.466444,   90.169389,74,47
2,"GALENA",22IL,   42.411952,   90.400128,74,47
2,"HANOVER",3IS4,   42.288903,   90.345406,74,47
2,"SAVANNA",SFY,   42.045833,   90.107944,74,47
2,"DUBUQUE",DBQ,      42.402,   90.709472,74,48
2,"MAQUOKETA",OQW,   42.050083,   90.738806,74,48
2,"ZWINGLE",IA30,    42.30001,   90.750131,74,48
2,"DYERSVILLE",IA8,   42.496105,   91.179859,74,49
2,"MANCHESTER",C27,   42.490496,   91.497874,74,49
2,"MONTICELLO",MXO,   42.220363,   91.163299,74,49
2,"CENTER POINT",0IA8,      42.228,      91.751,74,50
2,"INDEPENDENCE",IIB,   42.456889,   91.947667,74,50
2,"MARION",C17,   42.029833,   91.531639,74,50
2,"CEDAR FALLS",4IA7,   42.471929,    92.49519,74,51
2,"HUDSON",IA42,   42.313724,   92.411692,74,51
2,"LA PORTE CITY",IA97,   42.316657,   92.283519,74,51
2,"TRAER",8C6,   42.200833,   92.456639,74,51
2,"VINTON",VTI,   42.218639,   92.025917,74,51
2,"WATERLOO",10IA,   42.416656,   92.250183,74,51
2,"GRUNDY CENTER",6K7,   42.350816,   92.843533,74,52
2,"HUDSON",11IA,   42.349872,   92.513392,74,52
2,"MARSHALLTOWN",MIW,    42.11275,   92.917778,74,52
2,"ELDORA",27P,   42.329953,   93.114314,74,53
2,"IOWA FALLS",IFA,   42.471358,   93.270719,74,53
2,"RADCLIFFE",2Y1,   42.317514,   93.415162,74,53
2,"BOONE",BNW,   42.049556,   93.847611,74,54
2,"JEWELL",93IA,   42.260278,   93.649722,74,54
2,"WEBSTER CITY",EBS,   42.436414,   93.868967,74,54
2,"JEFFERSON",EFW,   42.010583,   94.342361,74,55
2,"CARROLL",CIN,   42.046667,   94.788694,74,56
2,"LOHRVILLE",IA08,   42.278056,   94.551667,74,56
2,"ROCKWELL CITY",2Y4,   42.387822,   94.618903,74,56
2,"SAC CITY",SKI,   42.379056,   94.979611,74,56
2,"IDA GROVE",IDG,   42.332598,   95.444888,74,57
2,"MAPLETON",MEY,   42.178295,   95.793645,74,58
2,"LAWTON",IA84,   42.483326,   96.200301,74,59
2,"SALIX",42IA,    42.26145,   96.289678,74,59
2,"SIOUX CITY",SUX,   42.402611,   96.384361,74,59
2,"WHITING",IA58,   42.114989,   96.171964,74,59
2,"DAKOTA CITY",NE75,   42.400342,   96.430678,74,59
2,"SO SIOUX CITY",7K8,   42.454161,   96.472531,74,59
2,"PENDER",0C4,   42.113418,   96.727813,74,60
2,"WAYNE",LCG,   42.241606,   96.982271,74,60
2,"HOSKINS",NE67,   42.107657,   97.341314,74,61
2,"LAUREL",08NE,   42.431667,   97.079492,74,61
2,"NORFOLK",NE78,   42.074722,   97.319028,74,61
2,"BATTLE CREEK",NE31,   42.014449,   97.586444,74,62
2,"CREIGHTON",6K3,   42.471278,    97.88475,74,62
2,"NELIGH",4V9,    42.11225,   98.039778,74,63
2,"ROYAL",NE51,   42.304857,   98.124897,74,63
2,"O'NEILL",ONL,   42.469361,   98.687778,74,64
2,"BROWNLEE",1NE0,   42.316665,   100.41708,74,67
2,"MULLEN",84NE,   42.042164,   101.05966,74,69
2,"ASHBY",0NE1,    42.40721,   101.93156,74,70
2,"HYANNIS",9NE3,   42.187485,   101.78934,74,70
2,"HYANNIS",1V2,   42.009994,   101.77006,74,70
2,"GORDON",2NE4,    42.44999,    102.1338,74,71
2,"LAKESIDE",24NE,   42.383862,   102.43881,74,71
2,"ALLIANCE",AIA,   42.053222,   102.80375,74,72
2,"HAY SPRINGS",33NE,   42.386079,   102.57548,74,72
2,"HEMINGFORD",3NE2,   42.327739,   103.19354,74,73
2,"HARRISON",11NE,   42.442464,   103.91633,74,74
2,"TORRINGTON",TOR,   42.064528,   104.15269,74,75
2,"GUERNSEY",GUR,    42.25975,   104.72831,74,76
2,"WHEATLAND",EAN,   42.055519,   104.92828,74,76
2,"WHEATLAND",WY25,   42.306914,   104.93664,74,76
2,"MEDICINE BOW",WY16,   42.259967,   105.85889,74,78
2,"MEDICINE BOW",WY17,   42.021907,   106.42447,74,79
2,"COKEVILLE",WY32,   42.093889,   110.87222,74,88
2,"COKEVILLE",U06,   42.045771,   110.96602,74,88
2,"PARIS",1U7,    42.24975,   111.34164,74,89
2,"PRESTON",U10,   42.106908,   111.91254,74,90
2,"THATCHER",0ID,   42.448186,   111.77754,74,90
2,"DOWNEY",U58,   42.424233,   112.10956,74,91
2,"MALAD CITY",MLD,   42.170444,   112.28931,74,91
2,"OAKLEY",1U6,   42.233889,   113.87764,74,94
2,"TWIN FALLS",TWF,   42.481806,   114.48775,74,95
2,"THREE CREEK",3U0,   42.023556,   115.33544,74,97
2,"GRASMERE",U91,   42.373306,   115.87944,74,98
2,"MC DERMITT",26U,   42.010306,   117.72714,74,102
2,"FIELDS",OR09,   42.335639,   118.25752,74,103
2,"ANDREWS",OG53,   42.487942,   118.60836,74,104
2,"FIELDS",2OG4,   42.330278,   118.64722,74,104
2,"LAKEVIEW",OR26,   42.127661,   120.48385,74,107
2,"LAKEVIEW",LKV,   42.161111,   120.39908,74,107
2,"LAKEVIEW",22OG,   42.275436,   120.39357,74,107
2,"BLY",80OR,   42.364318,   120.96582,74,108
2,"BEATTY",OR29,   42.492817,   121.32015,74,109
2,"BLY",85OR,   42.404595,   121.04888,74,109
2,"MALIN",4S7,   42.001139,   121.39636,74,109
2,"SPRAGUE RIVER",5OR4,   42.434869,   121.34972,74,109
2,"KLAMATH FALLS",LMT,   42.156144,    121.7332,74,110
2,"KLAMATH FALLS",3OG3,   42.122222,   121.79167,74,110
2,"KLAMATH FALLS",6OG3,   42.130283,   121.53163,74,110
2,"MERRILL",0OR3,   42.019039,   121.70389,74,110
2,"PINEHURST",24S,   42.110194,   122.38311,74,111
2,"ASHLAND",S03,   42.190278,   122.66064,74,112
2,"EAGLE POINT",26OG,   42.463211,   122.73397,74,112
2,"MEDFORD",OR97,   42.438736,   122.86365,74,112
2,"MEDFORD",MFR,   42.374222,    122.8735,74,112
2,"WHITE CITY",0OR8,   42.484847,   122.86615,74,112
2,"RUCH",OG13,    42.24666,   123.07071,74,113
2,"CAVE JUNCTION",3S4,     42.1036,   123.68242,74,114
2,"SELMA",84OR,   42.247614,   123.56951,74,114
2,"SELMA",5OR0,   42.285115,   123.53312,74,114
2,"WONDER",6OR6,   42.391503,   123.53451,74,114
2,"BROOKINGS",BOK,   42.073944,   124.28978,74,115
2,"GOLD BEACH",4S1,   42.415361,   124.42492,74,115
2,"AMESBURY",6MA2,   42.860089,   70.996556,75,8
2,"BEVERLY",BVY,   42.584139,   70.916139,75,8
2,"IPSWICH",MA36,   42.666483,   70.852967,75,8
2,"NEWBURYPORT",2B2,   42.795361,   70.839444,75,8
2,"HAMPTON",7B3,   42.961268,   70.830154,75,8
2,"KENSINGTON",06NH,   42.928422,   70.973111,75,8
2,"KENSINGTON",21NH,   42.916944,   70.935278,75,8
2,"HAVERHILL",04MA,   42.809811,   71.139225,75,9
2,"LAWRENCE",LWM,   42.717042,   71.123533,75,9
2,"AUBURN",29NH,   42.998611,   71.335278,75,9
2,"BRENTWOOD",NH67,   42.978421,   71.009502,75,9
2,"CHESTER",NH61,   42.967475,   71.181172,75,9
2,"MANCHESTER",MHT,   42.932806,    71.43575,75,9
2,"PELHAM",NH78,   42.747172,    71.36923,75,9
2,"FITCHBURG",FIT,   42.554111,   71.758972,75,10
2,"PEPPERELL",26MA,   42.696194,   71.550056,75,10
2,"BROOKLINE",NH16,   42.741754,   71.707572,75,10
2,"MASON",NH76,   42.728975,   71.784239,75,10
2,"MASON",NH17,   42.727567,   71.717611,75,10
2,"NASHUA",ASH,   42.782414,   71.514094,75,10
2,"NEW BOSTON",NH60,   42.960639,   71.653406,75,10
2,"GARDNER",GDM,   42.549889,   72.016028,75,11
2,"ORANGE",ORE,   42.569997,   72.288498,75,11
2,"JAFFREY",AFN,   42.805134,   72.003022,75,11
2,"KEENE",EEN,   42.898389,   72.270778,75,11
2,"WESTMORELAND",2NH5,   42.990278,   72.401667,75,11
2,"MONTAGUE",0B5,   42.591611,      72.523,75,12
2,"VERNON",VT47,   42.778611,   72.527778,75,12
2,"WEST DOVER",4V8,   42.927136,   72.865654,75,12
2,"NORTH ADAMS",AQW,   42.696254,   73.170553,75,13
2,"WINDSOR",MA86,   42.505641,   73.059822,75,13
2,"WHITE CREEK",6NK2,   42.950556,   73.334722,75,13
2,"BENNINGTON",DDH,   42.891194,   73.246083,75,13
2,"ALBANY",ALB,   42.749116,    73.80198,75,14
2,"ALBANY",NK43,    42.75841,   73.924568,75,14
2,"DELMAR",4NY4,   42.559525,   73.772066,75,14
2,"EAST SCHODACK",NY82,   42.580636,   73.616227,75,14
2,"JOHNSONVILLE",7NY6,   42.893689,   73.507892,75,14
2,"ROUND LAKE",W57,   42.931182,   73.770876,75,14
2,"SCHENECTADY",SCH,   42.852556,   73.928972,75,14
2,"SOUTH BETHLEHEM",4B0,   42.560722,   73.833944,75,14
2,"TROY",5B7,   42.691639,   73.579972,75,14
2,"AMSTERDAM",7NY8,   42.963776,    74.12556,75,15
2,"CANAJOHARIE",NY51,   42.870074,   74.499304,75,15
2,"CHARLESTON",3NY0,   42.827296,   74.404023,75,15
2,"CHARLTON",0NK2,   42.983408,   74.016238,75,15
2,"DUANESBURG",4B1,   42.759861,   74.134639,75,15
2,"DUANESBURG",8NY5,   42.820353,   74.148183,75,15
2,"DUANESBURG",3NY6,   42.841183,   74.178739,75,15
2,"ESPERANCE",7NY1,   42.763408,   74.278463,75,15
2,"ESPERANCE",NY05,   42.781463,   74.325687,75,15
2,"FORT JOHNSON",NY87,   42.962574,   74.253743,75,15
2,"GALLUPVILLE",N25,   42.697298,   74.199574,75,15
2,"HAGAMAN",38NK,   42.991733,   74.153194,75,15
2,"JOHNSTOWN",NY0,   42.998194,   74.329555,75,15
2,"KNOX",6NY4,   42.700354,   74.155129,75,15
2,"MIDDLEBURGH",7NK0,   42.647575,   74.387358,75,15
2,"PERTH",NY50,   42.991667,   74.136111,75,15
2,"PERTH",0NY8,   42.997296,    74.24541,75,15
2,"QUAKER STREET",65NK,    42.72952,   74.164017,75,15
2,"QUAKER STREET",NK83,   42.710075,   74.223741,75,15
2,"RENSSELAERVILLE",NY86,   42.512578,   74.114857,75,15
2,"COOPERSTOWN",K23,   42.629242,   74.890988,75,16
2,"EPHRATAH",3NY7,   42.984394,   74.519433,75,16
2,"FORT PLAIN",NY88,   42.883406,   74.691256,75,16
2,"FORT PLAIN",11NK,   42.913889,   74.611667,75,16
2,"FORT PLAIN",NY20,   42.958405,   74.678756,75,16
2,"FORT PLAIN",44NY,   42.934265,   74.652383,75,16
2,"HERKIMER",NY26,   42.983404,   74.899597,75,16
2,"MOHAWK",NY23,   42.987571,   74.966544,75,16
2,"RICHARD SPRINGS",12NY,   42.883903,   74.931344,75,16
2,"RICHFIELD SPRINGS",NY68,   42.861183,   74.945432,75,16
2,"SCHENEVUS",6NK0,   42.595833,   74.820556,75,16
2,"SHARON SPRINGS",NK91,   42.816185,   74.624586,75,16
2,"SHARON SPRINGS",K31,   42.778408,    74.57764,75,16
2,"SPRINGFIELD",3NY3,   42.859795,   74.824316,75,16
2,"MORRIS",21NK,   42.552778,   75.191111,75,17
2,"ONEONTA",N66,   42.524778,   75.064472,75,17
2,"WEST BURLINGTON",8NK6,   42.713056,   75.168333,75,17
2,"HAMILTON",VGC,   42.843444,   75.561194,75,18
2,"NORWICH",OIC,   42.566556,   75.524111,75,18
2,"PETERBORO",NY91,   42.994028,   75.702778,75,18
2,"SHERBURNE",7NK7,   42.705278,   75.531944,75,18
2,"AUBURN",06NY,   42.842778,   76.445278,75,19
2,"CORTLAND",N03,   42.592639,   76.214889,75,19
2,"EAST HOMER",42NY,      42.669,   76.056167,75,19
2,"FABIUS",4NK4,   42.827222,   76.025833,75,19
2,"MORAVIA",92NK,    42.73661,   76.486446,75,19
2,"SKANEATELES",6B9,    42.91396,   76.440764,75,19
2,"AURORA",NK74,   42.744515,   76.663557,75,20
2,"DUNDEE",38NY,   42.548682,   76.958019,75,20
2,"INTERLAKEN",6NY3,   42.642619,   76.728844,75,20
2,"OVID",D82,   42.654793,   76.796343,75,20
2,"SENECA FALLS",0G7,   42.883556,   76.781167,75,20
2,"UNION SPRINGS",94NY,   42.825069,   76.691337,75,20
2,"BLOOMFIELD",48NY,   42.895647,   77.396961,75,21
2,"CANANDAIGUA",IUA,   42.908902,   77.325226,75,21
2,"CANANDAIGUA",90NY,   42.919508,   77.242778,75,21
2,"GENEVA",NK76,     42.8825,   77.051667,75,21
2,"GORHAM",92G,   42.814222,   77.202917,75,21
2,"HOLCOMB",NY95,   42.915272,   77.384701,75,21
2,"MIDDLESEX",4N2,   42.713944,   77.272056,75,21
2,"PENN YAN",PEO,   42.637083,   77.052861,75,21
2,"WEST BLOOMFIELD",00NY,   42.895861,   77.495161,75,21
2,"CANADICE",30NY,   42.750064,   77.558049,75,22
2,"DANSVILLE",DSV,   42.570531,   77.713273,75,22
2,"GENESEO",D52,   42.798674,   77.842503,75,22
2,"GROVELAND",0NK3,   42.695897,   77.792222,75,22
2,"HEMLOCK",50NY,   42.814508,   77.573328,75,22
2,"HONEOYE FALLS",52NY,   42.930619,   77.644166,75,22
2,"HONEOYE FALLS",53NY,   42.958396,   77.615832,75,22
2,"LAKEVILLE",NY15,   42.826452,   77.714444,75,22
2,"LE ROY",5G0,   42.981281,   77.935248,75,22
2,"MOUNT MORRIS",68NY,   42.750063,    77.78389,75,22
2,"MOUNT MORRIS",NY70,   42.648889,   77.920278,75,22
2,"RUSH",84NY,   42.986174,   77.612499,75,22
2,"TUSCARORA",3NK6,   42.637008,   77.883891,75,22
2,"WEST BLOOMFIELD",98NY,   42.883397,    77.53305,75,22
2,"ARCADE",D23,   42.566729,   78.426129,75,23
2,"ATTICA",49NK,   42.793306,   78.292167,75,23
2,"BETHANY CENTER",8NK4,   42.943333,   78.138333,75,23
2,"BLISS",NY79,   42.596728,   78.340294,75,23
2,"PERRY",01G,   42.741361,   78.052139,75,23
2,"STRYKERSVILLE",92NY,   42.752004,   78.461409,75,23
2,"WALES",5NK9,   42.761667,   78.496111,75,23
2,"WALES CENTER/COWLESVILLE/",95NY,   42.789227,    78.47641,75,23
2,"WARSAW",5R5,   42.720833,   78.184722,75,23
2,"BUFFALO",9G0,   42.861994,   78.716584,75,24
2,"BUFFALO",BUF,   42.940417,   78.730583,75,24
2,"COLDEN",3NY9,   42.664444,   78.673056,75,24
2,"EVANS",4NK3,     42.6725,   78.966981,75,24
2,"GOWANDA",D59,    42.50395,    78.95059,75,24
2,"HAMBURG",4G2,   42.700893,   78.914757,75,24
2,"HOLLAND",NY40,   42.610617,   78.595579,75,24
2,"LANCASTER",BQR,   42.922056,   78.611972,75,24
2,"NIAGARA FALLS",NY49,   42.992778,   78.986389,75,24
2,"NORTH COLLINS",6NK4,   42.597778,   78.968889,75,24
2,"SARDINIA",NY00,   42.566728,   78.556134,75,24
2,"SARDINIA",85NY,   42.578395,   78.520021,75,24
2,"EMMETT",2E2,   42.951608,   82.775865,75,32
2,"FAIR HAVEN",MI15,   42.729199,   82.665194,75,32
2,"HARSENS ISLAND",Z92,   42.589458,   82.575686,75,32
2,"MARINE CITY",76G,   42.721379,   82.596254,75,32
2,"MARINE CITY",MI37,   42.755588,   82.558247,75,32
2,"MOUNT CLEMENS",MTC,   42.613894,    82.83691,75,32
2,"PORT HURON",PHN,   42.910972,   82.528861,75,32
2,"RAY",57D,   42.736752,   82.888838,75,32
2,"RICHMOND",MI99,    42.80069,   82.659986,75,32
2,"RILEY",75MI,   42.971389,   82.847778,75,32
2,"ROMEO",D98,   42.796334,    82.97426,75,32
2,"ST CLAIR",5Y5,   42.797778,   82.536472,75,32
2,"ST. CLAIR",MI41,   42.831698,   82.534637,75,32
2,"ORTONVILLE",MI45,   42.808084,   83.451888,75,33
2,"ORTONVILLE",3MI7,   42.829196,   83.368553,75,33
2,"OXFORD",37MI,   42.852807,   83.227717,75,33
2,"PONTIAC",PTK,   42.665636,   83.420506,75,33
2,"TROY",VLL,   42.542944,   83.177889,75,33
2,"BRIGHTON",45G,   42.569814,   83.778528,75,34
2,"DURAND",29M,   42.890719,   83.932194,75,34
2,"FLINT",FNT,   42.965472,    83.74475,75,34
2,"GAINES",16MI,   42.889167,   83.866624,75,34
2,"HOWELL",MI27,   42.612532,   83.854115,75,34
2,"HOWELL",OZW,   42.629428,   83.982193,75,34
2,"HOWELL",1MI5,   42.603056,   83.859722,75,34
2,"HOWELL",4Y1,   42.565251,   83.856306,75,34
2,"LINDEN",9G2,   42.807611,   83.768972,75,34
2,"NEW HUDSON",Y47,   42.503124,   83.623701,75,34
2,"BATH",41G,   42.840999,   84.479047,75,35
2,"BRYON",54MI,   42.810278,   84.083056,75,35
2,"CORUNNA",56M,   42.963025,   84.044572,75,35
2,"FOWLERVILLE",65G,   42.718058,    84.06068,75,35
2,"LAINGSBURG",15W,   42.894417,   84.392222,75,35
2,"MASON",MI38,   42.602258,   84.426362,75,35
2,"MASON",TEW,   42.565778,   84.423194,75,35
2,"MASON",29MI,   42.600036,   84.449974,75,35
2,"OWOSSO",RNP,   42.992972,     84.1385,75,35
2,"PARKERS CORNERS",MI26,     42.5515,   84.098289,75,35
2,"ST JOHNS",MI28,   42.906976,   84.472201,75,35
2,"WEBBERVILLE",46MI,   42.546111,   84.127778,75,35
2,"WILLIAMSTON",89Y,   42.733861,   84.322111,75,35
2,"CHARLOTTE",MI11,   42.534204,   84.801375,75,36
2,"CHARLOTTE",FPK,   42.574089,   84.812097,75,36
2,"CHARLOTTE",49G,    42.57795,   84.909013,75,36
2,"DEWITT",MI10,   42.865889,   84.705399,75,36
2,"DEWITT",92MI,   42.861667,   84.619167,75,36
2,"EATON RAPIDS",04MI,   42.534481,   84.628313,75,36
2,"EATON RAPIDS",60G,   42.583808,   84.651481,75,36
2,"GRAND LEDGE",4D0,   42.774882,   84.733138,75,36
2,"LANSING",LAN,   42.778639,   84.586194,75,36
2,"MULLIKEN",44MI,   42.773646,   84.899993,75,36
2,"ST. JOHNS",25MI,   42.938528,   84.577183,75,36
2,"SUNFIELD",C43,   42.770032,   84.964957,75,36
2,"VERMONTVILLE",35MI,   42.633924,   84.985827,75,36
2,"WESTPHALIA",3F5,   42.911399,   84.674867,75,36
2,"ADA",2MI5,   42.941696,   85.486411,75,37
2,"HASTINGS",9D9,   42.663306,   85.345753,75,37
2,"IONIA",Y70,   42.937928,   85.060573,75,37
2,"LOWELL",24C,   42.954658,   85.345617,75,37
2,"LOWELL",26MI,    42.92392,   85.378073,75,37
2,"ALLEGAN",35D,   42.530437,   85.823779,75,38
2,"BURNIPS",MI88,   42.732249,   85.905311,75,38
2,"CALEDONIA",MI93,   42.743097,   85.611167,75,38
2,"DUTTON",14MI,   42.850863,   85.566968,75,38
2,"GRAND RAPIDS",GRR,   42.880833,   85.522806,75,38
2,"GRANDVILLE",MI78,   42.916693,   85.783367,75,38
2,"HUDSONVILLE",MI82,   42.876413,   85.955595,75,38
2,"HUDSONVILLE",MI39,   42.852236,   85.839108,75,38
2,"JENISON",08C,   42.936723,   85.805753,75,38
2,"WAYLAND",41C,   42.691698,   85.645855,75,38
2,"ZEELAND",6MI3,   42.763081,   85.982815,75,38
2,"ZEELAND",6MI7,   42.806136,   85.934203,75,38
2,"ZEELAND",Z98,   42.817176,   85.927917,75,38
2,"FENNVILLE",MI76,   42.550027,   86.216701,75,39
2,"HOLLAND",BIV,   42.742778,   86.107833,75,39
2,"ZEELAND",85MI,   42.932333,   86.013833,75,39
2,"KENOSHA",ENW,   42.595694,   87.927806,75,42
2,"MILWAUKEE",MKE,   42.946932,   87.897064,75,42
2,"RACINE",RAC,   42.761167,   87.813917,75,42
2,"STURTEVANT",C89,    42.70325,   87.958972,75,42
2,"BRISTOL",WI95,   42.577797,    88.01405,75,43
2,"BRISTOL",WN63,   42.536686,    88.00397,75,43
2,"BRISTOL",04WI,   42.523353,   88.016748,75,43
2,"BRISTOL",WI58,   42.522241,    88.02786,75,43
2,"BURLINGTON",BUU,   42.690717,   88.304683,75,43
2,"CAMP LAKE",49C,   42.533352,    88.15842,75,43
2,"DOUSMAN",WI09,   42.977222,   88.475833,75,43
2,"EAST TROY",WI69,   42.800015,   88.333427,75,43
2,"EAST TROY",35WI,    42.74557,   88.437597,75,43
2,"EAST TROY",57C,   42.797167,   88.372611,75,43
2,"ELKHORN",86WI,       42.66,   88.430833,75,43
2,"FRANKSVILLE",62C,   42.810939,   88.094036,75,43
2,"KANSASVILLE",WI86,   42.660851,    88.13592,75,43
2,"LAKE GENEVA",C02,   42.614917,   88.389583,75,43
2,"LAKE GENEVA",WI89,   42.572239,   88.367317,75,43
2,"LYONS",WI92,   42.661127,   88.361205,75,43
2,"NEW BERLIN",9WI4,   42.978624,   88.134812,75,43
2,"NORTH CAPE",WI72,   42.761347,   88.042326,75,43
2,"RAYMOND TOWNSHIP",1WI6,   42.840294,   88.063975,75,43
2,"ROCHESTER",96C,   42.750016,   88.250924,75,43
2,"SALEM",4WN9,     42.5975,   88.146389,75,43
2,"SPRING PRAIRIE",9WI8,   42.693905,   88.379262,75,43
2,"SPRINGFIELD",2WI4,   42.642794,   88.398707,75,43
2,"UNION GROVE",WI03,   42.798072,   88.133421,75,43
2,"UNION GROVE",3WI1,   42.656962,   88.087585,75,43
2,"CLINTON",3WI6,   42.590139,   88.874556,75,44
2,"DARIEN",05WI,   42.651124,   88.745939,75,44
2,"DELAVAN",6WI3,   42.700167,     88.7125,75,44
2,"DELAVAN",C59,   42.634126,   88.601129,75,44
2,"ELKHORN",41WI,   42.738624,   88.579824,75,44
2,"ELKHORN",WI70,   42.706958,   88.637603,75,44
2,"FORT ATKINSON",1WI9,   42.913894,   88.866774,75,44
2,"FORT ATKINSON",WS49,   42.906672,   88.877607,75,44
2,"FORT ATKINSON",61C,   42.963203,   88.817628,75,44
2,"FORT ATKINSON",WI76,   42.948617,   88.775938,75,44
2,"FORT ATKINSON",47WI,   42.890007,   88.808162,75,44
2,"JANESVILLE",76WN,   42.654039,   88.894217,75,44
2,"JANESVILLE",WI84,   42.688901,   88.840385,75,44
2,"PALMYRA",88C,   42.883544,   88.599917,75,44
2,"PALMYRA",9WI5,   42.828345,   88.574545,75,44
2,"SHARON",WS55,   42.517516,   88.745382,75,44
2,"WALWORTH",7V3,   42.527421,   88.651394,75,44
2,"WHITEWATER",3WI5,    42.81251,   88.726494,75,44
2,"WHITEWATER",5Y3,   42.853556,   88.759806,75,44
2,"ALBANY",54W,   42.717386,   89.424183,75,45
2,"BRODHEAD",C37,   42.595999,   89.381698,75,45
2,"BROOKLYN",7WI5,   42.882502,   89.400674,75,45
2,"COOKSVILLE",WI98,   42.858337,   89.197338,75,45
2,"EDGERTON",58C,   42.872782,   89.075668,75,45
2,"EDGERTON",WI99,   42.885431,   89.121618,75,45
2,"EVANSVILLE",1WI3,   42.741297,   89.224647,75,45
2,"JANESVILLE",JVL,    42.62025,   89.041556,75,45
2,"OREGON",0WI9,   42.931389,   89.338729,75,45
2,"OREGON",15WI,     42.9275,   89.418175,75,45
2,"OREGON",WI40,   42.913333,   89.352342,75,45
2,"OREGON",WS33,   42.908861,   89.453056,75,45
2,"ORFORDVILLE",WI11,   42.591399,    89.24067,75,45
2,"ROCKDALE",0WS7,   42.969917,   89.028861,75,45
2,"STOUGHTON",2WI6,   42.913613,   89.186226,75,45
2,"STOUGHTON",2WI1,   42.943612,   89.286645,75,45
2,"STOUGHTON",95WI,   42.936111,   89.129722,75,45
2,"DALEYVILLE",WI43,   42.948887,   89.825278,75,46
2,"MONROE",63WI,   42.665839,   89.737622,75,46
2,"MONROE",WS96,   42.620839,   89.767344,75,46
2,"MONROE",EFT,   42.614901,   89.590403,75,46
2,"MOUNT HOREB",37WI,   42.991108,   89.753456,75,46
2,"MOUNT VERNON",2WI7,    42.96972,     89.6654,75,46
2,"MT HOREB",WI24,   42.881111,   89.752222,75,46
2,"VERONA",WS62,   42.963609,   89.580955,75,46
2,"VERONA",W19,   42.989467,   89.509478,75,46
2,"WIOTA",65WN,   42.676448,   89.937985,75,46
2,"JONESDALE",89WI,   42.906943,   90.032068,75,47
2,"MINERAL POINT",MRJ,   42.886889,   90.236667,75,47
2,"MINERAL POINT",WI16,   42.853053,   90.129722,75,47
2,"PLATTEVILLE",PVB,   42.689361,   90.444389,75,47
2,"DUBUQUE",IA54,   42.502222,   90.843183,75,48
2,"BLOOMINGTON",WI56,   42.881656,   90.860682,75,48
2,"CASSVILLE",C74,   42.704271,   90.966107,75,48
2,"FENNIMORE",8WI8,   42.976655,   90.648182,75,48
2,"HAZEL GREEN",WI81,   42.524169,   90.590961,75,48
2,"LANCASTER",73C,   42.782528,   90.681083,75,48
2,"ELKADER",I27,    42.84725,   91.382167,75,49
2,"GUTTENBERG",IA23,   42.808878,   91.098184,75,49
2,"OELWEIN",OLZ,   42.680925,   91.974395,75,50
2,"WEST UNION",3Y2,   42.985222,   91.790639,75,50
2,"WATERLOO",ALO,   42.557083,   92.400333,75,51
2,"ALLISON",K98,   42.763865,   92.804361,75,52
2,"CEDAR FALLS",24IA,   42.515806,   92.519811,75,52
2,"JANESVILLE",IA17,   42.623038,   92.501298,75,52
2,"WAVERLY",C25,   42.741952,   92.507935,75,52
2,"ACKLEY",4C7,   42.547444,   93.033417,75,53
2,"HAMPTON",IA31,   42.766639,   93.246035,75,53
2,"HAMPTON",HPT,   42.723694,   93.226333,75,53
2,"BELMOND",Y48,   42.852746,   93.594654,75,54
2,"CLARION",CAV,   42.740472,   93.759056,75,54
2,"EAGLE GROVE",EAG,   42.709917,   93.916111,75,54
2,"CORWITH",IA18,   42.973694,   94.035903,75,55
2,"FORT DODGE",FOD,   42.551194,   94.191833,75,55
2,"HUMBOLDT",0K7,   42.734861,   94.245472,75,55
2,"LIVERMORE",IA83,   42.955112,    94.16749,75,55
2,"POCAHONTAS",POH,   42.742889,   94.647361,75,56
2,"STORM LAKE",SLB,   42.597235,   95.240666,75,57
2,"CHEROKEE",CKP,   42.731389,   95.556056,75,58
2,"MARCUS",IA69,   42.873596,   95.803069,75,58
2,"PAULLINA",1Y9,   42.987889,   95.664472,75,58
2,"LE MARS",LRJ,   42.777944,   96.193694,75,59
2,"LEMARS",12IA,   42.800544,   96.137797,75,59
2,"MAURICE",SXK,   42.985827,     96.1614,75,59
2,"ORANGE CITY",ORC,   42.988889,     96.0625,75,59
2,"NORTH SIOUX CITY",7K7,     42.5395,   96.484778,75,59
2,"BERESFORD",SD53,   42.906389,   96.810833,75,60
2,"ELK POINT",SD00,   42.678692,   96.698925,75,60
2,"VERMILLION",VMR,   42.765278,    96.93425,75,60
2,"WAKONDA",0SD1,   42.972222,   96.980167,75,60
2,"HARTINGTON",0B4,   42.603083,     97.2535,75,61
2,"YANKTON",YKN,   42.916694,   97.385944,75,61
2,"BLOOMFIELD",84Y,   42.579724,   97.673675,75,62
2,"WAUSA",36NE,   42.514169,   97.580896,75,62
2,"SPRINGFIELD",Y03,    42.88112,   97.901625,75,62
2,"LYNCH",NE06,   42.824998,   98.425359,75,63
2,"VERDIGRE",95NE,   42.669769,   98.224111,75,63
2,"O'NEILL",NE89,   42.759854,   98.602019,75,64
2,"SPENCER",NE81,   42.882778,   98.655972,75,64
2,"ATKINSON",8V2,   42.562699,    99.03881,75,65
2,"JAMISON",3NE6,   42.966667,   99.267046,75,65
2,"AINSWORTH",ANW,   42.579222,   99.992972,75,66
2,"BASSETT",RBE,   42.571126,    99.56952,75,66
2,"VALENTINE",VTN,   42.856694,   100.54897,75,68
2,"MERRIMAN",57NE,   42.924167,   101.69376,75,70
2,"GORDON",GRN,   42.805972,   102.17525,75,71
2,"RUSHVILLE",9V5,   42.736575,   102.44436,75,71
2,"HAY SPRINGS",4V6,   42.682203,   102.70121,75,72
2,"CHADRON",CDR,   42.837558,    103.0954,75,73
2,"LUSK",LSK,   42.753806,   104.40456,75,75
2,"DOUGLAS",DGW,   42.797194,   105.38583,75,77
2,"DOUGLAS",44WY,     42.8511,   105.49622,75,77
2,"GLENDO",76V,   42.520028,   105.02003,75,77
2,"DOUGLAS",WY66,   42.752178,   105.61961,75,78
2,"DOUGLAS",WY27,   42.586667,   105.53833,75,78
2,"CASPER",CPR,   42.905861,   106.46364,75,79
2,"CASPER",HAD,    42.92441,   106.30947,75,79
2,"CASPER",45WY,   42.889733,   106.67487,75,80
2,"LANDER",LND,   42.815385,   108.72856,75,84
2,"PINEDALE",PNA,   42.797389,   109.81103,75,86
2,"BIG PINEY",WY19,   42.544028,   110.39597,75,87
2,"BIG PINEY",BPI,   42.582222,   110.10886,75,87
2,"DANIEL",WY33,   42.816944,   110.27833,75,87
2,"AFTON",AFO,   42.708778,   110.94217,75,88
2,"AFTON",WY60,   42.861037,   110.89798,75,88
2,"THAYNE",WY64,   42.957422,   110.98271,75,88
2,"THAYNE",WY39,   42.969367,   110.96577,75,88
2,"BANCROFT",U51,   42.720752,   111.86746,75,90
2,"GRACE",ID62,   42.608253,   111.72856,75,90
2,"SODA SPRINGS",U78,     42.6485,   111.58181,75,90
2,"INKOM",1ID9,   42.763694,   112.18494,75,91
2,"LAVA HOT SPRINGS",01ID,   42.608251,   112.03246,75,91
2,"ABERDEEN",U36,   42.921097,   112.88091,75,92
2,"AMERICAN FALLS",U01,   42.797317,   112.82519,75,92
2,"POCATELLO",PIH,   42.909793,   112.59592,75,92
2,"MINIDOKA",1U0,   42.975333,   113.35075,75,93
2,"BURLEY",BYI,   42.542611,   113.77153,75,94
2,"EDEN",1ID7,   42.587778,   114.33417,75,95
2,"HAZELTON",U94,    42.57641,   114.13524,75,95
2,"JEROME",JER,   42.726694,   114.45664,75,95
2,"BUHL",U03,   42.597389,   114.80064,75,96
2,"FILER",0ID1,   42.641211,   114.60543,75,96
2,"GOODING",GNG,   42.917167,   114.76517,75,96
2,"GLENNS FERRY",U89,   42.943667,   115.33008,75,97
2,"BRUNEAU",ID42,   42.925556,   115.75722,75,98
2,"MURPHY",ID04,   42.641111,   116.98278,75,100
2,"TRIANGLE",2ID3,   42.751833,   116.67733,75,100
2,"JORDAN VALLEY",12OR,   42.951266,   117.28209,75,101
2,"ROME",0OR6,   42.834045,   117.62904,75,102
2,"ROME",REO,    42.57766,   117.88543,75,102
2,"FRENCHGLEN",OR10,   42.649607,   118.99159,75,104
2,"PAISLEY",22S,   42.717972,   120.56278,75,108
2,"BEATTY",87OR,   42.651812,   121.32889,75,109
2,"SILVER LAKE",08OR,   42.839312,   121.11722,75,109
2,"CHILOQUIN",2S7,   42.579318,   121.87901,75,110
2,"PROSPECT",64S,   42.742583,   122.48897,75,111
2,"EAGLE POINT",0OR5,   42.503458,   122.85476,75,112
2,"EAGLE POINT",89OR,   42.597904,   122.71254,75,112
2,"MEDFORD",OR96,   42.539013,   122.90393,75,112
2,"MEDFORD",OR06,   42.539013,   122.92295,75,112
2,"SHADY COVE",OG31,   42.608724,   122.82944,75,112
2,"WHITE CITY",OG25,   42.511233,   122.92421,75,112
2,"DAYS CREEK",8OR3,   42.933731,   123.12145,75,113
2,"GLENDALE",OG41,   42.771231,   123.31451,75,113
2,"GRANTS PASS",3S8,   42.510111,     123.388,75,113
2,"MYRTLE CREEK",16S,   42.997261,   123.31535,75,113
2,"ROGUE RIVER",OR44,   42.675514,   123.18983,75,113
2,"ROGUE RIVER",4OR0,   42.555119,    123.2045,75,113
2,"GLENDALE",OR73,   42.778724,   123.73397,75,114
2,"GRANTS PASS",OR74,   42.701501,   123.80508,75,114
2,"POWERS",6S6,   42.869361,   124.05903,75,115
2,"SIXES",5S6,   42.858028,   124.51781,75,116
2,"BIDDEFORD",B19,   43.464111,   70.472389,76,7
2,"KENNEBUNKPORT",ME46,   43.412307,   70.446717,76,7
2,"KENNEBUNKPORT",ME45,   43.405641,   70.432272,76,7
2,"BERWICK",09ME,   43.340833,   70.854722,76,8
2,"BERWICK",ME61,   43.294527,   70.899505,76,8
2,"ELIOT",3B4,   43.143134,   70.773436,76,8
2,"SANFORD",SFM,   43.393806,      70.708,76,8
2,"WEST LEBANON",ME64,   43.375081,   70.929229,76,8
2,"PORTSMOUTH",PSM,   43.077944,   70.823278,76,8
2,"ROCHESTER",DAW,   43.284235,   70.929549,76,8
2,"BARNSTEAD",NH15,   43.386747,     71.2334,76,9
2,"LOUDON",NH07,   43.280361,   71.456611,76,9
2,"MIDDLETON",56NH,   43.481111,   71.056861,76,9
2,"NORTHWOOD",NH84,   43.207589,   71.221156,76,9
2,"NOTTINGHAM",NH43,   43.179527,   71.137007,76,9
2,"ANDOVER",94NH,   43.476436,   71.747428,76,10
2,"CONCORD",CON,   43.202722,   71.502278,76,10
2,"GOFFSTOWN",NH88,   43.067304,   71.611183,76,10
2,"HENNIKER",NH86,   43.175081,     71.7873,76,10
2,"HILLSBORO",8B1,   43.061278,   71.905361,76,10
2,"NEW LONDON",NH40,   43.404658,   71.950361,76,10
2,"SANBORNTON",12NH,   43.495278,   71.654444,76,10
2,"SANBORNTON",NH20,   43.492298,    71.64591,76,10
2,"CLAREMONT",CNH,   43.370504,   72.368207,76,11
2,"NEWPORT",2B3,   43.387069,   72.187611,76,11
2,"WALPOLE",NH39,   43.033413,    72.42981,76,11
2,"WINDSOR",23NH,   43.130278,      72.015,76,11
2,"PUTNEY",VT06,   43.004444,   72.473694,76,11
2,"WESTMINSTER",VT34,   43.060079,   72.492033,76,11
2,"CHESTER",VT13,   43.300074,   72.717596,76,12
2,"LUDLOW",VT17,   43.368962,   72.674262,76,12
2,"MANCHESTER",VT59,   43.277778,   72.910833,76,12
2,"SPRINGFIELD",VSF,   43.343722,   72.517278,76,12
2,"TOWNSHEND",VT43,   43.019246,    72.65287,76,12
2,"ARGYLE",1C3,   43.254528,   73.470194,76,13
2,"CAMBRIDGE",1B8,   43.052694,   73.363139,76,13
2,"GRANVILLE",01NK,      43.425,   73.261944,76,13
2,"GREENWICH",NY63,   43.053333,   73.478333,76,13
2,"GREENWICH",4NK2,   43.145233,    73.41965,76,13
2,"KINGSBURY",14NK,       43.34,      73.479,76,13
2,"WEST PAWLETT",VT60,   43.330072,   73.242606,76,13
2,"FORT ANN",83K,   43.409764,   73.532654,76,14
2,"FORT EDWARD",16NY,   43.251949,   73.563196,76,14
2,"GANSEVOORT",NK17,   43.209361,   73.581711,76,14
2,"GANSEVOORT",K30,   43.183407,   73.633172,76,14
2,"GLENS FALLS",GFL,   43.341222,   73.610306,76,14
2,"NORTHUMBERLAND",0NY1,   43.139241,   73.653173,76,14
2,"SARATOGA SPRINGS",5B2,   43.050722,   73.861639,76,14
2,"SCHUYLERVILLE",B04,   43.067643,    73.58384,76,14
2,"BROADALBIN",NY65,   43.137295,   74.116241,76,15
2,"BROADALBIN",NY66,   43.133406,   74.116241,76,15
2,"BROADALBIN",NY64,   43.102851,   74.155131,76,15
2,"EDINBURG",1F2,   43.225552,    74.11445,76,15
2,"GALWAY",NY37,   43.009242,   74.091239,76,15
2,"PERTH",9NY7,   43.032852,   74.150964,76,15
2,"PERTH",0NY7,   43.037574,   74.184298,76,15
2,"OHIO",0NY3,   43.313958,   74.932101,76,16
2,"PISECO",K09,   43.453278,      74.515,76,16
2,"AVA",NY59,   43.387292,   75.486288,76,17
2,"BOONVILLE",1NK7,     43.4675,   75.253889,76,17
2,"REMSEN",NY57,   43.360069,    75.18461,76,17
2,"ROME",RME,   43.233806,   75.407028,76,17
2,"ROME",NY53,   43.183792,   75.401272,76,17
2,"ROME",5NY4,   43.157569,   75.430729,76,17
2,"SCHYLER",27NK,   43.113317,   75.044467,76,17
2,"UTICA",8NY8,   43.048611,   75.292222,76,17
2,"UTICA/FRANKFORT",6B4,   43.016107,   75.169542,76,17
2,"CANASTOTA",3NY1,   43.155194,   75.785867,76,18
2,"CHITTENANGO",NK51,   43.029234,   75.845468,76,18
2,"CONSTANTIA",NK04,   43.250069,   75.999641,76,18
2,"MANLIUS",NY72,   43.072289,   75.938528,76,18
2,"ONEIDA",8NY7,   43.169056,   75.705722,76,18
2,"ROME",K16,   43.250847,   75.604361,76,18
2,"VERONA",NY62,   43.145833,   75.541944,76,18
2,"CAMILLUS",NY25,   43.085278,   76.292722,76,19
2,"CENTRAL SQUARE",19NK,   43.243889,   76.152778,76,19
2,"CLAY",1H1,   43.205889,   76.179306,76,19
2,"CONSTANTIA",NK82,   43.315902,   76.014919,76,19
2,"ELBRIDGE",NY19,   43.043955,   76.461881,76,19
2,"FULTON",FZY,   43.350778,   76.388056,76,19
2,"JORDAN",NY28,   43.079722,   76.410278,76,19
2,"MARCELLUS",NK71,   43.010556,   76.352778,76,19
2,"MEXICO",NY96,   43.426736,   76.193816,76,19
2,"PHOENIX",NY31,   43.223679,   76.368822,76,19
2,"SYRACUSE",SYR,   43.111194,   76.106306,76,19
2,"LYONS",NY13,   43.089453,   76.988586,76,20
2,"ONEIDA",6NK8,   43.009786,     76.6405,76,20
2,"RED CREEK",NY42,   43.220067,    76.68995,76,20
2,"SAVANNAH",46NY,     43.0188,      76.761,76,20
2,"WEEDSPORT",B16,   43.080617,   76.538211,76,20
2,"EAST PALMYRA",NY16,   43.098397,   77.181924,76,21
2,"FARMINGTON",74NY,   43.005617,   77.291378,76,21
2,"MACEDON",4NK5,   43.120622,   77.365647,76,21
2,"MACEDON",NY11,   43.035341,   77.308041,76,21
2,"MACEDON",23NK,     43.1125,     77.3125,76,21
2,"NEWARK",5NK1,   43.111175,   77.053858,76,21
2,"PALMYRA",NY33,   43.109334,   77.239177,76,21
2,"WILLIAMSON/SODUS",SDC,   43.234597,   77.119464,76,21
2,"BROCKPORT",7G0,   43.181194,     77.9155,76,22
2,"BROCKPORT",3NK0,   43.203116,   77.902512,76,22
2,"HILTON",34NY,   43.290086,   77.827322,76,22
2,"ROCHESTER",ROC,   43.119144,   77.671869,76,22
2,"SPENCEPORT",7NK4,   43.222558,   77.810564,76,22
2,"SPENCERPORT",91NY,   43.195617,   77.748062,76,22
2,"SPENCERPORT",D91,   43.169506,   77.818342,76,22
2,"AKRON",9G3,   43.021096,   78.482633,76,23
2,"ALBION",NK31,   43.269503,   78.145297,76,23
2,"ALBION",NY06,   43.296447,    78.21391,76,23
2,"ALBION",9G6,   43.173531,   78.274632,76,23
2,"BATAVIA",GVQ,    43.03175,   78.169667,76,23
2,"BYRON",2NY4,    43.07375,       78.05,76,23
2,"KENDALL",56NY,   43.325336,   78.049739,76,23
2,"KNOWLESVILLE",NY01,   43.220892,   78.315023,76,23
2,"LYNDONVILLE",35NK,   43.370883,   78.414417,76,23
2,"MEDINA",66NY,   43.202836,   78.353912,76,23
2,"SHELBY",88NY,   43.157836,   78.358356,76,23
2,"STAFFORD",20NY,   43.008889,   78.043056,76,23
2,"BUFFALO",D51,   43.066724,   78.683086,76,24
2,"CLARENCE CENTER",NK87,   43.066725,    78.59975,76,24
2,"CLARENCE CENTER",NK19,   43.061169,   78.661419,76,24
2,"GASPORT",9G5,   43.182002,   78.557805,76,24
2,"LOCKPORT",59NY,   43.230612,   78.690033,76,24
2,"LOCKPORT",0G0,   43.103184,   78.703346,76,24
2,"NEWFANE",85N,   43.266723,   78.767814,76,24
2,"NIAGARA FALLS",NY24,   43.127833,   78.970042,76,24
2,"NIAGARA FALLS",IAG,   43.107557,   78.945847,76,24
2,"OLCOTT",D80,   43.320889,   78.728924,76,24
2,"PENDLETON",78NY,   43.081389,   78.779444,76,24
2,"PENDLETON",79NY,   43.087001,   78.811424,76,24
2,"WILSON",99NY,   43.233389,   78.787258,76,24
2,"YOUNGSTOWN",63NY,   43.259306,   78.965611,76,24
2,"AVOCA",39G,   43.030478,   82.669464,76,32
2,"AVOCA",MI01,   43.057805,   82.676869,76,32
2,"CROSWELL",55G,     43.2978,   82.607864,76,32
2,"CROSWELL",4MI8,   43.241667,   82.582778,76,32
2,"LEXINGTON",7MI,   43.341743,   82.548285,76,32
2,"SANDUSKY",96G,   43.375722,   82.818833,76,32
2,"SANDUSKY",Y83,   43.455636,   82.841781,76,32
2,"YALE",48G,   43.103444,   82.890222,76,32
2,"YALE",4Y8,   43.202244,   82.753889,76,32
2,"YALE",D20,   43.111051,   82.786718,76,32
2,"CARO",CFS,   43.458862,   83.445446,76,33
2,"DAVISON",12MI,   43.051693,   83.491894,76,33
2,"LAPEER",D95,   43.066472,   83.271556,76,33
2,"MARLETTE",77G,   43.311833,    83.09092,76,33
2,"VASSAR",7MI8,   43.339167,   83.476111,76,33
2,"VASSAR",27MI,   43.372801,   83.486621,76,33
2,"BRIDGEPORT",MI23,   43.346944,   83.866667,76,34
2,"CLIO",51G,   43.143402,   83.796981,76,34
2,"CLIO",MI05,   43.166693,   83.787462,76,34
2,"FLUSHING",MI18,   43.093083,   83.836073,76,34
2,"FLUSHING",3DA,   43.052502,     83.8049,76,34
2,"FRANKENMUTH",66G,   43.314358,   83.710064,76,34
2,"MILLINGTON",9MI5,   43.237803,   83.524399,76,34
2,"MILLINGTON",6MI1,    43.26308,   83.563845,76,34
2,"SAGINAW",HYX,   43.433361,   83.862306,76,34
2,"VASSAR",2MI8,   43.343357,   83.535234,76,34
2,"BANNISTER",4M4,   43.128585,   84.381293,76,35
2,"CHESANING",50G,   43.181023,   84.132446,76,35
2,"CHESANING",MI83,   43.137722,   84.045589,76,35
2,"HEMLOCK",1MI4,   43.421917,   84.194767,76,35
2,"OAKLEY",7MI6,   43.110304,   84.126361,76,35
2,"ST JOHNS",3S5,   43.035863,    84.43387,76,35
2,"ST JOHNS",39T,   43.064753,   84.489152,76,35
2,"ALMA",AMN,   43.322139,   84.687944,76,36
2,"ELWELL",68R,   43.399486,   84.801243,76,36
2,"ST JOHNS",97G,   43.000032,    84.59582,76,36
2,"ST JOHNS",M99,     43.0612,   84.548389,76,36
2,"BELDING",MI56,   43.075681,   85.268524,76,37
2,"GREENVILLE",02MI,   43.157003,   85.148928,76,37
2,"GREENVILLE",6D6,   43.142139,   85.253861,76,37
2,"GREENVILLE",MI80,   43.128363,   85.399192,76,37
2,"LAKEVIEW",13C,    43.45225,   85.264639,76,37
2,"SHERIDAN",MI13,   43.161667,   85.061667,76,37
2,"BAILEY",MI67,   43.289189,   85.781157,76,38
2,"CEDAR SPRINGS",77MI,     43.1987,   85.593955,76,38
2,"CEDAR SPRINGS",5MI1,   43.251389,   85.542778,76,38
2,"FREMONT",FFX,   43.439306,   85.994889,76,38
2,"KENT CITY",24M,   43.244746,   85.711709,76,38
2,"ROCKFORD",35C,   43.128633,   85.505186,76,38
2,"SPARTA",8D4,   43.127438,    85.67913,76,38
2,"FRUITPORT",39Z,   43.105114,   86.121269,76,39
2,"GRAND HAVEN",3GM,   43.034056,   86.198167,76,39
2,"MUSKEGON",MKG,   43.167672,   86.235439,76,39
2,"NORTH MUSKEGON",MI86,     43.3425,   86.186944,76,39
2,"NUNICA",5N7,   43.097191,   86.094619,76,39
2,"NUNICA",33C,   43.082242,   86.094772,76,39
2,"SPRING LAKE",34MI,   43.100295,   86.223388,76,39
2,"CEDARBURG",1WN2,    43.32917,   87.997313,76,42
2,"CEDARBURG",WI62,    43.26945,   87.998145,76,42
2,"BROOKFIELD",02C,   43.089619,    88.17944,76,43
2,"GERMANTOWN",WI77,   43.206951,    88.16037,76,43
2,"HARTFORD",WN75,   43.244726,   88.372319,76,43
2,"HARTFORD",HXF,   43.350047,   88.390241,76,43
2,"MILWAUKEE",MWC,   43.110389,   88.034417,76,43
2,"MONCHES",0WI2,   43.201394,   88.333429,76,43
2,"OCONOMOWOC",0WI8,   43.138895,   88.472321,76,43
2,"WAUKESHA",UES,   43.041028,   88.237056,76,43
2,"WEST BEND",ETB,   43.422167,   88.127917,76,43
2,"HUSTISFORD",58WI,   43.338528,   88.558333,76,44
2,"JUNEAU",UNU,   43.426472,   88.703861,76,44
2,"LAKE MILLS",17WI,   43.036113,   88.893163,76,44
2,"SULLIVAN",31WI,   43.007229,   88.602045,76,44
2,"WATERLOO",3WI2,   43.152774,   88.984553,76,44
2,"WATERTOWN",WS74,   43.163053,   88.824547,76,44
2,"WATERTOWN",66WI,   43.077504,    88.66288,76,44
2,"WATERTOWN",RYV,   43.169639,   88.723222,76,44
2,"ARLINGTON",WI51,   43.321378,    89.32095,76,45
2,"COLUMBUS",6WN6,    43.37999,   89.010665,76,45
2,"COTTAGE GROVE",59WI,   43.033887,   89.192615,76,45
2,"COTTAGE GROVE",87WI,   43.019443,   89.185393,76,45
2,"DANE",WI65,   43.222214,   89.468175,76,45
2,"DANE",5WN2,   43.268333,   89.484444,76,45
2,"DE FOREST",WS12,   43.264435,   89.323172,76,45
2,"MADISON",87Y,   43.104703,   89.185361,76,45
2,"MADISON",MSN,   43.139879,   89.337504,76,45
2,"MARSHALL",WI97,    43.25777,   89.064832,76,45
2,"MORRISONVILLE",WN85,   43.274713,   89.350395,76,45
2,"RIO",4WI1,   43.483318,   89.183448,76,45
2,"RIO",94C,   43.449985,   89.250116,76,45
2,"RIO",7WI2,   43.443042,    89.17817,76,45
2,"WATERLOO",5WI3,   43.207772,   89.017054,76,45
2,"WAUNAKEE",6P3,   43.178722,   89.451278,76,45
2,"WYOCENA",WN39,   43.481928,   89.320117,76,45
2,"WYOCENA",WS15,   43.495193,   89.265394,76,45
2,"WYOCENA",WS32,   43.483595,   89.294839,76,45
2,"WYOCENA",7WI6,    43.47054,   89.359007,76,45
2,"ARENA",WI61,   43.091569,   89.997986,76,46
2,"BARABOO",34WI,   43.417763,   89.765402,76,46
2,"BLACK EARTH",WI66,   43.098228,   89.774839,76,46
2,"LODI",9WN5,   43.333322,   89.520954,76,46
2,"MERRIMAC",WI50,   43.398056,   89.640556,76,46
2,"MIDDLETON",C29,    43.11433,   89.531649,76,46
2,"PRAIRIE DU SAC",91C,   43.297861,   89.755806,76,46
2,"DODGEVILLE",22WN,   43.068603,   90.219483,76,47
2,"LONE ROCK",LNR,   43.211861,   90.179833,76,47
2,"RICHLAND CENTER",93C,   43.283358,   90.298282,76,47
2,"RICHLAND CENTER",7WI7,   43.454167,   90.427222,76,47
2,"BOSCOBEL",OVS,   43.160852,    90.67372,76,48
2,"BOSCOBEL",WS91,   43.208639,    90.66375,76,48
2,"SOLDIERS GROVE",WS51,   43.352648,   90.681023,76,48
2,"VIOLA",39WI,   43.484698,   90.619852,76,48
2,"MONONA",7C3,      43.033,     91.3465,76,49
2,"WAUKON",Y01,   43.280476,   91.469528,76,49
2,"FERRYVILLE",7WI0,   43.373032,   91.109852,76,49
2,"PRAIRIE DU CHIEN",PDC,   43.019285,   91.123733,76,49
2,"DECORAH",DEH,     43.2755,   91.739389,76,50
2,"POSTVILLE",IA45,   43.078417,   91.615694,76,50
2,"CRESCO",CJJ,   43.365301,   92.133083,76,51
2,"NEW HAMPTON",7IA7,   43.083611,       92.31,76,51
2,"NEW HAMPTON",1Y5,   43.087196,   92.343232,76,51
2,"CHARLES CITY",CCY,   43.072504,   92.610809,76,52
2,"OSAGE",D02,   43.292333,   92.795611,76,52
2,"MASON CITY",73IA,   43.235556,   93.208333,76,53
2,"MASON CITY",MCW,   43.157806,    93.33125,76,53
2,"NORA SPRINGS",05IA,   43.137467,   93.068257,76,53
2,"NORTHWOOD",IA51,   43.426817,   93.273551,76,53
2,"NORTHWOOD",5D2,   43.448778,   93.201667,76,53
2,"BUFFALO CENTER",IA70,   43.425789,   93.835781,76,54
2,"CRYSTAL LAKE",2IA9,   43.190792,   93.770775,76,54
2,"FOREST CITY",FXY,   43.234757,   93.624104,76,54
2,"LAKE MILLS",0Y6,   43.413667,    93.51175,76,54
2,"ALGONA",AXA,   43.077917,   94.271944,76,55
2,"EMMETSBURG",EGQ,   43.102056,   94.704528,76,56
2,"ESTHERVILLE",EST,   43.407472,   94.746389,76,56
2,"RINGSTED",8Y8,   43.265972,    94.56251,76,56
2,"MILFORD",4D8,   43.333186,   95.159052,76,57
2,"SPENCER",SPW,   43.165639,   95.202806,76,57
2,"SPIRIT LAKE",0F3,   43.387421,   95.139468,76,57
2,"PRIMGHAR",2Y0,   43.078472,   95.614417,76,58
2,"SHELDON",SHL,   43.208389,   95.833417,76,58
2,"SIBLEY",ISB,   43.369353,   95.759639,76,58
2,"LARCHWOOD",2VA,   43.449596,   96.402546,76,59
2,"ROCK RAPIDS",RRQ,   43.452221,   96.179777,76,59
2,"BERESFORD",SD29,   43.000892,   96.876606,76,60
2,"CANTON",7G9,      43.309,   96.571217,76,60
2,"TEA",3SD4,   43.465143,   96.862725,76,60
2,"TEA",Y14,   43.454902,   96.801312,76,60
2,"HURLEY",2SD7,   43.333317,   97.062831,76,61
2,"HURLEY",1SD3,    43.23332,   97.150332,76,61
2,"MENNO",SD77,   43.277775,   97.558547,76,62
2,"PARKSTON",8V3,   43.377408,   97.989711,76,62
2,"SCOTLAND",1SD1,   43.165417,   97.730889,76,62
2,"TYNDALL",SD61,   43.016663,   97.867013,76,62
2,"CORSICA",D65,   43.433464,   98.398771,76,63
2,"WAGNER",AGZ,   43.064166,   98.296382,76,63
2,"BONESTEEL",SD30,   43.071906,   98.954981,76,64
2,"LAKE ANDES",8D8,   43.148049,   98.540359,76,64
2,"PLATTE",1D3,   43.404715,   98.830491,76,64
2,"GREGORY",9D1,    43.22178,   99.403423,76,65
2,"WINNER",ICR,   43.389485,   99.841214,76,66
2,"ROSEBUD",SUO,   43.258472,    100.8595,76,68
2,"MARTIN",9V6,   43.165649,    101.7127,76,70
2,"PINE RIDGE",IEN,   43.021274,   102.50661,76,72
2,"HOT SPRINGS",SD68,   43.384701,   103.43103,76,73
2,"HOT SPRINGS",HSR,   43.368306,   103.38828,76,73
2,"OELRICH'S",1SD6,   43.110252,    103.2302,76,73
2,"OELRICHS",SD71,    43.11664,   103.36714,76,73
2,"EDGEMONT",6V0,      43.295,   103.84298,76,74
2,"MULE CREEK JUNCTION",WY44,   43.426642,   104.23624,76,75
2,"BILL",WY01,   43.395801,   105.55471,76,78
2,"DOUGLAS",WY07,   43.325245,   105.67555,76,78
2,"DOUGLAS",84WY,   43.446111,   105.74306,76,78
2,"KAYCEE",10WY,   43.423333,   106.82361,76,80
2,"LYSITE",WY34,   43.340514,   107.68702,76,82
2,"RIVERTON",RIW,    43.06425,   108.45983,76,83
2,"SHOSHONI",49U,   43.250972,   108.12206,76,83
2,"DUBOIS",WY30,   43.375499,    110.1099,76,87
2,"MERNA",2WY3,   43.007222,   110.31722,76,87
2,"JACKSON",WY31,    43.40965,   110.77298,76,88
2,"IRWIN",ID72,   43.420833,     111.285,76,89
2,"ALPINE",46U,   43.181806,    111.0385,76,89
2,"ETNA",32WY,   43.076731,    111.0315,76,89
2,"FREEDOM",0WY0,   43.039722,   111.03806,76,89
2,"IDAHO FALLS",ID87,    43.40686,   111.97441,76,90
2,"BLACKFOOT",U02,   43.209249,   112.34959,76,91
2,"RIVERSIDE",ID12,   43.184359,   112.46637,76,91
2,"ATOMIC CITY",U37,   43.453611,   112.80725,76,92
2,"ROCKFORD",2U4,     43.1895,   112.53181,76,92
2,"ATOMIC CITY",U46,   43.432583,   113.05544,76,93
2,"ATOMIC CITY",U48,    43.21775,   113.22756,76,93
2,"CAREY",U65,   43.308806,   113.93603,76,94
2,"CAREY",0U7,    43.32375,    113.5905,76,94
2,"KIMAMA",U99,   43.037028,   113.73361,76,94
2,"MULDOON",10ID,   43.494349,    113.9217,76,94
2,"BELLEVUE",ID16,   43.403517,   114.27254,76,95
2,"HAILEY",U93,   43.280667,   114.39639,76,95
2,"PICABO",ID82,   43.308238,   114.06337,76,95
2,"SHOSHONE",0ID4,   43.047683,   114.47033,76,95
2,"FAIRFIELD",U86,   43.341861,   114.79828,76,96
2,"FAIRFIELD",40ID,   43.314222,   114.90522,76,96
2,"FAIRFIELD",ID70,   43.394463,   114.82523,76,96
2,"FAIRFIELD",33ID,   43.379361,   114.76944,76,96
2,"HILL CITY",ID09,       43.26,   115.24861,76,97
2,"HILL CITY",ID88,   43.287398,   115.08007,76,97
2,"PINE",1U9,    43.46625,   115.31003,76,97
2,"BOISE",1ID4,   43.310556,    115.9025,76,98
2,"MAYFIELD",ID26,   43.232631,   115.93967,76,98
2,"MOUNTAIN HOME",0ID3,   43.075783,   115.67288,76,98
2,"MOUNTAIN HOME",MUO,   43.043597,   115.87243,76,98
2,"MOUNTAIN HOME",U76,   43.131609,   115.73057,76,98
2,"PRAIRIE",2U0,   43.498361,   115.54697,76,98
2,"KUNA",41ID,   43.471383,   116.32642,76,99
2,"KUNA",ID68,   43.484608,   116.45873,76,99
2,"KUNA",06ID,   43.462665,   116.35901,76,99
2,"MARSING",ID40,     43.4178,   116.70618,76,100
2,"MURPHY",1U3,   43.215944,   116.54836,76,100
2,"MURPHY",0ID7,   43.230308,   116.76319,76,100
2,"OWYHEE",28U,   43.424833,   117.34567,76,101
2,"CROWLEY",78OR,   43.307936,   117.89435,76,102
2,"AROCK",OR16,   43.096806,      118.15,76,103
2,"CRANE",7OR1,   43.419322,   118.57604,76,104
2,"DIAMOND",OR08,   43.128768,   118.67659,76,104
2,"ALKALI LAKE",R03,   43.087373,   119.97607,76,106
2,"BURNS",81OR,   43.249871,   119.87524,76,106
2,"CHRISTMAS VALLEY",62S,    43.23625,   120.66469,76,108
2,"CHRISTMAS VALLEY",OG06,    43.21153,   120.84332,76,108
2,"SILVER LAKE",1JY2,   43.067083,   121.05305,76,109
2,"SILVER LAKE",45S,   43.110973,   121.09417,76,109
2,"BEAVER MARSH",2S2,   43.127528,   121.80872,76,110
2,"CLEARWATER",3S6,   43.223444,   122.42117,76,111
2,"GLIDE",17OR,   43.264167,   123.11028,76,113
2,"GLIDE",98TE,   43.322089,   123.17665,76,113
2,"OAKLAND",2OR4,    43.47484,   123.34564,76,113
2,"OAKLAND",60OR,   43.426507,    123.2798,76,113
2,"ROSEBURG",5S1,   43.215444,   123.40439,76,113
2,"ROSEBURG",OG40,   43.237336,   123.49305,76,113
2,"ROSEBURG",RBG,   43.239336,   123.35585,76,113
2,"ROSEBURG",58OR,   43.309722,   123.12694,76,113
2,"SUTHERLIN",OG24,   43.388728,   123.22201,76,113
2,"ROSEBURG",95OR,   43.207615,   123.53258,76,114
2,"ROSEBURG",48OR,   43.159282,   123.50174,76,114
2,"BANDON",S05,   43.086472,   124.40786,76,115
2,"COQUILLE",45OR,   43.154832,   124.17066,76,115
2,"NORTH BEND",OTH,   43.416944,   124.24703,76,115
2,"NORTH BEND",1OR0,   43.483169,   124.20289,76,115
2,"MATINICUS ISLAND",35ME,   43.871433,   68.893556,77,4
2,"BRISTOL",18ME,   43.893597,   69.495406,77,5
2,"BRUNSWICK",BXM,   43.892355,    69.93883,77,6
2,"WISCASSET",IWI,   43.961417,   69.712556,77,6
2,"DURHAM",ME75,   43.953966,   70.141441,77,7
2,"FALMOUTH",78ME,   43.753056,   70.259167,77,7
2,"GORHAM",21ME,   43.677206,   70.422617,77,7
2,"GORHAM",ME91,    43.67508,   70.495608,77,7
2,"HARPSWELL",ME33,   43.778694,   70.013103,77,7
2,"NEW GLOUCESTER",54ME,   43.949444,   70.320278,77,7
2,"NORTH YARMOUTH",15ME,   43.815278,   70.229167,77,7
2,"PORTLAND",PWM,   43.645643,   70.308616,77,7
2,"SCARBOROUGH",80ME,   43.546392,   70.374397,77,7
2,"WINDHAM",24ME,   43.822222,   70.442778,77,7
2,"ACTON",ME89,   43.608412,    70.96812,77,8
2,"ACTON",02ME,     43.5373,   70.929367,77,8
2,"FRYEBURG",57ME,   43.917778,   70.854444,77,8
2,"FRYEBURG",IZG,   43.991139,   70.947889,77,8
2,"LIMINGTON",63B,   43.763028,   70.672472,77,8
2,"NAPLES",71ME,   43.966944,   70.601111,77,8
2,"SACO",98M,   43.575717,   70.518858,77,8
2,"ALBANY",NH38,   43.972571,   71.169792,77,9
2,"CENTER OSSIPEE",NH18,    43.73341,   71.151179,77,9
2,"LACONIA",LCI,   43.573042,   71.417842,77,9
2,"MOULTONBORO",53NH,   43.767457,   71.387626,77,9
2,"WEST OSSIPEE",NH69,   43.826256,   71.184828,77,9
2,"WOLFEBORO",NH31,   43.650078,   71.149512,77,9
2,"BRISTOL",2N2,   43.592018,   71.751468,77,10
2,"PLYMOUTH",1P1,   43.778254,    71.75385,77,10
2,"WENTWORTH",NH96,   43.873444,   71.904722,77,10
2,"WOODSTOCK",NH49,   43.970346,   71.679524,77,10
2,"CANAAN",01NH,   43.644517,   72.087031,77,11
2,"LEBANON",LEB,   43.626111,   72.304194,77,11
2,"POST MILLS",2B9,   43.883722,   72.252083,77,11
2,"RANDOLPH",VT55,   43.901177,   72.582879,77,12
2,"RUTLAND",RUT,    43.52973,   72.949626,77,12
2,"TICONDEROGA",4B6,   43.877278,   73.413139,77,13
2,"BRIDPORT",VT10,   43.981446,   73.385677,77,13
2,"BRIDPORT",VT73,   43.944861,   73.316833,77,13
2,"CASTLETON",1VT8,   43.666111,   73.166111,77,13
2,"MIDDLEBURY",6B0,   43.986478,    73.09555,77,13
2,"SHOREHAM",37VT,   43.868611,   73.318056,77,13
2,"SHOREHAM",66VT,   43.882833,     73.2865,77,13
2,"NORTH CREEK",0NY0,   43.700065,    73.98291,77,14
2,"SCHROON LAKE",4B7,    43.86258,   73.740547,77,14
2,"OLD FORGE",NK26,   43.725183,   74.976217,77,16
2,"NEW BREMEN",NY10,   43.842569,    75.43074,77,17
2,"CARTHAGE",NK01,   43.999512,   75.604915,77,18
2,"RICHLAND",1NY3,    43.57284,   76.040475,77,19
2,"WATERTOWN",ART,   43.991833,   76.019417,77,19
2,"BAD AXE",BAX,   43.780222,   82.985417,77,32
2,"BAD AXE",E53,   43.846233,   83.046792,77,33
2,"SEBEWAING",98G,   43.729509,   83.463617,77,33
2,"BAY CITY",3CM,   43.546944,   83.895472,77,34
2,"GLADWIN",GDW,   43.970589,    84.47502,77,35
2,"MIDLAND",IKW,   43.662917,   84.261306,77,35
2,"PINCONNING",52I,   43.846839,   84.012794,77,35
2,"SAGINAW",MBS,   43.532927,   84.079636,77,35
2,"CLARE",48D,   43.834444,   84.740222,77,36
2,"CLARE",MI1,   43.753865,   84.810941,77,36
2,"FARWELL",4MI7,   43.813359,   84.821686,77,36
2,"LAKE ISABELLA",D15,   43.644473,   84.981968,77,36
2,"MOUNT PLEASANT",MI44,   43.672251,    84.73668,77,36
2,"MOUNT PLEASANT",MOP,   43.621639,   84.737306,77,36
2,"WINN",53W,   43.554603,   84.978964,77,36
2,"EVART",9C8,   43.894861,    85.28475,77,37
2,"LAKE",07MI,   43.864189,   85.023919,77,37
2,"LAKE GEORGE",3MI0,   43.936965,   85.021976,77,37
2,"MECOSTA",0C5,   43.577011,      85.284,77,37
2,"MECOSTA",2MI9,   43.624193,   85.317816,77,37
2,"MECOSTA",27C,   43.630046,   85.261489,77,37
2,"STANWOOD",38C,   43.598472,   85.492472,77,37
2,"WEIDMAN",D11,   43.720649,   85.002243,77,37
2,"BALDWIN",7D3,   43.875536,   85.842083,77,38
2,"BIG RAPIDS",RQB,   43.722639,   85.504056,77,38
2,"REED CITY",RCT,   43.900016,   85.516717,77,38
2,"WHITE CLOUD",42C,   43.559847,   85.774153,77,38
2,"CUSTER",MI19,       43.93,   86.165556,77,39
2,"HART/SHELBY",C04,   43.641635,   86.329065,77,39
2,"LUDINGTON",LDM,   43.962528,   86.407917,77,39
2,"MEARS",MI71,   43.644451,   86.452855,77,39
2,"CEDAR GROVE",75WI,   43.588886,   87.784254,77,42
2,"OOSTBURG",2WI8,   43.597497,   87.778976,77,42
2,"SHEBOYGAN",SBM,   43.769778,   87.851722,77,42
2,"SHEBOYGAN",WN03,   43.678607,   87.725641,77,42
2,"DUNDEE",1WN1,    43.66805,   88.195376,77,43
2,"EDEN",61WI,   43.708326,   88.285656,77,43
2,"FOND DU LAC",FLD,   43.771167,   88.488417,77,43
2,"FOND DU LAC",7WI9,   43.830546,   88.325381,77,43
2,"NEW HOLSTEIN",8D1,   43.944105,   88.114842,77,43
2,"BERLIN",31WN,   43.991647,   88.962615,77,44
2,"BERLIN",WI55,   43.986091,   88.983449,77,44
2,"EUREKA",WI73,   43.999981,   88.833446,77,44
2,"FISK",2WN7,    43.94875,   88.673194,77,44
2,"OSHKOSH",WS17,   43.989428,   88.578446,77,44
2,"OSHKOSH",1WI1,   43.932761,   88.704555,77,44
2,"OSHKOSH",OSH,   43.984491,   88.556935,77,44
2,"RIPON",WI67,   43.876648,   88.900668,77,44
2,"RIPON",WS46,   43.830954,   88.888723,77,44
2,"VAN DYNE",WI46,   43.882764,   88.539917,77,44
2,"WAUPUN",WI07,   43.622211,   88.766774,77,44
2,"MARKESAN",13WI,   43.698431,   89.004578,77,45
2,"MONTELLO",WI19,   43.799978,   89.433454,77,45
2,"MONTELLO",0WI4,   43.829422,    89.35262,77,45
2,"PORTAGE",WS28,   43.553593,   89.389841,77,45
2,"PORTAGE",C47,   43.560306,   89.482861,77,45
2,"BARABOO",DLL,   43.522028,    89.77125,77,46
2,"FRIENDSHIP (ADAMS)",63C,   43.960588,   89.788644,77,46
2,"NECEDAH",67WI,   43.971079,   89.997072,77,46
2,"OXFORD",2WI9,   43.759977,   89.634846,77,46
2,"OXFORD",WS02,   43.742477,   89.715958,77,46
2,"REEDSBURG",C35,   43.525899,   89.983222,77,46
2,"WISCONSIN DELLS",JB01,   43.757199,   89.652624,77,46
2,"WISCONSIN DELLS",8WI0,   43.743865,   89.814292,77,46
2,"CAMP DOUGLAS",VOK,   43.939237,   90.253163,77,47
2,"ELROY",60C,   43.706361,   90.257628,77,47
2,"NEW LISBON",82C,   43.838767,   90.137734,77,47
2,"TOMAH",Y72,   43.976222,   90.480611,77,47
2,"WONEWOC",WI54,   43.563056,      90.285,77,47
2,"WONEWOC",4D1,   43.669974,   90.232628,77,47
2,"FORT MC COY",WS20,   43.953778,   90.664139,77,48
2,"SPARTA",CMY,   43.958294,   90.737936,77,48
2,"VIROQUA",Y51,   43.579639,   90.897722,77,48
2,"LA CROSSE",LSE,   43.879278,   91.256639,77,49
2,"CALEDONIA",CHU,   43.596359,   91.503946,77,50
2,"RUSHFORD",55Y,   43.815825,   91.830095,77,50
2,"SPRING GROVE",MY10,   43.561079,   91.681536,77,50
2,"EYOTA",MY37,   43.981725,   92.245883,77,51
2,"PRESTON",FKA,    43.67675,    92.17975,77,51
2,"PRESTON",23MN,   43.641076,   92.022103,77,51
2,"ROCHESTER",2MN8,   43.996075,   92.335725,77,51
2,"SPRING VALLEY",7MN3,   43.705241,   92.460728,77,51
2,"AUSTIN",AUM,   43.662639,   92.932917,77,52
2,"DEXTER",7MY9,   43.746717,     92.7245,77,52
2,"ROCHESTER",RST,   43.908278,   92.500028,77,52
2,"ALBERT LEA",AEL,   43.681314,   93.368148,77,53
2,"LYLE",53MN,   43.545935,   93.026639,77,53
2,"MINNESOTA LAKE",MN74,   43.830514,   93.840506,77,54
2,"WELLS",68Y,   43.741221,   93.777175,77,54
2,"AMBOY",2MY2,   43.907417,   94.274667,77,55
2,"BLUE EARTH",SBU,   43.595361,   94.092861,77,55
2,"BLUE EARTH",2MN4,    43.59845,     94.2529,77,55
2,"FAIRMONT",FRM,   43.643944,   94.415611,77,55
2,"TRUMAN",MY00,   43.894124,   94.493857,77,55
2,"CEYLON",MY80,   43.522178,   94.582478,77,56
2,"JACKSON",MJQ,   43.650139,   94.986583,77,56
2,"ST JAMES",JYG,   43.986354,   94.557974,77,56
2,"BINGHAM LAKE",40MN,   43.866624,   95.014156,77,57
2,"LAKEFIELD",03MN,   43.625238,   95.224722,77,57
2,"WESTBROOK",3MN4,   43.950844,   95.385328,77,57
2,"WINDOM",MWM,   43.913412,     95.1094,77,57
2,"SLAYTON",DVP,   43.986792,   95.782611,77,58
2,"WORTHINGTON",OTG,   43.655056,   95.579194,77,58
2,"LUVERNE",LYV,   43.616769,   96.217736,77,59
2,"PIPESTONE",PQN,   43.982132,   96.300408,77,59
2,"TROSKY",MY12,   43.880803,   96.253087,77,59
2,"DELL RAPIDS",SD46,   43.830297,   96.839778,77,60
2,"DELL RAPIDS",9SD9,    43.80664,   96.708939,77,60
2,"HARTFORD",9SD8,    43.58331,   96.950333,77,60
2,"SIOUX FALLS",FSD,   43.582013,   96.741916,77,60
2,"VALLEY SPRINGS",SD73,   43.584908,   96.517556,77,60
2,"LETCHER",SD01,   43.899722,   98.107653,77,63
2,"MITCHELL",MHE,   43.774833,   98.038611,77,63
2,"MOUNT VERNON",2SD4,   43.683333,   98.265278,77,63
2,"KIMBALL",6A6,   43.758332,   98.978148,77,64
2,"WHITE LAKE",1SD5,   43.768608,   98.798701,77,64
2,"CHAMBERLAIN",9V9,   43.766137,   99.321229,77,65
2,"CHAMBERLAIN",SD44,   43.783329,   99.257598,77,65
2,"KENNEBEC",SD78,   43.901528,   99.878861,77,66
2,"DRAPER",SD14,   43.733324,   100.39763,77,67
2,"PRESHO",5P5,   43.905997,   100.03668,77,67
2,"VIVIAN",SD97,   43.877766,   100.36208,77,67
2,"MURDO",8F6,   43.852139,   100.71281,77,68
2,"WHITE RIVER",7Q7,   43.561664,   100.74181,77,68
2,"KADOKA",5V8,   43.833326,   101.49709,77,69
2,"COTTONWOOD",SD66,   43.973323,   101.95154,77,70
2,"WANBLEE",0SD7,   43.524444,   101.73376,77,70
2,"WALL",6V4,   43.999222,    102.2535,77,71
2,"SCENIC",3SD3,   43.811792,    102.7199,77,72
2,"FAIRBURN",3V0,   43.724917,   103.34998,77,73
2,"CUSTER",CUT,   43.733661,    103.6195,77,74
2,"NEWCASTLE",ECS,    43.88425,    104.3145,77,75
2,"DULL CENTER/SW CLARETON/",WY09,   43.506083,   104.87822,77,76
2,"GILLETTE",WY13,   43.786083,   105.66445,77,78
2,"GILLETTE",WY12,   43.926364,   105.65334,77,78
2,"SAVAGETON",WY22,   43.949977,    105.9339,77,78
2,"MIDWEST",WY18,   43.558305,    106.0089,77,79
2,"TEN SLEEP",WY38,   43.623571,   107.40757,77,81
2,"TEN SLEEP",WY00,   43.967704,   107.37948,77,81
2,"WORLAND",WRL,   43.962889,   107.95053,77,82
2,"THERMOPOLIS",HSG,   43.713611,   108.38969,77,83
2,"DUBOIS",DUB,   43.548651,   109.69083,77,86
2,"JACKSON",JAC,   43.607333,   110.73775,77,88
2,"DRIGGS",DIJ,   43.742694,   111.09678,77,89
2,"REXBURG",RXE,   43.833917,   111.80511,77,90
2,"RIGBY",U56,   43.642725,   111.92916,77,90
2,"ST ANTHONY",U12,   43.950167,   111.68469,77,90
2,"IDAHO FALLS",IDA,   43.513722,   112.07075,77,91
2,"MUD LAKE",1U2,   43.850944,   112.50136,77,92
2,"ARCO",AOC,   43.603528,   113.33425,77,93
2,"HOWE",U97,    43.83907,   113.04667,77,93
2,"MACKAY",0U2,   43.801972,   113.83153,77,94
2,"MACKAY",2ID2,   43.954356,   113.64724,77,94
2,"MACKAY",U62,   43.910008,   113.60237,77,94
2,"MOORE",U92,   43.677139,   113.60272,77,94
2,"HAILEY",SUN,   43.503781,   114.29556,77,95
2,"KETCHUM",U61,   43.943694,   114.11025,77,95
2,"MACKAY",ID56,   43.981859,   114.04366,77,95
2,"FEATHERVLLE",23ID,   43.648264,    114.9047,77,96
2,"SMILEY CREEK",U87,   43.912139,   114.79606,77,96
2,"ATLANTA",55H,   43.813511,   115.13508,77,97
2,"ATLANTA",U45,   43.955178,   115.27259,77,97
2,"ATLANTA",52U,   43.825139,   115.33136,77,97
2,"FEATHERVILLE",0ID0,    43.60645,   115.10725,77,97
2,"IDAHO CITY",U98,   43.820726,   115.85094,77,98
2,"PLACERVILLE",22ID,   43.944667,   115.94117,77,98
2,"BOISE",BOI,   43.564361,   116.22286,77,99
2,"BOISE",14ID,   43.670653,   116.21123,77,99
2,"HORSESHOE BEND",ID95,      43.861,   116.24094,77,99
2,"HORSESHOE BEND",ID67,   43.860681,   116.26271,77,99
2,"IDAHO CITY",20ID,   43.720439,   116.00567,77,99
2,"MERIDIAN",77ID,   43.524444,   116.40694,77,99
2,"CALDWELL",EUL,   43.641861,   116.63578,77,100
2,"CALDWELL",63ID,   43.636833,   116.76306,77,100
2,"CALDWELL",ID00,   43.695717,   116.63847,77,100
2,"EMMETT",S78,    43.85265,   116.53907,77,100
2,"EMMETT",04ID,   43.877664,   116.53708,77,100
2,"FRUITLAND",2ID6,   43.927336,   116.94648,77,100
2,"GREENLEAF",ID97,   43.665114,   116.85842,77,100
2,"HOMEDALE",S66,   43.614639,   116.92136,77,100
2,"MARSING",08ID,   43.569325,    116.7768,77,100
2,"MARSING",ID10,   43.594819,   116.83252,77,100
2,"NAMPA",MAN,   43.581341,   116.52306,77,100
2,"NAMPA",38ID,   43.509444,   116.66792,77,100
2,"NAMPA",ID79,   43.508333,   116.66792,77,100
2,"PARMA",50S,   43.778773,   116.93849,77,100
2,"STAR",ID92,   43.728773,   116.52291,77,100
2,"NYSSA",97OG,   43.897828,   116.98996,77,100
2,"HOMEDALE",ID63,   43.670992,   117.02543,77,101
2,"VALE",S49,   43.963772,   117.25934,77,101
2,"HARPER",OG50,   43.847222,   117.57417,77,102
2,"JUNTURA",OR14,   43.741546,   118.06351,77,103
2,"JUNTURA",3OR9,    43.95738,   118.13242,77,103
2,"BURNS",BNO,   43.591917,   118.95544,77,104
2,"BURNS",OR32,   43.592222,   118.77306,77,104
2,"BEND",OG05,       43.99,   121.20611,77,109
2,"SUNRIVER",S21,   43.876306,   121.45306,77,109
2,"CRESCENT LAKE",5S2,   43.532624,   121.95003,77,110
2,"OAKRIDGE",13OR,   43.740679,   122.42644,77,111
2,"OAKRIDGE",5S0,   43.752556,   122.50453,77,112
2,"COTTAGE GROVE",61S,   43.804071,   123.03212,77,113
2,"CRESWELL",77S,    43.93075,   123.00667,77,113
2,"CRESWELL",OR57,   43.868735,   123.03397,77,113
2,"ELKTON",94OR,   43.530672,   123.54898,77,114
2,"FLORENCE",6S2,   43.982818,   124.11137,77,115
2,"LAKESIDE",9S3,    43.58317,   124.18039,77,115
2,"BAR HARBOR",BHB,   44.449705,    68.36149,78,3
2,"SWANS ISLAND",ME5,   44.165389,   68.428167,78,3
2,"ISLESBORO",57B,   44.302472,   68.910583,78,4
2,"NORTH HAVEN",ME41,    44.15258,   68.876421,78,4
2,"STONINGTON",93B,   44.173222,    68.68025,78,4
2,"VINALHAVEN",ME55,   44.072778,   68.819639,78,4
2,"BELFAST",BST,   44.409389,   69.011833,78,5
2,"CAMDEN",ME14,   44.230634,   69.123094,78,5
2,"JEFFERSON",ME34,   44.173687,   69.428656,78,5
2,"ROCKLAND",RKD,   44.060142,    69.09967,78,5
2,"SEARSMONT",55ME,   44.318056,   69.138333,78,5
2,"SEARSMONT",12ME,   44.322328,    69.20725,78,5
2,"AUGUSTA",AUG,    44.32065,   69.797318,78,6
2,"BELGRADE",ME60,     44.4684,   69.817826,78,6
2,"BOWDOINHAM",08B,          44,   69.887139,78,6
2,"VASSALBORO",89ME,    44.40581,   69.659674,78,6
2,"AUBURN/LEWISTON",LEW,   44.048473,   70.283507,78,7
2,"EAST SUMNER",6ME6,   44.353333,      70.395,78,7
2,"GREENE",ME39,   44.235361,   70.132556,78,7
2,"LIVERMORE FALLS",B10,       44.41,   70.146083,78,7
2,"OXFORD",81B,   44.157444,   70.481278,78,7
2,"SABATTUS",ME69,   44.068964,   70.064497,78,7
2,"TURNER",3B5,   44.188944,   70.232861,78,7
2,"WALES",ME6,   44.174528,   70.018944,78,7
2,"BETHEL",0B1,   44.425167,   70.809917,78,8
2,"FRYEBURG",40ME,   44.105892,   70.955978,78,8
2,"HARRISON",03ME,   44.084237,   70.627283,78,8
2,"GORHAM",2G8,   44.393582,   71.198089,78,9
2,"FRANCONIA",1B5,    44.19595,   71.750703,78,10
2,"FRANCONIA",25NH,   44.232417,   71.716306,78,10
2,"TWIN MOUNTAIN",8B2,   44.264064,   71.546749,78,10
2,"WHITEFIELD",HIE,   44.367556,   71.545806,78,10
2,"HAVERHILL",5B9,   44.080173,    72.00776,78,11
2,"CABOT",VT62,   44.390367,   72.350639,78,11
2,"CABOT",04VT,   44.401111,   72.263611,78,11
2,"WASHINGTON",VT31,   44.111174,    72.44399,78,11
2,"BARRE/MONTPELIER",MPV,   44.203489,   72.562098,78,12
2,"HUNTINGTON",VT01,   44.282556,   72.937342,78,12
2,"JERICHO",07VT,   44.447222,   72.914722,78,12
2,"LINCOLN",VT03,   44.088671,   72.980949,78,12
2,"WAITSFIELD",VT30,   44.162559,   72.834004,78,12
2,"WARREN",0B7,   44.117389,      72.827,78,12
2,"ESSEX",41NY,   44.312389,   73.384889,78,13
2,"WESTPORT",12NK,   44.158386,   73.432904,78,13
2,"ADDISON",VT11,   44.068667,   73.373444,78,13
2,"ADDISON",VT09,   44.113611,   73.290278,78,13
2,"BURLINGTON",BTV,   44.471955,   73.153276,78,13
2,"CHARLOTTE",VT12,   44.291163,   73.283181,78,13
2,"PANTON",VT53,   44.117554,   73.378736,78,13
2,"PANTON",47VT,   44.125678,   73.369617,78,13
2,"SHELBURNE",VT23,   44.370884,   73.250404,78,13
2,"SHELBURNE",42VT,   44.366886,   73.150161,78,13
2,"SHELBURNE",VT8,   44.360303,   73.226394,78,13
2,"SHELBURNE",VT22,   44.401439,   73.267071,78,13
2,"SOUTH BURLINGTON",VT25,   44.416717,   73.166237,78,13
2,"VERGENNES",B06,   44.191667,   73.358694,78,13
2,"WEYBRIDGE",VT14,   44.045058,   73.189563,78,13
2,"KEENE",1I1,   44.220856,   73.788011,78,14
2,"LAKE PLACID",LKP,   44.264478,   73.961869,78,14
2,"WILMINGTON",1NK6,   44.423658,   73.749585,78,14
2,"SARANAC LAKE",SLK,   44.385308,   74.206181,78,15
2,"DEGRASSE",1E8,   44.387917,   75.066333,78,17
2,"GOUVERNEUR",NK16,   44.368117,   75.402436,78,17
2,"ALEXANDRIA BAY",89NY,   44.316717,   75.899673,78,18
2,"FORT DRUM",GTB,   44.055611,   75.719894,78,18
2,"CAPE VINCENT",NY69,   44.120052,   76.301329,78,19
2,"CLAYTON",28NK,   44.186944,   76.076389,78,19
2,"PORT AUSTIN",29C,   44.046778,   82.914417,78,32
2,"EAST TAWAS",6D9,   44.312833,   83.422306,78,33
2,"OSCODA",OSC,   44.451528,   83.394167,78,33
2,"HALE",H80,   44.364692,   83.762824,78,34
2,"WHITTEMORE",2MI6,   44.287431,   83.760914,78,34
2,"GLADWIN",5M6,   44.140371,   84.436975,78,35
2,"ST HELEN",6Y6,   44.368003,   84.402156,78,35
2,"WEST BRANCH",Y31,   44.244817,   84.179809,78,35
2,"HARRISON",80D,   44.052275,   84.813142,78,36
2,"HOUGHTON LAKE",HTL,   44.359869,   84.669483,78,36
2,"HOUGHTON LAKE HEIGHTS",5Y2,   44.329183,   84.791695,78,36
2,"MOORESTOWN",6Y0,   44.462978,   84.996619,78,36
2,"ROSCOMMON",3RC,   44.473696,   84.563674,78,36
2,"CADILLAC",CAD,   44.275333,   85.418917,78,37
2,"LAKE CITY",Y91,   44.320138,   85.170197,78,37
2,"HARRIETTA",4Y9,   44.307749,   85.772042,78,38
2,"LUTHER",95MI,   44.087026,   85.730742,78,38
2,"MANISTEE",MBL,   44.272472,   86.246889,78,39
2,"COLLINS",72WI,   44.046104,   87.992873,78,42
2,"GREEN BAY",WI78,    44.42575,   87.935028,78,42
2,"MANITOWOC",MTW,   44.128778,   87.680583,78,42
2,"MARIBEL",9WI2,   44.287494,   87.795924,78,42
2,"MORRISON",9WI3,   44.285548,   87.986765,78,42
2,"TWO RIVERS",99WI,   44.179167,   87.631389,78,42
2,"WHITELAW",82WI,    44.14916,   87.814395,78,42
2,"CHILTON",11Y,   44.061183,   88.194933,78,43
2,"DE PERE",9WS2,   44.367639,   88.158678,78,43
2,"DE PERE",WS43,   44.355547,   88.058434,78,43
2,"GREEN BAY",GRB,   44.484634,   88.129713,78,43
2,"GREENLEAF",2WS3,   44.280428,   88.093578,78,43
2,"NEENAH",0WI7,   44.133596,   88.499278,78,43
2,"APPLETON",ATW,   44.258083,   88.519083,78,44
2,"HORTONVILLE",9WI1,   44.329444,   88.623611,78,44
2,"HORTONVILLE",32WI,    44.31637,    88.70094,78,44
2,"HORTONVILLE",WI22,   44.323056,   88.600833,78,44
2,"LARSEN",WI91,   44.202761,   88.639554,78,44
2,"NEENAH",79C,   44.159984,   88.559555,78,44
2,"NEW LONDON",WS76,   44.470675,   88.824547,78,44
2,"NEW LONDON",2WN3,   44.357873,   88.761383,78,44
2,"OSHKOSH",51WI,   44.062762,   88.557335,78,44
2,"ROYALTON",38WI,   44.388592,   88.852607,78,44
2,"SHIOCTON",W34,   44.455462,   88.561808,78,44
2,"WINNECONNE",9WN1,   44.106927,      88.684,78,44
2,"ALMOND",WS36,   44.271362,   89.437063,78,45
2,"AMHERST",WS14,   44.464139,   89.358726,78,45
2,"NESHKORO",WI12,   44.016817,   89.202517,78,45
2,"PLAINFIELD",5WI2,   44.222473,   89.495399,78,45
2,"REDGRANITE",1WI7,   44.022202,   89.096506,78,45
2,"REDGRANITE",20WI,   44.021368,   89.079284,78,45
2,"REDGRANITE",3WI8,   44.053312,   89.121784,78,45
2,"SCANDINAVIA",WI47,   44.433311,   89.150112,78,45
2,"SPRING LAKE",80WI,   44.023035,   89.138451,78,45
2,"WAUPACA",00WI,   44.304285,   89.050114,78,45
2,"WAUPACA",PCZ,    44.33325,   89.019778,78,45
2,"WAUTOMA",Y50,   44.043135,   89.305691,78,45
2,"WILD ROSE",W23,   44.197755,   89.217895,78,45
2,"NEKOOSA",55WI,   44.318019,    89.96874,78,46
2,"PLAINFIELD",WN09,   44.164444,   89.508056,78,46
2,"PLAINFIELD",8WI2,   44.224806,   89.531808,78,46
2,"PLOVER",8WI3,   44.420803,   89.555396,78,46
2,"WISCONSIN RAPIDS",ISW,   44.360355,   89.839039,78,46
2,"WISCONSIN RAPIDS",WI13,   44.254833,     89.8395,78,46
2,"WISCONSIN RAPIDS",6WI1,   44.495239,   89.912627,78,46
2,"BABCOCK",29WI,   44.325518,   90.027352,78,47
2,"NECEDAH",2WN5,   44.006356,   90.019239,78,47
2,"NECEDAH",DAF,   44.033444,   90.085111,78,47
2,"NEKOOSA",91WI,   44.293852,   90.032074,78,47
2,"TOMAH",01WI,       44.01,   90.389167,78,47
2,"BLACK RIVER FALLS",BCK,   44.250739,    90.85528,78,48
2,"BLACK RIVER FALLS",7WI4,   44.300516,   90.987924,78,48
2,"BLAIR",WI49,   44.286069,   91.226549,78,49
2,"CENTERVILLE",40WI,   44.058296,   91.430702,78,49
2,"GALESVILLE",4WI8,   44.051351,   91.376258,78,49
2,"HOLMEN",36WI,   44.032184,    91.29959,78,49
2,"HOLMEN",09WI,   44.003573,   91.307644,78,49
2,"INDEPENDENCE",5WI6,   44.366944,   91.395833,78,49
2,"WINONA",ONA,    44.07961,    91.71163,78,50
2,"MONDOVI",94WI,     44.4825,     91.6225,78,50
2,"ORONOCO",MN32,   44.191355,   92.452681,78,51
2,"PLAINVIEW",85MN,   44.158577,   92.202113,78,51
2,"ST CHARLES",2MN6,   44.047186,    92.09294,78,51
2,"STOCKHOLM",6WN5,   44.499829,   92.198841,78,51
2,"STOCKHOLM",WI75,   44.498892,   92.203058,78,51
2,"DODGE CENTER",TOB,   44.017996,    92.83162,78,52
2,"GOODHUE",6MN7,   44.401042,     92.6876,78,52
2,"FARIBAULT",FBL,   44.328969,   93.313074,78,53
2,"MEDFORD",6MN8,   44.152741,   93.272436,78,53
2,"MONTGOMERY",MN49,   44.423852,   93.484393,78,53
2,"OWATONNA",OWA,   44.122952,   93.258826,78,53
2,"STANTON",SYN,   44.475522,   93.016322,78,53
2,"EAGLE LAKE",MN08,   44.126494,   93.871758,78,54
2,"ELYSIAN",75MN,   44.186633,   93.714117,78,54
2,"LE SUEUR",12Y,   44.440888,   93.915847,78,54
2,"MANKATO",93MN,   44.032103,    93.94837,78,54
2,"MANKATO",MKT,   44.222778,   93.919306,78,54
2,"WASECA",ACQ,   44.073472,   93.552944,78,54
2,"GARDEN CITY",24MN,   44.004129,   94.178013,78,55
2,"NICOLLET",MY46,   44.279167,   94.213333,78,55
2,"NORTH MANKATO",MN46,   44.218583,   94.137153,78,55
2,"SEARLES",MN88,   44.228889,   94.415278,78,55
2,"NEW ULM",ULM,   44.318387,   94.501643,78,56
2,"SLEEPY EYE",Y58,    44.24964,   94.710425,78,56
2,"SPRINGFIELD",D42,   44.231056,   94.998917,78,56
2,"JEFFERS",81MN,   44.030513,   95.195549,78,57
2,"SEAFORTH",60MN,   44.468013,   95.283613,78,57
2,"MARSHALL",MML,   44.451722,   95.824417,78,58
2,"TRACY",TKC,   44.249237,   95.607409,78,58
2,"VESTA",8MN4,   44.484683,   95.509194,78,58
2,"IVANHOE",4MN4,   44.455798,   96.230595,78,59
2,"TYLER",63Y,    44.28829,   96.150956,78,59
2,"BROOKINGS",BKX,   44.304528,   96.818917,78,60
2,"FLANDREAU",4P3,   44.004055,   96.593174,78,60
2,"WHITE",20SD,   44.448889,   96.505786,78,60
2,"ARLINGTON",3A9,   44.393829,   97.122948,78,61
2,"BADGER",SD19,   44.465278,     97.2225,78,61
2,"LAKE PRESTON",Y34,   44.357275,   97.384803,78,61
2,"MADISON",MDS,   44.016417,   97.085611,78,61
2,"WINFRED",SD03,   44.050529,   97.335066,78,61
2,"DE SMET",SD83,   44.215556,     97.6075,78,62
2,"DESMET",6E5,   44.433054,    97.55817,78,62
2,"HOWARD",8D9,   44.033303,   97.533675,78,62
2,"CAVOUR",SD43,   44.239722,   98.049722,78,63
2,"HURON",HON,   44.385194,   98.228556,78,63
2,"HURON",SD55,   44.315833,   98.273333,78,63
2,"WESSINGTON SPRINGS",4X4,   44.061889,   98.532194,78,64
2,"PIERRE",PIR,   44.382694,   100.28597,78,67
2,"HAYES",SD21,   44.370815,   101.00875,78,69
2,"PHILIP",PHP,   44.048731,   101.59884,78,70
2,"BOX ELDER",3SD2,   44.109106,   102.95751,78,72
2,"ENNING",SD98,   44.462488,   102.55183,78,72
2,"NEMO",2SD0,   44.163598,    103.4788,78,73
2,"RAPID CITY",4SD4,   44.041667,   103.04583,78,73
2,"RAPID CITY",RCA,   44.145094,   103.10357,78,73
2,"RAPID CITY",RAP,   44.045333,   103.05736,78,73
2,"STURGIS",SD35,   44.494167,   103.39444,78,73
2,"STURGIS",SD24,   44.447222,   103.39528,78,73
2,"STURGIS",49B,   44.418677,   103.37772,78,73
2,"SPEARFISH",SPF,   44.481056,     103.786,78,74
2,"SPEARFISH",SD90,   44.467222,   103.78722,78,74
2,"MOORCROFT",01WY,   44.347205,    104.8108,78,76
2,"SUNDANCE",WY55,   44.419311,   104.59572,78,76
2,"UPTON",83V,   44.090537,   104.64079,78,76
2,"GILLETTE",WY65,    44.34887,   105.33749,78,77
2,"ROZET",22WY,   44.338056,   105.16212,78,77
2,"GILLETTE",GCC,   44.348908,   105.53937,78,78
2,"SUSSEX",WY23,   44.073312,   106.26586,78,79
2,"BUFFALO",BYG,   44.381083,   106.72181,78,80
2,"BASIN",0WY1,   44.411111,   108.16333,78,83
2,"BURLINGTON",12WY,       44.45,   108.38467,78,83
2,"MEETEETSE",WY42,   44.307456,   108.73679,78,84
2,"CODY",2WY8,   44.404444,   109.28194,78,85
2,"DUBOIS",U41,   44.162361,   112.22067,78,91
2,"MAY",0ID2,   44.442889,   113.77314,78,94
2,"STANLEY",2U7,   44.208556,   114.93453,78,96
2,"LOWMAN",0U1,   44.142222,   115.31406,78,97
2,"STANLEY",U63,   44.415459,   115.31677,78,97
2,"STANLEY",13ID,   44.266574,   115.00092,78,97
2,"CASCADE",ID86,   44.297778,   115.64139,78,98
2,"GARDEN VALLEY",U88,   44.066944,   115.93128,78,98
2,"CASCADE",U70,   44.492333,   116.01478,78,99
2,"CASCADE",ID44,   44.224891,   116.17958,78,99
2,"CASCADE",ID35,   44.239058,   116.14346,78,99
2,"MIDVALE",17ID,   44.413889,   116.59083,78,100
2,"MIDVALE",0U9,   44.461278,   116.75803,78,100
2,"PAYETTE",S75,   44.093974,   116.90311,78,100
2,"WEISER",9ID0,   44.300333,   116.98572,78,100
2,"WEISER",S87,   44.204667,   116.96053,78,100
2,"ONTARIO",ONO,   44.019361,   117.01303,78,101
2,"IRONSIDE",2OR6,   44.181272,   118.21493,78,103
2,"JOHN DAY",GCD,   44.402867,   118.96788,78,104
2,"PRAIRIE CITY",97OR,   44.435158,   118.66245,78,104
2,"PRAIRIE CITY",OR17,   44.411825,   118.69133,78,104
2,"SENECA",OG14,   44.025778,   118.93289,78,104
2,"SENECA",71OR,     44.2445,   119.12624,78,105
2,"SENECA",7OR8,   44.090427,   119.28968,78,105
2,"MITCHELL",64OG,   44.493436,   119.84369,78,106
2,"POST",42OR,   44.134167,   120.32306,78,107
2,"PRINEVILLE",29OR,   44.012486,   120.28046,78,107
2,"BEND",50OR,   44.097345,   120.94724,78,108
2,"MADRAS",OG51,   44.483458,   120.91586,78,108
2,"PRINEVILLE",OR42,   44.060389,   120.79878,78,108
2,"PRINEVILLE",OG21,   44.195139,   120.82308,78,108
2,"PRINEVILLE",S39,   44.287778,   120.90517,78,108
2,"PRINEVILLE",6OR4,   44.273182,   120.79474,78,108
2,"BEND",BDN,   44.094561,   121.20022,78,109
2,"BEND",OR30,   44.003173,   121.27197,78,109
2,"BEND",43OR,   44.092222,   121.15083,78,109
2,"BEND",5OR5,   44.034564,   121.11836,78,109
2,"BEND",OR04,   44.029561,   121.16475,78,109
2,"BEND",8OR5,    44.04734,   121.27559,78,109
2,"REDMOND",3OR8,   44.283174,    121.2692,78,109
2,"REDMOND",OR02,   44.335678,   121.02003,78,109
2,"REDMOND",RDM,   44.254069,   121.14997,78,109
2,"SISTERS",7OR4,   44.308832,   121.45358,78,109
2,"SISTERS",OG15,   44.233167,   121.39114,78,109
2,"SISTERS",61OR,    44.33484,   121.35532,78,109
2,"SISTERS",OR34,   44.322339,   121.43338,78,109
2,"SANTIAM JUNCTION",8S3,   44.434556,   121.94228,78,110
2,"SISTERS",6K5,   44.304458,    121.5391,78,110
2,"MC KENZIE BRIDGE",00S,   44.181556,   122.08556,78,111
2,"SPRINGFIELD/JASPER",36OR,   44.003333,      122.88,78,112
2,"BROWNSVILLE",OR94,   44.391667,   123.02953,78,113
2,"BROWNSVILLE",9OR0,   44.315124,   123.02481,78,113
2,"COBURG",OG48,   44.195944,   123.07314,78,113
2,"COBURG",OR45,   44.197069,   123.05592,78,113
2,"CORVALLIS",OG49,   44.421944,   123.25889,78,113
2,"CORVALLIS",CVO,   44.497111,   123.28953,78,113
2,"CORVALLIS",55OR,   44.435955,   123.30843,78,113
2,"CORVALLIS",4OR4,   44.443611,   123.23833,78,113
2,"CORVALLIS",OR52,   44.473455,    123.3026,78,113
2,"ELMIRA",33OR,   44.063734,   123.39149,78,113
2,"EUGENE",EUG,   44.124583,   123.21197,78,113
2,"HALSEY",OG16,   44.382622,   123.21315,78,113
2,"HARRISBURG",OR78,   44.270556,   123.06194,78,113
2,"JUNCTION CITY",OG36,     44.2504,   123.22815,78,113
2,"JUNCTION CITY",OR47,   44.188333,   123.18944,78,113
2,"WALDPORT",R33,   44.384564,   124.08512,78,115
2,"CUTLER",ME2,       44.68,   67.264361,79,1
2,"EASTPORT",EPM,   44.910111,   67.012694,79,1
2,"LUBEC",65B,   44.836556,   67.026972,79,1
2,"MACHIAS",MVM,   44.703096,    67.47859,79,1
2,"PERRY",ME88,   44.991745,   67.074425,79,1
2,"DEBLOIS",43B,   44.726875,   67.991361,79,2
2,"JONESBORO",05ME,   44.657022,    67.55916,79,2
2,"OTIS",0ME4,   44.742469,   68.474403,79,3
2,"BANGOR",BGR,   44.807444,   68.828139,79,4
2,"BREWER",0B2,   44.763833,   68.767861,79,4
2,"ELLSWORTH",72ME,   44.635278,     68.6325,79,4
2,"LEVANT",PG1,   44.867722,   68.977106,79,4
2,"NEWBURGH",ME74,   44.751389,   68.982778,79,4
2,"OLD TOWN",OLD,   44.952335,   68.674496,79,4
2,"CARMEL",14ME,   44.792568,   69.070321,79,5
2,"HARTLAND",ME47,   44.854506,   69.456436,79,5
2,"LEVANT",ME35,   44.931457,   69.007261,79,5
2,"NEWPORT",ME68,   44.820065,   69.238381,79,5
2,"PITTSFIELD",2B7,   44.768528,   69.374417,79,5
2,"PITTSFIELD",ME62,   44.809386,   69.470389,79,5
2,"FAIRFIELD",ME20,   44.599232,   69.623935,79,6
2,"MERCER",04ME,   44.666729,   69.893944,79,6
2,"NORRIDGEWOCK",OWK,     44.7155,   69.866472,79,6
2,"WATERVILLE",WVL,    44.53325,   69.675528,79,6
2,"AVON",08ME,   44.814224,   70.345344,79,7
2,"DIXFIELD",3S2,   44.514139,   70.406806,79,7
2,"JAY",ME92,    44.51673,   70.222282,79,7
2,"RANGELEY",8B0,   44.991889,   70.664611,79,8
2,"ROXBURY",ME17,   44.660233,      70.588,79,8
2,"RUMFORD",90ME,   44.523056,   70.545556,79,8
2,"BERLIN",BML,   44.575361,   71.175917,79,9
2,"ERROL",ERR,   44.792167,   71.164525,79,9
2,"COLEBROOK",4C4,   44.887524,   71.507724,79,10
2,"ISLAND POND",5B1,   44.789972,   71.826417,79,10
2,"WEST BURKE",VT56,   44.613109,   71.980929,79,10
2,"LYNDONVILLE",CDA,   44.569114,   72.017979,79,11
2,"NEWPORT",EFK,   44.888179,   72.228636,79,11
2,"NORTH TROY",VT63,   44.995322,   72.378997,79,11
2,"WOLCOTT",VT39,   44.607551,   72.480388,79,11
2,"JERICHO",VT45,   44.517273,   72.979294,79,12
2,"MORRISTOWN",VT64,   44.515331,   72.641228,79,12
2,"MORRISVILLE",MVL,   44.534361,      72.614,79,12
2,"MORRISVILLE",VT44,   44.526719,   72.581503,79,12
2,"MORRISVILLE",VT42,   44.512553,   72.607058,79,12
2,"PLATTSBURGH",PBG,   44.650944,   73.468139,79,13
2,"PLATTSBURGH",3NK5,   44.616667,   73.465278,79,13
2,"ALBURG",VT46,   44.871986,    73.28652,79,13
2,"GRAND ISLE",VT15,   44.703933,   73.245964,79,13
2,"HIGHGATE",FSO,   44.940278,   73.097472,79,13
2,"ISLE LAMOTTE",88VT,   44.878333,   73.350278,79,13
2,"MILTON",VT52,    44.64338,   73.187631,79,13
2,"SOUTH HERO",VT26,    44.63449,   73.306798,79,13
2,"BEEKMANTOWN",4NY0,   44.668932,   73.546248,79,14
2,"BEEKMANTOWN",NY60,   44.762541,   73.559304,79,14
2,"MORRISONVILLE",NY97,    44.66671,   73.566248,79,14
2,"PLATTSBURGH",NY17,   44.609211,   73.857919,79,14
2,"SARANAC",1NY4,   44.617545,   73.910978,79,14
2,"MALONE",MAL,   44.853667,   74.328944,79,15
2,"MASSENA",MSS,   44.936241,    74.84512,79,16
2,"POTSDAM",PTD,   44.676667,   74.948444,79,16
2,"CANTON",NY07,   44.545833,   75.161111,79,17
2,"OGDENSBURG",OGS,    44.68225,    75.46325,79,17
2,"MORRISTOWN",68NK,   44.567383,   75.638333,79,18
2,"HARRISVILLE",5Y0,   44.668222,   83.305111,79,33
2,"LINCOLN",3L7,   44.738346,   83.379692,79,33
2,"HUBBARD",1MI8,   44.846678,   83.636925,79,34
2,"ATLANTA",Y93,   44.996895,   84.127234,79,35
2,"LEWISTON",8M8,   44.806528,   84.276194,79,35
2,"LUZERNE",5Y4,   44.660015,   84.237512,79,35
2,"MIO",51M,   44.674833,   84.122042,79,35
2,"ALBA",MI30,   44.958039,   84.958908,79,36
2,"GAYLORD",4Y4,   44.911806,   84.875339,79,36
2,"GRAYLING",GOV,   44.680333,   84.728861,79,36
2,"GRAYLING",6MI0,   44.614733,   84.951983,79,36
2,"BELLAIRE",ACB,   44.988577,   85.198346,79,37
2,"ELK RAPIDS",34U,   44.838891,   85.431181,79,37
2,"FIFE LAKE",MI60,   44.591389,   85.310833,79,37
2,"KALKASKA",Y89,   44.725183,   85.203125,79,37
2,"MANCELONA",D90,   44.923661,   85.067648,79,37
2,"CEDAR",28MI,   44.874443,   85.792585,79,38
2,"INTERLOCHEN",Y88,   44.605704,    85.75679,79,38
2,"MAPLE CITY",MI02,   44.891058,   85.889247,79,38
2,"THOMPSONVILLE",7Y2,   44.517795,   85.970568,79,38
2,"TRAVERSE CITY",TVC,   44.741583,   85.581861,79,38
2,"TRAVERSE CITY",4M0,   44.696153,   85.914049,79,38
2,"EMPIRE",Y87,   44.790516,    86.00277,79,39
2,"FRANKFORT",FKS,   44.625219,   86.200808,79,39
2,"ALGOMA",3WI0,   44.642222,   87.419813,79,41
2,"ALGOMA",1WI8,   44.635833,   87.442222,79,41
2,"STURGEON BAY",SUE,   44.843667,   87.421528,79,41
2,"BRUSSELS",7WI8,   44.780634,   87.602403,79,42
2,"GREEN BAY",88WI,   44.508327,   87.860653,79,42
2,"LUXEMBURG",8WI6,   44.609718,   87.652871,79,42
2,"OCONTO",OCQ,   44.874056,    87.90977,79,42
2,"RIO CREEK",WI28,   44.586109,    87.55759,79,42
2,"CECIL",WI60,   44.832767,   88.463158,79,43
2,"PULASKI",92C,   44.641017,   88.214519,79,43
2,"STILES",6WI5,   44.889156,   88.020937,79,43
2,"BLACK CREEK",8WI5,   44.515496,    88.54164,79,44
2,"CLINTONVILLE",CLI,   44.613167,   88.730889,79,44
2,"CLINTONVILLE",WI52,   44.617758,   88.666767,79,44
2,"SHAWANO",8WI1,   44.753591,   88.728158,79,44
2,"SHAWANO",EZS,   44.787306,   88.560014,79,44
2,"BEVENT",3WI3,   44.765249,    89.40734,79,45
2,"ELAND",WI00,   44.873858,   89.230667,79,45
2,"IOLA",68C,   44.505537,   89.025109,79,45
2,"WAUSAU",3WI4,   44.923581,   89.402339,79,45
2,"MOSINEE",CWA,   44.777624,   89.666778,79,46
2,"MOSINEE",56WI,   44.773439,   89.593731,79,46
2,"MOSINEE",WI53,    44.79175,   89.888706,79,46
2,"MOSINEE",WS16,   44.847189,   89.801514,79,46
2,"MOSINEE",87WS,   44.840956,   89.760461,79,46
2,"STEVENS POINT",STE,   44.545136,   89.530284,79,46
2,"WAUSAU",AUW,   44.926285,   89.627002,79,46
2,"DORCHESTER",83WI,   44.970523,   90.346246,79,47
2,"GRANTON",2WN6,   44.529684,   90.419301,79,47
2,"MARSHFIELD",MFI,    44.63688,   90.189327,79,47
2,"SPENCER",44WI,   44.772217,   90.385067,79,47
2,"GREENWOOD",WI79,   44.852743,   90.556527,79,48
2,"NEILLSVILLE",VIQ,   44.558111,    90.51225,79,48
2,"THORP",97WI,     44.9633,   90.860278,79,48
2,"CADOTT",WI21,   44.909684,   91.241818,79,49
2,"CHIPPEWA FALLS",3WN8,   44.935597,   91.430686,79,49
2,"CHIPPEWA FALLS",3WI9,   44.999961,   91.383489,79,49
2,"CHIPPEWA FALLS",WI32,   44.987322,   91.330375,79,49
2,"CHIPPEWA FALLS",4WI0,   44.933295,   91.272374,79,49
2,"EAU CLAIRE",4WI5,   44.723572,   91.459881,79,49
2,"EAU CLAIRE",EAU,   44.865806,    91.48425,79,49
2,"EAU CLAIRE",WI26,   44.704961,   91.465437,79,49
2,"STRUM",3WN9,   44.556883,   91.366936,79,49
2,"DURAND",WI74,   44.667861,   91.891111,79,50
2,"DURAND",WN99,   44.657222,   91.811389,79,50
2,"EAU CLAIRE",53WI,   44.742139,   91.585361,79,50
2,"EAU CLAIRE",55WN,   44.813267,   91.558067,79,50
2,"ELEVA",WS69,   44.574964,     91.5471,79,50
2,"ELK MOUND",WI05,   44.808333,   91.684444,79,50
2,"MENOMONIE",LUM,   44.892333,   91.867806,79,50
2,"MENOMONIE",WI27,   44.920241,     91.9749,79,50
2,"FRONTENAC",MY50,   44.502745,   92.361293,79,51
2,"RED WING",RGK,   44.589361,   92.484972,79,51
2,"ARKANSAW",28WI,   44.604133,   92.046561,79,51
2,"BALDWIN",WI14,   44.966632,   92.387691,79,51
2,"BALDWIN",WI29,   44.908889,   92.401667,79,51
2,"DURAND",WI25,   44.538856,   92.014058,79,51
2,"MAIDEN ROCK",5WN9,   44.594411,   92.258511,79,51
2,"PEPIN",25WN,   44.528718,   92.120341,79,51
2,"WOODVILLE",45WI,   44.999964,   92.283522,79,51
2,"AFTON",MY35,   44.931106,   92.812522,79,52
2,"HASTINGS",MN55,   44.705245,   92.811869,79,52
2,"HASTINGS",MN58,   44.697745,   92.864094,79,52
2,"HASTINGS",49MN,   44.671912,   92.826314,79,52
2,"NEW TRIER",36MN,   44.583056,   92.943889,79,52
2,"ST PAUL",21D,   44.997492,   92.855681,79,52
2,"WELCH",28MN,     44.5681,   92.757017,79,52
2,"PRESCOTT",65WI,   44.688725,   92.685689,79,52
2,"RIVER FALLS",6WI2,   44.843856,   92.755757,79,52
2,"COATES",MY52,   44.718578,   93.044102,79,53
2,"ELKO",MN15,   44.623339,   93.402053,79,53
2,"FARMINGTON",69MY,   44.661077,   93.100215,79,53
2,"FARMINGTON",MN45,   44.570278,    93.13216,79,53
2,"FARMINGTON",MY97,   44.598019,   93.126881,79,53
2,"INVER GROVE HEIGHTS",35MN,   44.815522,   93.013547,79,53
2,"MINNEAPOLIS",LVN,   44.627861,   93.228083,79,53
2,"MINNEAPOLIS",FCM,     44.8275,   93.458583,79,53
2,"MINNEAPOLIS",MSP,   44.881972,   93.221778,79,53
2,"SOUTH ST PAUL",SGS,   44.857139,   93.032861,79,53
2,"ST PAUL",STP,   44.934623,   93.060342,79,53
2,"WEBSTER",1MN8,   44.525739,   93.327458,79,53
2,"JORDAN",9MN6,   44.643435,   93.699681,79,54
2,"JORDAN",MN63,   44.683296,   93.636902,79,54
2,"LYDIA",MN67,   44.659685,   93.518286,79,54
2,"NORWOOD",47MN,   44.705326,   93.854373,79,54
2,"OSTER",3MN9,   44.984413,    93.93608,79,54
2,"WACONIA",1MN5,   44.843573,   93.739963,79,54
2,"YOUNG AMERICA",88MN,   44.801667,   93.950278,79,54
2,"GLENCOE",GYL,   44.756006,   94.081461,79,55
2,"HUTCHINSON",HCD,   44.859889,     94.3825,79,55
2,"HUTCHINSON",MN36,   44.948572,   94.260169,79,55
2,"HUTCHINSON",MN62,   44.849962,    94.35026,79,55
2,"SILVER LAKE",MN41,   44.973428,   94.214186,79,55
2,"WINSTED",10D,   44.949963,   94.066918,79,55
2,"CEDAR MILLS",MN20,   44.910517,   94.571379,79,56
2,"COSMOS",MN28,   44.983018,   94.748052,79,56
2,"HECTOR",1D6,   44.731166,   94.713736,79,56
2,"MORTON",56MN,   44.645516,   94.961385,79,56
2,"BELVIEW",MN98,   44.647312,   95.304917,79,57
2,"CLARA CITY",66MN,   44.977181,   95.422796,79,57
2,"OLIVIA",OVL,   44.778572,   95.032778,79,57
2,"REDWOOD FALLS",RWF,   44.546889,      95.082,79,57
2,"GRANITE FALLS",GDB,   44.752459,    95.55553,79,58
2,"MONTEVIDEO",MVE,   44.969194,   95.710389,79,58
2,"CANBY",CNB,     44.7295,   96.266028,79,59
2,"MADISON",DXX,   44.986435,   96.177859,79,59
2,"TAUNTON",MY04,   44.659961,   96.037256,79,59
2,"GARY",00SD,   44.809158,   96.498897,79,59
2,"REVILLO",SD94,    44.99302,   96.476998,79,59
2,"CLEAR LAKE",5H3,   44.771695,   96.688391,79,60
2,"GARY",17SD,   44.818642,   96.564017,79,60
2,"WATERTOWN",ATY,   44.913972,   97.154722,79,61
2,"CLARK",8D7,   44.895032,   97.710479,79,62
2,"DOLAND",SD13,   44.867492,   98.074683,79,63
2,"MILLER",MKA,   44.525239,   98.958078,79,64
2,"REDFIELD",1D8,   44.856567,   98.531228,79,64
2,"HIGHMORE",9D0,   44.540767,   99.451012,79,65
2,"MILLER",18SD,   44.702653,   99.070972,79,65
2,"GETTYSBURG",SD93,   44.868133,   99.609883,79,66
2,"GETTYSBURG",0D8,   44.986611,   99.952889,79,66
2,"HARROLD",SD50,   44.531306,   99.747667,79,66
2,"ONIDA",98D,     44.7005,   100.10142,79,67
2,"PIERRE",SD57,   44.566647,   100.75042,79,68
2,"EAGLE BUTTE",84D,   44.984389,   101.25106,79,69
2,"FAITH",1SD4,   44.870069,   102.41408,79,71
2,"OPAL",SD72,   44.859497,   102.57661,79,72
2,"BELLE FOURCHE",EFC,   44.734556,   103.86181,79,74
2,"HULETT",W43,   44.662861,   104.56783,79,76
2,"HULETT",WY14,   44.637484,   104.68858,79,76
2,"HULETT",11WY,   44.958606,   104.86866,79,76
2,"SHERIDAN",07WY,   44.960278,   106.10694,79,79
2,"SHERIDAN",SHR,   44.769194,   106.98028,79,80
2,"DAYTON",99WY,     44.8458,   107.27674,79,81
2,"COWLEY/LOVELL/BYRON",U68,   44.911667,    108.4455,79,83
2,"GREYBULL",GEY,   44.517944,     108.083,79,83
2,"POWELL",WY36,   44.790229,    108.7343,79,84
2,"POWELL",WY15,   44.689667,   108.67867,79,84
2,"POWELL",POY,   44.867167,   108.79342,79,84
2,"CODY",COD,   44.520194,   109.02381,79,85
2,"CODY",WY06,   44.838279,   109.62156,79,86
2,"ISLAND PARK",U53,    44.63475,   111.34269,79,89
2,"WEST YELLOWSTONE",WYS,   44.688389,   111.11764,79,89
2,"LAKEVIEW",MT47,    44.68686,   111.89359,79,90
2,"DELL",4U9,    44.73575,   112.71969,79,92
2,"LEADORE",U00,   44.673111,   113.35244,79,93
2,"MAY",0U8,   44.610333,   113.89486,79,94
2,"CHALLIS",LLJ,   44.523607,   114.21794,79,95
2,"BERNARD",U54,   44.979637,   114.73481,79,96
2,"CHALLIS",D47,   44.741153,   114.91861,79,96
2,"CHALLIS",C53,   44.808671,   114.80866,79,96
2,"CHALLIS",ID8,   44.773472,   114.98528,79,96
2,"CHALLIS",U72,   44.591578,   114.82314,79,96
2,"MAHONEY CREEK",0U3,   44.744583,   114.92139,79,96
2,"SALMON",12ID,    44.96797,   114.73287,79,96
2,"CASCADE",02ID,   44.555459,   115.30511,79,97
2,"CASCADE",ID74,    44.53657,   115.35094,79,97
2,"INDIAN CREEK",S81,   44.761139,   115.10736,79,97
2,"STANLEY",2U8,   44.723306,   115.00397,79,97
2,"YELLOW PINE",3U2,   44.911722,   115.48553,79,97
2,"YELLOW PINE",ID41,   44.899907,   115.33289,79,97
2,"LANDMARK",0U0,   44.642111,   115.53339,79,98
2,"MC CALL",24K,   44.974222,   115.72975,79,98
2,"YELLOW PINE",I92,   44.891667,   115.71306,79,98
2,"COUNCIL",U82,   44.750333,   116.44506,79,99
2,"DONNELLY",ID96,   44.785169,   116.06679,79,99
2,"DONNELLY",44ID,   44.736942,   116.07416,79,99
2,"DONNELLY",U84,    44.72906,   116.09263,79,99
2,"LAKE FORK",ID59,   44.817583,   116.06802,79,99
2,"MC CALL",MYL,   44.888722,   116.10175,79,99
2,"MCCALL",2ID5,   44.807467,   116.04948,79,99
2,"NEW MEADOWS",1U4,      44.978,   116.28392,79,99
2,"CAMBRIDGE",ID77,   44.705278,   116.80694,79,100
2,"COUNCIL",03ID,   44.794329,   116.53265,79,100
2,"HALFWAY",OR70,   44.859604,   117.08795,79,101
2,"BAKER CITY",BKE,   44.837333,   117.80914,79,102
2,"BAKER CITY",OG45,   44.616944,   117.87194,79,102
2,"HAINES",OR11,   44.912367,   117.95799,79,102
2,"HAINES",OG27,   44.940142,   118.01188,79,103
2,"DAYVILLE",OR13,   44.502833,   119.37108,79,105
2,"LONG CREEK",OR07,   44.762375,   119.10192,79,105
2,"MONUMENT",12S,   44.831528,   119.42967,79,105
2,"DAYVILLE",49OR,   44.593756,   119.56415,79,106
2,"KIMBERLY",OG39,   44.660861,   119.65262,79,106
2,"ANTELOPE",2OR1,     44.8285,   120.49503,79,107
2,"KINZUA",OR89,   44.999855,   120.05252,79,107
2,"MITCHELL",04OR,   44.749855,   120.20113,79,107
2,"MADRAS",72OR,   44.789039,   120.95851,79,108
2,"SHANIKO",OG54,   44.960097,   120.88466,79,108
2,"CULVER",OG00,   44.557895,   121.40144,79,109
2,"CULVER",5S5,   44.519285,    121.3206,79,109
2,"MADRAS",OG19,   44.650117,   121.23838,79,109
2,"MADRAS",S33,   44.670163,   121.15515,79,109
2,"GATES",6S4,   44.745889,   122.42139,79,111
2,"ALBANY",OR21,   44.593178,   122.98954,79,112
2,"AUMSVILLE",OR25,   44.844843,    122.9012,79,112
2,"JEFFERSON",21OG,   44.771806,   122.96944,79,112
2,"LEBANON",6OR8,   44.532319,   122.98287,79,112
2,"LEBANON",S30,   44.531139,   122.92972,79,112
2,"LEBANON",OG10,   44.557222,   122.82611,79,112
2,"LEBANON",88OR,   44.568333,   122.97139,79,112
2,"SALEM",OR87,   44.966111,    122.9225,79,112
2,"SALEM",4OR5,   44.967898,   122.94148,79,112
2,"SALEM",4OR7,   44.985398,   122.94621,79,112
2,"SCIO",OR51,   44.719567,   122.69953,79,112
2,"SCIO",OG28,   44.683178,   122.78287,79,112
2,"SILVERTON",22OR,   44.941788,   122.76259,79,112
2,"STAYTON",5OR8,   44.773177,   122.85009,79,112
2,"STAYTON",56OG,   44.771667,   122.72722,79,112
2,"STAYTON",8OR2,   44.778455,   122.73009,79,112
2,"STAYTON",5OR9,   44.776789,   122.76009,79,112
2,"ALBANY",S12,   44.637815,   123.05945,79,113
2,"ALBANY",OR20,   44.658177,   123.14287,79,113
2,"ALBANY",4OR3,   44.730399,   123.07593,79,113
2,"ALBANY",OR67,     44.6952,   123.01966,79,113
2,"ALBANY",OR22,   44.619289,   123.03176,79,113
2,"ALBANY",9OR8,   44.732621,   123.05565,79,113
2,"CORVALLIS",OG01,     44.5975,   123.23306,79,113
2,"CORVALLIS",OR39,   44.657621,   123.21204,79,113
2,"CORVALLIS",8OR7,   44.627066,   123.22454,79,113
2,"CORVALLIS",OR54,   44.598455,   123.20676,79,113
2,"INDEPENDENCE",OR77,   44.800398,   123.15621,79,113
2,"INDEPENDENCE",7S5,   44.867152,   123.19825,79,113
2,"JEFFERSON",2OR3,   44.794565,    123.0976,79,113
2,"JEFFERSON",OR86,   44.755399,   123.04704,79,113
2,"MONMOUTH",OG52,   44.839222,   123.25893,79,113
2,"MONMOUTH",0OR7,   44.854008,   123.26371,79,113
2,"SALEM",SLE,   44.909528,    123.0025,79,113
2,"SALEM",4OR8,   44.848454,   123.04148,79,113
2,"SILETZ",5OR3,   44.730394,   123.91511,79,114
2,"TOLEDO",5S4,   44.601028,   123.93961,79,114
2,"GLENEDEN BEACH",S45,   44.876778,   124.02856,79,115
2,"NEWPORT",ONP,   44.580361,   124.05792,79,115
2,"CHARLOTTE",ME06,   45.027854,   67.309434,80,1
2,"MEDDYBEMPS",66B,   45.029622,   67.365967,80,1
2,"PRINCETON",PNN,    45.20066,   67.564399,80,2
2,"CHARLESTON",2ME3,    45.04135,   68.990022,80,4
2,"LINCOLN",LRG,   45.362161,   68.534747,80,4
2,"PASSADUMKEAG",92ME,   45.219583,   68.639083,80,4
2,"BROWNVILLE",ME03,   45.336162,   69.050874,80,5
2,"CAMBRIDGE",ME70,   45.037556,   69.479215,80,5
2,"DEXTER",1B0,   45.004508,   69.237437,80,5
2,"DOVER/FOXCROFT",44B,   45.177472,   69.244667,80,5
2,"SANGERVILLE",ME32,   45.090333,   69.258656,80,5
2,"WILLIMANTIC",ME79,   45.305606,   69.346715,80,5
2,"BINGHAM",ME08,   45.040334,   69.868947,80,6
2,"GREENVILLE",3B1,   45.462833,    69.55165,80,6
2,"CARRABASSETT",B21,   45.085439,   70.216421,80,7
2,"ALBURG",VT38,   45.009167,   73.246667,80,13
2,"ALPENA",APN,   45.078083,   83.560306,80,34
2,"HILLMAN",Y95,   45.083219,   83.938495,80,34
2,"POSEN",49MI,   45.160683,    83.74095,80,34
2,"ROGERS CITY",PZQ,   45.407083,   83.812861,80,34
2,"ONAWAY",1MI3,   45.195846,   84.321682,80,35
2,"BOYNE CITY",N98,   45.208813,   84.989886,80,36
2,"BOYNE FALLS",BFA,   45.165842,   84.924114,80,36
2,"GAYLORD",GLR,   45.013028,   84.703444,80,36
2,"HARBOR SPRINGS",MGN,   45.425472,   84.913472,80,36
2,"INDIAN RIVER",Y65,   45.408345,   84.600036,80,36
2,"CHARLEVOIX",CVX,   45.304861,   85.275306,80,37
2,"EAST JORDAN",MI24,   45.141674,   85.006718,80,37
2,"EAST JORDAN",Y94,   45.130184,   85.106815,80,37
2,"EASTPORT",59M,   45.054869,   85.356897,80,37
2,"NORTH FOX ISLAND",6Y3,   45.482097,   85.780829,80,38
2,"NORTHPORT",3MI2,   45.399161,   85.830081,80,38
2,"NORTHPORT",5D5,   45.164347,   85.575478,80,38
2,"WASHINGTON ISLAND",2P2,   45.388255,    86.92404,80,40
2,"CHAMBERS ISLAND",30WI,   45.191931,   87.359278,80,41
2,"ELLISON BAY",8WN8,   45.235125,   87.067528,80,41
2,"EPHRAIM",3D2,   45.135707,   87.188128,80,41
2,"MENOMINEE",MNM,   45.126688,   87.638543,80,42
2,"MARINETTE",5WI4,   45.081374,   87.679273,80,42
2,"WAUSAUKEE",06WI,   45.402761,   87.857317,80,42
2,"COLEMAN",5WI8,   45.076094,   88.004271,80,43
2,"CRIVITZ",3D1,   45.214641,   88.073298,80,43
2,"POUND",10WI,   45.115815,   88.189547,80,43
2,"POUND",WS29,   45.120259,   88.143436,80,43
2,"SURING",7P5,   45.065417,   88.427083,80,43
2,"LAKEWOOD",4WN3,   45.332052,   88.535996,80,44
2,"ANTIGO",AIG,    45.15395,   89.110617,80,45
2,"MERRILL",5WI5,   45.274963,   89.491789,80,45
2,"POLAR",9WI6,   45.104135,   89.016777,80,45
2,"WAUSAU",5WN8,   45.032417,   89.401833,80,45
2,"IRMA",WS45,   45.341633,   89.674574,80,46
2,"MERRILL",92WI,   45.296111,   89.641111,80,46
2,"MERRILL",RRL,   45.198917,   89.712861,80,46
2,"MERRILL",WI87,   45.203333,   89.524444,80,46
2,"MERRILL",WN44,   45.239409,   89.569012,80,46
2,"MERRILL",WS23,   45.216111,   89.747222,80,46
2,"TOMAHAWK",TKV,   45.469361,   89.804889,80,46
2,"ATHENS",52WI,   45.159644,   90.056883,80,47
2,"MEDFORD",MDZ,   45.101318,   90.300174,80,47
2,"BLOOMER",WI18,   45.133295,   91.450159,80,49
2,"BRUCE",WN90,   45.374964,   91.291819,80,49
2,"CORNELL",4WI9,   45.165522,   91.105697,80,49
2,"LADYSMITH",RCX,   45.496586,   91.000187,80,49
2,"BARRON",9Y7,   45.407458,    91.83434,80,50
2,"CHETEK",Y23,   45.306488,   91.636823,80,50
2,"CHETEK",WS13,   45.311944,   91.589722,80,50
2,"CHETEK",3WN6,   45.238961,   91.711948,80,50
2,"NEW AUBURN",73WI,   45.240517,   91.508773,80,50
2,"PRAIRIE FARM",6WI0,   45.180836,   91.988197,80,50
2,"RICE LAKE",RPD,   45.420111,   91.773333,80,50
2,"AMERY",AHH,   45.281148,   92.375392,80,51
2,"BALSAM LAKE",4WN5,   45.457026,   92.378306,80,51
2,"BOYCEVILLE",3T3,   45.043953,   92.021328,80,51
2,"EMERALD",85WI,   45.044433,   92.292772,80,51
2,"PRAIRIE FARM",19WI,    45.19524,   92.057126,80,51
2,"WOODVILLE",54WI,   45.008297,   92.275188,80,51
2,"FOREST LAKE",25D,    45.24741,   92.992854,80,52
2,"LINDSTROM",5MN5,   45.436352,   92.834936,80,52
2,"NORTH BRANCH",MY90,   45.482185,   92.988551,80,52
2,"STACY",MN51,   45.453575,   92.974722,80,52
2,"TAYLORS FALLS",62MN,   45.381351,    92.68243,80,52
2,"WHITE BEAR TOWNSHIP",6MN9,   45.116633,   92.996051,80,52
2,"HUDSON",02WI,   45.031911,   92.655756,80,52
2,"NEW RICHMOND",RNH,   45.147778,   92.539167,80,52
2,"OSCEOLA",OEO,   45.309343,   92.690123,80,52
2,"OSCEOLA",WN86,   45.263854,   92.621592,80,52
2,"ROBERTS",WS41,   45.012189,   92.551308,80,52
2,"SOMERSET",24WI,   45.095522,   92.673814,80,52
2,"ST CROIX FALLS",WS71,   45.430514,   92.615483,80,52
2,"STAR PRAIRIE",1WN3,   45.211861,   92.536028,80,52
2,"CROWN",MY95,   45.446389,   93.382778,80,53
2,"HAM LAKE",MN87,   45.243611,   93.221667,80,53
2,"LINO LAKES",MY18,   45.187188,   93.130501,80,53
2,"LINO LAKES",MN24,   45.161717,   93.120833,80,53
2,"MINNEAPOLIS",ANE,   45.144889,   93.210194,80,53
2,"MINNEAPOLIS",MIC,    45.06198,   93.353892,80,53
2,"ST FRANCIS",MY43,   45.402742,   93.389398,80,53
2,"BUFFALO",CFE,   45.158833,   93.843306,80,54
2,"CLEAR LAKE",8Y6,    45.44441,   93.971092,80,54
2,"CLEAR LAKE",2MY4,   45.433869,   93.948714,80,54
2,"CORCORAN",42MN,    45.08413,   93.564403,80,54
2,"DELANO",MN19,   45.047322,   93.836356,80,54
2,"ELK RIVER",MN40,   45.362465,   93.588572,80,54
2,"LORETTO",MN66,   45.063139,   93.652333,80,54
2,"MAPLE LAKE",MGG,   45.235993,   93.985589,80,54
2,"MAPLE PLAIN",MN69,   45.002741,   93.671906,80,54
2,"CLEARWATER",5MN4,   45.412521,   94.076651,80,55
2,"WATKINS",32MN,   45.367464,   94.399437,80,55
2,"ATWATER",67MN,   45.201908,   94.801114,80,56
2,"ATWATER",68MN,   45.048597,   94.836668,80,56
2,"LITCHFIELD",MN31,   45.062184,   94.579159,80,56
2,"LITCHFIELD",LJF,   45.097139,    94.50725,80,56
2,"PAYNESVILLE",PEX,   45.372064,   94.744726,80,56
2,"WATKINS",15MN,   45.262211,   94.510658,80,56
2,"BROOTEN",6D1,   45.497049,    95.10421,80,57
2,"GLENWOOD",MN71,    45.47989,    95.33771,80,57
2,"GLUEK",2MN1,    45.04607,   95.464466,80,57
2,"WILLMAR",BDH,   45.117028,   95.129333,80,57
2,"BENSON",BBB,   45.331917,   95.650583,80,58
2,"BENSON",MN11,    45.29996,   95.545032,80,58
2,"APPLETON",AQP,   45.227502,   96.004529,80,59
2,"ORTONVILLE",VVV,   45.304129,   96.424609,80,59
2,"MILBANK",1D1,     45.2305,   96.566083,80,60
2,"WILMOT",SD65,   45.437739,     96.9998,80,60
2,"CROCKER",SD59,   45.022278,   97.844861,80,62
2,"WEBSTER",1D7,   45.293111,   97.513611,80,62
2,"ABERDEEN",ABR,   45.446798,   98.422441,80,63
2,"ABERDEEN",SD32,   45.434722,   98.444306,80,63
2,"ABERDEEN",SD05,   45.368611,   98.471944,80,63
2,"FERNEY",SD49,   45.287181,   98.054261,80,63
2,"FAULKTON",3FU,   45.030674,   99.112872,80,65
2,"IPSWICH",SD25,   45.452197,   99.012333,80,65
2,"IPSWICH",2SD9,   45.452197,   99.010111,80,65
2,"BOWDLE",5SD3,   45.439561,    99.67521,80,66
2,"HOVEN",9F8,   45.257559,   99.797839,80,66
2,"SELBY",9SD7,    45.47499,   100.03512,80,67
2,"GLENCROSS",0SD0,   45.424989,   100.89209,80,68
2,"RIDGEVIEW",SD36,    45.12915,   100.75598,80,68
2,"EAGLE BUTTE",SD47,   45.002758,   101.21321,80,69
2,"ISABEL",3Y7,   45.389711,   101.43757,80,69
2,"TIMBER LAKE",D58,   45.414988,    101.0832,80,69
2,"GLAD VALLEY",1SD0,   45.323033,   101.74209,80,70
2,"FAITH",D07,   45.035167,   102.02067,80,71
2,"FAITH",SD48,   45.199986,   102.65044,80,72
2,"HOOVER",0SD3,   45.269434,   103.21712,80,73
2,"CAMP CROOK",SD33,   45.499994,   104.00049,80,75
2,"ALZADA",MT50,   45.087764,   104.81942,80,76
2,"BROADUS",00F,   45.470472,   105.45714,80,77
2,"ASHLAND",1M6,   45.288043,    106.1453,80,79
2,"FORT SMITH",5U7,   45.320793,   107.93122,80,82
2,"FORT SMITH",9MT0,   45.402919,   107.77421,80,82
2,"BRIDGER",6S1,   45.291614,    108.9257,80,84
2,"RED LODGE",RED,   45.184833,   109.25771,80,85
2,"ROBERTS",16MT,   45.405223,   109.12988,80,85
2,"GARDINER",29S,   45.049936,    110.7466,80,88
2,"LIVINGSTON",MT48,   45.434658,   110.64438,80,88
2,"BIG SKY",MT94,   45.246595,   111.32857,80,89
2,"GALLATIN GATEWAY",1MT0,   45.067428,   111.29718,80,89
2,"ENNIS",EKS,   45.274361,   111.64886,80,90
2,"DILLON",DLN,   45.255361,    112.5525,80,92
2,"JACKSON",18MT,   45.215961,   113.49927,80,93
2,"SALMON",ID52,   45.157101,   113.80203,80,94
2,"SALMON",SMN,   45.123278,   113.88144,80,94
2,"SALMON",8ID8,   45.353333,     113.865,80,94
2,"BIG CREEK RANGER STATION",I08,   45.143524,   114.92899,80,96
2,"COLD MEADOWS GUARD STATION",U81,     45.2935,   114.94531,80,96
2,"MOSCOW",09ID,   45.103889,   114.85528,80,96
2,"SOLDIER BAR",85U,   45.099914,   114.80093,80,96
2,"BIG CREEK",U60,   45.133243,   115.32178,80,97
2,"CHAMBERLAIN GUARD STATION",U79,   45.379078,   115.19678,80,97
2,"DIXIE",C48,   45.396667,   115.48333,80,97
2,"DIXIE",ID28,   45.379075,   115.50512,80,98
2,"WARREN",3U1,   45.268111,   115.68361,80,98
2,"COUNCIL",ID17,   45.010989,   116.68876,80,100
2,"HOMESTEAD",OR12,   45.004323,   116.84905,80,100
2,"IMNAHA",25U,   45.427861,   116.69389,80,100
2,"ENTERPRISE",05OR,    45.44425,   117.34731,80,101
2,"ENTERPRISE",8S4,   45.424833,   117.26475,80,101
2,"JOSEPH",JSY,    45.35955,   117.25384,80,101
2,"COVE",OG07,   45.333611,   117.81972,80,102
2,"COVE",7OR0,   45.358198,   117.63437,80,102
2,"ENTERPRISE",68D,    45.34456,   117.62648,80,102
2,"UNION",OR03,   45.064722,   117.66158,80,102
2,"LA GRANDE",LGD,   45.289548,   118.00612,80,103
2,"STARKEY",37OR,   45.093187,   118.39884,80,103
2,"PILOT ROCK",45OG,   45.476389,   118.79167,80,104
2,"UKIAH",96OR,   45.100556,   118.81694,80,104
2,"LEXINGTON",9S9,   45.454139,   119.69028,80,106
2,"CONDON",OR46,   45.383183,   120.46782,80,107
2,"CONDON",3S9,   45.246567,   120.16645,80,107
2,"CONDON",OR48,   45.194296,   120.21698,80,107
2,"SHANIKO",9OR1,   45.002903,   120.73977,80,108
2,"MAUPIN",19OR,   45.109562,   121.22367,80,109
2,"WAMIC",32OR,   45.254839,   121.29368,80,109
2,"WAPINITIA",OR53,   45.145673,   121.22895,80,109
2,"BORING",OR72,   45.442065,   122.32314,80,111
2,"BORING",OR35,   45.442621,   122.32064,80,111
2,"BORING",6OR7,   45.452898,   122.32111,80,111
2,"CORBETT",OR50,   45.485676,   122.23398,80,111
2,"ESTACADA",OR66,    45.30401,   122.36092,80,111
2,"ESTACADA",OR65,   45.354843,   122.34592,80,111
2,"ESTACADA",5S9,   45.308176,    122.3187,80,111
2,"OREGON CITY",7OR9,   45.324289,   122.47203,80,111
2,"OREGON CITY",1OR7,     45.2879,   122.45611,80,111
2,"REDLAND",20OR,      45.325,   122.42417,80,111
2,"SANDY",S48,   45.354444,   122.26806,80,111
2,"SANDY",OG29,   45.430676,   122.24203,80,111
2,"SANDY",03S,   45.401611,   122.22869,80,111
2,"SANDY",4OR6,   45.449843,   122.25426,80,111
2,"AURORA",UAO,   45.247139,   122.77006,80,112
2,"BEAVERTON",OR00,   45.434528,      122.88,80,112
2,"BEAVERTON",OR28,   45.441506,   122.89288,80,112
2,"BROOKS",7OR7,   45.054009,   122.90704,80,112
2,"BROOKS",OR38,   45.079375,   122.92589,80,112
2,"CANBY",44OR,   45.222343,   122.72676,80,112
2,"CANBY",OR40,   45.255677,   122.65092,80,112
2,"CANBY",OR41,   45.207621,   122.66926,80,112
2,"DONALD",67OR,    45.23373,   122.85649,80,112
2,"HILLSBORO",OR31,   45.413389,   122.99392,80,112
2,"HILLSBORO",7S3,    45.42845,   122.94216,80,112
2,"HUBBARD",7S9,   45.180398,   122.74343,80,112
2,"MOLALLA",OL05,   45.146233,   122.61759,80,112
2,"NEWBERG",28OR,   45.312222,   122.90139,80,112
2,"NEWBERG",2S6,   45.295673,   122.95538,80,112
2,"OREGON CITY",OG30,    45.31651,   122.60537,80,112
2,"OREGON CITY",OG20,   45.320677,    122.5512,80,112
2,"OREGON CITY",2OR0,   45.344288,   122.51787,80,112
2,"PORTLAND-MULINO",4S9,   45.216556,   122.59019,80,112
2,"TIGARD",OG34,    45.39984,   122.82899,80,112
2,"AMITY",OG44,   45.153389,   123.23725,80,113
2,"AMITY",64OR,   45.033729,   123.17232,80,113
2,"AMITY",18OR,   45.091864,   123.18235,80,113
2,"BALLSTON",OR71,   45.065278,   123.32917,80,113
2,"GASTON",69OR,   45.412615,   123.13677,80,113
2,"GASTON",70OR,   45.409559,     123.149,80,113
2,"LAFAYETTE",OR90,   45.244283,   123.12899,80,113
2,"MC COY",OR95,   45.049839,   123.23455,80,113
2,"MC MINNVILLE",MMV,   45.194556,   123.13606,80,113
2,"NEWBERG",17S,   45.323728,   123.05427,80,113
2,"NEWBERG",73OR,   45.370394,    123.0651,80,113
2,"NEWBERG",74OR,   45.323728,   123.01899,80,113
2,"SHERIDAN",91OR,   45.102614,   123.41927,80,113
2,"SHERIDAN",98OR,   45.199002,   123.37011,80,113
2,"SHERIDAN",67OG,   45.031389,   123.40611,80,113
2,"SHERIDAN",OG23,   45.157058,   123.39149,80,113
2,"YAMHILL",OR05,   45.361528,   123.35331,80,113
2,"YAMHILL",OR59,   45.331503,   123.20705,80,113
2,"PACIFIC CITY",PFC,   45.199361,   123.96189,80,114
2,"TILLAMOOK",TMK,    45.41825,   123.81439,80,114
2,"WILLAMINA",2OG5,   45.117978,   123.50646,80,114
2,"FOREST TOWNSHIP",84ME,   45.552889,   67.746042,81,2
2,"MILLINOCKET",MLT,   45.647833,   68.685556,81,4
2,"ROCKWOOD",ME22,   45.671167,   69.806778,81,6
2,"ROCKWOOD",13ME,   45.776373,    69.80934,81,6
2,"JACKMAN",59B,   45.632754,   70.248792,81,7
2,"CHEBOYGAN",2M7,   45.531617,   84.308044,81,35
2,"BOIS BLANC ISLAND",6Y1,   45.766298,   84.503814,81,36
2,"CHEBOYGAN",SLH,    45.65374,   84.519303,81,36
2,"MACKINAC ISLAND",MCD,   45.864983,   84.637094,81,36
2,"PELLSTON",PLN,   45.570917,   84.796722,81,36
2,"ST IGNACE",83D,   45.891444,   84.738139,81,36
2,"TOPINABEE",Y30,   45.531122,   84.556982,81,36
2,"BEAVER ISLAND",SJX,   45.692222,   85.566611,81,38
2,"BEAVER ISLAND",6Y8,   45.721291,   85.519742,81,38
2,"MANISTIQUE",ISQ,   45.974639,   86.171833,81,39
2,"ESCANABA",ESC,   45.722675,   87.093717,81,41
2,"GLADSTONE",43MI,   45.859131,   87.116804,81,41
2,"BEECHER",WS25,   45.581631,   87.845396,81,42
2,"PEMBINE",WI90,   45.654367,   87.955158,81,42
2,"IRON MOUNTAIN",MI92,   45.932731,   88.098186,81,43
2,"IRON MOUNTAIN KINGSFORD",IMT,   45.818361,   88.114556,81,43
2,"BEECHER",WN11,   45.585796,   88.003729,81,43
2,"CRANDON",Y55,   45.522648,   88.928437,81,44
2,"LAONA",90WI,   45.574964,   88.708445,81,44
2,"CRANDON",4WI2,   45.606072,   89.021507,81,45
2,"EAGLE RIVER",EGV,   45.932333,   89.268278,81,45
2,"RHINELANDER",RHI,     45.6309,   89.466628,81,45
2,"RHINELANDER",WS78,   45.550278,   89.487778,81,45
2,"THREE LAKES",40D,   45.790235,   89.120959,81,45
2,"GOODNOW",WS39,   45.699401,   89.662364,81,46
2,"HAZELHURST",48WI,   45.793843,   89.730146,81,46
2,"LAKE TOMAHAWK",WI36,    45.82662,   89.620143,81,46
2,"MINOCQUA-WOODRUFF",ARV,   45.927917,   89.730944,81,46
2,"RHINELANDER",WI42,   45.657178,   89.529858,81,46
2,"TOMAHAWK",4WI4,   45.574075,   89.747972,81,46
2,"PARK FALLS",PKF,   45.955091,   90.424435,81,47
2,"PARK FALLS",WS06,   45.987726,   90.163495,81,47
2,"PHILLIPS",PBH,   45.708833,     90.4025,81,47
2,"PRENTICE",5N2,   45.538332,   90.276335,81,47
2,"EXELAND",26WI,   45.699125,   91.303492,81,49
2,"OJIBWA",WI37,   45.808294,   91.096274,81,49
2,"BIRCHWOOD",6WI6,   45.743247,   91.652658,81,50
2,"BIRCHWOOD",WN98,   45.659444,     91.5225,81,50
2,"CUMBERLAND",UBE,     45.5061,   91.980802,81,50
2,"SHELL LAKE",SSQ,   45.731381,   91.920661,81,50
2,"SPOONER",1H9,   45.835616,   91.802838,81,50
2,"SPRINGBROOK",5WI1,   45.901894,   91.677118,81,50
2,"SPRINGBROOK",23WN,   45.911056,     91.6285,81,50
2,"STONE LAKE",14WS,   45.778008,     91.5585,81,50
2,"COMSTOCK",0WI1,   45.507177,   92.141851,81,51
2,"SIREN",RZN,   45.823464,   92.373693,81,51
2,"WEBSTER",WS81,      45.948,   92.108519,81,51
2,"WEBSTER",2WS2,   45.913686,   92.293239,81,51
2,"WEBSTER",9WN2,   45.966611,   92.146021,81,51
2,"HINKLEY",33MN,   45.988839,     92.9016,81,52
2,"RUSH CITY",ROS,   45.697154,   92.952176,81,52
2,"GRANTSBURG",WS77,   45.684033,   92.687139,81,52
2,"GRANTSBURG",GTG,   45.798378,   92.664331,81,52
2,"CAMBRIDGE",CBG,   45.557495,   93.264184,81,53
2,"CAMBRIDGE",9MN1,   45.611629,   93.197446,81,53
2,"MORA",JMR,   45.891898,   93.272949,81,53
2,"PRINCETON",MN47,   45.549686,   93.469756,81,53
2,"PRINCETON",MN68,   45.656818,   93.482312,81,53
2,"MILACA",18Y,   45.772465,   93.632184,81,54
2,"PIERZ",MY15,   45.955798,   93.989428,81,54
2,"PRINCETON",90MN,      45.677,     93.5395,81,54
2,"PRINCETON",8MN6,     45.5836,   93.741275,81,54
2,"PRINCETON",PNM,   45.559861,   93.608222,81,54
2,"PRINCETON",MN91,   45.537464,   93.514124,81,54
2,"BUCKMAN",55MN,   45.863075,   94.133922,81,55
2,"HOLDINGFORD",MY57,   45.763298,   94.457503,81,55
2,"LITTLE FALLS",LXL,   45.949417,   94.347056,81,55
2,"NORTH PRAIRIE",2MN7,   45.791631,   94.340831,81,55
2,"ST CLOUD",STC,   45.546222,   94.059389,81,55
2,"LONG PRAIRIE",14Y,   45.897594,   94.873623,81,56
2,"SAUK CENTRE",D39,   45.706603,   94.933246,81,56
2,"ALEXANDRIA",AXN,   45.866306,   95.394667,81,57
2,"GLENWOOD",GHW,    45.64383,   95.320449,81,57
2,"ELBOW LAKE",Y63,   45.986167,    95.98575,81,58
2,"GARFIELD",MN44,   45.936131,   95.525518,81,58
2,"MORRIS",MOX,   45.565996,   95.967193,81,58
2,"STARBUCK",D32,   45.599162,   95.536154,81,58
2,"GRACEVILLE",4MN5,   45.550519,    96.45145,81,59
2,"HERMAN",06Y,   45.829961,   96.160614,81,59
2,"WENDELL",1MY1,   45.985278,   96.194444,81,59
2,"WENDELL",65MN,   45.964127,   96.149781,81,59
2,"WHEATON",MY68,   45.777183,   96.391452,81,59
2,"WHEATON",ETH,   45.780506,   96.543798,81,60
2,"SISSETON",8D3,   45.669526,   96.993586,81,60
2,"COGSWELL/BRAMPTON/",ND90,   45.966631,   97.733712,81,62
2,"BRITTON",BTN,   45.815028,   97.742806,81,62
2,"ABERDEEN",80SD,   45.772675,   98.352894,81,63
2,"GROTON",2E6,     45.5345,    98.09525,81,63
2,"ABERDEEN",30SD,   45.504811,   98.595539,81,64
2,"EUREKA",3W8,   45.799991,    99.64272,81,66
2,"WESTFIELD",NA54,   45.954995,   100.44207,81,67
2,"HERREID",5T4,   45.848292,   100.07398,81,67
2,"MOBRIDGE",MBG,   45.546278,   100.40628,81,67
2,"POLLOCK",SD74,    45.99555,   100.37624,81,67
2,"MC LAUGHLIN",5P2,   45.796808,   100.78425,81,68
2,"BISON",6V5,   45.518333,   102.46783,81,71
2,"LEMMON",LEM,   45.918381,   102.10554,81,71
2,"BUFFALO",9D2,   45.579555,   103.52891,81,74
2,"CAMP CROOK",8OA5,   45.566662,   103.98382,81,74
2,"CAMP CROOK",SD76,   45.829444,   103.94549,81,74
2,"EKALAKA",MT45,   45.908887,   104.57606,81,76
2,"EKALAKA",97M,   45.876511,   104.53763,81,76
2,"EKALAKA",MT05,   45.668051,   104.70329,81,76
2,"ASHLAND",3U4,   45.606556,   106.27425,81,79
2,"COLSTRIP",M46,   45.852833,   106.70928,81,80
2,"HARDIN",00U,   45.744389,   107.66044,81,82
2,"BILLINGS",63MT,   45.715139,   108.57542,81,84
2,"BILLINGS",BIL,   45.807849,   108.54354,81,84
2,"BILLINGS",35MT,   45.861833,   108.64683,81,84
2,"BILLINGS",MT40,   45.787778,   108.72722,81,84
2,"BILLINGS",MT57,   45.733596,   108.67416,81,84
2,"BILLINGS",MT13,   45.676021,   108.57063,81,84
2,"BILLINGS",1MT9,   45.789167,   108.68444,81,84
2,"LAUREL",0MT5,   45.634167,   108.84889,81,84
2,"LAUREL",50MT,   45.628611,   108.82833,81,84
2,"LAUREL",6S8,   45.705147,   108.76079,81,84
2,"COLUMBUS",44MT,   45.640183,   109.31215,81,85
2,"COLUMBUS",6S3,   45.630524,   109.23922,81,85
2,"BIG TIMBER",6S0,   45.806477,   109.97826,81,86
2,"LIVINGSTON",LVM,   45.699417,   110.44803,81,87
2,"BELGRADE",05MT,   45.816628,   111.15214,81,89
2,"BELGRADE",4MT1,   45.820689,   111.14518,81,89
2,"BELGRADE",9MT9,   45.790833,   111.12472,81,89
2,"BOZEMAN",BZN,   45.777236,   111.15026,81,89
2,"BOZEMAN",2MT5,   45.594139,   111.15222,81,89
2,"BOZEMAN",MT71,   45.724097,     111.043,81,89
2,"BOZEMAN",24MT,   45.619367,   111.09219,81,89
2,"BOZEMAN",21MT,   45.748061,   111.06985,81,89
2,"BOZEMAN",3MT6,   45.634272,   111.11433,81,89
2,"BOZEMAN",23MT,   45.657233,   111.04033,81,89
2,"CARDWELL",2MT8,     45.8151,    111.9259,81,90
2,"THREE FORKS",MT42,   45.910484,   111.51386,81,90
2,"THREE FORKS",MT36,   45.818929,   111.69589,81,90
2,"THREE FORKS",9S5,   45.878111,   111.56944,81,90
2,"BUTTE",BTM,   45.954806,   112.49747,81,91
2,"TWIN BRIDGES",MT62,   45.608981,     112.328,81,91
2,"TWIN BRIDGES",7S1,   45.535417,   112.30228,81,91
2,"WHITEHALL",MT41,    45.87826,   112.11722,81,91
2,"WISE RIVER",02T,   45.770028,   112.98047,81,92
2,"WISDOM",7S4,    45.59159,   113.45923,81,93
2,"CONNER",92MT,   45.934864,   114.12308,81,95
2,"CONNER",MT30,   45.940198,   114.13703,81,95
2,"CONNER",4U7,    45.86225,   114.21775,81,95
2,"GRANGEVILLE",05ID,   45.914084,   114.83566,81,96
2,"SHEARER",2U5,     45.9895,   114.84128,81,96
2,"ELK CITY",S90,   45.822686,   115.43985,81,97
2,"ELK CITY",9ID6,   45.613333,   115.32483,81,97
2,"DIXIE",A05,   45.520741,   115.51763,81,98
2,"GRANGEVILLE",37ID,   45.782417,     115.938,81,98
2,"OROGRANDE",75C,   45.729444,   115.52778,81,98
2,"GRANGEVILLE",GIC,   45.942667,   116.12303,81,99
2,"GRANGEVILLE",0ID8,   45.775197,   116.17848,81,99
2,"GRANGEVILLE",66ID,   45.876667,   116.17917,81,99
2,"SLATE CREEK",1S7,   45.671778,   116.30572,81,99
2,"LUCILE",1DA,   45.534578,   116.53092,81,100
2,"WINCHESTER",ID50,   45.941847,   116.76367,81,100
2,"IMNAHA",OR8,   45.805833,   116.68869,81,100
2,"IMNAHA",OR9,   45.666461,   116.61836,81,100
2,"LEWISTON",OR62,   45.981985,   116.90398,81,100
2,"ENTERPRISE",OR64,   45.963761,   117.23488,81,101
2,"ENTERPRISE",O62,   45.724117,   117.07738,81,101
2,"TROY",03OR,   45.855422,   117.48434,81,101
2,"WALLOWA",99OR,     45.6507,   117.66992,81,102
2,"MILTON/FREEWATER",9OR4,   45.933745,   118.44775,81,103
2,"MILTON/FREEWATER",OG33,   45.879022,   118.40524,81,103
2,"PENDLETON",PDT,   45.694766,   118.84301,81,104
2,"PENDLETON",OG42,   45.654853,   118.58969,81,104
2,"ECHO",OL02,   45.665278,   119.38611,81,105
2,"HERMISTON",HRI,   45.828222,   119.25917,81,105
2,"BOARDMAN",M50,   45.814825,    119.8205,81,106
2,"ALDERDALE",WA00,        45.9,   119.90556,81,106
2,"ARLINGTON",1S8,   45.722556,   120.17697,81,107
2,"WASCO",35S,   45.589204,   120.67398,81,108
2,"CENTERVILLE",5WA7,   45.716511,   120.98451,81,108
2,"GOLDENDALE",03WN,   45.875347,    120.6732,81,108
2,"GOLDENDALE",S20,   45.832074,   120.84527,81,108
2,"GOLDENDALE",2WN9,   45.845125,   120.70089,81,108
2,"GOLDENDALE",9WA4,   45.810417,   120.95247,81,108
2,"THE DALLES",6OR2,     45.6107,   121.27909,81,109
2,"THE DALLES",DLS,   45.619355,   121.16828,81,109
2,"THE DALLES",6OR1,   45.572063,   121.27202,81,109
2,"TROUT LAKE",36WA,   45.956389,   121.49778,81,109
2,"WHITE SALMON",75WA,   45.802064,   121.47952,81,109
2,"CASCADE LOCKS",CZK,   45.676944,   121.87889,81,110
2,"HOOD RIVER",7OR6,   45.636784,   121.59119,81,110
2,"HOOD RIVER",4S2,   45.672777,   121.53386,81,110
2,"MOUNT HOOD",0OR9,   45.592617,   121.54869,81,110
2,"STEVENSON",19WA,   45.719561,   121.88619,81,110
2,"WHITE SALMON",WA66,   45.805397,   121.50119,81,110
2,"PORTLAND",TTD,   45.549361,   122.40125,81,111
2,"AMBOY",WA79,   45.933167,   122.41788,81,111
2,"CAMAS",1W1,   45.627829,   122.40431,81,111
2,"COUGAR",WN10,   45.993444,   122.37954,81,111
2,"SKAMANIA",4WA1,   45.608333,   122.19694,81,111
2,"VANCOUVER",WA67,   45.663056,    122.4725,81,111
2,"WASHOUGAL",WA63,   45.562342,   122.25609,81,111
2,"WASHOUGAL",WA78,   45.627895,   122.18453,81,111
2,"PORTLAND",PDX,   45.588709,   122.59687,81,112
2,"PORTLAND",HIO,   45.542122,   122.95072,81,112
2,"SCAPPOOSE",8OR6,   45.782336,   122.89399,81,112
2,"SCAPPOOSE",SPB,   45.771028,   122.86183,81,112
2,"AMBOY",WA80,    45.89428,   122.54815,81,112
2,"BATTLE GROUND",59AS,   45.850669,   122.54451,81,112
2,"BATTLE GROUND",W58,   45.764556,   122.51508,81,112
2,"BATTLE GROUND",W52,   45.826796,   122.57686,81,112
2,"BATTLE GROUND",WA87,   45.815948,   122.55288,81,112
2,"BRUSH PRAIRIE",5WA9,   45.723889,   122.54444,81,112
2,"LA CENTER",WA46,   45.830278,    122.6375,81,112
2,"LA CENTER",WA29,   45.895669,   122.59427,81,112
2,"VANCOUVER",WA81,   45.631111,   122.53083,81,112
2,"VANCOUVER",W56,    45.68728,   122.52185,81,112
2,"VANCOUVER",VUO,   45.620452,   122.65649,81,112
2,"VANCOUVER",28WA,   45.730393,   122.73454,81,112
2,"WOODLAND",W27,   45.898818,   122.73727,81,112
2,"BANKS",OR27,    45.64585,   123.15548,81,113
2,"BANKS",OG02,   45.610278,      123.08,81,113
2,"BUXTON",OR61,   45.678446,   123.18622,81,113
2,"CORNELIUS",4S4,   45.582614,   123.05289,81,113
2,"HILLSBORO",OR81,   45.553311,   123.02112,81,113
2,"NORTH PLAINS",OG63,   45.648889,   123.03944,81,113
2,"NORTH PLAINS",1OR3,   45.591504,   123.00955,81,113
2,"VERNONIA",30OR,   45.802611,   123.28012,81,113
2,"VERNONIA",05S,   45.852106,   123.24287,81,113
2,"MANZANITA",3S7,   45.698139,   123.92964,81,114
2,"HOULTON",HUL,   46.124607,    67.79236,82,2
2,"GREENVILLE",ME26,   46.019586,   69.533819,82,6
2,"DRUMMOND ISLAND",DRM,   46.009311,   83.743934,82,34
2,"HESSEL",5Y1,   46.035429,   84.417703,82,35
2,"SAULT STE MARIE",CIU,   46.250751,   84.472385,82,35
2,"SAULT STE MARIE",ANJ,   46.479222,   84.368389,82,35
2,"HULBERT",0MI6,   46.387511,   85.183981,82,37
2,"NEWBERRY",ERY,      46.311,   85.457167,82,37
2,"STEUBEN",8MI7,   46.161906,   86.484319,82,39
2,"MUNISING",5Y7,   46.354117,    86.62099,82,40
2,"GWINN",0MI4,   46.270223,   87.386528,82,41
2,"MARQUETTE",SAW,   46.349158,   87.396372,82,41
2,"MARQUETTE",1MI9,   46.472158,   87.350139,82,41
2,"ROCK",6Y4,   46.052062,    87.25829,82,41
2,"ISHPEMING",M61,   46.345219,   87.788468,82,42
2,"CRYSTAL FALLS",39MI,   46.168836,   88.172358,82,43
2,"CRYSTAL FALLS",50D,    46.00908,   88.274026,82,43
2,"IRON RIVER",Y73,   46.078819,     88.6355,82,44
2,"WATERSMEET",72MI,   46.286222,   89.278083,82,45
2,"LAND O' LAKES",LNL,   46.154117,   89.211965,82,45
2,"BOULDER JUNCTION",BDJ,   46.137449,   89.645984,82,46
2,"MANITOWISH WATERS",D25,   46.120227,     89.8822,82,46
2,"MERCER",2WI5,   46.097448,   90.163221,82,47
2,"CABLE",3CU,   46.194933,   91.248453,82,49
2,"DRUMMOND",5G4,   46.348389,     91.4965,82,49
2,"HAYWARD",HYR,   46.025266,   91.444265,82,49
2,"BRULE",WI10,   46.449942,   91.616856,82,50
2,"LAKE NEBAGAMON",WI31,   46.410169,   91.653739,82,50
2,"MINONG",WI33,   46.103554,   91.902406,82,50
2,"SOLON SPRINGS",OLG,   46.314751,   91.816376,82,50
2,"HINCKLEY",MN57,   46.036072,   92.988253,82,52
2,"HINCKLEY",04W,   46.022868,   92.895174,82,52
2,"MOOSE LAKE",MZH,   46.418611,   92.804778,82,52
2,"ISLE",MY72,   46.159677,   93.461348,82,53
2,"DEERWOOD",5MN7,   46.387184,   93.931927,82,54
2,"GARRISON",7MN4,   46.319404,   93.830811,82,54
2,"ONAMIA",MY66,   46.070518,   93.847199,82,54
2,"ONAMIA",MN85,   46.033293,   93.661356,82,54
2,"BRAINERD",MN18,   46.178159,   94.088602,82,55
2,"BRAINERD",BRD,   46.404222,   94.133806,82,55
2,"BRAINERD",MN17,   46.272189,   94.239442,82,55
2,"CAMP RIPLEY",RYM,   46.089978,   94.359864,82,55
2,"EAST GULL LAKE",9Y2,   46.383856,   94.373614,82,55
2,"CLARISSA",8Y5,   46.113019,    94.90669,82,56
2,"MOTLEY",18MN,   46.237188,   94.593069,82,56
2,"STAPLES",SAZ,   46.380879,   94.806602,82,56
2,"HENNING",05Y,   46.303989,   95.442258,82,57
2,"WADENA",ADC,   46.449945,   95.210832,82,57
2,"ASHBY",13MN,   46.100794,   95.831439,82,58
2,"BATTLE LAKE",00MN,    46.29996,   95.700324,82,58
2,"BRECKENRIDGE",69MN,   46.277737,   96.429513,82,59
2,"FERGUS FALLS",FFM,   46.284389,   96.156694,82,59
2,"TINTAH",29MN,   46.028293,   96.362843,82,59
2,"WENDELL",92MN,   46.014404,   96.101724,82,59
2,"TENNEY",1MN0,    46.04357,   96.546181,82,60
2,"BARNEY",NA56,   46.302182,   96.991474,82,60
2,"WAHPETON",BWP,   46.244294,   96.607156,82,60
2,"BARNEY",0NA1,   46.245515,   97.037586,82,61
2,"BARNEY",NA55,   46.266071,   97.016196,82,61
2,"LIDGERWOOD",4N4,   46.089183,   97.166135,82,61
2,"MILNOR",4R6,   46.258294,   97.437869,82,61
2,"WYNDMERE",ND49,   46.223571,   97.130365,82,61
2,"WYNDMERE",4ND8,   46.354129,   97.117032,82,61
2,"WYNDMERE",NA21,   46.228294,   97.236201,82,61
2,"GWINNER",GWR,   46.218278,   97.643361,82,62
2,"LISBON",6L3,   46.446973,   97.728216,82,62
2,"FULLERTON",6ND2,   46.258856,   98.387877,82,63
2,"LA MOURE",4F9,   46.347281,   98.281486,82,63
2,"OAKES",2D5,   46.173296,   98.080039,82,63
2,"EDGELEY",51D,   46.349694,      98.735,82,64
2,"ELLENDALE",4E7,   46.016333,   98.515694,82,64
2,"KULM",D03,   46.306764,   98.938833,82,64
2,"ASHLEY",ASY,   46.023096,   99.352647,82,65
2,"HAGUE",0ND6,   46.054986,   99.917058,82,66
2,"NAPOLEON",5B5,   46.494212,    99.75937,82,66
2,"WISHEK",6L5,   46.249629,   99.539658,82,66
2,"HAZELTON",6H8,   46.482217,   100.26373,82,67
2,"HAZELTON",ND85,   46.493056,   100.17889,82,67
2,"HAZELTON",0ND7,   46.465265,   100.10455,82,67
2,"LINTON",7L2,   46.220641,   100.24562,82,67
2,"STRASBURG",ND41,   46.134711,   100.11317,82,67
2,"FORT YATES",Y27,   46.066885,   100.63278,82,68
2,"ELGIN",Y71,   46.382754,    101.8449,82,70
2,"MOTT",3P3,   46.359162,   102.32824,82,71
2,"HETTINGER",HEI,   46.014889,     102.656,82,72
2,"REEDER",14ND,   46.207785,    102.9085,82,72
2,"BOWMAN",BWW,   46.165519,   103.30074,82,73
2,"SCRANTON",NA98,   46.302508,   103.17017,82,73
2,"RHAME",NA22,   46.012502,   103.79631,82,74
2,"BAKER",BHK,   46.346611,   104.25811,82,75
2,"EKALAKA",MT74,   46.106945,   104.41522,82,75
2,"MILES CITY",MLS,   46.427972,   105.88622,82,78
2,"MILES CITY",MT29,   46.478892,   105.85834,82,78
2,"FORSYTH",1S3,   46.271151,    106.6239,82,80
2,"HYSHAM",6U7,   46.293472,   107.19331,82,81
2,"CUSTER",MT34,   46.133319,   107.55063,82,82
2,"LAVINA",80S,   46.307278,   108.95481,82,84
2,"ROUNDUP",RPX,      46.475,   108.54342,82,84
2,"RYEGATE",8U0,   46.290472,   109.24769,82,85
2,"RYEGATE",3MT3,   46.125556,     109.365,82,85
2,"SHAWMUT",11MT,   46.462778,   109.49056,82,85
2,"HARLOWTON",HWQ,   46.448611,   109.85278,82,86
2,"WHITE SULPHUR SPRINGS",7S6,   46.495631,   110.91186,82,88
2,"WILSALL",9U1,   46.049546,   110.68495,82,88
2,"TOWNSEND",MT24,   46.370717,   111.28546,82,89
2,"TOWNSEND",8U8,   46.331232,   111.48259,82,89
2,"TOWNSEND",8U9,   46.418821,   111.57719,82,90
2,"BASIN",MT43,   46.346319,   112.34363,82,91
2,"BOULDER",3U9,   46.211667,   112.10761,82,91
2,"ANACONDA",3U3,   46.153414,   112.86773,82,92
2,"DEER LODGE",38S,   46.387833,   112.76494,82,92
2,"PHILIPSBURG",U05,    46.31937,   113.30506,82,93
2,"PHILIPSBURG",3MT9,   46.471562,   113.49246,82,93
2,"PHILIPSBURG",1MT6,   46.356944,   113.51028,82,94
2,"PHILIPSBURG",MT22,   46.345021,   113.62053,82,94
2,"CORVALLIS",MT72,   46.346033,   114.17621,82,95
2,"DARBY",4MT9,   46.030276,   114.18499,82,95
2,"HAMILTON",MT11,   46.202222,      114.11,82,95
2,"HAMILTON",99MT,     46.0975,   114.17833,82,95
2,"HAMILTON",0MT4,   46.278611,   114.14111,82,95
2,"HAMILTON",6S5,   46.251494,   114.12554,82,95
2,"STEVENSVILLE",4MT8,   46.473889,   114.05467,82,95
2,"STEVENSVILLE",98MT,   46.442814,   114.00318,82,95
2,"MOOSE CREEK RANGER STATION",1U1,   46.120751,   114.92733,82,96
2,"FISH LAKE",S92,   46.330195,   115.06317,82,97
2,"KOOSKIA",ID51,   46.043556,   115.88688,82,98
2,"KOOSKIA",79ID,   46.048922,   115.86986,82,98
2,"KOOSKIA",S82,   46.132671,   115.97875,82,98
2,"STITES",ID11,   46.018889,   115.96222,82,98
2,"WEIPPE",3ID2,   46.350675,     115.977,82,98
2,"COTTONWOOD",S84,    46.03877,   116.33153,82,99
2,"CRAIGMONT",S89,   46.247722,   116.47936,82,99
2,"KAMIAH",S73,   46.219778,   116.01381,82,99
2,"NEZ PERCE",0S5,   46.238528,   116.23856,82,99
2,"OROFINO",S68,   46.492021,    116.2754,82,99
2,"LEWISTON",95ID,   46.000456,   116.69119,82,100
2,"LEWISTON",ID57,   46.223166,   116.86996,82,100
2,"ANATONE",D69,   46.074133,   116.96487,82,100
2,"LEWISTON",LWS,   46.374498,    117.0154,82,101
2,"ASOTIN",00WN,       46.25,     117.249,82,101
2,"COLLEGE PLACE",S95,   46.046939,   118.41718,82,103
2,"HUNTSVILLE",2WA9,   46.289167,   118.10111,82,103
2,"WAITSBURG",30WA,   46.314862,   118.17829,82,103
2,"WALLA WALLA",83WA,   46.027637,   118.16801,82,103
2,"WALLA WALLA",WA10,   46.016524,   118.37052,82,103
2,"WALLA WALLA",ALW,   46.092542,   118.28408,82,103
2,"PASCO",6WA6,   46.278469,   118.95611,82,104
2,"PASCO",53WA,   46.292358,   118.98306,82,104
2,"PASCO",WN33,   46.380414,   118.98834,82,104
2,"TOUCHET",52WT,   46.022883,   118.54375,82,104
2,"KENNEWICK",0WN2,   46.127778,     119.015,82,105
2,"PASCO",WA24,   46.396944,   119.02083,82,105
2,"PASCO",PSC,   46.264682,   119.11902,82,105
2,"RICHLAND",RLD,   46.305639,   119.30419,82,105
2,"PROSSER",S40,   46.213361,   119.79556,82,106
2,"SUNNYSIDE",1S5,   46.327083,   119.97036,82,106
2,"BUENA",WA97,   46.443184,   120.34089,82,107
2,"ZILLAH",68WA,    46.39374,   120.22172,82,107
2,"HARRAH",WA26,   46.408182,   120.63451,82,108
2,"GLENWOOD",10WA,     46.0248,   121.27499,82,109
2,"TROUT LAKE",66WA,   46.002343,   121.52341,82,110
2,"CASTLE ROCK",WA99,   46.329277,   122.88623,82,112
2,"KELSO",KLS,      46.118,   122.89836,82,112
2,"TOLEDO",TDO,   46.477168,   122.80648,82,112
2,"CATHLAMET",WT44,   46.177333,     123.385,82,113
2,"CATHLAMET",79WA,   46.166444,   123.36198,82,113
2,"SKAMOKAWA",18JY,   46.284722,   123.44278,82,113
2,"ASTORIA",AST,   46.157972,   123.87861,82,114
2,"ASTORIA",OR23,   46.161389,   123.64028,82,114
2,"SEASIDE",56S,   46.014996,   123.90766,82,114
2,"NASELLE",WA01,   46.356215,   123.81459,82,114
2,"ILWACO",7W1,   46.314912,   124.00384,82,115
2,"FORT FAIRFIELD",ME00,   46.765706,   67.847392,83,2
2,"LIMESTONE",ME16,   46.950428,   67.885861,83,2
2,"MARS HILL",ME40,   46.528889,   67.876667,83,2
2,"CARIBOU",CAR,   46.871639,   68.018194,83,3
2,"PORTAGE",ME05,   46.750041,   68.471154,83,3
2,"PRESQUE ISLE",PQI,   46.688964,   68.044791,83,3
2,"CLAYTON LAKE",ME19,   46.616142,   69.522278,83,6
2,"NEWBERRY",6Y5,   46.693346,   85.422096,83,37
2,"GRAND MARAIS",Y98,   46.620365,   85.920084,83,38
2,"SIDNAW",6Y9,   46.508653,   88.705847,83,44
2,"ONTONAGON",OGM,   46.845472,   89.367083,83,45
2,"IRONWOOD",IWD,   46.527472,   90.131389,83,47
2,"SAXON",6WI4,   46.515503,   90.431569,83,47
2,"ASHLAND",ASX,   46.548528,   90.918972,83,48
2,"BAYFIELD",WS19,   46.893543,   90.820742,83,48
2,"LA POINTE",4R5,   46.788667,   90.758722,83,48
2,"WASHBURN",3WN2,   46.691605,    90.87074,83,48
2,"CORNUCOPIA",WI23,   46.866599,    91.08352,83,49
2,"HERBSTER",WS67,   46.799934,   91.208518,83,49
2,"IRON RIVER",Y77,    46.57633,   91.458522,83,49
2,"CLOQUET",MY94,     46.7525,   92.419167,83,51
2,"DULUTH",DLH,    46.84207,   92.193237,83,51
2,"DULUTH",DYT,   46.722123,   92.044387,83,51
2,"PROCTOR",MN92,   46.749942,   92.300191,83,51
2,"SAGINAW",43MN,   46.934031,   92.412775,83,51
2,"SUPERIOR",9WI9,   46.620774,   92.081858,83,51
2,"SUPERIOR",SUW,   46.689684,   92.094642,83,51
2,"CLOQUET",COQ,   46.701111,   92.503556,83,52
2,"JACOBSON",2MN2,   46.940361,   93.297939,83,53
2,"MC GREGOR",HZX,   46.618797,   93.309811,83,53
2,"AITKIN",AIT,   46.548462,   93.676632,83,54
2,"HILL CITY",07Y,   46.955895,   93.597443,83,54
2,"BREEZY POINT",8MN3,   46.595833,       94.22,83,55
2,"HACKENSACK",MN00,     46.9605,      94.425,83,55
2,"LONGVILLE",XVG,   46.989908,   94.203632,83,55
2,"PINE RIVER",PWC,   46.724787,     94.3817,83,55
2,"AKELEY",1MN2,   46.938333,   94.757033,83,56
2,"BACKUS",7Y3,   46.827175,   94.506786,83,56
2,"NEW YORK MILLS",4MN1,   46.650981,   95.354875,83,57
2,"PARK RAPIDS",MY24,   46.862181,   95.052244,83,57
2,"PARK RAPIDS",PKD,   46.901204,   95.073106,83,57
2,"DETROIT LAKES",DTL,   46.825139,     95.8855,83,58
2,"PERHAM",MN89,   46.616626,   95.650321,83,58
2,"PERHAM",16D,   46.610972,   95.606111,83,58
2,"BARNESVILLE",9MN3,   46.665238,   96.441179,83,59
2,"BARNESVILLE",9MN5,   46.711904,   96.351455,83,59
2,"BARNSVILLE",4MN2,   46.663848,   96.241757,83,59
2,"HAWLEY",04Y,   46.883778,   96.350611,83,59
2,"HAWLEY",MY99,   46.857458,     96.2352,83,59
2,"LAKE PARK",MY29,   46.796894,   96.099611,83,59
2,"PELICAN RAPIDS",47Y,   46.641329,   96.104144,83,59
2,"ROTHSAY",MN95,    46.51107,   96.192005,83,59
2,"BARNESVILLE",94MN,   46.576627,   96.512015,83,60
2,"MOORHEAD",MN77,   46.923574,   96.715634,83,60
2,"MOORHEAD",JKJ,   46.839278,   96.664028,83,60
2,"SABIN",3MN7,   46.800517,      96.595,83,60
2,"WOLVERTON",MY07,   46.583294,   96.606463,83,60
2,"FARGO",FAR,   46.920639,    96.81575,83,60
2,"FARGO",D54,   46.900381,   96.918522,83,60
2,"HICKSON",ND99,   46.720242,   96.809528,83,60
2,"KINDRED",K74,   46.648731,    96.99901,83,60
2,"WEST FARGO",NA17,   46.942746,   96.928973,83,60
2,"CASSELTON",5N8,   46.853944,   97.207861,83,61
2,"CHAFFEE",8ND5,   46.763863,   97.405371,83,61
2,"CHAFFEE",8ND6,   46.712751,   97.390926,83,61
2,"DAVENPORT",34ND,   46.705804,   97.156479,83,61
2,"KINDRED",57ND,     46.6083,   97.059533,83,61
2,"MAPLETON",2ND0,   46.814414,    97.04981,83,61
2,"SHELDON",NA05,   46.612193,   97.435648,83,61
2,"WALCOTT",NA99,   46.550521,   97.032031,83,61
2,"WEST FARGO",ND52,   46.802778,   97.012222,83,61
2,"WHEATLAND",ND68,   46.955808,     97.3012,83,61
2,"BUFFALO",ND59,   46.987477,   97.529536,83,62
2,"ENDERLIN",ND47,   46.640806,   97.551122,83,62
2,"ENDERLIN",5N4,   46.626862,   97.620232,83,62
2,"LUCCA",ND35,   46.699975,    97.70038,83,62
2,"MARION",67ND,   46.543309,   98.382317,83,63
2,"VALLEY CITY",BAC,   46.941204,   98.018014,83,63
2,"ELDRIDGE",NA32,   46.898599,   98.858718,83,64
2,"JAMESTOWN",JMS,   46.929722,   98.678194,83,64
2,"MONTPELIER",8NA5,   46.663036,   98.630375,83,64
2,"YPSILANTI",ND55,   46.788111,   98.536967,83,64
2,"ELDRIDGE",NA84,   46.800539,    99.00511,83,65
2,"GACKLE",9G9,   46.621564,   99.164464,83,65
2,"MEDINA",ND40,   46.816651,   99.250389,83,65
2,"STREETER",1NA5,   46.624979,   99.450387,83,65
2,"TAPPEN",NA71,    46.99582,   99.671218,83,66
2,"TAPPEN",8NA0,   46.881096,   99.630941,83,66
2,"BRADDOCK",1NA8,   46.690542,   100.09539,83,67
2,"HAZELTON",ND12,   46.586528,   100.47222,83,67
2,"BISMARCK",BIS,   46.772722,   100.74575,83,68
2,"BISMARCK",16ND,   46.696775,   100.59679,83,68
2,"BISMARK",ND96,   46.800711,   100.67864,83,68
2,"HAZELTON",48ND,   46.512494,    100.5504,83,68
2,"LINCOLN",ND98,   46.760833,   100.65528,83,68
2,"MANDAN",25ND,   46.866589,   100.98645,83,68
2,"MANDAN",Y19,   46.767972,   100.89436,83,68
2,"MENOKEN",18ND,   46.779094,   100.51486,83,68
2,"MANDAN",64ND,   46.850828,   101.07542,83,69
2,"GLEN ULLIN",D57,   46.814306,   101.86519,83,70
2,"HEBRON",6NA5,   46.912785,   102.00905,83,71
2,"RICHARDTON",4E8,   46.895817,   102.35674,83,71
2,"TAYLOR",ND62,    46.84834,   102.45796,83,71
2,"DICKINSON",DIK,   46.797333,   102.80186,83,72
2,"DICKINSON",ND10,   46.991308,   102.79522,83,72
2,"BELFIELD",ND29,   46.666678,   103.23379,83,73
2,"BEACH",20U,   46.925167,   103.98206,83,74
2,"GOLVA",0NA9,   46.750013,   103.80103,83,74
2,"TERRY",8U6,   46.777139,   105.31311,83,77
2,"WINNETT",7S2,   46.976667,     108.365,83,83
2,"GRASS RANGE",36MT,   46.798694,   108.80989,83,84
2,"GRASS RANGE",19MT,    46.83807,   108.93683,83,84
2,"RUSSIAN FLAT",M42,   46.724311,   110.41783,83,87
2,"TOWNSEND",8MT4,   46.535833,   111.49889,83,89
2,"WHITE SULPHUR SPRINGS",58MT,   46.544167,      111.07,83,89
2,"EAST HELENA",MT46,   46.547292,   111.88972,83,90
2,"HELENA",HLN,   46.606722,   111.98328,83,90
2,"ELLISTON",1MT3,   46.558056,    112.4125,83,91
2,"HELENA",MT06,   46.570211,   112.17501,83,91
2,"HELENA",MT15,    46.62475,   112.11088,83,91
2,"HELENA",30MT,   46.570928,   112.23794,83,91
2,"HELENA",40MT,   46.705556,   112.06944,83,91
2,"HELENA",MT83,     46.5716,   112.18084,83,91
2,"DRUMMOND",2MT9,   46.523139,   112.98983,83,92
2,"LINCOLN",28MT,   46.953556,   112.74808,83,92
2,"LINCOLN",S69,   46.954703,   112.65022,83,92
2,"DRUMMOND",M26,   46.620762,   113.20507,83,93
2,"CLINTON",RC0,   46.727149,   113.65759,83,94
2,"ALBERTON",MT81,   46.909485,   114.46537,83,95
2,"MISSOULA",MSO,   46.916306,   114.09056,83,95
2,"STEVENSVILLE",MT32,   46.538811,   114.03983,83,95
2,"STEVENSVILLE",32S,   46.525111,   114.05281,83,95
2,"CAYUSE CREEK",C64,   46.666584,   115.07318,83,97
2,"CLARKIA",ID33,   46.936018,   115.86488,83,98
2,"HEADQUARTERS",ID84,   46.617131,   115.79987,83,98
2,"OROFINO",ID29,   46.697405,   115.98376,83,98
2,"CAVENDISH",34ID,   46.570333,   116.34361,83,99
2,"ELK RIVER",ID85,   46.787403,   116.16765,83,99
2,"HELMER",0ID9,   46.785278,   116.47113,83,99
2,"MOSCOW",ID60,   46.713221,   116.99711,83,100
2,"TROY",ID94,   46.776667,   116.69139,83,100
2,"COLFAX",00W,    46.67275,   117.44167,83,101
2,"COLFAX",S94,   46.858707,   117.41408,83,101
2,"PALOUSE",WT88,      46.841,   117.05628,83,101
2,"PALOUSE",WN26,   46.884969,   117.07687,83,101
2,"PALOUSE",12WT,      46.911,   117.21867,83,101
2,"POMEROY",58WA,   46.507377,   117.44962,83,101
2,"PULLMAN/MOSCOW",PUW,   46.741691,   117.11162,83,101
2,"BENGE",52WA,     46.9321,   117.97606,83,102
2,"LACROSSE",WA30,   46.790988,   117.92133,83,102
2,"HOOPER",73WT,   46.717214,   118.09742,83,103
2,"STARBUCK",16W,   46.583944,   118.00358,83,103
2,"WASHTUCNA",37WA,   46.831812,   118.46165,83,103
2,"WASHTUCNA",35WA,   46.749867,   118.41776,83,103
2,"WASHTUCNA",WN72,   46.866753,   118.32154,83,103
2,"CONNELL",WA14,   46.661281,   118.83062,83,104
2,"KAHLOTUS",3WA3,   46.648474,   118.58304,83,104
2,"KAHLOTUS",4WA6,   46.618474,   118.59471,83,104
2,"KAHLOTUS",W09,   46.549722,    118.5367,83,104
2,"KAHLOTUS",3WA4,   46.716531,   118.61777,83,104
2,"LIND",0S0,   46.976842,   118.58723,83,104
2,"BASIN CITY",6WA3,   46.608626,   119.29042,83,105
2,"MESA",97WA,   46.585694,    119.1539,83,105
2,"MESA",5WA1,   46.521526,   119.17946,83,105
2,"MESA",WN31,   46.603194,   119.06279,83,105
2,"OTHELLO",6WA4,   46.862919,   119.13862,83,105
2,"OTHELLO",S70,   46.794222,   119.08011,83,105
2,"WARDEN",2S4,   46.965815,   119.06633,83,105
2,"MATTAWA",91WA,   46.708189,   119.80115,83,106
2,"MATTAWA",M94,   46.687251,   119.91973,83,106
2,"MATTAWA",74WA,   46.732634,   119.70226,83,106
2,"ROYAL CITY",4WA0,   46.928056,   119.73917,83,106
2,"ROYAL CITY",8WA6,   46.920693,   119.59003,83,106
2,"ROYAL CITY",04WN,   46.958358,   119.63882,83,106
2,"ELLENSBURG",96VE,   46.906667,   120.43361,83,107
2,"ELLENSBURG",WT01,   46.949167,   120.48111,83,107
2,"ELLENSBURG",WN64,   46.974293,   120.46201,83,107
2,"KITTITAS",WA37,   46.910278,   120.43694,83,107
2,"YAKIMA",Z99,   46.714958,   120.32882,83,107
2,"YAKIMA",WN45,   46.780683,   120.44423,83,107
2,"SELAH",WA76,   46.858056,   120.77889,83,108
2,"SELAH",0WN1,    46.75195,   120.60167,83,108
2,"YAKIMA",48WA,     46.5625,   120.77667,83,108
2,"YAKIMA",55WA,   46.528056,   120.76139,83,108
2,"YAKIMA",YKM,   46.568167,   120.54406,83,108
2,"RIMROCK",4S6,   46.637551,   121.12398,83,109
2,"PACKWOOD",55S,   46.604162,    121.6779,83,110
2,"EATONVILLE",2W3,   46.871667,   122.25722,83,111
2,"MORTON",39P,   46.550361,   122.26663,83,111
2,"RANDLE",WN55,     46.5115,   122.00621,83,111
2,"CENTRALIA",WA95,   46.718611,   122.91111,83,112
2,"CHEHALIS",CLS,   46.677028,   122.98275,83,112
2,"CHEHALIS",0WA1,   46.617049,   122.82623,83,112
2,"CHEHALIS",FA99,   46.587833,   122.86578,83,112
2,"LACEY",08WA,   46.970417,   122.72589,83,112
2,"LITTLE ROCK",4WA2,   46.927181,   122.96847,83,112
2,"OLYMPIA",44T,   46.992389,   122.82783,83,112
2,"OLYMPIA",14WA,    46.97075,   122.73655,83,112
2,"OLYMPIA",OLM,   46.969404,   122.90254,83,112
2,"ONALASKA",WN74,   46.585384,   122.62623,83,112
2,"ONALASKA",WN59,   46.537607,   122.71789,83,112
2,"RAINIER",8WA0,     46.8776,   122.60123,83,112
2,"RAINIER",3WA0,   46.897599,   122.66957,83,112
2,"TENINO",59WA,   46.850378,   122.93597,83,112
2,"TENINO",65WA,   46.840378,   122.91624,83,112
2,"TOLEDO",WN05,   46.514829,   122.79206,83,112
2,"WINLOCK",1WA2,    46.51925,   122.89008,83,112
2,"YELM",49WA,   46.847046,   122.52206,83,112
2,"YELM",06WN,   46.924985,   122.55304,83,112
2,"CURTIS",0WA2,   46.590381,   123.10458,83,113
2,"ELMA",84WA,   46.972874,   123.38432,83,113
2,"ELMA",1WA7,    46.99054,   123.42966,83,113
2,"ELMA",WN65,   46.972596,   123.47683,83,113
2,"OAKVILLE",WN48,   46.790377,   123.31043,83,113
2,"ROCHESTER",8W9,   46.832683,   123.09142,83,113
2,"BROOKLYN",WA16,   46.799722,   123.54111,83,114
2,"HOQUIAM",HQM,   46.971194,   123.93656,83,114
2,"SOUTH BEND/RAYMOND/",2S9,   46.697621,   123.82338,83,114
2,"GRAYLAND",43IG,   46.801528,   124.07294,83,115
2,"OCEAN PARK",WN88,   46.519265,   124.03239,83,115
2,"OCEAN SHORES",W04,    46.99922,   124.14238,83,115
2,"WESTPORT",14S,   46.896951,   124.10075,83,115
2,"VAN BUREN",17ME,     47.2025,   67.991667,84,2
2,"VAN BUREN",ME67,   47.127543,   67.965858,84,2
2,"FORT KENT",ME25,   47.166151,   68.391986,84,3
2,"FRENCHVILLE",FVE,     47.2855,   68.312722,84,3
2,"HANCOCK",CMX,   47.168417,   88.489061,84,43
2,"SILVER BAY",BFW,   47.249028,   91.415583,84,49
2,"TWO HARBORS",39MN,   47.036878,   91.710454,84,50
2,"TWO HARBORS",TWM,   47.049139,   91.745222,84,50
2,"TWO HARBORS",63MN,   47.094374,   91.600175,84,50
2,"EVELETH",EVM,   47.424167,   92.496556,84,51
2,"HIBBING",HIB,   47.386583,   92.838972,84,52
2,"HIBBING",MY56,   47.252436,   92.859361,84,52
2,"HIBBING",MN52,     47.2285,   93.091111,84,53
2,"JACOBSON",8MN8,   47.012724,    93.39383,84,53
2,"GRAND RAPIDS",GPZ,   47.209284,   93.509945,84,54
2,"REMER",52Y,   47.068009,   93.914124,84,54
2,"BEMIDJI",38MN,   47.411064,   94.772494,84,56
2,"BEMIDJI",MY54,   47.438286,   94.812218,84,56
2,"BEMIDJI",MN13,   47.496063,   94.952781,84,56
2,"BEMIDJI",98MN,   47.296422,   94.884731,84,56
2,"LAPORTE",MN12,   47.198889,   94.752222,84,56
2,"NARY",5MN1,   47.375389,    94.79875,84,56
2,"WALKER",Y49,   47.159481,   94.645347,84,56
2,"BAGLEY",5MN2,    47.39579,   95.367518,84,57
2,"PARK RAPIDS",MN86,   47.045792,   95.122521,84,57
2,"PONSFORD",6MN0,   47.055556,   95.423056,84,57
2,"MAHNOMEN",3N8,   47.260505,   95.928087,84,58
2,"ADA/TWIN VALLEY",D00,   47.260467,   96.400264,84,59
2,"ADA",MN01,   47.283301,   96.617017,84,60
2,"HALSTAD",8MN2,   47.335586,   96.748933,84,60
2,"HALSTAD",26MN,   47.329971,   96.783689,84,60
2,"ARGUSVILLE",6ND3,   47.069693,   96.940639,84,60
2,"ABSARAKA",ND07,   47.003289,   97.406642,84,61
2,"AMENIA",ND01,   47.043092,   97.186192,84,61
2,"AMENIA",ND73,   47.048309,   97.255643,84,61
2,"AMENIA",ND74,   47.016641,   97.162864,84,61
2,"ARGUSVILLE",1ND4,   47.058306,   97.017029,84,61
2,"ARTHUR",1A2,   47.112636,   97.208147,84,61
2,"AYR",ND53,   47.046389,   97.388056,84,61
2,"ERIE",38ND,   47.098035,     97.4012,84,61
2,"GRANDIN",NA60,   47.234978,   97.038418,84,61
2,"HILLSBORO",5ND9,   47.484702,   97.074809,84,61
2,"HILLSBORO",3H4,   47.359408,   97.060416,84,61
2,"HUNTER",52ND,   47.189424,   97.289533,84,61
2,"MAYVILLE",D56,   47.476842,   97.328082,84,61
2,"PAGE",64G,   47.170194,   97.481917,84,61
2,"AYR",ND78,   47.039978,   97.537036,84,62
2,"CLIFFORD",3NA0,   47.416654,   97.511479,84,62
2,"HOPE",8NA9,   47.328043,   97.678984,84,62
2,"LUVERNE",NA86,   47.333323,   97.900931,84,62
2,"ORISKA",3ND5,   47.061091,   97.771213,84,62
2,"COOPERSTOWN",S32,   47.422774,   98.105871,84,63
2,"DAZEY",ND09,    47.18865,   98.165575,84,63
2,"ROGERS",23ND,   47.071467,   98.223875,84,63
2,"SUTTON",ND19,   47.433611,   98.417778,84,63
2,"CLEMENTSVILLE",ND89,   47.055824,   98.507039,84,64
2,"COURTENAY",8ND7,   47.120664,   98.657833,84,64
2,"CARRINGTON",46D,   47.451111,   99.151333,84,65
2,"BOWDON",7ND5,   47.359719,   99.622616,84,66
2,"ROBINSON",ND54,   47.129157,   99.730387,84,66
2,"MC CLUSKY",7G2,   47.462047,   100.48723,84,67
2,"REGAN",NA88,   47.223882,   100.42345,84,67
2,"BALDWIN",ND80,   47.081659,   100.72513,84,68
2,"MERCER",2ND1,   47.492498,   100.69986,84,68
2,"TURTLE LAKE",NA12,   47.431663,   100.84153,84,68
2,"TURTLE LAKE",NA79,   47.404162,   100.88236,84,68
2,"WILTON",2NA0,    47.25666,   100.79625,84,68
2,"RIVERDALE",37N,   47.482728,   101.40815,84,69
2,"UNDERWOOD",NA90,   47.466664,   101.22265,84,69
2,"UNDERWOOD",ND44,   47.466667,   101.13389,84,69
2,"WASHBURN",3NA2,   47.302772,   101.06709,84,69
2,"WASHBURN",5C8,   47.351149,    101.0259,84,69
2,"BEULAH",95D,   47.251214,   101.81504,84,70
2,"HAZEN",HZE,   47.289944,   101.58097,84,70
2,"GOLDEN VALLEY",08ND,   47.323064,   102.09767,84,71
2,"HALLIDAY",ND16,   47.441673,   102.24212,84,71
2,"HALLIDAY",10ND,    47.18751,   102.36157,84,71
2,"DICKINSON",7ND1,   47.037339,   102.76095,84,72
2,"DUNN CENTER",37ND,   47.231956,   102.50907,84,72
2,"KILLDEER",9Y1,   47.391332,   102.77181,84,72
2,"KILLDEER",55ND,   47.355569,   102.71074,84,72
2,"GLENDIVE",GDV,   47.138722,   104.80722,84,76
2,"CIRCLE",4U6,   47.418333,   105.56089,84,78
2,"COHAGEN",04MT,   47.137498,    106.4881,84,79
2,"JORDAN",JDN,    47.32875,   106.95269,84,80
2,"SAND SPRINGS",8U1,   47.104139,   107.50292,84,82
2,"GRASS RANGE",08MT,   47.063863,   108.81737,84,84
2,"LEWISTOWN",LWT,    47.04925,   109.46669,84,85
2,"LEWISTOWN",MT65,   47.116944,   109.37639,84,85
2,"DENTON",5U0,   47.320861,   109.94192,84,86
2,"STANFORD",S64,   47.146718,   110.22977,84,87
2,"GREAT FALLS",GTF,   47.482299,   111.37028,84,89
2,"GREAT FALLS",31MT,    47.23645,   111.30232,84,89
2,"GREAT FALLS",MT76,   47.399678,   111.47003,84,89
2,"SAND COULEE",1MT7,   47.421069,   111.15858,84,89
2,"ULM",MT33,     47.4094,   111.48747,84,89
2,"CASCADE",3MT7,   47.266667,    111.7175,84,90
2,"AUGUSTA",3U5,   47.463417,   112.38011,84,91
2,"AUGUSTA",0MT1,     47.4975,   112.39083,84,91
2,"HELENA",MT86,    47.16905,   112.08538,84,91
2,"AUGUSTA",3U7,   47.482028,   112.87231,84,92
2,"LINCOLN",MT21,   47.053611,   112.54611,84,92
2,"SEELEY LAKE",MT39,   47.106047,    113.3175,84,93
2,"SEELEY LAKE",23S,   47.181944,   113.44522,84,93
2,"HUSON",MT52,   47.077701,   114.41262,84,95
2,"ST IGNATIUS",52S,      47.325,   114.08083,84,95
2,"PLAINS",S34,   47.473556,   114.90708,84,96
2,"SUPERIOR",9S4,   47.168259,   114.85374,84,96
2,"ST MARIES",ID13,    47.32213,   116.63989,84,100
2,"ST MARIES",S72,   47.325811,   116.57668,84,100
2,"WORLEY",ID23,   47.392403,   116.87296,84,100
2,"OAKESDALE",75DC,   47.141561,   117.23574,84,101
2,"ROSALIA",72S,   47.236568,   117.42138,84,101
2,"SPANGLE",WA62,   47.470726,   117.41909,84,101
2,"SPANGLE",03WA,   47.408227,   117.37186,84,101
2,"TEKOA",73S,   47.235534,   117.04375,84,101
2,"SPRAGUE",WN41,   47.304444,   117.96167,84,102
2,"ST JOHN",8WA7,   47.115167,   117.57409,84,102
2,"HARRINGTON",3WA2,   47.491543,   118.25109,84,103
2,"HARRINGTON",2WA8,   47.383694,   118.29803,84,103
2,"RITZVILLE",33S,   47.123453,   118.38933,84,103
2,"ODESSA",43D,   47.347583,   118.67722,84,104
2,"RITZVILLE",8WA5,   47.141533,   118.80111,84,104
2,"WARDEN",33WA,   47.049866,   118.85111,84,104
2,"MOSES LAKE",MWH,   47.208583,   119.31914,84,105
2,"MOSES LAKE",W20,   47.142004,   119.23788,84,105
2,"WILSON CREEK",5W1,   47.418483,   119.10908,84,105
2,"EPHRATA",EPH,   47.308072,   119.51691,84,106
2,"QUINCY",WA74,   47.226667,   119.90944,84,106
2,"QUINCY",80T,   47.211611,   119.83983,84,106
2,"WENATCHEE",WN17,   47.339849,   120.31646,84,107
2,"WENATCHEE",EAT,   47.398806,   120.20683,84,107
2,"CLE ELUM",S93,   47.194243,   120.88404,84,108
2,"CLE ELUM",2W1,   47.177581,   120.85266,84,108
2,"ELLENSBURG",ELN,   47.034846,   120.52886,84,108
2,"ELLENSBURG",79WT,   47.091001,    120.5894,84,108
2,"EASTON",ESW,   47.254184,   121.18553,84,109
2,"BANDERA",4W0,   47.395369,   121.53647,84,110
2,"ENUMCLAW",WN76,   47.243574,   121.92455,84,110
2,"GREENWATER",21W,   47.013139,   121.53367,84,110
2,"AUBURN",WA84,   47.280656,   122.14956,84,111
2,"AUBURN",S50,   47.327694,   122.22667,84,111
2,"BLACK DIAMOND",95WA,   47.315656,   122.00984,84,111
2,"BLACK DIAMOND",51WA,   47.268156,   122.06789,84,111
2,"BUCKLEY",9WA7,   47.215556,   122.13306,84,111
2,"BUCKLEY",WN42,   47.183851,   122.11998,84,111
2,"ENUMCLAW",WN87,   47.208573,   122.09261,84,111
2,"ENUMCLAW",WA77,   47.195657,   122.02206,84,111
2,"KAPOWSIN",86WA,   47.003991,   122.23567,84,111
2,"KENT",S36,   47.337097,   122.10354,84,111
2,"PUYALLUP",PLU,    47.10392,    122.2872,84,111
2,"RENTON",RNT,   47.493139,   122.21575,84,111
2,"SEATTLE",SEA,   47.449889,   122.31178,84,111
2,"SOUTH PRAIRIE",02WA,   47.152324,     122.094,84,111
2,"SPANAWAY",3B8,   47.070389,   122.37108,84,111
2,"TACOMA",TCM,   47.137678,   122.47647,84,111
2,"VASHON",2S1,   47.458589,   122.47697,84,111
2,"VASHON",WA69,   47.401256,   122.49935,84,111
2,"WILKESON",WN15,   47.129681,   122.05597,84,111
2,"BREMERTON",PWT,    47.49025,   122.76481,84,112
2,"FORT LEWIS/TACOMA",GRF,   47.079214,   122.58077,84,112
2,"LONGBRANCH",00WA,   47.178431,    122.7718,84,112
2,"OLYMPIA",6WA2,   47.111485,   122.82125,84,112
2,"PORT ORCHARD",4WA9,   47.432318,   122.66791,84,112
2,"PORT ORCHARD",WN13,   47.463708,   122.56902,84,112
2,"TACOMA",TIW,   47.267944,   122.57811,84,112
2,"VAUGHN",WT77,   47.355222,   122.79028,84,112
2,"MC CLEARY",WN47,   47.081667,   123.27028,84,113
2,"SHELTON",SHN,   47.233556,   123.14756,84,113
2,"ABERDEEN",94WA,   47.084814,   123.77378,84,114
2,"COPALIS",S16,    47.14486,   124.18925,84,115
2,"OCEAN SHORES",5WA8,   47.042864,   124.14573,84,115
2,"GRAND MARAIS",CKC,   47.838432,   90.384578,85,47
2,"ELY",ELO,   47.824013,   91.829321,85,50
2,"TOWER",12D,   47.818156,   92.286067,85,51
2,"COOK",CQM,   47.822282,   92.689525,85,52
2,"BIGFORK",FOZ,   47.783934,   93.650994,85,54
2,"BOWSTRING",9Y0,   47.558244,   93.870064,85,54
2,"NORTHOME",43Y,   47.887994,   94.258129,85,55
2,"BEMIDJI",BJI,   47.510722,   94.934722,85,56
2,"KELLIHER",04MN,   47.985792,   94.686918,85,56
2,"BAGLEY",7Y4,   47.524031,   95.363713,85,57
2,"ERSKINE",MN42,   47.658572,   95.946145,85,58
2,"FOSSTON",FSE,    47.59282,   95.773499,85,58
2,"GONVICK",MY42,   47.863846,   95.526956,85,58
2,"ERSKINE",76MN,   47.596351,   96.021706,85,59
2,"FERTILE",D14,   47.551858,   96.292155,85,59
2,"RED LAKE FALLS",D81,   47.826515,   96.259779,85,59
2,"CROOKSTON",CKN,   47.841657,   96.621454,85,60
2,"EUCLID",MY59,   47.901639,   96.612285,85,60
2,"EUCLID",45MN,   47.926083,   96.614229,85,60
2,"EUCLID",8MN1,   47.966667,   96.640208,85,60
2,"NIELSVILLE",84MN,   47.533307,   96.830912,85,60
2,"EAST GRAND FORKS",MN81,   47.988869,   97.031186,85,61
2,"ARVILLA",ND60,   47.958878,   97.479807,85,61
2,"BUXTON",NA81,   47.628312,   97.086474,85,61
2,"GRAND FORKS",RDR,   47.961281,   97.400811,85,61
2,"GRAND FORKS",GFK,   47.947278,   97.173778,85,61
2,"HATTON",ND20,   47.704151,   97.350087,85,61
2,"MAYVILLE",7NA4,   47.517207,   97.333702,85,61
2,"PORTLAND",5NA2,   47.537763,   97.363701,85,61
2,"REYNOLDS",NA02,   47.704978,   97.054805,85,61
2,"THOMPSON",4ND1,   47.792758,   97.153694,85,61
2,"ANETA",ND02,   47.811104,   97.960095,85,62
2,"LARIMORE",61ND,   47.947491,   97.662032,85,62
2,"LARIMORE",2L1,   47.906714,   97.640972,85,62
2,"LARIMORE",62ND,   47.779157,   97.759532,85,62
2,"NORTHWOOD",72ND,   47.661099,   97.592033,85,62
2,"NORTHWOOD",4V4,   47.724888,   97.589811,85,62
2,"PORTLAND",6ND6,   47.516654,   97.550369,85,62
2,"MC VILLE",8M6,   47.770317,   98.184914,85,63
2,"TOLNA",19ND,   47.733331,   98.488712,85,63
2,"SHEYENNE",NA06,   47.862776,   98.972617,85,64
2,"SHEYENNE",NA70,   47.773886,   98.988448,85,64
2,"BREMEN",NA75,    47.67639,     99.3904,85,65
2,"FLORA",0ND0,   47.929171,    99.40041,85,65
2,"HAMBERG",3NA6,   47.770559,   99.461792,85,65
2,"MADDOCK",NA38,   47.950562,   99.429577,85,65
2,"NEW ROCKFORD",8J7,   47.696387,   99.131229,85,65
2,"FESSENDEN",D24,   47.659724,   99.660956,85,66
2,"HARVEY",5H4,   47.791222,    99.93175,85,66
2,"MADDOCK",6D3,   47.980263,    99.52696,85,66
2,"MADDOCK",ND38,   47.958342,   99.536521,85,66
2,"ANAMOOSE",ND75,   47.719998,   100.26902,85,67
2,"HARVEY",ND72,   47.684443,   100.08485,85,67
2,"MERCER",2ND2,   47.566943,   100.72125,85,68
2,"TURTLE LAKE",2ND5,   47.641992,   100.82124,85,68
2,"TURTLE LAKE",91N,   47.509607,    100.9166,85,68
2,"GARRISON",D05,   47.656044,    101.4368,85,69
2,"MAX",5NA0,   47.773611,   101.27538,85,69
2,"MINOT",89ND,   47.911078,   101.24946,85,69
2,"SAWYER",70ND,   47.933136,   101.14818,85,69
2,"GARRISON",ND22,   47.683335,   101.60044,85,70
2,"HALLIDAY",44ND,   47.527784,   102.24129,85,71
2,"NEW TOWN",05D,   47.967854,   102.47812,85,71
2,"PARSHALL",Y74,   47.935683,   102.14214,85,71
2,"WATFORD CITY",S25,   47.796583,   103.25519,85,73
2,"ALEXANDER",ND26,    47.89965,   103.66287,85,74
2,"FAIRVIEW",5U6,   47.862528,   104.07142,85,75
2,"SIDNEY",SDY,   47.706861,   104.19256,85,75
2,"CULBERTSON",02MT,   47.980428,   104.70894,85,76
2,"LAMBERT",69MT,   47.780733,   104.52712,85,76
2,"LAMBERT",20MT,   47.691667,   104.58806,85,76
2,"RICHEY",7U8,   47.626417,   105.07958,85,77
2,"HAXBY",10MT,   47.833345,   106.48393,85,79
2,"HAXBY / FORT PECK",MT58,   47.766675,   106.18808,85,79
2,"ROY",MT79,   47.584155,   108.70904,85,84
2,"WINIFRED",L51,   47.726333,   108.87504,85,84
2,"WINIFRED",MT3,   47.616667,   108.84806,85,84
2,"ZORTMAN",MT08,   47.908333,   108.50028,85,84
2,"WINIFRED",BB0,   47.845556,   109.18694,85,85
2,"WINIFRED",BW8,   47.847778,   109.09944,85,85
2,"WINIFRED",CW0,     47.9475,   109.00806,85,85
2,"WINIFRED",LC0,   47.885278,   109.02278,85,85
2,"WINIFRED",9S7,   47.555389,   109.38671,85,85
2,"WINIFRED",WH0,   47.779444,   109.07861,85,85
2,"GERALDINE",5U8,   47.596528,   110.26614,85,87
2,"GERALDINE",MT01,   47.616692,   110.09253,85,87
2,"FORT BENTON",79S,   47.844189,   110.63686,85,88
2,"HIGHWOOD",MT77,   47.608301,   110.90551,85,88
2,"DUTTON",5U1,   47.847194,   111.69828,85,90
2,"FAIRFIELD",5U5,   47.633833,   111.98119,85,90
2,"CHOTEAU",CII,   47.828333,   112.16833,85,91
2,"MEADOW CREEK",0S1,   47.849365,   113.41742,85,93
2,"CONDON",S04,   47.538826,   113.72037,85,94
2,"SPOTTED BEAR",8U4,   47.961667,   113.55947,85,94
2,"LAKESIDE",MT03,   47.993408,   114.22431,85,95
2,"POLSON",8S1,   47.695444,   114.18528,85,95
2,"RONAN",MT19,   47.591047,   114.05233,85,95
2,"RONAN",7S0,   47.567167,   114.10108,85,95
2,"HOT SPRINGS",S09,   47.612437,   114.61346,85,96
2,"THOMPSON FALLS",MT69,   47.727725,   115.46461,85,97
2,"THOMPSON FALLS",0MT7,   47.660778,   115.40406,85,97
2,"THOMPSON FALLS",THM,   47.573497,   115.28066,85,97
2,"TROUT CREEK",29MT,   47.738889,   115.50278,85,98
2,"COEUR D'ALENE",S77,   47.841558,   116.25199,85,99
2,"KELLOGG",S83,   47.547261,   116.18906,85,99
2,"ATHOL",ID05,   47.956848,   116.67742,85,100
2,"ATHOL",ID48,   47.928793,   116.71103,85,100
2,"COEUR D'ALENE",ID43,   47.551295,   116.76352,85,100
2,"COEUR D'ALENE",COE,   47.774306,   116.81958,85,100
2,"COEUR D'ALENE",ID65,   47.581017,   116.77185,85,100
2,"COEUR D'ALENE",ID27,   47.755459,   116.85936,85,100
2,"COEUR D'ALENE",6ID1,   47.643242,   116.70054,85,100
2,"SPIRIT LAKE",ID22,    47.97796,    116.7927,85,100
2,"COEUR D'ALENE",15ID,    47.68555,     117.038,85,101
2,"HAUSER LAKE",ID21,   47.756289,   117.02381,85,101
2,"POST FALLS",ID07,   47.678095,   117.02492,85,101
2,"CHENEY",11WA,   47.523889,   117.46944,85,101
2,"COLBERT",63WA,   47.833333,   117.27361,85,101
2,"COLBERT",WA21,   47.833889,   117.26361,85,101
2,"DEER PARK",DEW,   47.967056,   117.42858,85,101
2,"DEER PARK",WN14,   47.841558,   117.44689,85,101
2,"DEER PARK",WT21,   47.894536,   117.43981,85,101
2,"MEAD",67WA,     47.8265,   117.26689,85,101
2,"MEAD",70S,   47.787187,   117.35818,85,101
2,"NEWMAN LAKE",WN54,   47.734899,   117.07131,85,101
2,"SPOKANE",SFF,   47.682941,   117.32243,85,101
2,"SPOKANE",12WA,   47.520725,    117.4627,85,101
2,"SPOKANE",04WA,   47.581836,   117.43715,85,101
2,"SPOKANE",WN92,   47.608508,   117.18076,85,101
2,"SPOKANE",WN61,   47.725171,   117.28021,85,101
2,"CHENEY",WA49,   47.502778,   117.64778,85,102
2,"CHENEY",WT24,   47.522778,   117.53806,85,102
2,"CHENEY",WT04,   47.517222,   117.53417,85,102
2,"CLAYTON",C72,   47.980994,   117.52885,85,102
2,"DEER PARK",WA52,   47.956944,   117.60361,85,102
2,"FORD",7WA4,     47.8575,   117.77972,85,102
2,"MEDICAL LAKE",8AN6,   47.659167,   117.68167,85,102
2,"NINE MILE FALLS",16WA,   47.844722,   117.69361,85,102
2,"REARDAN",WA08,   47.713439,   117.91999,85,102
2,"SPOKANE",SKA,   47.615056,   117.65581,85,102
2,"SPOKANE",GEG,   47.619028,   117.53522,85,102
2,"TUM TUM",39WA,   47.851944,   117.78194,85,102
2,"DAVENPORT",73WA,   47.850991,   118.33027,85,103
2,"DAVENPORT",68S,   47.653556,   118.16878,85,103
2,"WILBUR",22WA,   47.820153,   118.68695,85,104
2,"WILBUR",42WA,   47.817179,    118.8014,85,104
2,"WILBUR",2S8,   47.753389,   118.74392,85,104
2,"COULEE CITY",WA15,   47.616534,    119.2428,85,105
2,"ELECTRIC CITY",3W7,   47.922056,     119.083,85,105
2,"GRAND COULEE",2WA6,   47.998207,   119.08864,85,105
2,"CHELAN",S10,    47.86601,    119.9427,85,106
2,"CHELAN",9WA,   47.900278,   119.89583,85,106
2,"MANSFIELD",8W3,   47.809386,   119.63693,85,106
2,"CASHMERE",8S2,    47.51475,   120.48467,85,107
2,"ORONDO",13WA,   47.770539,   120.13356,85,107
2,"WATERVILLE",2S5,   47.656004,   120.05646,85,107
2,"LEAVENWORTH",27W,   47.819414,   120.71989,85,108
2,"SKYKOMISH",S88,   47.710936,   121.33906,85,109
2,"FALL CITY",1WA6,   47.559546,   121.86373,85,110
2,"MONROE",W16,   47.871364,   121.99524,85,110
2,"MONROE",WN20,   47.872322,    121.9229,85,110
2,"EVERETT",96WA,   47.898056,   122.15556,85,111
2,"EVERETT",PAE,   47.907317,   122.28209,85,111
2,"SEATTLE",BFI,   47.529972,   122.30194,85,111
2,"SNOHOMISH",S43,   47.904868,   122.10274,85,111
2,"SNOHOMISH",WA04,   47.813333,   122.04333,85,111
2,"BREMERTON",WA96,   47.607986,   122.77389,85,112
2,"DISCOVERY BAY/MAYNARD",WA45,   47.995278,   122.89972,85,112
2,"HANSVILLE",WA22,   47.938611,   122.60806,85,112
2,"KINGSTON",WA61,   47.798333,   122.52972,85,112
2,"PORT TOWNSEND",WA42,   47.972034,   122.77211,85,112
2,"QUILCENE",WN00,   47.840091,   122.85961,85,112
2,"SILVERDALE",8W5,   47.656414,   122.73314,85,112
2,"FORKS",S18,   47.937718,   124.39592,85,115
2,"QUILLAYUTE",UIL,   47.936583,   124.56263,85,116
2,"ORR",ORB,   48.015917,   92.856056,86,52
2,"BIG FALLS",7Y9,   48.200516,   93.762376,86,54
2,"LITTLEFORK",13Y,   48.408278,   93.579425,86,54
2,"LITTLEFORK",MN23,   48.453611,   93.601111,86,54
2,"WASKISH",VWU,   48.148456,   94.516915,86,56
2,"GATZKE",MN50,   48.370245,   95.806949,86,58
2,"GATZKE",78MN,   48.378857,   95.811671,86,58
2,"GATZKE",77MN,   48.371356,   95.788059,86,58
2,"GATZKE",79MN,   48.377745,   95.754446,86,58
2,"GRYGLA",3G2,   48.294083,   95.625972,86,58
2,"MIDDLE RIVER",5MN9,   48.423583,   96.128909,86,59
2,"THIEF RIVER FALLS",TVF,   48.065677,   96.184995,86,59
2,"THIEF RIVER FALLS",7MN8,   48.069722,   96.279444,86,59
2,"ANGUS",MN06,   48.049975,   96.783677,86,60
2,"ARGYLE",7MN6,   48.342757,   96.880897,86,60
2,"STEPHEN",D41,   48.458312,   96.862839,86,60
2,"WARREN",MY01,   48.145808,   96.752562,86,60
2,"WARREN",D37,   48.191167,   96.711306,86,60
2,"EAST GRAND FORKS",2MN0,   48.082115,   97.016248,86,61
2,"GRAFTON",GAF,   48.404716,   97.370957,86,61
2,"GRAND FORKS",2ND3,   48.000814,   97.122436,86,61
2,"MANVEL",8ND4,   48.073595,   97.186188,86,61
2,"MINTO",D06,   48.292603,   97.394022,86,61
2,"FORDVILLE",ND14,   48.236202,   97.799181,86,62
2,"INKSTER",ND24,   48.140269,   97.672586,86,62
2,"MC CANNA",84ND,   48.000826,   97.757034,86,62
2,"PARK RIVER",Y37,   48.394083,    97.78077,86,62
2,"PARK RIVER",97ND,   48.430826,   97.708143,86,62
2,"PISEK",98ND,   48.263325,   97.622306,86,62
2,"LAKOTA",5L0,   48.028917,    98.32575,86,63
2,"DEVILS LAKE",DVL,   48.116583,       98.91,86,64
2,"CANDO",9D7,   48.480028,   99.236389,86,65
2,"LEEDS",D31,   48.285007,   99.402197,86,65
2,"STARKWEATHER",NA10,   48.380559,   99.033744,86,65
2,"ESMOND",NA33,   48.001116,   99.925964,86,66
2,"MADDOCK",0NA5,    48.00112,   99.562911,86,66
2,"RUGBY",NA49,   48.417776,   100.05458,86,67
2,"RUGBY",RUG,   48.390361,   100.02428,86,67
2,"TOWNER",D61,   48.359195,   100.39561,86,67
2,"VELVA",NA13,   48.122082,   100.94044,86,68
2,"BURLINGTON",NA30,   48.270676,   101.39905,86,69
2,"BURLINGTON",12ND,   48.295503,   101.42749,86,69
2,"DEERING",81ND,   48.388627,   101.04487,86,69
2,"MINOT",ND43,   48.204146,   101.40452,86,69
2,"MINOT",41ND,   48.140511,   101.14737,86,69
2,"MINOT",MIB,   48.415767,   101.35804,86,69
2,"MINOT",MOT,   48.257639,   101.27803,86,69
2,"MINOT",ND36,   48.191167,   101.20251,86,69
2,"SAWYER",ND42,   48.103056,   101.07847,86,69
2,"BERTHOLD",4NA5,   48.288346,   101.82822,86,70
2,"BERTHOLD",6ND9,   48.392794,   101.76405,86,70
2,"PLAZA",Y99,   48.030568,   101.95322,86,70
2,"STANLEY",08D,   48.300799,   102.40635,86,71
2,"TIOGA",D60,   48.380278,   102.89736,86,72
2,"WATFORD CITY",ND25,    48.06455,   102.90959,86,72
2,"RAY",ND82,   48.311303,   103.14803,86,73
2,"GRENORA",4NA6,   48.455025,   103.87965,86,74
2,"WILLISTON",NA18,   48.413358,   103.83576,86,74
2,"WILLISTON",4NA0,   48.008358,   103.59075,86,74
2,"WILLISTON",4NA1,   48.242778,   103.68639,86,74
2,"WILLISTON",XWA,   48.260864,   103.75114,86,74
2,"BUFORD",5ND0,    48.07641,   104.03243,86,75
2,"CULBERTSON",S85,    48.15356,   104.50406,86,76
2,"POPLAR",PO1,   48.134417,   105.16214,86,77
2,"POPLAR",MT38,   48.403355,   105.15665,86,77
2,"FRAZER",MT51,   48.276966,   105.96168,86,78
2,"WOLF POINT",OLF,     48.0945,   105.57506,86,78
2,"WOLF POINT",5MT5,   48.448889,   105.83583,86,78
2,"WOLF POINT",MT80,   48.043073,   105.60889,86,78
2,"FORT PECK",37S,   48.004833,   106.47789,86,79
2,"GLASGOW",25MT,   48.422222,   106.25333,86,79
2,"LUSTRE",MT04,    48.40419,    106.0089,86,79
2,"GLASGOW",07MT,   48.421095,   106.52772,86,80
2,"GLASGOW",GGW,   48.212444,   106.61481,86,80
2,"HINSDALE",6U5,   48.388021,   107.08329,86,81
2,"MALTA",M75,   48.366944,   107.91933,86,82
2,"HARLEM",U09,   48.481108,   108.76905,86,84
2,"BIG SANDY",3U8,   48.163436,   110.11428,86,87
2,"TIBER DAM",B70,   48.313871,   111.10914,86,89
2,"CONRAD",S01,   48.168278,   111.97644,86,90
2,"VALIER",7S7,   48.300149,   112.25114,86,91
2,"SCHAFER",8U2,   48.079611,     113.245,86,93
2,"WEST GLACIER",2MT1,   48.483056,   113.95944,86,94
2,"BIGFORK",53U,   48.060472,   114.00117,86,95
2,"BIGFORK",93MT,   48.100833,   114.08917,86,95
2,"COLUMBIA FALLS",MT18,    48.28995,   114.18287,86,95
2,"KALISPELL",17MT,   48.107056,   114.17725,86,95
2,"KALISPELL",2MT0,        48.3,   114.41361,86,95
2,"KALISPELL",2MT2,   48.200017,   114.25835,86,95
2,"KALISPELL",MT95,     48.1169,   114.18596,86,95
2,"KALISPELL",GPI,     48.3105,     114.256,86,95
2,"KALISPELL",S27,   48.178569,   114.30374,86,95
2,"KALISPELL",27MT,   48.321917,   114.32747,86,95
2,"KALISPELL",MT37,   48.124678,    114.2404,86,95
2,"KALISPELL",MT54,   48.243851,   114.24429,86,95
2,"KALISPELL",22MT,   48.119444,      114.17,86,95
2,"SOMERS",MT61,   48.092824,   114.15796,86,95
2,"WHITEFISH",0MT9,   48.483333,    114.4925,86,95
2,"WHITEFISH",58S,    48.40802,   114.29958,86,95
2,"KALISPELL",MT53,   48.094674,   114.85153,86,96
2,"MARION",97MT,   48.073939,   114.67784,86,96
2,"MARION",MT88,   48.004391,   114.99903,86,96
2,"MARION",0MT6,   48.037687,   114.67462,86,96
2,"LIBBY",S59,   48.283833,   115.49022,86,97
2,"TROY",57S,   48.480221,   115.90351,86,98
2,"CLARK FORK",ID01,   48.137982,   116.19768,86,99
2,"CLARK FORK",ID78,   48.141592,    116.1824,86,99
2,"CLARK FORK",00ID,   48.145278,   116.21444,86,99
2,"CLARK FORK",ID75,   48.126094,   116.16561,86,99
2,"CLARK FORK",ID32,     48.1055,   116.13683,86,99
2,"SAGLE",ID24,   48.223535,   116.43852,86,99
2,"SANDPOINT",ID19,   48.231037,   116.38935,86,99
2,"SANDPOINT",68ID,       48.25,   116.46667,86,99
2,"SANDPOINT",26ID,   48.363889,   116.40361,86,99
2,"SANDPOINT",55ID,   48.381056,   116.48497,86,99
2,"HERON",41MT,    48.08715,   116.04627,86,99
2,"OLDTOWN",07ID,    48.14921,   116.99801,86,100
2,"PRIEST RIVER",96ID,   48.235567,   116.87527,86,100
2,"PRIEST RIVER",61ID,   48.189256,     116.989,86,100
2,"PRIEST RIVER",45ID,    48.33005,   116.82893,86,100
2,"PRIEST RIVER",1S6,   48.190646,   116.90986,86,100
2,"SANDPOINT",1ID3,   48.167967,   116.72658,86,100
2,"SANDPOINT",ID25,   48.350758,   116.55408,86,100
2,"SANDPOINT",SZT,   48.299528,   116.56014,86,100
2,"PRIEST RIVER",ID61,   48.296576,    117.0152,86,101
2,"ELK",WN04,      48.002,   117.26333,86,101
2,"RIVER BEND LODGE",9WA3,   48.469632,   117.28995,86,101
2,"ADDY",WA57,   48.313944,   117.84031,86,102
2,"CHEWELAH",1S9,   48.313958,   117.74343,86,102
2,"SPRINGDALE",WA23,   48.021003,   117.73857,86,102
2,"FRUITLAND",51WT,   48.010417,   118.36203,86,103
2,"RICE",82WN,   48.361483,   118.14094,86,103
2,"OMAK",0WN9,   48.430464,   119.48606,86,105
2,"BREWSTER",S97,   48.104729,   119.71992,86,106
2,"OKANOGAN",S35,   48.361918,   119.56756,86,106
2,"OMAK",OMK,    48.46441,   119.51805,86,106
2,"TWISP",WS87,   48.331869,   120.05825,86,107
2,"TWISP",2S0,   48.350585,   120.09395,86,107
2,"WINTHROP",S52,   48.424948,   120.14589,86,107
2,"STEHEKIN",6S9,   48.345778,   120.72081,86,108
2,"DARRINGTON",1S2,   48.258612,    121.6102,86,110
2,"ARLINGTON",AWO,    48.16075,   122.15903,86,111
2,"ARLINGTON",89WA,   48.270659,   122.01931,86,111
2,"BURLINGTON/MOUNT VERNON",BVS,   48.470526,   122.42169,86,111
2,"CONWAY",27WA,   48.325102,   122.31571,86,111
2,"EVERETT",76WA,   48.005097,   122.13374,86,111
2,"GRANITE FALLS",WA25,   48.095933,   122.01569,86,111
2,"LAKE STEVENS",WN53,   48.110424,   122.06284,86,111
2,"LANGLEY",W10,   48.017512,   122.43773,86,111
2,"MOUNT VERNON",WA07,   48.374826,   122.33877,86,111
2,"STANWOOD",13W,   48.256944,   122.43619,86,111
2,"STANWOOD",15WA,   48.277389,   122.36161,86,111
2,"ANACORTES",74S,     48.4985,    122.6625,86,112
2,"ANACORTES",WN18,   48.456771,   122.53933,86,112
2,"ANACORTES",WN07,   48.499833,   122.81378,86,112
2,"CENTER ISLAND",78WA,   48.490101,   122.83212,86,112
2,"COUPEVILLE",WN40,   48.190375,   122.64294,86,112
2,"COUPEVILLE",NRA,   48.183333,   122.63333,86,112
2,"LOPEZ",S31,   48.483917,   122.93767,86,112
2,"OAK HARBOR",OKH,   48.251528,   122.67367,86,112
2,"OAK HARBOR",NUW,    48.35184,   122.65596,86,112
2,"PORT HADLOCK",80WA,   48.034586,   122.77488,86,112
2,"PORT TOWNSEND",0S9,   48.053806,   122.81064,86,112
2,"PORT TOWNSEND",WA68,   48.076944,   122.84066,86,112
2,"SEQUIM",2WA1,   48.092593,   122.92851,86,112
2,"FRIDAY HARBOR",61WA,   48.472043,   123.01796,86,113
2,"PORT ANGELES",WN21,   48.081479,   123.39796,86,113
2,"PORT ANGELES",NOW,   48.141293,   123.41395,86,113
2,"PORT ANGELES",CLM,   48.120194,   123.49969,86,113
2,"SEQUIM",WN49,   48.121759,   123.08795,86,113
2,"SEQUIM",WN29,    48.13025,   123.20552,86,113
2,"SEQUIM",WN23,   48.101759,   123.17962,86,113
2,"SEQUIM",WA59,     48.1255,   123.15083,86,113
2,"SEQUIM",0WN0,   48.137294,   123.11272,86,113
2,"SEQUIM",W28,   48.097922,   123.18792,86,113
2,"PORT ANGELES",7WA0,   48.098422,   123.64297,86,114
2,"SEKIU",11S,   48.266116,   124.31396,86,115
2,"INTERNATIONAL FALLS",INL,   48.565583,   93.402167,87,53
2,"BAUDETTE",BDE,    48.73025,   94.611056,87,56
2,"ROOSEVELT",59MN,   48.599423,   95.186905,87,57
2,"ROOSEVELT",87MN,   48.810262,   95.201621,87,57
2,"WARROAD",RRT,   48.941472,   95.348472,87,57
2,"PINECREEK",48Y,   48.998975,   95.982086,87,58
2,"ROSEAU",ROX,    48.85625,   95.696944,87,58
2,"HALLOCK",HCO,   48.752731,   96.943003,87,60
2,"KARLSTAD",23D,   48.577601,   96.541268,87,60
2,"KENNEDY",52MN,   48.643035,   96.807277,87,60
2,"LAKE BRONSON",27MN,   48.737478,   96.654488,87,60
2,"BATHGATE",5ND3,   48.855544,   97.322017,87,61
2,"DRAYTON",D29,   48.618514,   97.175897,87,61
2,"PEMBINA",PMB,   48.942417,   97.240667,87,61
2,"ST THOMAS",4S5,   48.626438,   97.439056,87,61
2,"CAVALIER",2C8,   48.783722,   97.631972,87,62
2,"CAVALIER",9ND8,   48.785549,   97.672312,87,62
2,"EDINBURG",03ND,   48.626383,   97.828983,87,62
2,"HOOPLE",NA65,   48.531381,   97.628142,87,62
2,"MILTON",88ND,   48.708883,    97.99399,87,62
2,"WALHALLA",96D,   48.940573,   97.902778,87,62
2,"LANGDON",D55,   48.753131,   98.393769,87,63
2,"LANGDON",7ND8,   48.852228,   98.748182,87,64
2,"SARLES",8ND0,   48.901396,   99.016796,87,65
2,"ROLETTE",2H9,   48.666863,   99.853161,87,66
2,"ROLLA",06D,   48.884417,   99.620927,87,66
2,"BOTTINEAU",D09,   48.830472,   100.41731,87,67
2,"DUNSEITH",S28,   48.997306,   100.04369,87,67
2,"NEWBURG",2ND7,   48.751681,   100.81404,87,68
2,"NEWBURG",6NA6,   48.619514,   100.98004,87,68
2,"SOURIS",NA07,   48.886617,   100.69472,87,68
2,"SOURIS",7NA9,   48.928348,   100.57793,87,68
2,"UPHAM",21ND,   48.582282,   100.85485,87,68
2,"ANTLER",4NA3,   48.857243,    101.3021,87,69
2,"GLENBURN",ND18,   48.506408,   101.21682,87,69
2,"LANSFORD",7NA2,   48.687799,   101.35044,87,69
2,"MAXBASS",69ND,   48.743358,   101.04201,87,69
2,"UPHAM",NA73,   48.563909,   101.00043,87,69
2,"WESTHOPE",D64,   48.913076,   101.03372,87,69
2,"KENMARE",9NA4,   48.666134,   101.89072,87,70
2,"MOHALL",HBC,   48.768383,     101.537,87,70
2,"NORMA",2ND9,   48.816688,   101.91711,87,70
2,"BOWBELLS",5B4,   48.809749,   102.24545,87,71
2,"KENMARE",7K5,   48.667612,     102.048,87,71
2,"COLUMBUS",D49,   48.899412,   102.79229,87,72
2,"COLUMBUS",6NA0,   48.993088,   102.73795,87,72
2,"ALAMO",27ND,   48.578631,   103.46598,87,73
2,"CROSBY",D50,   48.928299,   103.29758,87,73
2,"CROSBY",80ND,   48.878644,   103.37047,87,73
2,"GRENDRA",ND86,   48.563889,   103.96306,87,74
2,"GRENORA",NA63,   48.666695,   103.85632,87,74
2,"PLENTYWOOD",PWD,      48.789,   104.52297,87,76
2,"SCOBEY",9S2,   48.807722,   105.43947,87,77
2,"SCOBEY",8U3,   48.999528,   105.40025,87,77
2,"LUSTRE",15MT,   48.500417,   105.90972,87,78
2,"OPHEIM",S00,   48.866692,   106.41725,87,79
2,"OPHEIM",MT09,   48.845857,   106.60893,87,80
2,"TURNER",9U0,   48.850319,   108.40375,87,83
2,"HARLEM",48S,   48.566295,   108.77404,87,84
2,"HOGELAND",6U6,   48.860139,   108.66094,87,84
2,"CHINOOK",S71,   48.592111,   109.25061,87,85
2,"CHINOOK",3MT4,     48.5135,   109.06467,87,85
2,"HAVRE",HVR,   48.542972,   109.76233,87,86
2,"GILDFORD",14MT,   48.617899,   110.32706,87,87
2,"HINGHAM",26MT,   48.835633,   110.44202,87,87
2,"HINGHAM",12MT,   48.774166,   110.44161,87,87
2,"HINGHAM",45MT,   48.628333,   110.46967,87,87
2,"KREMLIN",13MT,   48.520826,   110.11327,87,87
2,"CHESTER",LTY,   48.510722,   110.99086,87,88
2,"DEVON",MT02,   48.538322,    111.4975,87,89
2,"SHELBY",SBX,   48.540694,   111.87125,87,90
2,"SWEETGRASS",7S8,   48.998556,   111.97822,87,90
2,"CUT BANK",CTB,   48.608355,   112.37615,87,91
2,"ETHRIDGE",06MT,   48.558317,    112.1092,87,91
2,"PORT OF DEL BONITA",H28,    48.99999,   112.79258,87,92
2,"BABB",49S,   48.848222,   113.42928,87,93
2,"BROWNING",8S0,      48.601,   113.11531,87,93
2,"POLEBRIDGE",MT60,   48.814415,   114.35403,87,95
2,"POLEBRIDGE",86MT,   48.997778,   114.47472,87,95
2,"FORTINE",01MT,   48.789132,   114.88044,87,96
2,"EUREKA",88M,   48.968417,   115.07942,87,97
2,"BONNERS FERRY",65S,   48.725972,   116.29517,87,99
2,"COOLIN",66S,   48.518667,   116.82219,87,100
2,"NORDMAN",67S,      48.574,   116.95858,87,100
2,"PORTHILL",1S1,   48.990472,   116.50206,87,100
2,"IONE",S23,   48.708439,   117.41313,87,101
2,"METALINE FALLS",09S,   48.840895,   117.28399,87,101
2,"COLVILLE",63S,   48.544169,   117.88353,87,102
2,"COLVILLE",WA73,      48.525,   117.85333,87,102
2,"COLVILLE",WA72,   48.644678,   117.93821,87,102
2,"NORTHPORT",57WA,   48.858361,   117.94903,87,102
2,"NORTHPORT",1WN0,   48.933381,   117.74981,87,102
2,"KETTLE FALLS",05WN,   48.702222,    118.0475,87,103
2,"LAURIER",69S,   48.998379,    118.2226,87,103
2,"REPUBLIC",R49,   48.718206,   118.65647,87,104
2,"OROVILLE",0S7,   48.958972,   119.41197,87,105
2,"TONASKET",02WN,   48.745833,   119.31861,87,105
2,"TONASKET",25WA,   48.576547,   119.06476,87,105
2,"TONASKET",5WA0,   48.595639,   119.10058,87,105
2,"TONASKET",W01,   48.724868,   119.46563,87,105
2,"MAZAMA",W12,   48.649584,   120.50204,87,108
2,"CONCRETE",3W5,   48.529838,   121.75825,87,110
2,"ACME",WA12,   48.709558,   122.17766,87,111
2,"BELLINGHAM",WA90,   48.733166,   122.35128,87,111
2,"BURLINGTON",WN51,    48.52094,   122.46517,87,111
2,"DEMING",4WA8,   48.834838,   122.26432,87,111
2,"EVERSON",7WA3,   48.886111,   122.32861,87,111
2,"KENDALL",WN08,   48.914843,   122.11293,87,111
2,"LYNDEN",38W,   48.955896,   122.45812,87,111
2,"BELLINGHAM",BLI,   48.792694,   122.53753,87,112
2,"BELLINGHAM",WA93,   48.652944,   122.58592,87,112
2,"BLAKELY ISLAND",38WA,   48.578992,   122.82629,87,112
2,"DECATUR ISLAND",WA18,   48.510102,   122.80296,87,112
2,"EASTSOUND",WA35,   48.622324,   122.94713,87,112
2,"EASTSOUND",WA39,   48.650361,   122.95359,87,112
2,"EASTSOUND",ORS,   48.708333,   122.91058,87,112
2,"FERNDALE",WA88,    48.89289,   122.55684,87,112
2,"FERNDALE",WN35,   48.908723,   122.56461,87,112
2,"LOPEZ",4WA4,    48.54149,    122.8874,87,112
2,"SHAW ISLAND",6WA5,   48.575614,   122.94362,87,112
2,"EAST SOUND",90WA,    48.71177,   123.01824,87,113
2,"FRIDAY HARBOR",FHR,   48.521972,   123.02436,87,113
2,"FRIDAY HARBOR",1WA9,   48.535099,    123.0449,87,113
2,"FRIDAY HARBOR",2WA3,   48.684544,   123.20964,87,113
2,"POINT ROBERTS",1RL,   48.977139,   123.07922,87,113
2,"ROCHE HARBOR",WA09,   48.612322,   123.13852,87,113
2,"STUART ISLAND",7WA5,   48.672878,   123.17575,87,113
